valor_real,valor_predicho,residuo
16.011582674216065,15.087638107057245,0.92394456715882
60.19165674785011,60.30483501696264,-0.11317826911253093
52.52414317790098,51.5053437449389,1.0187994329620835
55.459792375750965,60.28644031840137,-4.826647942650403
51.170403242460864,49.79218704215005,1.378216200310817
67.07251833035718,61.651726110340995,5.420792220016189
72.70106984599946,71.46229186830567,1.2387779776937862
37.352977491695526,34.259055312013245,3.0939221796822807
80.64660646170474,80.19436576415887,0.4522406975458608
48.492677053603046,52.52000052425279,-4.0273234706497405
42.44986055091771,40.93961935618921,1.5102411947285006
10.002283235781169,8.644499254626595,1.357783981154574
-23.433454664346755,-23.664200715412463,0.230746051065708
-5.064842508943929,-2.847080639919909,-2.21776186902402
36.9588812394487,38.111299971340124,-1.152418731891423
21.227385535501405,25.681759313403063,-4.454373777901658
-9.963042292631362,-2.155255234431692,-7.80778705819967
46.88003306429472,46.00014449849309,0.8798885658016289
57.817666082205356,56.555530903245064,1.2621351789602926
66.32230514338885,67.56835679235532,-1.2460516489664712
38.420937160756,38.55454474122037,-0.13360758046437127
10.177195661984083,12.021516340668569,-1.8443206786844861
38.75820193984121,36.759942362632955,1.9982595772082519
-16.36338505158535,-16.572398189315038,0.20901313772968777
39.79701139504581,36.76135213105513,3.0356592639906737
51.032395460363496,51.75166229841033,-0.7192668380468348
38.402257718460945,39.63535200808977,-1.2330942896288235
63.78506516338345,63.967724010909606,-0.1826588475261559
83.17773396591195,88.04987934502202,-4.872145379110066
77.53794854748078,76.23181211841244,1.3061364290683457
54.39747734058722,53.6358079919621,0.7616693486251194
11.085223763614248,12.120529036620525,-1.0353052730062764
47.450615702436444,45.480598371109615,1.9700173313268294
-0.9081469952215953,3.829684358199273,-4.7378313534208685
13.802663463846052,17.456666144010242,-3.65400268016419
12.661475234807371,14.078776138941748,-1.4173009041343771
73.54851544077772,71.61156240571485,1.9369530350628708
48.110892586692096,53.05084670243782,-4.939954115745728
35.67680020136335,31.316517307438005,4.360282893925344
7.91534470746687,3.835549981109196,4.079794726357674
61.16332626946075,57.710074295946725,3.4532519735140212
40.2549842672703,38.6588680777747,1.5961161894956035
25.78702977867609,28.202816031796274,-2.415786253120185
66.2122549543889,66.856376418249,-0.6441214638601025
59.36870251270406,57.827590965661216,1.5411115470428456
60.99558652121779,58.20556188124747,2.7900246399703192
77.46055772820961,78.53535265671678,-1.074794928507174
18.56565569053267,15.79129795270049,2.7743577378321795
57.38321828269307,52.501231480245536,4.8819868024475355
58.4620292605301,58.281079517559924,0.18094974297017785
34.57848959501462,31.852352345376957,2.7261372496376595
64.41167545578308,66.45526873299139,-2.043593277208302
64.92265899150179,62.91994867757626,2.002710313925533
83.91646593114378,85.18655577468351,-1.2700898435397363
46.09081260907763,47.62879206468883,-1.5379794556112003
44.14850497992788,46.35138588521638,-2.2028809052885023
22.387600102676558,22.67813334757163,-0.29053324489507304
72.05921626465913,73.36392861100167,-1.3047123463425407
10.172991546174917,5.147487817086784,5.025503729088133
95.77878064407791,88.14681999899844,7.631960645079474
63.95697232025994,65.58550376294548,-1.628531442685535
55.98884316073661,55.443928852144026,0.5449143085925812
64.58359410922925,64.22444676430887,0.35914734492038747
19.726326456826108,19.463130810061358,0.2631956467647498
22.731820354688303,24.234598664722398,-1.5027783100340955
53.755046287273316,50.503898811432485,3.251147475840831
6.926245353285882,9.95242247920676,-3.026177125920878
44.65686866004247,49.59329018222507,-4.936421522182599
52.785564446852995,55.955450117723224,-3.1698856708702294
75.69192254502988,75.00045594650692,0.6914665985229647
68.77267386654624,68.31311430376488,0.4595595627813651
11.330863096125201,11.218585269048504,0.11227782707669753
79.29158008349623,76.59764538054044,2.6939347029557865
71.20828268223,69.66304609386731,1.5452365883626982
-11.940331220751387,-13.736593895036862,1.7962626742854741
36.196571341439075,30.321865925648666,5.874705415790409
43.749977212367725,40.002818197262634,3.7471590151050904
52.18962135052954,51.92377803268023,0.2658433178493098
69.74050456211565,68.31643604912881,1.4240685129868353
56.026412358909326,58.33416009946116,-2.3077477405518323
62.26410898164794,66.38477016856697,-4.120661186919037
51.440381008131034,49.608133076867674,1.8322479312633604
23.766398479007346,25.72908770300549,-1.9626892239981437
57.12229619454354,56.820207331382,0.3020888631615364
-29.933909741253657,-23.545980034230055,-6.387929707023602
29.180626528857555,28.03564325851542,1.1449832703421343
-3.96678712692571,-2.269082176656724,-1.697704950268986
81.08793881127447,80.80663890999472,0.2812999012797519
44.998187050573144,44.368076921040334,0.6301101295328095
38.06273870881285,38.2657342553908,-0.20299554657794516
49.70258379791057,50.31704944052234,-0.6144656426117692
63.20373440974281,67.63681733418444,-4.433082924441635
46.53325276283733,48.08878969022506,-1.5555369273877346
59.613246928057656,55.285696599254976,4.32755032880268
55.60548191203504,52.75782364599813,2.847658266036909
73.69326002520417,73.66203198213455,0.031228043069617684
14.548427237322478,13.42447176518597,1.1239554721365081
88.78409719858581,89.73549801525587,-0.9514008166700592
55.61337958855153,59.52604483290178,-3.9126652443502508
68.36563779055822,72.75848608376744,-4.392848293209212
33.77496422419266,31.754125549380532,2.0208386748121256
66.9985345682286,66.74481816162657,0.2537164066020381
-7.3557804650517244,-8.870499177434723,1.514718712382999
21.677944712696313,20.61562312186193,1.062321590834383
3.246161068845714,1.8564589247948362,1.3897021440508777
87.08442173674494,82.62934633860401,4.455075398140934
43.67052195789364,44.782689754214616,-1.1121677963209748
61.65736738048319,62.34009709704689,-0.6827297165637063
51.36239263554929,51.71746671805349,-0.3550740825041956
78.47430177240086,79.43480170182248,-0.9604999294216157
32.60428550245672,30.33805036255343,2.266235139903287
57.93722066823559,58.65908912054211,-0.7218684523065235
-7.938776641250926,-8.311224283298188,0.3724476420472618
49.05229695091601,48.02866125190338,1.0236356990126296
74.92481790296762,78.9685615623129,-4.043743659345282
45.887000064699265,44.175972559349546,1.711027505349719
5.24126557182103,2.5874060290683047,2.653859542752725
26.761841036668898,29.082981286587625,-2.3211402499187272
83.56607420408419,82.25127623283811,1.3147979712460796
64.28984717811075,64.9000549694355,-0.6102077913247541
54.30099360711341,57.82320920695966,-3.5222155998462483
-21.21784801116306,-18.711940422752733,-2.5059075884103272
50.88191182623231,53.61052702100999,-2.7286151947776816
44.16273606347251,43.98290982279392,0.17982624067858666
41.0263234527185,47.30358182203825,-6.277258369319746
65.2229618070361,65.38502635372205,-0.16206454668595427
44.22910008058972,49.12544150756368,-4.896341426973962
52.72834804657842,52.16113397935845,0.5672140672199646
67.81327449915553,64.94702561479278,2.866248884362747
-6.964095839908692,-15.49808357293307,8.533987733024377
15.76623003917392,17.063426569954444,-1.2971965307805249
62.17842229630078,61.47024164543555,0.7081806508652306
52.50481936822612,51.05505817843246,1.4497611897936622
0.10311722525029055,3.3827686884997377,-3.279651463249447
60.6109291630972,55.92440995767709,4.686519205420105
52.687758312729216,49.630998541260155,3.0567597714690606
69.75554523894745,64.79358209513308,4.961963143814373
31.116159592424793,25.059573412828584,6.056586179596209
43.860945026974264,45.674373422266655,-1.8134283952923909
50.27983874648819,50.26225499185828,0.017583754629910686
66.02227886510705,63.98334109585504,2.0389377692520156
42.044526556785,48.39088037598613,-6.346353819201127
55.014414555038854,55.40068221160429,-0.3862676565654368
88.87692691508259,83.16590444023743,5.711022474845166
36.42952636547923,39.017595185609736,-2.588068820130509
41.626163301712374,39.48134186546202,2.1448214362503535
46.36903139002132,43.40780971759666,2.9612216724246565
77.97667701725005,76.70968592989409,1.2669910873559616
4.675765073311476,5.0930864299376,-0.4173213566261236
41.412398432756454,44.54127448689121,-3.128876054134757
64.64371649999953,65.02575618171561,-0.3820396817160798
46.9195210676611,49.18052306969308,-2.2610020020319794
45.606642330115605,51.11271291759748,-5.506070587481872
21.191248558730397,20.53087452966365,0.6603740290667481
59.979067990496944,57.19901458244844,2.780053408048502
10.114155870890723,14.744407171146747,-4.630251300256024
44.26620744889433,46.715430847235126,-2.4492233983407985
59.61009790970508,59.83620085865484,-0.2261029489497588
79.04647828183356,78.97598920636597,0.07048907546759153
67.31789811870867,67.99039547858894,-0.6724973598802677
64.90905201477364,65.00220650014965,-0.09315448537601867
48.14749039534324,48.704917068681844,-0.557426673338604
-16.410797945417794,-21.343259869506426,4.932461924088631
47.842230838456366,49.21029172765355,-1.3680608891971815
65.83693189087901,67.1577695580976,-1.3208376672185835
85.48524439707873,87.2724261107407,-1.7871817136619654
44.956387562945864,46.107940680269145,-1.1515531173232816
38.135909456204004,39.39475858381334,-1.2588491276093379
66.74026296688477,65.16261237119645,1.5776505956883256
84.28681571540382,87.13443639397858,-2.8476206785747564
48.0150639709576,45.02142412499534,2.9936398459622566
73.24744768556167,68.01271177612358,5.234735909438086
13.44309678791224,18.681395746386585,-5.238298958474346
77.86385993275455,77.95184055826996,-0.08798062551541364
39.54595639157419,37.092358153987064,2.453598237587123
52.69080945628406,52.86320055472867,-0.17239109844461353
87.82057953241518,87.8212104769702,-0.0006309445550130022
61.35710185718838,62.34503321913332,-0.9879313619449377
52.0867807509791,55.75755294819854,-3.670772197219435
99.13071977426486,101.68615382244907,-2.5554340481842104
9.1743817075815,6.448826768583999,2.725554938997501
41.33116134060997,37.255105362419314,4.076055978190652
59.78136533220291,58.65329250398626,1.1280728282166521
54.49700255234356,54.83941878825978,-0.34241623591621817
50.955731281798826,52.5912912975289,-1.6355600157300714
38.03678954043679,37.05669549180375,0.9800940486330418
67.11674864285479,64.19646352720724,2.9202851156475447
26.17599559773093,24.005500865971626,2.1704947317593053
50.32414938770276,44.64989813082669,5.674251256876069
61.9049631426897,58.2201728933862,3.6847902493035036
20.492028724071965,22.473125661744973,-1.9810969376730085
60.23527228693274,60.82479793622041,-0.5895256492876726
38.57145428785787,40.16310088427778,-1.5916465964199134
-10.8553818620153,-13.467614514357223,2.6122326523419233
47.716904659088506,48.76708071330549,-1.0501760542169833
57.32641042598468,52.63077412781375,4.695636298170932
83.18146891887608,87.57091427976819,-4.389445360892111
20.008321777349902,24.59890784790393,-4.5905860705540285
52.09087211151432,48.36781812883157,3.7230539826827496
23.595209294183526,26.0435478384845,-2.4483385443009738
79.41696873048797,78.02808258866352,1.3888861418244431
36.8552571986273,37.216189383931805,-0.360932185304506
50.404087232632776,49.82604133586307,0.5780458967697086
49.400613934188584,49.20718781762198,0.1934261165666058
34.386532684232684,35.53205217103705,-1.1455194868043677
70.85258136180535,71.21998054812445,-0.36739918631910484
50.158947943163184,50.67766115440958,-0.5187132112463928
39.589030045142586,39.02629557371209,0.5627344714304954
46.55004442568405,48.81295160132467,-2.2629071756406205
47.35972062274241,47.6930350243385,-0.33331440159609116
71.29581341661769,71.57950144582091,-0.2836880292032191
52.688455874207605,49.40980951381026,3.278646360397346
68.41131771669728,68.86458555980326,-0.45326784310597645
52.9433083426109,51.472765876850694,1.4705424657602038
-15.773953932549489,-12.59555373512039,-3.1784001974290987
49.32538180643893,52.87282723532399,-3.547445428885055
48.205109762502275,48.48748289414551,-0.28237313164323297
58.30071825456403,59.94433634592468,-1.6436180913606506
69.99567894798032,67.20158697910597,2.794091968874355
16.690514883291748,10.50838225185852,6.182132631433227
48.91438822609566,52.386871135510845,-3.4724829094151843
-27.27259005394955,-25.250568416277645,-2.022021637671905
65.28702389505779,65.24815472117186,0.03886917388592792
50.072878361221704,50.31992608074295,-0.24704771952124815
34.00837104348786,35.360336451466566,-1.3519654079787031
56.41575535005741,51.48952279321733,4.926232556840077
70.25175733307245,68.4779091792388,1.7738481538336544
63.339299066623354,67.24800394868706,-3.9087048820637023
71.78617048423122,67.52227825418606,4.263892230045158
27.93797430405188,27.517237826894174,0.4207364771577069
42.33464945708874,44.454291866443114,-2.119642409354377
61.04439083689411,59.64542218784842,1.3989686490456918
59.85419765708595,59.258703500554695,0.5954941565312524
68.43666814289843,66.67439765221222,1.7622704906862054
67.08407900402543,65.63464956651258,1.4494294375128476
54.23824290127363,55.95675988593919,-1.7185169846655626
57.653022191502316,53.781037188678084,3.871985002824232
75.18021329571161,73.24008992616075,1.9401233695508608
28.57303844223879,27.850154180615675,0.7228842616231148
75.12748941892423,70.65386031796628,4.47362910095795
53.09220043084248,53.467179086364325,-0.3749786555218435
59.53786106732699,62.18657691364642,-2.6487158463194262
52.58880024529323,49.613679379310085,2.9751208659831434
48.87247849705286,46.615044716252335,2.2574337808005254
58.05526349832474,53.004829497336225,5.050434000988517
69.01391576370865,68.3402433425775,0.6736724211311582
31.918704159958477,37.812195627370706,-5.893491467412229
64.75612481286906,67.96522645544175,-3.2091016425726906
35.73598215314583,32.57251738772513,3.1634647654206987
16.178109363139363,16.06293334841169,0.11517601472767325
71.18843094253678,68.918372620398,2.2700583221387802
45.48510373298084,38.22233667372396,7.2627670592568805
12.285532958989332,13.226517569058984,-0.940984610069652
-12.729709673537846,-14.678668727759487,1.9489590542216408
-2.739156510434608,2.6958020260495346,-5.434958536484142
-15.62077897786863,-18.1276778230461,2.506898845177469
12.900116484719849,17.256795397004325,-4.356678912284476
-18.588620063354146,-20.316919383213943,1.7282993198597971
85.89649676510201,85.42867181240318,0.46782495269883384
40.79194955618355,44.16312482180594,-3.3711752656223837
64.88035372829879,70.90150358024994,-6.021149851951151
9.52955072441092,10.597157553987898,-1.0676068295769792
83.69876806861409,91.15394835434026,-7.455180285726172
69.6101407606443,67.87140853165995,1.7387322289843468
43.64398081303913,39.79864271251346,3.845338100525666
54.51186298010072,53.547599331531025,0.9642636485696983
18.795952974613055,19.233417015726047,-0.4374640411129924
25.480750206376776,23.64096602422599,1.8397841821507868
28.29708850946261,24.486894765379546,3.8101937440830653
37.28792405471992,44.3746061197946,-7.086682065074676
38.168392301027865,40.991682851257835,-2.82329055022997
83.51060018220973,78.08619404795489,5.424406134254838
62.87425374689074,67.55966344756112,-4.685409700670384
54.431155767243276,50.07443858652403,4.356717180719244
34.63120761355007,36.66528927488241,-2.034081661332344
68.34919559466357,66.29628644890676,2.0529091457568143
54.64566190848035,52.160547254795226,2.485114653685123
36.83330145097825,36.00774512196402,0.8255563290142263
64.59955253107795,65.89795848418078,-1.2984059531028294
62.09664857163151,63.439156191054586,-1.342507619423074
5.312667666109774,7.973563869417191,-2.6608962033074173
55.07500887573622,51.964120219389976,3.1108886563462477
17.394865729659465,13.376331228158207,4.018534501501257
-14.685157426476051,-14.760544167748762,0.07538674127271072
50.32985177297352,49.761230039020376,0.5686217339531439
23.593549397011177,24.067324370986398,-0.47377497397522106
16.91991126298045,18.501428592220705,-1.5815173292402562
64.06395274843631,60.55059636814069,3.513356380295619
75.81257710203224,70.33164112520419,5.48093597682805
58.442302020212715,61.143427755569135,-2.7011257353564204
69.65366423632348,65.94717702927434,3.706487207049136
67.10815813850932,68.39334508911267,-1.2851869506033466
62.7531722053818,65.2935245603368,-2.5403523549550044
46.83050232876181,47.274060083844745,-0.44355775508293505
-11.236855735528817,-12.414628662012959,1.177772926484142
7.032410244599482,4.464951949369066,2.5674582952304155
56.969314981488935,53.985075017744215,2.98423996374472
42.422326812834896,45.19564849591736,-2.7733216830824645
72.3375279904205,75.71778162189842,-3.3802536314779275
-24.369385921536544,-23.320189987780694,-1.0491959337558505
72.61256786685392,71.8359312389152,0.7766366279387285
33.87854812510956,35.66243115766562,-1.7838830325560622
9.196984942830397,10.624109036617185,-1.4271240937867873
52.653413816187715,54.72718208109808,-2.0737682649103633
86.16089565025081,84.78447095953479,1.3764246907160214
70.33628175581536,68.33306549392245,2.0032162618929164
22.801099974105,22.79040363403317,0.0106963400718314
60.11827891328189,54.08240040038632,6.035878512895572
37.20571886003528,36.298524549172456,0.9071943108628275
48.003742109782664,48.72055957127479,-0.716817461492127
30.886713301548532,28.92385263305455,1.962860668493981
25.296296195148408,28.500486100686913,-3.204189905538506
79.15536689700957,73.15373553403772,6.00163136297185
57.14116664088824,55.656448873136426,1.4847177677518104
83.99112230492592,86.13647088174758,-2.145348576821661
74.8198933010524,77.54954874946615,-2.7296554484137516
57.488113288313144,54.730661064378374,2.75745222393477
51.910878504377195,51.57978501849877,0.33109348587842646
74.306908592003,73.47170616288724,0.8352024291157534
74.33836310229304,72.78477005976887,1.5535930425241702
33.0505602657979,30.856195650446296,2.1943646153516028
68.84010040012437,69.3707475685989,-0.5306471684745304
74.30731586416871,72.19007033558016,2.1172455285885547
61.51063533501756,59.66977105180972,1.8408642832078428
41.94895953401507,38.712876571796066,3.236082962219001
65.27423462529478,67.75081934875152,-2.476584723456739
37.993516746726655,35.73173473093715,2.2617820157895068
38.731632741885235,36.64822188751495,2.0834108543702854
38.28867906493879,36.92770777140352,1.3609712935352718
10.37122770304034,9.823674962193593,0.5475527408467471
35.474973522742296,34.14349900370895,1.3314745190333426
54.39883368932455,52.55041096854292,1.8484227207816275
49.21873212018345,46.154443189857716,3.0642889303257306
35.596826499727094,35.59879354922714,-0.001967049500045448
-1.4524700125330536,-0.7642900046570134,-0.6881800078760403
64.13401015016487,64.31914736509285,-0.18513721492797686
51.995318681747285,56.039627535441745,-4.04430885369446
34.874807717738385,34.760199172274696,0.11460854546368893
-11.883601287539575,-11.21484446418063,-0.6687568233589456
33.860107285317895,31.884488770450275,1.9756185148676195
65.71629922777566,63.78222060605765,1.9340786217180153
44.96011906230037,43.26921081932505,1.6909082429753184
41.798214850971576,40.183251983260554,1.6149628677110215
50.03096081334421,50.01255038977478,0.018410423569427792
22.419701347169237,21.641031084174287,0.7786702629949502
23.862407096202844,19.09764859992825,4.764758496274595
42.602064152299484,46.53530476417879,-3.933240611879306
67.44962093546843,69.16022681256443,-1.7106058770960004
56.71371984330463,57.07426516212104,-0.3605453188164063
36.46302920952003,34.4967257468072,1.9663034627128297
79.41385195445045,78.61731511506447,0.7965368393859791
74.6828045033418,73.13194827434803,1.5508562289937657
51.25910150349978,51.8634662476275,-0.6043647441277216
39.77380278599067,36.72593806916102,3.0478647168296504
58.16018983989826,54.92113674044618,3.2390530994520788
49.36967404912258,54.972152115418325,-5.602478066295745
69.08973650101179,75.92165224861557,-6.831915747603787
60.249779539020466,56.48304214804138,3.766737390979088
39.05244976854828,38.18164442360645,0.8708053449418287
21.508478110296572,21.784629906216225,-0.27615179591965244
59.95745519845731,61.300532602997016,-1.3430774045397058
13.392350787018753,12.356874095320109,1.0354766916986442
63.63445481833638,63.824268370557874,-0.18981355222149432
34.443154295984165,42.0847454021943,-7.641591106210136
55.045382790824455,55.148606752921275,-0.10322396209681983
60.44409118412035,61.81143890938084,-1.3673477252604869
67.07144228890678,71.51178084080178,-4.440338551894996
67.05241914295024,68.0303226939719,-0.9779035510216545
61.832589786405805,63.418699757751064,-1.5861099713452589
66.64083685217001,69.60417519675997,-2.963338344589957
8.325437444706635,8.12062211887789,0.2048153258287453
52.36541426348045,55.47465398968177,-3.1092397262013165
71.23276563514614,71.66264984046813,-0.4298842053219971
66.74028490476164,70.24379782830272,-3.5035129235410807
-3.7262245840716703,-3.658307886863483,-0.0679166972081875
53.922497362028196,55.8556597363656,-1.9331623743374067
23.732126634997037,22.523998323076412,1.2081283119206248
52.12881339812296,55.8107852591294,-3.6819718610064456
22.672810277640934,20.50723210997147,2.165578167669466
24.628141651352266,31.41492387185265,-6.786782220500385
54.063516017283526,52.15153508997301,1.9119809273105162
17.036068351018884,17.073160272456732,-0.037091921437848896
59.98256376565339,62.39677909580029,-2.4142153301469023
43.26302430417333,42.99697511967843,0.26604918449489645
58.64922865161902,53.10989138973805,5.539337261880966
83.66637197631658,81.49754743371855,2.1688245425980313
84.14165095024502,81.4730794556731,2.668571494571921
76.96062197559719,80.960234335606,-3.999612360008811
21.16684797092433,20.086992179541355,1.0798557913829754
38.41921585926602,43.90039130583429,-5.4811754465682725
41.982660400478835,39.8801397055614,2.1025206949174375
-2.1327975229683704,-5.784930644399807,3.652133121431437
67.53679153727663,63.47720405136247,4.059587485914157
79.35471281440546,72.94879669145983,6.4059161229456265
95.73633638933691,93.04342558511442,2.6929108042224925
-13.348211876359294,-13.047056777548164,-0.30115509881112956
44.405143310158884,49.31148030350948,-4.9063369933505925
34.50664164835497,36.05938866753078,-1.5527470191758113
62.13429323123618,62.30184383794417,-0.16755060670799082
-5.4175716242086285,-4.270356921050393,-1.1472147031582356
53.407333892271524,56.93289497186501,-3.525561079593487
11.011996754525782,17.977634532440703,-6.965637777914921
51.41896752765453,49.53463145272695,1.8843360749275817
19.22134537356137,19.89392838470856,-0.6725830111471893
27.02712258096904,31.596874993045333,-4.569752412076294
46.57270250751561,49.416634096017006,-2.8439315885013983
36.047978022096075,38.54896005116872,-2.500982029072645
-2.4540798798393637,-0.14559923739140856,-2.308480642447955
40.47861422154844,38.87780924257709,1.6008049789713539
78.84709755849845,75.73281660375758,3.114280954740863
59.390603993441175,55.81852748414841,3.5720765092927635
57.899533581450186,65.02039737833141,-7.120863796881224
-16.490565620651886,-17.06371741286202,0.5731517922101332
-1.3886695002867326,-0.08671103601447783,-1.3019584642722548
29.0675221338493,26.85551589771518,2.2120062361341226
12.385871889192083,11.876022810272161,0.5098490789199221
-30.11889320229541,-25.202052948888692,-4.916840253406718
50.89558299826934,50.048342762984554,0.8472402352847865
70.69670031921221,71.24126606838925,-0.544565749177039
45.78868976637897,47.277588986964055,-1.4888992205850826
36.558233834158315,42.88088642104352,-6.322652586885205
20.24086004494837,21.316305908984347,-1.0754458640359772
18.015595804135508,19.620101998668574,-1.6045061945330659
75.32934513526082,72.29374202621571,3.0356031090451125
48.06795843954077,51.520635505964535,-3.4526770664237674
-3.7910501052418364,-3.5958401632286723,-0.1952099420131641
49.895358994032215,47.34842397300484,2.546935021027373
57.17408696971718,59.52833948254513,-2.354252512827948
21.77052518106016,18.326419450431572,3.444105730628589
39.148593547712736,38.127819734987945,1.0207738127247907
28.81603975214198,30.064511518153253,-1.2484717660112743
53.614374634396135,55.08018286801515,-1.4658082336190148
58.670975718244364,58.51157224187233,0.15940347637203445
46.510439014570736,44.64176432824596,1.8686746863247734
36.8728721547011,34.2442640694796,2.628608085221501
41.67325031504988,39.77895629322199,1.8942940218278892
46.4236741541158,43.30449864764956,3.1191755064662416
85.87637097892544,86.0441103136296,-0.1677393347041658
44.495633848254236,44.538668976884836,-0.04303512863059922
-19.608017411019098,-11.990707213259881,-7.617310197759217
60.81352812030412,58.88991071376194,1.9236174065421778
-30.69982875822113,-26.363287764923086,-4.336540993298044
52.00179821231256,56.0542623013808,-4.052464089068245
27.698843174081183,27.217836925524736,0.48100624855644725
56.475232071400036,53.723236248967545,2.751995822432491
78.87892349312752,77.18908919195032,1.6898343011772
-4.35586019250145,0.2678087099182136,-4.623668902419664
-0.1207329272477109,-2.9501366319377524,2.8294037046900415
33.616000524934016,29.11187447230239,4.5041260526316265
88.83908055809692,84.58668798191508,4.2523925761818475
2.8001906077137635,2.703855667495887,0.09633494021787659
42.864090628188826,43.473434416777,-0.609343788588177
48.93567682883144,48.18880941751827,0.7468674113131684
62.90265202391321,59.77645944576723,3.1261925781459823
78.03634801680943,77.68341818991273,0.3529298268966983
66.70443806429869,63.4355089715332,3.2689290927654824
1.0231854122863155,1.4524541170250274,-0.4292687047387118
46.69544997422613,43.96277912007337,2.732670854152758
34.994509999187166,35.322990361294245,-0.3284803621070793
19.06754769161655,16.833081470446928,2.2344662211696225
50.053528363364215,51.871489583389696,-1.8179612200254809
50.15575102878643,51.39899275521075,-1.2432417264243156
46.13954292991751,45.78643968254566,0.3531032473718483
50.16058070488306,45.24167069559333,4.918910009289732
54.60731651554358,56.1915702464694,-1.5842537309258162
43.457749117906786,39.249989145407646,4.20775997249914
42.52749433632247,45.25067720519514,-2.7231828688726694
86.45867600838999,79.9046281507623,6.55404785762768
27.921389884753612,29.94487085408258,-2.0234809693289684
-3.30920848105966,-1.8390870134576147,-1.4701214676020453
34.0479655118853,36.46858445573709,-2.4206189438517853
69.78547881906894,73.58112639120405,-3.7956475721351097
43.70144862567588,45.527729324730444,-1.8262806990545641
52.31650352846854,49.30891103044937,3.0075924980191644
43.44102837954128,47.03698143047855,-3.5959530509372684
9.171264994093107,8.975930674470831,0.1953343196222761
51.963421370908485,46.91529709898235,5.0481242719261346
60.890024826366734,60.403659189438216,0.4863656369285181
49.856067557812494,49.59377316425602,0.26229439355647344
42.35702122717797,46.49179014409841,-4.134768916920443
21.998538609918416,26.219000317986996,-4.22046170806858
55.93914107099932,55.4871830268915,0.45195804410781903
51.453744880083526,49.36680427495319,2.086940605130337
45.561752584319166,44.27322092959473,1.2885316547244372
89.72177231181723,86.83619487858991,2.8855774332273256
40.395127454160566,41.4915436648325,-1.0964162106719328
67.92508537804497,69.30375248397212,-1.3786671059271498
10.994639191568378,11.062146337378834,-0.06750714581045614
-3.5370466483015224,-5.265432746716058,1.728386098414536
29.62896597085232,27.558017515314077,2.070948455538243
64.134912501369,64.37090990579708,-0.23599740442807615
34.462971690164956,38.24440151261528,-3.7814298224503275
65.10731345053443,64.04164650371405,1.0656669468203859
51.4676191331013,55.15423688800369,-3.686617754902386
50.13929668666357,45.88325258786456,4.256044098799009
28.13204158259977,27.66122909598434,0.4708124866154293
54.23355184694329,50.481788133391575,3.7517637135517177
20.885854296616436,20.715934480191564,0.16991981642487275
64.0859091053753,70.46055284066492,-6.374643735289624
8.126259257302598,8.818485780433434,-0.6922265231308362
37.94031882041334,39.471279063553276,-1.530960243139937
72.9546529785607,80.00507844527951,-7.050425466718806
-13.59192328113586,-10.846548470679451,-2.7453748104564095
67.05253366866427,69.9202141295771,-2.867680460912837
-1.874859720798277,6.416856285172017,-8.291716005970294
86.0959284252933,84.7511671835787,1.3447612417145933
65.18393813254431,60.25290623519873,4.931031897345584
-20.66300436202577,-18.30750524153906,-2.3554991204867086
52.45071647460361,58.07992206400673,-5.629205589403121
61.26547562144103,59.23384931618241,2.0316263052586194
51.86096397901159,49.219345174162115,2.641618804849479
48.64960075851764,47.06692984791816,1.5826709105994823
64.91733464050665,67.11570517245772,-2.1983705319510705
57.74527447468174,58.85707576330726,-1.1118012886255144
58.111439715470674,63.833256041128855,-5.721816325658182
-17.912089082220508,-20.53281666541801,2.620727583197503
41.772116570747755,46.010192309647586,-4.2380757388998305
38.512259852394685,39.22065731546499,-0.7083974630703054
43.2950971741145,42.09613390482098,1.1989632692935217
36.45725333396714,34.71866956215217,1.738583771814966
25.71106129432337,22.72513876378183,2.98592253054154
55.031714344751975,56.1368414954145,-1.1051271506625255
50.35803710451515,52.5262141919413,-2.1681770874261517
42.49148216561597,37.422176932195114,5.069305233420856
61.87569091922309,66.61969585845041,-4.744004939227324
54.32327190270276,53.825965111350456,0.49730679135230105
17.702916030020756,18.807413445442066,-1.10449741542131
70.10564924705184,66.47316768667841,3.632481560373435
33.48883311017249,32.971385916336686,0.5174471938358067
56.6057702941462,57.8285764259436,-1.2228061317974053
38.70161020006865,38.20070220154307,0.5009079985255767
34.37362774792837,32.931256288768395,1.442371459159972
48.61396345746661,47.66468758506851,0.949275872398097
73.4354824116223,75.58329352163943,-2.1478111100171304
44.29346322256565,44.61415223465476,-0.3206890120891117
19.229727890823373,18.144228954952524,1.0854989358708487
12.071041581312713,10.8250881333785,1.2459534479342125
24.373429547650524,26.289906909222353,-1.916477361571829
-4.551277607598378,-4.725911440582692,0.17463383298431445
90.77589990134017,90.97023849136785,-0.19433859002768372
36.73779628054997,32.276956615510045,4.460839665039927
65.01400116435174,61.530347826757044,3.4836533375946956
33.11645589820915,33.062763926865514,0.05369197134363901
78.94941045755519,81.25507042533454,-2.3056599677793486
44.81835995231775,37.951525531304185,6.866834421013564
42.32176071764235,42.831477231508956,-0.5097165138666071
29.365117270690458,25.12968618933128,4.235431081359177
69.28899292415291,67.48109093661363,1.8079019875392817
91.88205471822236,92.90010147740455,-1.0180467591821838
38.87685400032333,42.857744915373104,-3.980890915049777
43.21423999021333,43.92679404067138,-0.7125540504580528
64.56886994922125,65.85016022753052,-1.281290278309271
49.84721429511453,46.6095954448186,3.237618850295931
3.5934042115858684,2.033601202850136,1.5598030087357326
67.96842700061683,66.0948062006049,1.8736208000119206
14.864985407013112,17.415718911246586,-2.550733504233474
44.37205700093805,45.618753436474094,-1.2466964355360446
56.87108912078201,58.135195356531774,-1.2641062357497646
-2.6197549271052987,-7.243735028173958,4.62398010106866
45.043760322229,44.80173048949513,0.2420298327338699
53.430709732031936,55.953618490589825,-2.5229087585578895
49.06120272069308,49.19620335875285,-0.1350006380597648
58.772710241332796,58.250613269979375,0.5220969713534203
20.343672782022818,21.303517693014882,-0.9598449109920644
-21.356293414604515,-19.504493818121702,-1.8517995964828131
65.76605529328712,61.01718222699309,4.748873066294031
41.39706178355466,43.18299834045723,-1.7859365569025698
54.981368726734274,53.05065044093245,1.9307182858018237
50.63210651861115,55.80231068175948,-5.170204163148327
67.92486093936276,69.41424834811538,-1.48938740875262
48.583471565182926,50.78490806895794,-2.201436503775014
75.8334791244399,76.663881024662,-0.8304019002220997
32.360314563140285,33.01643904861555,-0.6561244854752672
72.6398610237548,74.97040323560503,-2.3305422118502293
8.718992914041904,11.265556240357967,-2.546563326316063
51.96248302895056,50.119676210301876,1.8428068186486826
-4.050183193218582,-1.3889284957283223,-2.66125469749026
67.38798005591576,67.6646071303245,-0.27662707440873646
22.031715763256326,24.07070521067378,-2.0389894474174532
69.53015463285557,70.21449962677727,-0.6843449939216981
39.57557021262878,38.71620369109684,0.8593665215319461
40.810917550518994,45.18101691602363,-4.370099365504636
29.118849942867786,26.64524973303388,2.473600209833908
-13.808963067443901,-13.967686328017933,0.15872326057403185
53.479563387804006,53.74257059987751,-0.26300721207350364
58.87274046051321,62.0230819390331,-3.1503414785198913
31.634227846472353,29.95625966248609,1.6779681839862626
42.52950501449698,43.35764903463293,-0.8281440201359445
20.868088160646607,22.92118058868121,-2.053092428034603
35.80831856775431,33.88954293985154,1.9187756279027752
68.22342732992553,66.33045804590299,1.8929692840225414
73.73111075785285,73.23847043241634,0.49264032543651126
35.51328303782932,41.96730862221624,-6.454025584386919
38.72621487406883,38.13133928579355,0.5948755882752792
11.549526518661091,9.922330760283472,1.6271957583776189
47.00382462113987,49.4879255172491,-2.484100896109233
41.40784064707339,35.432039813178406,5.975800833894986
53.67754365656597,52.47791364980762,1.1996300067583547
44.242014971428816,43.38937831122206,0.8526366602067554
31.374969846172416,36.39397481405422,-5.019004967881802
49.43863422772937,50.87187856362739,-1.4332443358980171
31.537088151032677,35.500012265002866,-3.962924113970189
65.64874529390943,64.62779861740411,1.020946676505318
71.04964388436426,72.57155391500989,-1.5219100306456284
33.066568952594864,30.800435299254787,2.266133653340077
70.46729429212769,67.67298870693341,2.79430558519428
26.258637826494507,30.97606523673221,-4.717427410237704
-14.851442109935086,-12.870999881785636,-1.9804422281494496
-9.755913510010892,-4.437685533105096,-5.318227976905796
68.21170593420894,67.20882897198192,1.0028769622270204
17.926917975168276,16.360896828660472,1.5660211465078042
65.78014021675803,68.46101841036574,-2.680878193607711
45.07482571068194,47.619583990801694,-2.5447582801197512
56.0239303017635,53.35603361055227,2.667896691211233
23.275471151948313,22.803582800750306,0.4718883511980074
45.21868751138787,44.83227573591078,0.38641177547709304
46.23414715224996,46.10419708290467,0.1299500693452913
67.45746812570633,60.09234435592262,7.3651237697837075
48.00614521192472,52.97502076939669,-4.968875557471975
21.850836184787227,28.795872910767088,-6.945036725979861
70.16776414480994,70.5903393611556,-0.4225752163456633
48.095045350834326,50.95717913109454,-2.8621337802602156
43.54525675793271,47.94830474529901,-4.4030479873663
4.664785963754079,3.871240340013756,0.7935456237403233
63.78826892806534,62.40033440126405,1.3879345268012955
-4.536189955566245,-1.1369841528667735,-3.3992058026994716
78.80056601389727,83.66227230385823,-4.8617062899609635
38.300924163959515,37.01164309416038,1.289281069799138
39.656319595030986,40.06953582730343,-0.41321623227244686
43.06837900656113,44.661492775960134,-1.5931137693990038
48.82944055254937,47.487581674902664,1.3418588776467075
-0.09617418074523587,-1.6677593486355988,1.571585167890363
67.18302982255695,63.772566588273776,3.4104632342831707
42.85136927759256,41.986011314387525,0.8653579632050352
10.427866840774104,13.421252202701908,-2.9933853619278032
15.21830336697402,16.2821006545678,-1.0637972875937791
62.253139058476314,61.054867217381705,1.1982718410946092
55.34955575432771,49.026369434414526,6.323186319913184
24.625285996242475,26.750310366000647,-2.1250243697581723
39.44584586828121,35.460359414858885,3.9854864534223253
63.937033808183806,69.38185568706015,-5.444821878876347
53.82390257520169,54.7611150470154,-0.9372124718137087
60.3202804587485,54.845127891974684,5.475152566773815
68.14068099661075,69.81331311671784,-1.6726321201070817
85.69497343327222,85.84383126380418,-0.14885783053195212
69.23771711121042,70.09607508138444,-0.8583579701740263
60.037452310738075,61.44887492197901,-1.411422611240937
73.84482864908752,77.8708929121798,-4.02606426309228
47.97895981504806,46.19668474328465,1.782275071763408
66.52963238009558,66.55728397419347,-0.027651594097889642
35.894664335029844,40.73511874783383,-4.840454412803986
64.95221868722938,63.74115120966316,1.2110674775662176
92.72399276004946,88.80182723995534,3.9221655200941115
75.78194922409645,78.38740799118706,-2.60545876709061
51.945061333962286,53.76324370628589,-1.818182372323605
56.92104956018087,58.67852836534599,-1.7574788051651211
19.877191309704063,20.182538643631133,-0.30534733392707025
26.056865978291498,27.146992668863433,-1.0901266905719353
66.84465792110745,62.17165109250158,4.673006828605878
27.968395947372798,25.07080024153558,2.897595705837219
-17.38446789447137,-14.036764910666832,-3.3477029838045382
55.03753993593243,54.83403209551124,0.20350784042118875
48.437508203517844,47.32371327178079,1.1137949317370541
14.959766583752595,11.732248472228918,3.2275181115236773
61.76302735487856,58.1774996308488,3.5855277240297596
44.618211313084316,47.46019902588949,-2.841987712805171
27.5529061749648,29.237726691651346,-1.6848205166865462
31.99385076997134,26.481339778412774,5.512510991558564
25.86004583626059,24.991594200863474,0.8684516353971148
10.795490939062708,15.116006206047771,-4.320515266985064
54.54293370004331,57.34302352744172,-2.8000898273984163
75.65566424084969,73.94089771900997,1.7147665218397208
43.69424567006835,46.82034675560574,-3.1261010855373925
59.16672677075233,60.79173455791856,-1.6250077871662327
38.12390101314231,36.787040787957864,1.336860225184445
37.289217565483035,33.002126180692485,4.28709138479055
68.09829651392214,64.86151384851794,3.236782665404192
75.21381574030815,75.59683510921107,-0.38301936890292154
58.00326421662776,54.89715819547989,3.1061060211478733
49.94753984897188,48.91830221902137,1.029237629950508
60.86517401813409,57.02376603142361,3.841407986710479
41.28901352536666,43.08055672839399,-1.7915432030273237
76.0257289352851,77.21166396920526,-1.1859350339201598
33.238372920581796,36.52267447102096,-3.2843015504391673
-24.019739026521613,-16.741820174108568,-7.277918852413045
49.27132983764349,52.196090628329024,-2.924760790685532
15.847098289337746,19.227047369005362,-3.3799490796676164
35.80138700161303,33.91840230119993,1.8829847004130968
22.5366194115258,22.740925905214382,-0.2043064936885841
39.811524540906525,36.55900477481704,3.2525197660894847
54.81631215746198,59.78255625431947,-4.966244096857494
38.64972220086858,37.10044600910315,1.5492761917654292
92.23155939368843,83.7582324281865,8.473326965501926
42.10941943062502,44.60349590494175,-2.494076474316735
44.22812673213589,50.14889470612814,-5.920767973992248
80.4199972521023,80.38544330746919,0.03455394463311734
34.30839736139365,35.70087150484487,-1.3924741434512171
-9.203538269698285,-8.954243266548957,-0.24929500314932795
1.5992597261930837,2.6740768698211212,-1.0748171436280376
87.77401694181007,85.1626322125909,2.611384729219168
64.22102486205007,61.40721390789124,2.813810954158832
81.91959517277931,82.9163380506952,-0.9967428779158922
62.02486149043528,64.80042058234972,-2.775559091914438
75.82349319367664,75.33720488386082,0.4862883098158193
48.12261580104909,54.32377055324815,-6.201154752199059
39.66270575460158,39.81188723814223,-0.14918148354065153
66.88023699957508,64.75680538512717,2.1234316144479095
2.431728575801511,-1.2413614065077496,3.6730899823092606
53.09492073189092,51.736390371230044,1.358530360660879
44.27238128132247,44.93167271603636,-0.659291434713893
70.92811305489498,70.66995512503587,0.25815792985910946
61.284570715014,59.332411842807026,1.9521588722069723
34.7270545842803,37.297997242817985,-2.570942658537682
57.5300779998998,56.00664598361244,1.5234320162873658
53.51487851139212,55.63860700142388,-2.123728490031759
33.71631445148739,33.8525514947526,-0.13623704326521135
46.80942802157653,47.39813574509795,-0.5887077235214235
59.33176171865338,56.73053384589919,2.601227872754194
65.68118645695411,64.07583653872194,1.6053499182321644
11.81407474006576,13.217482490099044,-1.4034077500332849
30.919619910219623,34.0167280513939,-3.0971081411742745
30.77673806700048,26.1636518311674,4.61308623583308
14.031294305476866,11.065412395319171,2.9658819101576945
41.213713006817265,39.85537711897073,1.3583358878465361
60.65915376624086,60.93807375152933,-0.27891998528846784
26.396568757118008,33.11790057149493,-6.721331814376921
60.20569324022712,59.74334596495791,0.4623472752692095
22.03083382755132,16.22434290028555,5.80649092726577
71.24612010648785,72.28510867123876,-1.038988564750909
52.643222637739676,51.39288734503353,1.250335292706147
22.90138913164429,21.793494383039075,1.107894748605215
40.66549890092069,43.167646791903785,-2.502147890983096
11.55081156212677,14.454488778347852,-2.903677216221082
10.33992185043176,11.526381629064673,-1.1864597786329139
72.01040930109164,66.09261101086021,5.917798290231431
49.34435017813916,48.33733716532631,1.0070130128128483
65.66247311363682,63.425196909638174,2.237276203998647
77.82849296060651,79.78721045874862,-1.9587174981421072
-5.409758224504991,-0.16538133878397332,-5.244376885721017
71.76181008171343,74.76087246275867,-2.999062381045235
39.39240607141933,39.72953266266169,-0.33712659124235955
70.13211771780415,75.06942512680507,-4.937307409000923
13.110362045104678,13.840701677970287,-0.7303396328656095
83.88115574503524,84.68293334982789,-0.8017776047926475
72.4348353938753,71.83077175285817,0.6040636410171345
16.894889295242656,17.409859180042858,-0.5149698848002018
70.1628229129434,69.53218103162341,0.6306418813199883
60.55727801668625,62.35896600634142,-1.8016879896551714
57.44985118783738,55.45975041803324,1.990100769804144
33.08875378431573,36.88526641416735,-3.7965126298516196
62.25691873898707,65.48168654192682,-3.224767802939752
54.90948606409461,51.78055694250051,3.1289291215940978
58.423446208971804,61.37717415308157,-2.9537279441097652
56.922559172457525,51.580514666411865,5.34204450604566
49.6372399155017,44.832301374096545,4.804938541405157
-10.7234745290976,-6.388600116462712,-4.334874412634889
60.43302718593954,62.88974932579762,-2.45672213985808
65.79165551899077,66.3736561537304,-0.5820006347396287
6.1811323909275036,4.749762290605034,1.4313701003224697
76.19831423519909,70.63626931788264,5.562044917316456
49.755947186212936,51.85571476127491,-2.099767575061975
72.72912076171839,72.32505778061281,0.40406298110558225
-25.155393256409663,-27.642951036392205,2.4875577799825415
36.633658704418245,41.90472660600362,-5.271067901585376
59.27353575273456,61.896588423348966,-2.623052670614406
67.9210691551784,68.32659402803617,-0.40552487285776806
71.15225645274252,65.73812606246995,5.414130390272575
67.8171217854234,67.09275329441037,0.7243684910130241
60.588161548315036,58.416385948542406,2.17177559977263
69.608622295423,69.48719076563358,0.12143152978941885
49.5207623502605,44.116161176262366,5.404601173998131
42.246030151201936,40.456965304934265,1.7890648462676708
74.5883167628511,75.7705740221714,-1.1822572593203091
57.41086349138487,56.95765150284463,0.4532119885402466
74.65748071461603,71.79988193064956,2.8575987839664663
18.937657624140062,19.486905604825978,-0.5492479806859158
50.34161189769715,49.209374055492496,1.1322378422046526
67.61921825332556,66.32478760062673,1.2944306526988214
71.17061862017484,65.460107062824,5.710511557350841
59.463481124937985,60.076068849628186,-0.6125877246902007
64.51896317813907,65.96076815849895,-1.4418049803598763
46.6227451682377,52.37965667551154,-5.756911507273841
27.1319636074998,26.275600329758333,0.8563632777414654
34.475464145354216,35.079305974980244,-0.6038418296260275
61.11474652943213,65.17773173867454,-4.062985209242406
38.567537091955096,36.68953433377544,1.8780027581796546
56.3628142876227,54.72759756359861,1.6352167240240902
26.844393123389654,30.207849460794918,-3.363456337405264
38.25849495420816,36.96771493169172,1.2907800225164436
23.80869169091901,23.824907983696733,-0.01621629277772385
39.80087444778069,41.325475457104424,-1.5246010093237317
43.948308304825645,48.08583270182021,-4.137524396994564
77.23805662707497,79.88290723798248,-2.644850610907511
-14.014484957374437,-13.794536919917135,-0.21994803745730174
48.147137187571836,44.96779967943509,3.179337508136747
79.53975330490955,81.03082517498771,-1.4910718700781587
44.58955255083572,43.0991981547005,1.490354396135217
86.59401640335624,82.78308969193574,3.8109267114204926
37.716364701251806,38.045673281350034,-0.3293085800982283
48.66405947497009,49.47007345774129,-0.806013982771205
51.94913304581346,56.267095941002424,-4.317962895188963
62.800772383964315,62.25943860363583,0.5413337803284861
0.06903510736521135,2.0181455373442674,-1.949110429979056
56.763680322951366,55.28479447883362,1.4788858441177481
75.6035877834194,74.71209484808304,0.891492935336359
69.05068580555486,73.21518711299092,-4.164501307436055
25.89028003926545,21.9303399593947,3.959940079870748
82.43095225575681,79.78327933769444,2.6476729180623693
55.41962651334965,56.569504061776826,-1.1498775484271775
23.01958813735515,20.23125055306626,2.7883375842888896
33.41218958314044,36.4812622295738,-3.069072646433362
81.75091025065288,80.37311076815149,1.3777994825013877
67.84255609008571,65.36848280911065,2.4740732809750625
24.30871154218396,22.54414381699837,1.7645677251855894
58.29596377805654,54.53559857177076,3.760365206285776
74.17647076926406,77.60081853996326,-3.4243477706991996
-4.831979250458821,-4.262161178888107,-0.5698180715707144
60.363479217290006,59.64858260366478,0.7148966136252284
45.30157124872749,47.966516528557044,-2.6649452798295528
32.12221031809788,30.568323761557394,1.5538865565404834
65.41660719761141,61.957423579940354,3.4591836176710586
62.662530541396016,67.02099710931516,-4.3584665679191446
26.669424594304004,27.982706994386533,-1.313282400082528
60.585896115348376,62.8507740345819,-2.264877919233527
38.114419592488,40.87181988387448,-2.7574002913864817
38.643333703048846,42.26266337506066,-3.6193296720118155
4.856173287152206,4.879888484742878,-0.023715197590671977
18.57936116495164,20.242959760129352,-1.6635985951777137
85.56859514201163,89.42100939266156,-3.852414250649929
52.580560627628344,51.87678960838419,0.7037710192441509
46.95612762507655,52.0422101882756,-5.086082563199049
40.08404494110965,35.93927941795653,4.144765523153126
65.29478248399136,62.31526971632506,2.979512767666293
61.44800422224769,64.81084830856827,-3.362844086320578
-7.839351407233061,-7.5901513037629655,-0.2492001034700957
58.61455555253593,55.98323250184473,2.6313230506912006
37.21219983095371,42.93866907636183,-5.726469245408126
-0.39950126550966614,-1.6911858593559828,1.2916845938463166
13.848006620192256,11.18021102508311,2.667795595109146
54.40481159157993,61.46475436642269,-7.05994277484276
27.03915829094735,29.838735884890653,-2.7995775939433045
39.48621660609973,38.10118695607119,1.3850296500285424
14.02988884085761,13.316994099944651,0.7128947409129598
41.73739283655353,40.33654956806028,1.4008432684932544
80.02328217380024,79.88425400087843,0.1390281729218117
1.4274012732379138,0.41196719366752177,1.015434079570392
40.201726485036474,41.136124120251054,-0.9343976352145802
69.31405802077865,67.81061136660796,1.5034466541706877
91.66761040781356,89.07574686928965,2.59186353852391
78.94851095576558,81.61310625150199,-2.6645952957364045
70.32442580983523,69.12476120016287,1.199664609672368
35.21423240384112,37.82298549699274,-2.60875309315162
87.79976400813369,84.9583933571562,2.8413706509774954
42.764751055613495,43.10911317582271,-0.34436212020921886
50.84577282493046,43.449877116991,7.395895707939459
88.40819110945381,87.94080244291403,0.46738866653977595
51.23577512298953,50.868748033974285,0.36702708901524517
16.461296984079794,13.608348067245757,2.8529489168340376
57.64563996799965,62.14462539212355,-4.498985424123902
87.63251496149522,86.140082526647,1.4924324348482116
57.598750279715716,57.31380147515687,0.2849488045588444
11.642756256114778,10.324366134828168,1.31839012128661
9.55656956571331,10.147369728135786,-0.5908001624224752
72.57173259298197,73.43732816280584,-0.8655955698238671
35.084952724175366,34.2218702581215,0.8630824660538678
51.8252517863549,47.46977933329846,4.355472453056436
50.64448313850132,51.05616179108431,-0.4116786525829852
23.196484094112797,18.987779892235807,4.208704201876991
39.13846295773577,32.92046706030058,6.217995897435188
74.2076404268199,71.12386449617264,3.0837759306472634
43.8856058998422,46.904199710950365,-3.0185938111081683
70.66073236725256,68.78912394642525,1.8716084208273145
64.84814654460949,62.680653894632755,2.1674926499767366
50.78532724778365,49.05288459223084,1.7324426555528092
-13.131359425606853,-11.541179915152767,-1.5901795104540852
46.08293787323386,47.86877720354391,-1.785839330310047
32.58646273395635,34.85111941159198,-2.264656677635628
16.470446190006925,17.96811293302025,-1.4976667430133261
74.48135280392216,71.7602343349242,2.7211184689979575
68.24087603714611,71.41467286299505,-3.173796825848939
46.383673118618155,46.77900375228876,-0.3953306336706035
46.50478676768867,50.660420648267795,-4.155633880579124
57.13704079009422,61.18574543343657,-4.048704643342354
17.039999802660887,19.45932755174242,-2.419327749081532
51.67758567939875,47.960616094214984,3.7169695851837687
13.405477344800518,13.31145275253914,0.09402459226137871
83.84103078501,82.73622503035641,1.1048057546535972
44.05210642235727,42.75299245547305,1.2991139668842209
69.71305317427598,71.64943109442439,-1.9363779201484022
38.72475710069206,40.50314038951427,-1.7783832888222122
57.80572690481227,57.39471155474939,0.4110153500628755
22.959049270382202,21.13900456037358,1.8200447100086237
50.57216206019067,51.852495962324085,-1.280333902133414
74.67453163338187,73.7210168528538,0.9535147805280815
46.24574036093119,48.12078244926881,-1.8750420883376222
72.93415709712673,71.64154027013483,1.2926168269919032
-22.67187276140229,-20.686434766976404,-1.9854379944258866
41.80711272043604,34.838336340992925,6.9687763794431135
89.08482212569693,88.76209465611916,0.3227274695777709
54.25277248387968,53.116462708201524,1.136309775678157
44.50299482900793,46.91512490547818,-2.4121300764702482
67.13679310632696,63.21959588564934,3.9171972206776218
42.7693590479221,46.889846043191646,-4.120486995269545
59.94269556336095,60.13808800215662,-0.1953924387956718
44.101579453907775,45.11470020556217,-1.013120751654398
61.48248539447601,56.416431708117216,5.066053686358792
66.42309751075942,65.37405974656875,1.0490377641906719
43.078084696596335,46.37776153222012,-3.299676835623785
57.047748228335365,59.44443658908541,-2.3966883607500478
-30.446730454382212,-26.01839040566665,-4.428340048715562
48.438422926126144,42.095016511438075,6.343406414688069
38.56959898814004,39.921522115145684,-1.351923127005648
58.53606956800729,63.124636267574346,-4.588566699567053
60.64986955588832,55.39029181897851,5.259577736909812
52.12446179877191,51.583824610532695,0.5406371882392165
65.4372488239686,61.863829499855896,3.573419324112706
25.799396041033017,24.57347557870615,1.2259204623268651
27.96690142010888,27.729476331350384,0.23742508875849566
47.79494044487873,49.04991632489835,-1.2549758800196145
16.92692740502872,19.30091911826628,-2.373991713237558
64.46207460038224,62.90616193460715,1.5559126657750895
89.85369300179238,86.70382753286323,3.14986546892915
68.57841749368572,69.41721848706565,-0.8388009933799339
17.18219987054224,25.3613395620779,-8.17913969153566
60.69441276084989,57.6657581202383,3.0286546406115917
49.321196546238724,47.31596823546003,2.0052283107786906
21.83326667527119,27.454322598174045,-5.621055922902855
11.58150661528539,11.093890227211645,0.48761638807374474
47.75519405099836,46.9783521294895,0.7768419215088613
11.975548202277869,12.59311762053811,-0.6175694182602403
51.78225505382951,55.76153076463011,-3.9792757108006
7.79078883952761,12.463653313875554,-4.672864474347944
71.91156864429091,76.24071791505219,-4.3291492707612775
0.33378478050190186,-4.799938467006072,5.133723247507974
14.495727031644552,13.93818013365825,0.5575468979863025
46.58812876249882,46.42001846612313,0.16811029637568708
65.76576794326434,58.649053943114836,7.1167140001495
64.16390252435855,59.112955477758895,5.050947046599653
25.9074055541097,29.287902028847867,-3.380496474738166
-8.628380971730106,-8.250172685885715,-0.3782082858443907
34.39265542439164,31.46612348583372,2.926531938557922
31.802057522974852,33.249248939878456,-1.4471914169036033
63.15884751374565,64.7449410796432,-1.5860935658975492
44.56905965595833,42.41225667592317,2.1568029800351596
37.0926699180424,41.54411549895266,-4.45144558091026
50.05336002385255,51.24815145706002,-1.1947914332074703
-24.819752025918834,-21.718196566314788,-3.1015554596040467
-8.02470375478795,-1.1753771369534292,-6.849326617834521
70.70404623832349,67.46945062301609,3.2345956153073985
30.833236262403844,31.441092465342862,-0.6078562029390184
35.42526012576119,38.19263358930348,-2.7673734635422917
54.71588183907942,56.365105083495834,-1.6492232444164117
55.49361571478806,54.529268039672594,0.9643476751154694
58.68311782243734,59.831267013192644,-1.148149190755305
53.64868521588405,51.9107291676446,1.7379560482394538
63.436751165033215,63.310712925884964,0.12603823914825085
50.961570493216605,52.1688743774353,-1.207303884218696
74.89996911147217,65.94494193263225,8.955027178839927
39.37609125243984,42.532536806824226,-3.1564455543843835
34.68772971428605,32.24859319995241,2.43913651433364
26.006963039172355,30.32972181454818,-4.322758775375824
56.603064222061924,57.198749032951426,-0.5956848108895016
63.33179407426537,66.38965418476204,-3.0578601104966694
62.682741061617335,58.82075011427161,3.861990947345724
24.47097765314311,21.020931707401218,3.4500459457418913
49.88582362429386,48.8206733482383,1.0651502760555616
-1.6762448670140593,-9.763838405293583,8.087593538279524
36.149225447932615,40.130550486803436,-3.9813250388708212
72.55675224828127,70.37149989276959,2.185252355511679
42.126853221671475,41.02286651604594,1.1039867056255375
31.3228209067389,35.379200935232646,-4.056380028493745
53.51907271226426,55.51335862481455,-1.9942859125502892
55.574453605802844,56.412768439760704,-0.8383148339578597
37.14372722797562,35.91391753210701,1.2298096958686102
65.82555252481085,62.67348885037774,3.1520636744331085
40.47643682843298,41.04684440087745,-0.5704075724444664
68.5870117227099,64.61212330744598,3.9748884152639192
47.88373538909691,47.218604956158096,0.6651304329388168
-5.606996621657676,-0.24311762619623778,-5.363878995461438
62.78813519585985,61.93115305060255,0.8569821452572981
-6.600740109280834,-9.202971534362263,2.6022314250814285
34.153425890801685,39.39305602553954,-5.239630134737858
61.42951419235241,62.46188594246752,-1.0323717501151108
69.39055325495447,69.57826432300453,-0.18771106805006355
88.64174506751004,82.85923396493686,5.7825111025731815
0.8209454004216301,7.789788383492834,-6.9688429830712035
33.04416728119677,37.47619997531034,-4.432032694113566
45.91539175563486,46.18790780187,-0.2725160462351397
26.051938977004177,24.762637382111237,1.2893015948929403
62.78274923900214,62.1667188309122,0.6160304080899408
-6.6945406475181795,-6.3926452698447065,-0.30189537767347296
33.47348386236156,35.28316881398675,-1.8096849516251865
11.425602779830722,17.351550665331445,-5.925947885500722
35.18331582579001,40.38461678920159,-5.201300963411576
12.711592906124672,15.442143138749813,-2.7305502326251414
70.54049996532886,71.13549907161524,-0.5949991062863802
19.104595494483114,23.538352101923905,-4.433756607440792
62.94936470946543,62.67717719332721,0.27218751613821723
83.65999395537413,80.41832505034368,3.2416689050304512
44.31612604404731,43.19077169004079,1.125354354006518
71.17781456866093,72.51563294735848,-1.3378183786975484
54.77760316299137,55.32763431933857,-0.5500311563472025
71.14501720896573,69.97936758113084,1.1656496278348811
58.31772718857371,61.640385152419945,-3.3226579638462326
42.199463041241636,44.82507514007951,-2.625612098837877
36.28223279598762,35.67261643850668,0.6096163574809381
39.89905746886391,41.465235524355826,-1.5661780554919176
48.18729471925925,44.23980204671836,3.947492672540889
48.12944134191658,49.424454630695344,-1.2950132887787618
44.3690081399393,49.743741048173376,-5.37473290823408
-16.75470243747175,-14.582290315354115,-2.1724121221176347
40.217742978695426,39.82206554164719,0.395677437048235
31.846012283488427,28.146834941280403,3.6991773422080243
0.16687159072821345,-4.1005780076422695,4.267449598370483
-8.518399060209136,-6.666765883738535,-1.8516331764706013
36.99344878009417,34.173037694775346,2.820411085318824
69.50712462431633,72.84297785757819,-3.335853233261858
15.440575656773097,14.483763919700422,0.956811737072675
43.681511004058734,42.71132006548091,0.9701909385778222
47.033924993070904,47.62193580087977,-0.588010807808864
8.242735535866949,5.560969747716001,2.6817657881509476
31.07410935554082,27.258454023327317,3.8156553322135025
81.41605585582977,81.75053700567997,-0.3344811498502054
65.92575696855845,66.3945574961301,-0.46880052757165913
54.09414574565273,52.5943884412553,1.4997573043974342
62.00959566782091,68.06739475407076,-6.057799086249851
22.73212101715493,26.972802724413484,-4.2406817072585525
50.332462503334746,55.54126936750708,-5.208806864172331
39.02801398350498,36.670482055794366,2.3575319277106104
10.23724624361287,6.480877467255567,3.756368776357302
69.836951480166,67.57275641862478,2.2641950615412156
23.146298492535045,25.917136742121983,-2.7708382495869373
46.86968271924125,47.581296088670655,-0.7116133694294078
60.43263891727512,61.63937842627722,-1.206739509002098
79.81145319780232,72.00002976896431,7.811423428838012
49.700141540729376,48.5717629000184,1.1283786407109773
-3.5611616411189875,-2.185337295264688,-1.3758243458542996
23.646043995274443,30.2597888418083,-6.613744846533859
42.32191442500927,38.51770599213537,3.8042084328738994
41.214830069119536,38.86854620893743,2.3462838601821048
33.97361781263825,34.49689869281893,-0.5232808801806783
60.857879228305535,62.10390122919979,-1.246022000894257
53.41193860339881,54.345219864734446,-0.9332812613356367
36.4753114850894,36.970531612815506,-0.4952201277261068
21.956242181761244,23.065309808152932,-1.1090676263916883
50.92626307109138,51.64940361928642,-0.7231405481950404
28.363572680068895,27.16823057111,1.1953421089588936
41.5332432183938,41.74409271529874,-0.2108494969049417
41.883118029360745,48.28596982944501,-6.402851800084264
77.40206501310377,78.52985143080976,-1.127786417705991
37.025225418399934,34.67355928878162,2.351666129618316
36.61032962452288,30.309198492996742,6.301131131526141
34.37124125640402,31.274583996354764,3.0966572600492555
68.03277913258528,70.55142190844151,-2.518642775856236
14.09876626031996,14.547708823253288,-0.44894256293332724
61.51554307105921,61.622266087507654,-0.1067230164484414
68.02981432971953,69.81358711691108,-1.7837727871915519
64.69119647076045,61.45428944299573,3.2369070277647154
30.543982205201825,28.113221495862504,2.430760709339321
6.786990883228491,7.709311696213447,-0.9223208129849567
49.216089391681116,45.24939989710973,3.9666894945713835
57.35298101140429,54.80317078300625,2.5498102283980373
47.7428242262188,44.7211029148087,3.0217213114101042
62.572120319208736,65.69039339054089,-3.1182730713321547
40.13491704863797,38.20689454175806,1.9280225068799126
23.116224774230453,22.98865119123903,0.12757358299142396
64.9714239764678,63.16864285904032,1.802781117427486
63.41973716772254,61.769208301580925,1.650528866141613
69.48702657254887,70.84179722582438,-1.3547706532755086
76.1748931792531,76.76011897042031,-0.5852257911672041
9.943973155048575,10.123694591608555,-0.17972143655997996
74.51345562124902,69.41286021980645,5.100595401442575
64.30796478911662,65.34338801932356,-1.0354232302069306
51.33054033555771,52.385072521544835,-1.054532185987128
29.264152844456305,35.60233441439671,-6.338181569940403
74.79944278949041,76.62441003718278,-1.8249672476923706
50.36486456511468,47.122754450589746,3.242110114524934
59.805535268498105,56.08553321031539,3.7200020581827147
47.06943457221992,48.114793974912686,-1.0453594026927675
53.72995694392498,51.75359641820337,1.97636052572161
-38.48730216958947,-35.51863802471205,-2.9686641448774225
67.31216424377946,67.90805144413477,-0.5958872003553068
44.01063121959159,49.35678489840395,-5.346153678812364
54.704842518380865,53.69670807323457,1.0081344451462968
65.17891111775499,66.30540921927404,-1.1264981015190472
77.45758021900727,73.71095231204333,3.746627906963937
17.48192286302719,17.937233287869944,-0.45531042484275375
70.89909576718203,74.37598091088589,-3.4768851437038535
46.90433452244944,50.74716948798879,-3.842834965539353
57.972400909331455,63.626849271393816,-5.654448362062361
38.27963390146837,41.1883309392332,-2.9086970377648242
68.44492993573414,65.23670950236766,3.2082204333664777
57.6668399546422,54.626800764212746,3.0400391904294537
-28.36098991512571,-26.016030606910675,-2.344959308215035
49.146375852919206,46.56809598500313,2.5782798679160734
18.95523689666101,17.20193552078318,1.7533013758778289
58.14484085016431,60.17918480027728,-2.0343439501129694
69.69361910301281,68.60758579108577,1.0860333119270393
48.63365682209162,40.108038767849166,8.525618054242457
38.205758879864604,40.415811178962976,-2.210052299098372
44.97805526873251,44.85777175757103,0.12028351116148173
50.58975545080448,48.99949796306581,1.5902574877386755
43.622482836435005,44.597653398859734,-0.9751705624247293
62.54881495303321,61.246545746368284,1.3022692066649242
45.088728705275415,44.60979600480497,0.47893270047044467
58.00040178963022,56.23972691227733,1.7606748773528906
55.68439047781341,55.43726350670841,0.24712697110499704
1.4600633906447933,-1.0783308523263315,2.538394242971125
90.77487216324883,91.67640531762427,-0.9015331543754428
36.88818340675927,41.05139246794697,-4.1632090611877
23.492390753174426,21.80160288895661,1.6907878642178176
59.241209463201635,57.857012688375605,1.3841967748260302
65.45977994624464,63.48668742045684,1.9730925257877985
59.202284126919295,59.261907268230615,-0.05962314131132018
42.264792405133306,40.57232864138989,1.6924637637434188
-2.2347388314122996,-1.0738178526665507,-1.1609209787457488
48.27022351735989,50.03104704732838,-1.7608235299684907
13.209873162333551,7.458183649205992,5.751689513127559
4.846763412362511,6.45539891871357,-1.6086355063510585
-27.432286574612245,-28.187401806308927,0.7551152316966814
73.9824189744147,73.79850739649072,0.18391157792397905
19.849675219865006,21.980478897730436,-2.13080367786543
54.50116358569685,51.02971770559884,3.4714458800980097
10.525015873377123,14.827354657099875,-4.302338783722751
13.150787352945034,12.837605255463373,0.31318209748166126
25.970710150458444,21.302362663048314,4.668347487410131
41.0027609849002,40.98668746746166,0.01607351743854224
55.84569213819368,58.69605593728433,-2.850363799090651
-7.628282283455935,-7.08425436121415,-0.544027922241785
63.06045386164783,64.51128422836395,-1.4508303667161186
62.376379601679126,62.95436293044148,-0.5779833287623504
42.10374634448708,43.70353752962633,-1.599791185139253
52.20604689076448,50.06049249594713,2.1455543948173528
88.68182514433745,85.95616625899811,2.7256588853393424
44.074377699776036,37.599210712628434,6.4751669871476025
25.434671330470334,24.94544848741927,0.48922284305106345
9.790715295285576,7.430398260034252,2.360317035251324
56.81586167418506,53.11054865453625,3.7053130196488056
17.866458457206924,17.596714643493144,0.26974381371378087
61.192101532071284,64.0937282399741,-2.901626707902814
89.85215868304536,91.0284266586705,-1.1762679756251373
63.778913452954754,61.805537612669575,1.973375840285179
44.0161887672924,46.736409722219484,-2.720220954927086
-5.787970218102505,-8.79405462853704,3.0060844104345357
-19.020237868450483,-13.811636808958227,-5.208601059492256
48.722368387181966,45.29594431400263,3.4264240731793336
-3.550299908378525,-7.137324974458679,3.5870250660801535
57.87578999374093,55.88568913399961,1.9901008597413181
55.84628949158699,54.06484559094639,1.7814439006405962
-3.1893741084817675,0.7710030141568609,-3.9603771226386284
43.74882636484522,49.14060064864113,-5.391774283795911
44.45517547468504,44.0139857810502,0.44118969363483984
84.1435029427444,74.16968186554514,9.973821077199261
33.70036345462194,37.43699548917779,-3.7366320345558464
39.1945681302371,42.9297740251595,-3.7352058949224016
54.26002956351202,57.54950934398563,-3.289479780473613
5.295043697124256,6.5485933265543395,-1.2535496294300836
22.829681201156212,23.981417219420536,-1.151736018264323
30.99405318181383,30.12744100194041,0.8666121798734174
36.491655768816464,37.42129090341704,-0.9296351346005736
70.53195194172078,71.18722007766507,-0.6552681359442971
16.688918750932494,14.773380455086823,1.9155382958456713
63.28177437855652,56.29690126247731,6.984873116079207
41.645929747050005,44.97256765603338,-3.326637908983372
46.86026741117039,42.939321192262554,3.9209462189078366
27.872315101017854,26.815933301465904,1.05638179955195
43.59733208612053,49.28794384018603,-5.6906117540655
25.158110641357542,27.29764856613187,-2.139537924774327
24.334053997471337,28.0139231255024,-3.679869128031065
45.34696229671033,44.618194483181206,0.7287678135291245
53.85985937504428,53.867257798698,-0.007398423653718567
7.1721055204843855,13.013913358021256,-5.84180783753687
53.613621738896136,52.92516089056218,0.6884608483339534
37.450871191875905,36.54075361153217,0.9101175803437371
50.83032066897533,53.71111984214092,-2.8807991731655846
-7.01448342616231,-8.25307360136209,1.2385901751997794
61.32789465311816,57.20627488994084,4.121619763177314
41.74158242034893,37.30187341291132,4.439709007437607
53.47518160232819,50.78973664467948,2.6854449576487127
75.86063547508562,75.72502735620462,0.13560811888099522
52.72530267483156,59.68185483749092,-6.9565521626593565
33.764525162688656,34.999641895557815,-1.2351167328691588
58.920132679177804,61.30927083003513,-2.3891381508573275
59.623695344816625,56.37643191884357,3.2472634259730526
36.994978188199205,37.780333051298044,-0.7853548630988385
51.6324209411686,50.51340277507708,1.1190181660915144
37.64283003635564,38.47583639634985,-0.8330063599942079
72.87490678919323,70.4404871785877,2.4344196106055307
81.47012437244791,81.51547542811473,-0.04535105566681352
44.773011885697656,39.313397497763596,5.45961438793406
-3.3312768499282503,-4.692063742633522,1.3607868927052715
57.88580883319918,60.54323072773705,-2.657421894537869
44.479061715508024,45.47999285221632,-1.0009311367082958
13.533815776006584,11.384573069156772,2.1492427068498117
44.16663466660581,42.72689837517973,1.4397362914260796
63.42331074745185,66.5367541039137,-3.1134433564618433
34.740494912084145,33.78105595109247,0.959438960991676
91.4331162729136,93.27916541617118,-1.8460491432575878
28.36604201860864,29.901664727090022,-1.5356227084813838
6.860913359448846,9.259613897425893,-2.3987005379770476
-20.393294665344698,-21.401734090614767,1.008439425270069
66.0841994991576,68.78500452423013,-2.700805025072526
39.08790673287342,35.297629268243455,3.790277464629966
83.64473302447989,82.39991360259498,1.2448194218849125
13.3061238693013,13.807780498924089,-0.5016566296227882
48.99699936706683,45.35065458086284,3.64634478620399
45.5632065314715,43.311411116581056,2.251795414890445
39.6470966802277,41.86663224390522,-2.2195355636775247
38.28692303956963,32.385889657025814,5.901033382543815
67.85003257467503,74.65316034651721,-6.803127771842185
78.66471775814132,71.72102166286831,6.943696095273012
40.87731057883995,43.70132208141807,-2.8240115025781165
65.69628291354968,68.81344453657869,-3.1171616230290056
19.018271608322543,20.62185579001587,-1.6035841816933285
43.74422213250905,46.53930368240732,-2.7950815498982706
69.71244945874864,72.06339597107261,-2.350946512323972
35.39070534656462,31.5065514237328,3.884153922831821
15.905204366082295,22.404579978073713,-6.499375611991418
18.4453573206124,18.350148143804716,0.09520917680768193
-10.733139262283466,-5.977559898612867,-4.7555793636705985
27.779940252862545,30.76683040706331,-2.986890154200765
31.270471911243046,29.490933042121014,1.7795388691220317
39.66416446057665,40.08404944150387,-0.4198849809272218
23.78524271995682,28.255913788729913,-4.470671068773093
86.15490807557627,83.46867039330505,2.6862376822712264
-11.128697602206888,-6.076139282145675,-5.0525583200612125
-22.516792474035274,-23.592838660657776,1.0760461866225022
71.97199411479555,69.34013749002926,2.631856624766286
34.38627833724427,31.724087688737796,2.662190648506474
71.01285295728118,74.15395773964411,-3.1411047823629303
36.29265245753716,32.73063674190111,3.5620157156360506
-4.146003013387926,1.1084334101155235,-5.254436423503449
75.10230523020297,71.48859933606974,3.6137058941332327
76.93874296952717,78.68695751663603,-1.7482145471088586
42.70607014895328,48.31018344033244,-5.604113291379157
35.4065232593537,32.27844332651283,3.128079932840869
25.82086706614421,27.187179905705122,-1.366312839560912
70.09625841746995,68.5794477329336,1.5168106845363525
40.198901843379375,39.896132012047936,0.30276983133143887
-16.832536619058263,-13.147442301115248,-3.6850943179430153
53.29845894698006,49.77114867795662,3.5273102690234452
63.14834888197133,65.45841929212574,-2.3100704101544096
31.475423125771844,28.155308440854668,3.3201146849171757
74.47001473860264,78.38297820758345,-3.9129634689808057
58.57130048371459,55.91673414601244,2.65456633770215
69.72172024660735,68.66230947296897,1.0594107736383762
67.50119355831866,70.1296939035557,-2.6285003452370432
74.22402026453932,77.28698276377875,-3.0629624992394326
5.495990555384989,1.9337144271100897,3.562276128274899
-20.57968173965603,-22.297850155502687,1.7181684158466553
61.515339749706776,61.61061179276621,-0.09527204305943116
-22.402032384224004,-21.434867086622305,-0.9671652976016993
29.036282633755796,27.29062116158559,1.7456614721702053
56.26058228872586,53.232177827887924,3.0284044608379332
22.94594938073771,24.74472707944136,-1.7987776987036526
9.593199507682222,6.05162408101657,3.541575426665652
64.28180547754035,63.48304923789909,0.7987562396412571
18.618505548388516,12.611724374730883,6.006781173657632
58.430946847242154,56.798085224618234,1.6328616226239205
0.9736785032656501,5.78995048812439,-4.81627198485874
51.35502805172185,49.5836282788808,1.7713997728410504
57.1204141541235,58.166196653289624,-1.0457824991661226
76.16681761080405,76.33059120717108,-0.1637735963670366
54.48693855559023,56.92462781081856,-2.437689255228335
38.77185065018182,38.63480860475018,0.13704204543164167
89.81384406052328,92.01553097111784,-2.2016869105945602
88.01486318753042,80.7065461677883,7.30831701974212
41.56234234003214,42.88785389270991,-1.3255115526777743
49.99520895689251,44.58337994931941,5.411829007573104
16.36152719884018,17.1667463678624,-0.805219169022223
1.8887627688795403,1.8005874860185997,0.08817528286094056
35.83273821003152,43.29906702027982,-7.466328810248299
57.299531218657684,54.67221576500286,2.6273154536548233
65.56377045995606,69.79257582672444,-4.228805366768384
79.22837847089386,80.54100403258869,-1.31262556169483
79.9229784351659,79.87228936921589,0.050689065950010104
17.786818577251132,18.503497532682687,-0.7166789554315542
0.2556287560184076,-3.8659962400508903,4.121624996069298
39.781897706547845,37.605557196645684,2.176340509902161
73.92916527792562,76.87024295655353,-2.941077678627906
43.781474740260386,40.18179779063851,3.5996769496218732
46.62816652577371,50.15336593752857,-3.525199411754862
25.49235128848158,25.83654482202185,-0.3441935335402704
12.342111969557184,14.87234618981806,-2.5302342202608763
23.511466998525854,22.947065130647758,0.5644018678780967
52.0980328387264,51.73747357396693,0.3605592647594662
42.014986367480866,45.000153409181706,-2.9851670417008407
36.17265694189286,31.317784157711216,4.854872784181644
-19.718880020827385,-19.919784256973514,0.20090423614612973
44.897356939948494,45.36178775581217,-0.46443081586367896
26.044013160462473,21.74798822279398,4.296024937668495
78.02185564608142,75.46639851434023,2.5554571317411927
0.7015453954745556,4.439703623664613,-3.7381582281900574
-3.0023129663130277,-3.1761262385173126,0.17381327220428489
22.820303200688272,17.533013126938414,5.287290073749858
45.00398827024128,48.364679865704574,-3.360691595463294
66.14030244982253,71.11466015530848,-4.974357705485957
2.4646817660437774,2.5239958137987344,-0.05931404775495697
47.84156009936817,47.588146787701504,0.25341331166666237
79.50220685508587,79.94634273507535,-0.44413587998947435
52.26772670081371,46.29538345888659,5.9723432419271205
-6.946630901209104,-6.184553604630963,-0.7620772965781404
81.37158626747885,79.55545524538815,1.8161310220907012
41.7276667276145,41.13129494891729,0.5963717786972111
62.8271965394742,58.84412306333026,3.983073476143943
-11.913599454444878,-10.993422598806532,-0.9201768556383456
40.73130176126595,43.219383072922476,-2.4880813116565292
0.9688508245478848,6.091735557659149,-5.122884733111264
63.79260381024463,64.60905815735191,-0.8164543471072818
44.45596431623991,45.338148540381944,-0.882184224142037
56.96666840682151,57.29926066164543,-0.33259225482391486
45.30790929432358,44.320271544451494,0.9876377498720856
73.01156762552519,71.06481308729292,1.9467545382322697
69.60740996753499,69.35273819552143,0.25467177201356606
-27.906017684601583,-25.589225465216927,-2.3167922193846557
40.39884997158437,40.037465641459974,0.36138433012439464
37.743472746861386,41.00650217427691,-3.2630294274155247
48.82893213651015,48.8024072813714,0.026524855138745806
21.189627778117995,22.941673800102436,-1.752046021984441
62.365610443439564,56.55924874169148,5.806361701748081
72.59516205642724,65.89597331246799,6.699188743959255
47.15600580491865,49.21366064332307,-2.0576548384044173
31.900753139525975,42.10974342701028,-10.208990287484305
10.852208450249828,11.546653498073582,-0.6944450478237538
40.20435789479477,41.91479743946311,-1.7104395446683398
71.39723195706144,73.25197242865531,-1.8547404715938711
74.45493715877781,70.68844792481198,3.766489233965828
82.43389089499415,82.19514527605166,0.23874561894248814
75.0761835682382,70.49303792018516,4.583145648053048
60.69865900299503,62.63174856538228,-1.9330895623872522
63.70714465898303,65.17019025278046,-1.4630455937974247
8.374613820967252,9.468037281955958,-1.0934234609887064
-2.9276096960068485,-4.460244712516499,1.53263501650965
45.48527206021944,43.94250188712235,1.5427701730970895
63.566178749176395,62.78517480389221,0.7810039452841835
14.490058661112926,9.523579777087178,4.966478884025747
13.482656246064654,10.11482838767823,3.3678278583864234
33.78724077809786,37.17613980603804,-3.3888990279401767
47.63531441890833,45.08257866960363,2.552735749304702
52.76607317012992,50.75727849276404,2.0087946773658842
67.77968742450881,67.66234768605814,0.11733973845066714
66.53907491335045,65.8998068262342,0.6392680871162497
71.11218540270178,72.89765533335614,-1.785469930654358
40.151119651614664,36.294621983505564,3.8564976681090997
54.94323941846266,53.31967935020198,1.6235600682606801
13.086180161199607,10.558710264337975,2.527469896861632
60.937143541373935,62.35818032415925,-1.4210367827853148
61.15294615031349,57.397626692895216,3.755319457418274
85.7743779193606,82.37975492588916,3.394622993471444
33.54465836017871,30.716882968918256,2.8277753912604524
85.81661564231918,87.43505879234161,-1.6184431500224292
-15.22108978563246,-17.169950684922668,1.9488608992902083
-7.774115582367695,-7.473937365904973,-0.30017821646272136
55.18831821005699,60.49113242346268,-5.302814213405689
64.99481898945623,63.272761035590996,1.7220579538652387
49.247434381926595,48.77854499428796,0.4688893876386331
74.07203577099195,69.42391025682018,4.648125514171767
-3.374350595831838,-9.336321227042035,5.961970631210197
59.12392382472182,57.29454867124006,1.829375153481763
-18.646117380151463,-16.620096355569913,-2.0260210245815493
-7.618476125206401,-9.759958824982348,2.1414826997759473
51.966248056864416,50.41101438875803,1.555233668106382
67.02742165259073,66.6472261911135,0.3801954614772285
96.79101010634672,94.16525240858903,2.6257576977576917
33.09753593181246,32.661251158979496,0.43628477283296263
41.02757335023082,39.461334981881535,1.566238368349282
14.816014662911753,13.567253752027298,1.2487609108844548
53.94290820348972,54.37243058048689,-0.4295223769971699
8.529402636861075,9.253908151450915,-0.7245055145898398
11.457840190748742,11.487578066987226,-0.02973787623848345
51.88110138596127,54.189056689667154,-2.3079553037058815
48.7039482102252,50.77711079189516,-2.073162581669962
39.145319317519125,36.955153669538305,2.1901656479808196
78.78012636874558,79.9203070600561,-1.140180691310519
68.49670138981976,68.97044361012118,-0.47374222030141766
35.50857231472532,35.48345433376103,0.025117980964289188
7.951873070393212,9.900970652365515,-1.9490975819723033
10.453355939055614,11.228594950826036,-0.775239011770422
65.71704950709251,65.39034452457844,0.3267049825140731
31.716158834795543,39.71242656945347,-7.996267734657927
51.75129119514725,45.213600546969644,6.537690648177609
68.65557056360471,65.78117598424589,2.874394579358821
64.10463693673091,60.64493502728345,3.4597019094474604
37.71481772403207,37.85037324638589,-0.13555552235381896
12.938765863860795,16.283413361051274,-3.344647497190479
61.79795860354615,54.43880450917592,7.359154094370233
63.06560848034876,61.68978545743628,1.3758230229124777
63.5464877042265,62.82350088567332,0.7229868185531814
-7.381345138938954,-5.228924105809895,-2.152421033129059
6.6999768284995085,7.092746238587722,-0.39276941008821353
30.898615512971794,28.393280913279654,2.505334599692141
67.74484201502882,60.161138609361,7.583703405667826
63.139900583050235,60.553297449328795,2.5866031337214395
-22.658989472799036,-25.94642524765365,3.2874357748546146
8.935669326490359,11.106197424031961,-2.1705280975416024
21.98123074886881,21.848862520729668,0.13236822813914273
50.31531801563745,54.14443285301023,-3.829114837372778
16.16660761112488,20.973489556806655,-4.8068819456817735
68.8245142510416,67.17675977898051,1.647754472061095
-29.764172163506956,-32.527295837116114,2.763123673609158
-2.5623125207532174,-4.401696750437608,1.839384229684391
2.7906686008628103,0.3381404832617392,2.452528117601071
44.53850085969482,45.67814575126267,-1.1396448915678477
66.69563020625432,71.56653803575124,-4.870907829496915
7.546717419813943,3.638986292417684,3.907731127396259
62.95953245680953,65.38186745737191,-2.4223350005623843
25.277507183547492,29.496582318032566,-4.219075134485074
64.05183137884156,61.41390464133028,2.637926737511279
59.73062814891974,60.09216621044102,-0.36153806152128
2.217177762171065,1.1485077828190526,1.0686699793520122
33.58325032822956,33.67887354226143,-0.09562321403186758
70.11013282901034,72.53132298884735,-2.4211901598370105
56.042984370362426,58.27584698813026,-2.232862617767836
74.57952803950297,69.19846819169943,5.381059847803542
71.71861796197307,66.54505114325336,5.173566818719706
9.17843007179084,12.85714667319219,-3.6787166014013497
26.238816586529797,26.491990103032634,-0.25317351650283726
41.77765300562055,40.98459633033235,0.7930566752881987
68.3408995775577,72.46483219614554,-4.12393261858783
37.68725801116881,43.292978970549925,-5.605720959381117
53.93416143391895,51.57296967968217,2.361191754236785
64.7481001670144,59.495633914140576,5.252466252873823
82.45503386247721,83.93496132283657,-1.479927460359363
15.173097717977344,14.904121390006097,0.26897632797124693
27.745072838318283,26.702441095191503,1.0426317431267798
64.6520067770525,63.57444477340988,1.077562003642626
47.3978627914999,49.170685835900635,-1.772823044400738
95.28937729659317,92.83099524959582,2.4583820469973574
58.08596554959683,56.201158575147716,1.8848069744491127
32.31182511121233,34.57913490930258,-2.2673097980902526
56.16370962277311,56.659921856325795,-0.49621223355268285
-13.836383452528406,-14.886036442139684,1.0496529896112783
-5.3659398199517625,-3.190561632620046,-2.1753781873317166
55.683469160629,53.42847096259302,2.2549981980359846
41.754490830634715,40.530852318537356,1.2236385120973594
12.025911923365209,10.03728375065819,1.9886281727070187
20.53616265224199,15.407017408343606,5.129145243898385
83.84600016138835,82.78023785173505,1.0657623096532944
82.69655294236631,79.6991206768139,2.997432265552405
53.05810978223268,52.85999117637425,0.19811860585842567
53.5364575897826,54.83741698735483,-1.3009593975722282
67.65810609085982,62.13093996699435,5.52716612386547
82.51614131178803,81.9538669419722,0.5622743698158388
74.63407158407097,79.66724633414827,-5.033174750077308
72.1331325631395,68.01252700299004,4.120605560149457
48.51585340594496,48.36889841395045,0.14695499199451234
-0.6089442023253699,4.437751109577931,-5.046695311903301
91.87560841042296,90.88964833526752,0.9859600751554325
28.522976909009817,26.148069218639492,2.374907690370325
65.23648720112797,63.76385002336552,1.4726371777624507
77.45914131401933,77.15346514445663,0.3056761695627017
46.35922761308182,44.94986730140952,1.4093603116723017
31.779529118423323,29.915326171431204,1.864202946992119
73.01557729674158,70.03776284904372,2.9778144476978667
30.073737721287923,27.58843597934174,2.4853017419461843
68.4340085134593,71.0796393292147,-2.6456308157553963
66.16132872261417,65.28822338292493,0.8731053396892463
74.71345977932667,73.00274127278846,1.710718506538214
34.54150929638885,35.92563647855411,-1.3841271821652583
73.37704550145567,75.0983497734511,-1.721304271995436
42.58009356900207,41.07913335152901,1.5009602174730574
59.46467213019974,64.79644625765599,-5.331774127456249
50.268420843915436,50.864691848998675,-0.5962710050832385
57.946534910283276,58.79090767234531,-0.8443727620620365
5.804811542062305,1.5388812748522724,4.265930267210033
7.631728872145443,10.960056612012139,-3.3283277398666957
2.2557917153297757,3.672511200097958,-1.416719484768182
63.01241198966153,68.56722876917999,-5.554816779518461
-7.704768497339765,-10.898291631620097,3.1935231342803316
76.99893134838798,77.95780369770308,-0.9588723493151008
44.53350329291308,43.50917687011152,1.0243264228015647
40.852160252654535,38.67058939151219,2.1815708611423474
38.63304613518431,36.785367496154294,1.8476786390300148
40.38274909803678,42.72573525831885,-2.3429861602820665
50.928473501042106,53.0962399123309,-2.1677664112887953
59.60077605771299,58.54992519061042,1.050850867102568
68.27103946534415,63.28456610071451,4.986473364629639
67.89829923207779,66.82901531210844,1.069283919969351
25.009124993129575,25.9554527431753,-0.9463277500457252
46.19507003569802,38.35361763559846,7.841452400099563
62.678619777836296,61.75549863668976,0.9231211411465381
9.706098890806016,11.616307112716555,-1.9102082219105387
71.35095264029184,68.61436278736208,2.736589852929754
41.343116365913346,48.39371844331106,-7.050602077397713
69.11402424796626,66.73441071517138,2.3796135327948775
15.961132113343194,20.588007392002524,-4.62687527865933
-13.309982241495113,-13.605329265154637,0.2953470236595237
22.462803726811444,23.07031643960434,-0.6075127127928965
-4.7767795961995585,-6.135573707643502,1.3587941114439435
56.78062094490131,55.53720475329157,1.2434161916097395
46.91232619760627,51.465963275973984,-4.553637078367714
-13.7126414162243,-12.313554904719282,-1.3990865115050184
45.907729944047375,51.282956176299294,-5.375226232251919
46.92219275949982,44.193890411568496,2.7283023479313258
37.28133923394901,37.26549401800486,0.01584521594415378
68.6680919759347,66.0811147432629,2.5869772326717992
55.975047797831174,54.033932030020345,1.9411157678108282
73.85978828058475,76.35700534515482,-2.4972170645700658
77.9938662998663,79.15481273885864,-1.1609464389923403
19.34995187940585,15.897643097673537,3.452308781732313
49.500332129958714,53.089174509967975,-3.588842380009261
49.56430278001,48.6266865021557,0.9376162778543033
54.171178855705236,47.04039391003838,7.1307849456668535
64.38429840054434,65.52187640213734,-1.137578001592999
20.420934484627306,20.927540291055266,-0.5066058064279595
10.7482130534427,14.150930411350615,-3.402717357907914
68.75308765453906,68.69526321572337,0.05782443881568611
66.36594152429029,64.37092721313631,1.9950143111539802
46.63425179676193,50.61148256601009,-3.977230769248159
27.26093214664172,26.046348364694083,1.2145837819476384
42.05136691585915,44.94165959263553,-2.890292676776383
48.35588053191237,43.564668813349115,4.791211718563254
59.16352340396749,58.11850477748008,1.045018626487412
86.26035125904559,85.89215289930617,0.3681983597394236
41.57892298810507,44.49262650955878,-2.913703521453712
71.65630486834277,71.33907130195976,0.3172335663830097
-8.525110928620949,-8.463329410882821,-0.06178151773812779
14.628414005717117,13.325943533221889,1.3024704724952283
44.71801015692766,42.758442064443486,1.9595680924841758
82.87040212988808,80.56663712470836,2.303765005179713
49.194893184203785,50.59154910373067,-1.3966559195268857
56.25336209247585,51.37151446747768,4.881847624998166
84.93436083578143,84.90467815097679,0.029682684804640758
-13.776984837371959,-14.234731165652732,0.45774632828077344
70.32244133114672,71.83199252636705,-1.5095511952203253
15.673610759472021,14.662775552506332,1.0108352069656892
-3.3431226687286912,-3.493415217159267,0.15029254843057593
77.6386563835453,71.0499223244224,6.588734059122899
64.42980246499542,62.94979238257075,1.4800100824246698
78.36269560779692,78.19319038284755,0.1695052249493756
62.998315089763025,59.166476049110344,3.8318390406526817
21.00649711731701,17.003690849693797,4.002806267623214
-31.02593487055808,-29.144850847574205,-1.881084022983874
63.130460330773886,63.06793012097252,0.06253020980136625
50.15762678067974,48.67700501879786,1.4806217618818849
45.02465443640113,48.497593250230885,-3.4729388138297566
18.867246377736556,18.326541480528547,0.5407048972080091
28.969480449900864,32.38688451776177,-3.4174040678609074
-6.4440366612017534,-7.766653653240979,1.322616992039226
48.38818515997181,50.61265894117678,-2.2244737812049706
61.77233611700601,62.45122036068157,-0.6788842436755544
-5.080082930768235,-6.66825366069466,1.588170729926425
44.124338975564015,47.30515614666849,-3.180817171104472
60.462214945638685,62.543943986519785,-2.0817290408811004
23.567697367581797,26.451020060458248,-2.883322692876451
56.523089472840326,56.12074643234343,0.40234304049689484
70.99120369259875,71.4699816260203,-0.4787779334215543
62.5770508427628,66.99493901474034,-4.417888171977538
31.898688155481178,28.922968984009856,2.9757191714713223
41.63158601566667,45.03956356887049,-3.4079775532038212
40.98831858504271,42.927251888653274,-1.9389333036105612
22.11994756390378,24.297134728881716,-2.177187164977937
39.001519816587916,38.59967340323221,0.40184641335570603
61.75830256411377,55.5734771653358,6.184825398777967
49.253419336834476,48.685592367678325,0.567826969156151
13.719636573685294,13.605381033735938,0.11425553994935633
3.2722605639417495,1.1817681391371906,2.090492424804559
34.03674202037942,33.35982439692151,0.6769176234579106
73.15414145167662,73.45935588832114,-0.3052144366445191
65.92569965488663,65.44103090945416,0.4846687454324723
2.1809568995977995,1.856218300718112,0.3247385988796876
5.454618365158132,3.6232825006413094,1.8313358645168227
72.77126379453397,74.68743554409824,-1.9161717495642705
52.38124124210192,51.756057259594776,0.6251839825071457
50.423599449340045,49.93530313830964,0.4882963110304033
22.817598458759427,19.703090847638904,3.1145076111205228
45.17272222117768,46.189095694263145,-1.0163734730854657
56.558949100051755,53.0155651874008,3.5433839126509525
-16.59657566317232,-15.938435668494435,-0.6581399946778852
63.47184124746146,63.87844898431677,-0.4066077368553067
58.713622340942266,59.64251540967311,-0.9288930687308437
-3.707823519152983,-4.8096794230866635,1.1018559039336804
53.57932376876344,45.65143829686532,7.927885471898115
23.019752636578595,18.805193586120282,4.214559050458313
71.84283067362122,71.60044760771108,0.2423830659101469
8.184468036755671,6.693748204026818,1.4907198327288533
44.495365049715154,44.74620533905132,-0.25084028933616764
-16.380746679087988,-16.002623268871886,-0.3781234102161015
25.834963006065067,26.272727321612763,-0.437764315547696
61.743752337797964,54.42931962791231,7.314432709885658
48.89531504225797,50.37272410809845,-1.477409065840483
-9.057047833462242,-12.211001508423621,3.153953674961379
83.96652489522296,86.39926962222201,-2.432744726999047
41.17705232332906,41.518755883606524,-0.34170356027746607
75.5874858812507,76.2682508157251,-0.6807649344743965
67.53353590318174,69.43777077577448,-1.9042348725927383
-1.048994666752936,-8.918654298884974,7.869659632132038
67.11769254861403,66.72660222841117,0.3910903202028635
69.34521125666214,72.8660237286909,-3.5208124720287657
38.46353651294279,35.89107399996777,2.572462512975015
72.5965970016674,72.68446215784475,-0.0878651561773438
62.80903675898471,63.77756564128583,-0.968528882301122
46.46640121348681,50.173739662300264,-3.707338448813452
70.09919386422402,72.06711029532605,-1.9679164311020259
16.613176470871025,21.377436292023646,-4.764259821152621
-15.698371798260668,-16.315682989130394,0.6173111908697262
82.71530849859968,82.53549054120577,0.17981795739390805
46.50733309546117,41.246361902801404,5.260971192659767
55.137072757154996,55.71575076602044,-0.5786780088654453
35.644239075192516,37.54985589236424,-1.905616817171726
75.28772733669284,75.92523276809303,-0.6375054314001858
22.208999030189155,25.806340503765938,-3.5973414735767832
49.40296378452879,45.93606961172148,3.466894172807308
4.367402702742188,0.5038808706367064,3.863521832105482
66.01804309923267,65.40027910061214,0.6177639986205321
62.936964241468274,64.24739194524518,-1.3104277037769094
35.00171196063578,32.44661050828668,2.555101452349099
58.2127792190376,53.4708968999909,4.741882319046702
77.78519357820895,77.0092361286205,0.7759574495884465
73.72766455860506,70.48133136734978,3.2463331912552746
36.34918326726558,33.32266461153871,3.0265186557268677
-6.719176513364687,-6.235408451885448,-0.483768061479239
24.54038416037884,25.83105304544408,-1.2906688850652408
32.00717717829337,34.89935947643909,-2.8921822981457197
44.53181805925125,48.10091889623058,-3.569100836979331
80.02460210528778,80.68998686048299,-0.6653847551952055
63.13248612178685,53.98106034805833,9.15142577372852
82.85150103438326,76.82341948138098,6.028081553002281
-22.59089261734575,-23.094065736796736,0.5031731194509845
53.46101675484118,46.32927792923033,7.131738825610853
53.759041618452635,50.281894761467306,3.4771468569853283
39.221372361710934,36.31577856027211,2.905593801438826
-19.134286177992827,-12.788150643867041,-6.346135534125786
-12.843321883814651,-16.518518601418506,3.675196717603855
57.5088908573204,57.172220671346075,0.3366701859743273
73.03304160903514,71.16353174494296,1.86950986409218
23.60036388563751,26.51372030160573,-2.91335641596822
59.78279351228524,60.23519095344126,-0.4523974411560232
14.117899627883041,16.953465620065273,-2.8355659921822323
-14.484574008043369,-9.165599340101522,-5.318974667941847
50.16474427044542,48.031756156991406,2.1329881134540116
66.00377254004525,63.763295290433405,2.2404772496118426
58.44212526074434,59.77599916077663,-1.3338739000322875
55.9772498611831,49.7155055940173,6.2617442671657955
49.07352683427881,51.169700623367945,-2.0961737890891357
64.05835113427669,61.08595991220838,2.9723912220683104
22.915773923750088,24.09382261229257,-1.1780486885424821
53.43437690401872,49.15586438252726,4.278512521491457
67.82105707022873,68.88143991719991,-1.06038284697118
45.31765966941817,48.1838240475748,-2.8661643781566326
57.26656462093567,54.432687757828965,2.8338768631067026
23.56396631844077,18.631928953580214,4.932037364860555
61.86097749815153,59.1072949944654,2.7536825036861288
-19.276251171739215,-18.46441630544932,-0.811834866289896
8.635362313796389,8.011965486979108,0.6233968268172809
48.70408329443954,47.053695517069954,1.6503877773695876
25.995116069017435,24.110759985998826,1.8843560830186092
48.55697722375767,49.58801668882601,-1.0310394650683392
71.15596507494469,70.1891977093305,0.9667673656141886
50.199098233317834,47.84307178917752,2.356026444140312
51.60943638545327,48.49327908140254,3.1161573040507307
39.52151150110575,40.43831710443241,-0.9168056033266581
23.46256954922749,26.926146871623658,-3.4635773223961692
60.73351329213034,63.00007293893772,-2.26655964680738
43.3387658618266,46.08465454490782,-2.745888683081219
65.31307374755966,61.98086591858723,3.332207828972429
55.43387261994171,56.05689355476165,-0.6230209348199409
-1.3759910710465957,0.9819066528913964,-2.357897723937992
82.1211916067169,81.58220479987342,0.5389868068434822
43.639109892776276,44.94242287840678,-1.3033129856305052
57.41987294738309,60.032653084132626,-2.612780136749535
67.19910448170792,66.5408493685058,0.6582551132021166
-17.234687580992993,-15.699916416696325,-1.534771164296668
82.7846023685058,82.01905696704128,0.7655454014645215
28.77633039242973,25.864463037545022,2.911867354884709
34.09208877662285,30.994500194578933,3.097588582043919
52.8646740066658,49.5937056634805,3.2709683431853023
-32.23970929993409,-29.074672831629684,-3.1650364683044074
63.874483682332105,64.92465301855145,-1.0501693362193478
40.93653880841169,41.81087535482212,-0.8743365464104329
57.362927730215596,55.315188081013545,2.0477396492020503
-6.055706269595509,-5.8318004430500565,-0.22390582654545277
9.61718313225504,11.816131784506993,-2.1989486522519535
11.369711464079836,14.837261677480669,-3.4675502134008322
-27.04672528881671,-26.77741871397835,-0.2693065748383603
43.979671138034476,44.67420905321588,-0.6945379151814066
71.94021415733806,71.9707882400669,-0.03057408272883322
36.24279513139194,34.593447670006995,1.6493474613849415
0.01807494050473779,1.1387379115721643,-1.1206629710674265
29.64093708910236,28.73689663862305,0.9040404504793074
55.143045722422464,54.08597943586699,1.0570662865554752
46.93130110736627,46.03413311728853,0.8971679900777332
13.51811701796213,9.202500124384258,4.315616893577872
70.856853908357,74.68918892615255,-3.8323350177955575
46.884107020555554,46.16043816598152,0.7236688545740364
64.07535182962499,64.95951707427804,-0.8841652446530475
53.283297664205925,51.84972422733068,1.4335734368752426
22.025949171960114,19.742216788114064,2.2837323838460506
69.43209764230541,65.7725770832723,3.659520559033112
66.73557141494913,70.97371163053644,-4.238140215587308
64.21994765575239,60.653306391439955,3.5666412643124374
18.607585300303928,23.454651551026828,-4.8470662507229
70.71932633169585,68.33159277844382,2.3877335532520334
56.009829377711455,56.87497030188503,-0.8651409241735735
70.80839267014535,70.12271896512415,0.6856737050212018
33.13488338365924,34.72190349334589,-1.587020109686648
70.95793810709611,71.16256826536015,-0.2046301582640382
45.17063125017268,42.265735970114044,2.904895280058639
47.67275483643837,46.62178031180015,1.050974524638221
44.76630210185556,43.49911279168053,1.2671893101750271
59.18227787780882,55.25211599407237,3.930161883736453
-3.06000204088174,-2.8822149834883675,-0.17778705739337264
-19.120850697956524,-19.27523245492901,0.15438175697248724
23.095941704523135,20.730172851337827,2.3657688531853083
58.43296614008764,58.59095043727791,-0.15798429719026785
53.44593077081014,48.044546838584225,5.401383932225919
85.48375682026308,80.35418955527015,5.129567264992929
47.58592491169795,50.539869375341084,-2.9539444636431327
55.32935124645816,52.93201417774653,2.3973370687116287
67.50438527337384,71.4581547609274,-3.953769487553558
-19.655441850528657,-15.319607259240684,-4.335834591287973
-17.754726058026066,-12.094505281085901,-5.6602207769401645
34.542458138772155,33.82574891828223,0.7167092204899248
56.44732358263501,60.604305056047664,-4.156981473412657
88.31553147777298,82.62337747787052,5.692153999902459
22.673349723074942,20.470181389229808,2.2031683338451344
59.89577306956498,56.86849235725835,3.0272807123066343
64.98372392121543,62.51055558112213,2.473168340093302
-8.707444253587687,-10.193570459213433,1.4861262056257463
52.302397161467205,54.677515650562576,-2.375118489095371
62.864650344681536,67.4176609454459,-4.553010600764367
52.37769330917853,53.885873339189544,-1.5081800300110118
50.0587053659944,52.21626258835146,-2.157557222357063
54.149704925293754,50.13788066077872,4.011824264515035
-1.4922577758860633,1.036347758539364,-2.5286055344254272
58.0301982974965,55.36967192460238,2.660526372894118
48.26161171746619,45.3440050591822,2.9176066582839866
34.964226673045545,37.247528656747534,-2.283301983701989
62.547374939495405,61.60692115252594,0.9404537869694636
51.147818848084256,52.150415923346245,-1.0025970752619884
81.78030476649248,77.77382352040159,4.006481246090885
73.62456719098564,76.07291693942742,-2.448349748441771
62.68368811692691,65.20869543995263,-2.5250073230257257
35.71344428491516,32.75825310890795,2.9551911760072116
64.5206796000634,63.231670022326284,1.2890095777371187
14.099577646438878,11.699083329138276,2.400494317300602
16.074780581789103,12.059843238381163,4.01493734340794
47.70494164828112,47.456101609096955,0.24884003918416653
32.475139367711115,33.54109068575738,-1.0659513180462667
26.097659395729444,26.01488974561107,0.08276965011837234
63.230706855723874,62.52525604303588,0.7054508126879924
71.13446424144227,71.30426760947228,-0.16980336803000284
40.62441809525419,35.89949580022896,4.72492229502523
25.7108270346561,27.709941536231938,-1.9991145015758391
58.52020908619555,61.60057047803779,-3.0803613918422386
10.306447417047936,6.224957785629144,4.081489631418792
10.942081174799307,13.326627551363941,-2.384546376564634
46.55003328097162,47.42092402675889,-0.8708907457872712
63.69988646640397,61.94892366122822,1.750962805175746
32.56286429242441,36.058454266720474,-3.4955899742960668
30.691104197525963,31.20029989904866,-0.509195701522696
47.08346211050328,49.38945639595017,-2.305994285446893
51.66195832594148,50.915527185403704,0.7464311405377728
8.353744092145368,10.587655190082543,-2.2339110979371757
63.80879237957635,66.25338547252677,-2.44459309295042
51.61437700242101,52.80119729461306,-1.1868202921920528
55.83732956870469,59.73420465881968,-3.896875090114989
55.184014713669534,54.093431802584405,1.0905829110851286
68.97330435251848,68.26539442668621,0.7079099258322685
69.03911764930952,71.83144189851424,-2.792324249204725
43.372738408115694,40.97761421489501,2.3951241932206813
51.23486891669737,45.792595903653705,5.442273013043668
27.519649576544396,29.4514821693178,-1.9318325927734037
40.62777459502043,38.472590768129706,2.1551838268907275
38.85951034328805,37.979848187473124,0.8796621558149269
16.510110907471404,17.093617383811676,-0.583506476340272
83.70068207507518,86.22191248966948,-2.5212304145942994
49.79224754238704,51.38652206700564,-1.594274524618605
55.93015232688787,58.56749681846301,-2.637344491575142
35.39080901909523,31.454968770908337,3.935840248186892
59.96494448842752,66.43653228647847,-6.4715877980509475
38.74782847778963,39.437003420986485,-0.6891749431968535
65.054184742969,69.50630329977663,-4.452118556807633
35.31009586600369,32.8071371140868,2.5029587519168928
69.6987763837769,68.12764930948927,1.5711270742876309
-14.938495393445043,-15.698006438051564,0.759511044606521
52.58401748880641,51.3308127398753,1.2532047489311111
35.47807877222795,35.016601032402576,0.46147773982537643
58.62653953949188,60.05675187156683,-1.4302123320749516
21.14383267343493,19.122159508761357,2.0216731646735724
76.28015041339071,74.7561909608903,1.5239594525004208
20.783063772991696,22.369373190297566,-1.5863094173058698
69.5675867544499,64.78474475984812,4.782841994601782
-15.150328552029595,-8.557869439569075,-6.592459112460521
56.84384254886457,61.59062148804936,-4.746778939184786
25.891150947956593,22.27051124537529,3.620639702581304
76.96418343618689,72.9989391733609,3.9652442628259905
51.26663106837954,49.33929095117954,1.9273401171999964
39.05069210599935,40.059655527567784,-1.0089634215684313
46.381658758025296,41.60963836990988,4.772020388115415
57.69276705384185,57.536357655220414,0.15640939862143455
20.605972806828134,19.974570587001708,0.6314022198264269
26.93413964654077,29.301516881637255,-2.367377235096484
12.31455779813852,9.558509278947653,2.756048519190866
72.91583240333338,75.52694385210339,-2.6111114487700036
-5.445096585668526,-2.7699744674330447,-2.675122118235481
33.54486032147055,32.82458210947969,0.7202782119908591
-30.109871912497574,-29.23300239163264,-0.8768695208649362
6.713253472406583,13.27056769749548,-6.557314225088897
58.939042682137284,57.09997123633326,1.8390714458040236
55.86144257814286,53.69652979287891,2.164912785263944
42.82017424196498,41.93264568797894,0.8875285539860371
61.75060485823075,60.88962979474968,0.8609750634810709
-8.47371710569961,-6.7614614868252545,-1.7122556188743552
56.21298822181143,60.11511377189485,-3.9021255500834187
29.89355724572736,25.486810823132345,4.406746422595017
3.1346671643484605,4.655081421975453,-1.5204142576269923
24.635583765824496,24.868077867690758,-0.23249410186626207
63.43364991335226,65.74654043375787,-2.3128905204056096
3.2039417153837295,9.599981958738809,-6.396040243355079
48.731977972404835,50.42573012379996,-1.693752151395124
19.651385421100997,19.68219161234275,-0.030806191241751435
81.72851477517116,82.11378843384858,-0.3852736586774199
25.79418595217924,30.68755196963886,-4.89336601745962
31.015366594445602,32.993922288698315,-1.9785556942527123
56.6831919846119,50.52421929423292,6.158972690378981
55.8466930142782,50.392048112888745,5.454644901389457
72.24963252747477,75.3771431308906,-3.1275106034158284
55.36253197533002,54.13834598120974,1.2241859941202833
51.664586453770724,53.03433847135473,-1.3697520175840054
38.448364232950105,35.27359613380375,3.1747680991463554
57.74267556926986,57.37178096701935,0.37089460225051596
59.2652049221218,65.33480982904257,-6.069604906920773
51.68658683292406,48.99545822573626,2.6911286071877996
-5.414945590652652,3.1233222233827007,-8.538267814035352
79.50362818127486,80.84266554770973,-1.3390373664348658
55.23389218596223,53.16633321970301,2.06755896625922
42.12366932028275,41.45400182720124,0.6696674930815121
41.731745001554074,44.032144882985065,-2.300399881430991
29.313826563210156,32.698908928380675,-3.3850823651705184
65.72860115987385,64.77360744459419,0.9549937152796559
3.2431582683951135,2.043274506676042,1.1998837617190716
59.12894198685747,57.8287118182531,1.3002301686043722
7.506216509900927,6.309663219085863,1.1965532908150642
80.34947482841604,76.81290066123935,3.5365741671766813
36.4662754552556,35.94283994315923,0.5234355120963698
57.892683116061306,58.46076613357051,-0.5680830175092026
32.76060746626799,29.98718878568191,2.773418680586083
61.62481850818412,63.421959923646256,-1.7971414154621357
75.99984587469939,75.91435448919317,0.08549138550621649
64.69327419373396,62.2542464136262,2.4390277801077573
94.07979603758412,89.1276802521661,4.952115785418016
7.233430133960567,-0.6762654438581848,7.909695577818752
40.14657702380818,37.67945159061151,2.4671254331966708
73.56051738926546,67.40234068128456,6.1581767079809
39.320575241999094,41.95017021008052,-2.6295949680814275
64.13416126893985,60.80995599298343,3.324205275956416
38.010751891226356,44.060178003247344,-6.0494261120209885
-7.152655153204493,-6.6074031974190035,-0.5452519557854894
76.89102960203388,76.45944319800239,0.43158640403149207
27.845047510780716,30.044140472914577,-2.199092962133861
82.30087216142245,83.63754695834415,-1.3366747969216988
31.731576163045347,31.281562114941153,0.4500140481041939
56.861481500739046,60.87023218892118,-4.008750688182133
27.503895202767243,26.487234880377514,1.016660322389729
47.75347107668927,52.499381064884645,-4.745909988195372
-10.312694704873739,-7.099030367983772,-3.2136643368899662
50.80963617883165,51.32204094780112,-0.5124047689694677
75.18767188591485,75.03756309143218,0.15010879448267644
-5.865345564137704,-4.563742780425912,-1.3016027837117923
63.84767139728831,67.88520551336919,-4.037534116080877
27.22246178646752,24.20192509866196,3.02053668780556
65.82363011321632,66.64812859484779,-0.8244984816314656
66.50217129418986,66.09178480540147,0.4103864887883901
33.403823110665414,35.78076079697939,-2.3769376863139797
42.46786097446879,48.39202879259656,-5.924167818127771
87.43659815324872,84.70887706502012,2.7277210882286056
72.66402060451058,70.04969615713878,2.6143244473718
45.47611724240911,45.134479014649216,0.34163822775989416
23.579529300898717,25.799486964013397,-2.2199576631146805
69.06482690405078,68.53802456244844,0.526802341602334
19.287140321361214,23.424136138252607,-4.1369958168913925
50.90469474813262,56.5966409981681,-5.691946250035478
53.58367458506716,55.51830183502062,-1.934627249953465
16.525773833461397,15.770397764291133,0.7553760691702642
39.47643826765533,39.62675101069774,-0.15031274304240583
75.0121426517699,77.92647702394292,-2.914334372173016
81.74086760287211,80.43459999596934,1.3062676069027788
71.530672013678,78.17010823815089,-6.639436224472888
55.75557726471279,59.73484507048243,-3.979267805769638
64.80952356220105,65.78466826465123,-0.97514470245018
66.05511603196388,67.35184833256295,-1.296732300599075
23.653643350667746,30.413833348228565,-6.760189997560818
-1.1482737067672626,-3.5449248127755766,2.396651106008314
35.20336222991002,34.86666445014089,0.33669777976913196
66.29962784036766,70.25006330101752,-3.9504354606498566
40.193328992188384,41.78390779564684,-1.590578803458456
70.93558591224064,76.22619068418749,-5.290604771946846
-18.957041702246386,-20.045702963808722,1.0886612615623363
38.12583846742162,39.84411249715341,-1.7182740297317878
56.44630852646559,53.27778153923835,3.1685269872272457
15.62110981968763,16.733829039513466,-1.112719219825836
87.26155658531319,86.72178335103496,0.5397732342782291
33.490031397271395,32.06856143364057,1.4214699636308268
-8.095790475193313,-5.213853116318944,-2.881937358874369
61.76894686774758,62.6751391535002,-0.906192285752617
23.222733851829986,26.354236857662173,-3.1315030058321867
-8.315860704703868,-8.774285899849247,0.45842519514537905
69.00033317881235,66.95503133584899,2.0453018429633687
-12.651915899433314,-12.902685592231578,0.2507696927982632
37.63404039974397,35.538926061069745,2.0951143386742217
18.48824482467162,14.719974628335905,3.768270196335717
42.50143627326576,40.99122322434217,1.510213048923589
77.16629583022096,76.85948967686113,0.30680615335982964
68.14312952907956,69.47486907852442,-1.3317395494448618
76.76897096896761,77.30998865354118,-0.5410176845735748
3.18053640291525,-0.5059554964811781,3.686491899396428
57.29166713977098,58.18166664404532,-0.8899995042743427
41.46647359063409,38.1095589277457,3.3569146628883857
41.55589718972922,38.63354818546729,2.922349004261932
27.62638989106598,26.94096453470982,0.6854253563561592
62.2072087527236,59.208329601297606,2.998879151425996
27.210823115705676,25.755443848761246,1.4553792669444299
59.43888079385227,60.70504921709215,-1.2661684232398827
68.14638553555194,67.83150289834211,0.3148826372098341
43.63583366161498,43.47743400843348,0.15839965318150462
76.2056005190249,77.97631730363717,-1.7707167846122758
34.5849521562703,36.50117113230209,-1.916218976031793
44.56581427733733,44.04371793740292,0.5220963399344143
43.65235886645216,42.581364637900066,1.0709942285520953
22.680526433199645,28.534997078904183,-5.854470645704538
72.67149733719295,78.9066679875174,-6.235170650324449
47.77789474743084,47.29641255773838,0.48148218969246415
12.761391969783682,14.91235594614524,-2.150963976361558
15.058747424319218,13.951563598566793,1.1071838257524256
43.901399193422186,46.998749720035455,-3.097350526613269
-3.8816091199989042,-3.8556788335115044,-0.025930286487399812
75.47205608513967,73.24851467047992,2.223541414659749
56.955541234865805,56.35819351327109,0.5973477215947156
52.01128640023113,48.271785138035554,3.7395012621955743
1.6609544637029507,1.979399013097776,-0.31844454939482536
43.35771062344961,49.677618288928905,-6.319907665479292
69.39088954723302,67.27845235487752,2.1124371923555003
71.38927385254377,69.62588711782925,1.7633867347145156
68.58566989594833,70.95287176571782,-2.367201869769488
54.27187648355434,48.31061319166637,5.961263291887967
57.1170247332129,58.876172931792446,-1.7591481985795454
32.829557178285825,32.73567488394953,0.09388229433629647
23.815372423610825,25.982564111224775,-2.1671916876139505
60.237062474024306,61.993320018012824,-1.756257543988518
52.06956255090917,53.15280231539438,-1.0832397644852136
-5.619721799134869,-3.962001394713951,-1.6577204044209175
47.647786335350375,50.340495041889056,-2.6927087065386814
41.467766389173406,38.25226603352351,3.215500355649894
-31.745559572125643,-33.359536079607196,1.6139765074815529
19.005763282532463,17.409174914279916,1.5965883682525472
74.14117559286314,74.70895625037565,-0.5677806575125146
46.82697440876652,45.142089238140926,1.6848851706255914
40.78309922427186,37.06651676571859,3.716582458553269
54.91150147890158,52.56442926344462,2.3470722154569543
80.04982603860876,77.73614282468256,2.313683213926197
29.483357974152135,26.199599645721918,3.283758328430217
44.480610345342754,48.68355461608129,-4.202944270738534
61.424270799428186,64.63576484019856,-3.2114940407703756
51.86623234369492,51.98420927025012,-0.11797692655520109
27.47849808601496,25.094123255853006,2.3843748301619527
11.641885940986636,7.361002047354816,4.28088389363182
49.425274943352534,50.21109588153713,-0.7858209381845995
67.24866412685827,54.491615417801135,12.757048709057138
56.547659022243536,52.647645707076656,3.9000133151668805
42.13919582078655,43.39970835802131,-1.26051253723476
-5.56343860758237,-8.28604388531214,2.7226052777297696
30.284784130566166,28.19755406860311,2.087230061963055
-20.774202716671383,-19.286459010948718,-1.4877437057226643
16.039173843304095,15.447564570836505,0.5916092724675899
43.16953690290604,46.989625853013564,-3.8200889501075252
71.40300437573208,66.5252640966728,4.877740279059282
44.09990228219945,44.10063015388845,-0.000727871689001347
34.62608835707482,34.007986672426924,0.6181016846478968
43.837320790476355,48.838192541642286,-5.000871751165931
28.439591624586992,32.52191603903171,-4.082324414444717
31.906037589770847,30.09341380904307,1.812623780727776
39.05721190901617,34.31752156060102,4.739690348415145
45.12677115346244,47.25790601918992,-2.131134865727475
29.70121060889136,26.898567205683733,2.8026434032076253
33.79678520000887,30.540970484622164,3.2558147153867054
75.9179119029952,77.43585339154869,-1.5179414885534896
-25.839167299253077,-24.49617635703055,-1.342990942222528
-15.968762841552348,-17.97149192962378,2.0027290880714332
55.760176952191244,50.9458315493284,4.814345402862841
52.115473013039754,54.10224462892876,-1.9867716158890047
21.47370416440943,17.64338637736084,3.830317787048589
58.35009873547726,61.02302009322595,-2.6729213577486917
2.5121537877665467,4.633454443777197,-2.12130065601065
68.99837147517788,70.43676489434466,-1.4383934191667862
53.67906872833393,55.58513295092322,-1.9060642225892863
50.8500276936118,52.954353081582745,-2.1043253879709454
35.71119204249181,40.09301396262126,-4.381821920129447
62.35492391927301,63.478174535153876,-1.1232506158808633
3.367880556670709,4.88710631994671,-1.5192257632760011
9.032815411648837,10.21539242037025,-1.1825770087214131
84.99646978845338,78.85309546798871,6.143374320464673
60.826303303005275,60.62670147150304,0.19960183150223543
-28.496324582143586,-29.064267607521643,0.5679430253780566
46.91963677807779,46.93870545136747,-0.01906867328968076
70.3471935126652,74.00000057635737,-3.6528070636921655
68.23544205114882,71.85395133197744,-3.6185092808286186
52.19701303139249,52.49416441430172,-0.2971513829092345
47.2808193210495,49.80896416052593,-2.5281448394764325
82.27489168920171,86.76280953440254,-4.487917845200826
9.517311329031148,8.340897158084132,1.176414170947016
-23.083615573457994,-21.554674751967028,-1.5289408214909663
58.729562581014896,60.73501265629782,-2.0054500752829227
92.28908082831096,93.12968452938433,-0.8406037010733769
47.684012213798255,46.996353202183464,0.6876590116147909
69.97495371969188,68.03355647275038,1.9413972469415057
48.06833234243033,53.01058288441012,-4.942250541979789
64.81607165737037,66.26972079506608,-1.453649137695706
79.27056100404003,76.92051657807369,2.3500444259663453
47.525359726814656,45.757860600402886,1.7674991264117708
42.073608345925656,39.00239361484212,3.0712147310835363
-17.485342610736232,-17.06716310701843,-0.418179503717802
57.766973842089456,56.98247916698056,0.7844946751088955
71.46342211404406,73.1629959536935,-1.6995738396494318
27.98587454427952,27.858995635998212,0.12687890828130577
23.069608957253195,15.493676246621149,7.5759327106320455
13.386267382761378,10.946468410819307,2.4397989719420714
68.25277170549802,69.88830971523626,-1.6355380097382408
59.31660320523963,58.68310161201613,0.6335015932234995
86.8034621433219,87.4330862037623,-0.6296240604404062
43.65148381978,44.1842028455482,-0.532719025768202
22.162645952149195,21.39592980347031,0.7667161486788849
29.93899302424244,27.372541006634464,2.5664520176079755
85.79383931995191,87.65611237773564,-1.8622730577837245
77.53982861350428,71.45424050814255,6.085588105361737
85.15285015937471,85.47527418828065,-0.32242402890594235
33.76502827005664,29.217662125123965,4.547366144932674
-11.112603105272512,-17.53651928292979,6.423916177657276
65.39119492650609,65.36565921825722,0.025535708248867195
74.97642871285899,73.4032431228573,1.5731855900016853
23.53619352328768,24.186164055443285,-0.6499705321556064
25.292600510531205,31.524017192250724,-6.231416681719519
16.25716381567579,14.169896362968032,2.0872674527077564
52.364497790674335,51.956591171265856,0.40790661940847883
58.950409341489355,58.4741469448239,0.47626239666545445
40.75357970841078,41.46736415635562,-0.713784447944839
75.13824159830811,79.04139572543617,-3.9031541271280616
17.893453104093766,23.7880281761733,-5.894575072079533
41.40358756678184,41.14341598355357,0.2601715832282707
53.80346623350126,48.66324651908612,5.140219714415139
58.256854811466056,53.82114655020666,4.435708261259393
49.640919933679534,50.51710136458891,-0.8761814309093765
37.47818376205798,31.92156751428307,5.556616247774912
65.77465113964705,63.71202686625798,2.062624273389069
37.52559145585455,37.90404838316874,-0.3784569273141898
22.807847762096497,24.206465584965727,-1.3986178228692303
20.445255237015406,20.64784528244232,-0.20259004542691272
20.903320937792145,14.892476115334063,6.010844822458083
50.21707382808205,58.998954395366205,-8.781880567284155
63.155468808868896,64.21864871708962,-1.0631799082207252
29.800802679382915,30.16617806383151,-0.3653753844485941
26.94525210801867,31.248173078496762,-4.302920970478091
43.69434044446573,47.72926886696744,-4.034928422501707
71.93875774121138,69.22134246134958,2.7174152798617968
51.39476909977856,48.83797656142022,2.556792538358337
68.44297589021227,68.45518350817699,-0.012207617964719475
55.17273054401367,50.71040657873198,4.462323965281691
36.47452566482174,34.184652169015834,2.2898734958059066
28.080979034244557,26.413227263582613,1.667751770661944
-17.590631382086478,-13.48611863848268,-4.104512743603799
51.320130107611966,48.768204877403235,2.551925230208731
63.54345704811697,66.84457115108772,-3.3011141029707503
-9.09547814773536,-8.761372126234733,-0.3341060215006273
39.93931073543138,38.00944155290856,1.9298691825228147
72.15880367132678,75.01829091593817,-2.859487244611387
31.49506196825743,30.560073273902788,0.9349886943546437
86.18026775500083,86.61266269695935,-0.43239494195852046
33.29452148473965,32.0040762423848,1.2904452423548491
-0.5257416068454712,3.065073371336993,-3.5908149781824643
52.83065059956253,52.576979430597696,0.25367116896483566
38.68737736940456,37.78407369472672,0.9033036746778365
56.29457796709206,55.52180405008109,0.7727739170109729
46.177729775809645,49.89447009330733,-3.7167403174976883
80.12889394122254,80.98625508824743,-0.8573611470248892
-19.623272136448513,-22.128679646182817,2.5054075097343045
81.42574573775842,82.61680008539568,-1.1910543476372624
51.619928907155725,57.03318447267805,-5.413255565522327
49.571557762531945,53.78082636386941,-4.209268601337463
20.640894111579264,21.82523032146372,-1.1843362098844565
27.848619379111792,27.28429605447289,0.5643233246389023
27.202700608261534,25.73902145412937,1.463679154132162
83.92338476945449,83.59988250857619,0.3235022608782998
77.70473956244072,79.43215974000303,-1.7274201775623084
69.41616017170314,72.43474624762955,-3.0185860759264074
58.732177453581286,59.86280151766827,-1.1306240640869802
25.606657606518503,26.012547203544486,-0.4058895970259826
52.31542439875092,59.224064553996996,-6.908640155246076
63.41114596673075,61.98893767286224,1.4222082938685077
55.81697977534587,51.74459910185179,4.072380673494081
-12.556978251077336,-13.663497479521183,1.1065192284438474
-2.254400449708468,-1.0181946154285129,-1.2362058342799553
25.013668504280716,28.682306879403768,-3.6686383751230522
34.87092603508726,37.38847496341591,-2.517548928328651
8.130069143521784,2.8647008091871413,5.265368334334642
62.83110105886667,61.467094690464656,1.3640063684020163
-0.8576500914943281,-3.2538284855975803,2.396178394103252
71.4153778519293,68.67001723037522,2.7453606215540844
30.6969314278964,31.502608179528266,-0.8056767516318679
77.62164020049143,80.47575274189502,-2.8541125414035946
37.06146963106259,40.76848879118849,-3.7070191601258955
79.97299711003436,85.97961332080651,-6.006616210772151
-2.1665024840190608,-0.7562047865854851,-1.4102976974335757
42.89727158847282,44.78465651554788,-1.8873849270750611
83.5884063418038,84.65356609117048,-1.0651597493666713
38.16764365244142,33.21359279479468,4.954050857646742
71.28805327527854,72.75572256119236,-1.4676692859138143
18.953326666672943,19.463927953121953,-0.5106012864490097
26.48434730212931,26.298021677773875,0.18632562435543676
56.96023306091722,50.88879112971467,6.07144193120255
55.89717921866893,57.91546820185513,-2.0182889831861957
69.08811902304333,71.44072249438896,-2.352603471345631
18.50625349628235,23.55504287241577,-5.048789376133417
60.75000410814359,60.36758589804899,0.382418210094599
56.60798023407434,56.7297764886993,-0.12179625462496091
-4.582610324486311,-2.9299454813822052,-1.6526648431041053
66.82920981056176,65.43107073683436,1.3981390737274069
53.52471208137385,55.24103186858722,-1.7163197872133722
72.737723352583,77.9754387111928,-5.23771535860979
58.287622023505484,55.73411738149106,2.553504642014424
47.85345646088898,46.65439338431132,1.1990630765776586
72.10290980454857,71.84949708876401,0.25341271578456315
43.7404089718618,40.50384238210323,3.236566589758567
68.98511243118855,69.71504043724039,-0.7299280060518356
40.52579317626251,36.209609017438794,4.316184158823717
43.10093440431641,46.852306441601506,-3.751372037285094
53.73923327182207,55.230992430420145,-1.4917591585980716
53.57518465085128,51.87371090898904,1.7014737418622374
20.657506995323075,16.616413625079687,4.041093370243388
-4.645447662149449,-5.070759500601525,0.42531183845207643
73.90569969834505,72.09043331464525,1.815266383699793
85.992349422564,88.54060895986336,-2.5482595372993586
31.09221868197146,29.33048004806622,1.7617386339052388
55.10479495553548,58.613642636790786,-3.508847681255304
22.137893821398528,22.507498832796188,-0.36960501139765967
39.60092449484861,41.90875267656736,-2.3078281817187474
3.9032252368450187,1.379973088947537,2.5232521478974816
82.46485652519233,81.14945069718907,1.3154058280032643
69.28989850958078,65.86639310231776,3.423505407263022
68.05587133202094,73.21487457385314,-5.159003241832195
52.258914515061385,51.060426530147105,1.19848798491428
52.13147091820044,51.84648792288328,0.284982995317165
6.4164527840013115,7.1000798083951935,-0.683627024393882
31.81880727053713,36.67212121071384,-4.853313940176712
-2.3527308556274527,-8.672071233013341,6.319340377385888
16.47978492858085,20.61368325725563,-4.133898328674778
30.077591353167197,30.295882657433737,-0.21829130426653975
0.7207242232058708,-1.1146871035097519,1.8354113267156227
52.847833530572736,54.501146151934094,-1.6533126213613585
-4.056505090650715,-6.177726285669607,2.121221195018892
60.154149623943525,61.229324563939265,-1.0751749399957404
6.879560775924979,3.3780664726696727,3.5014943032553063
77.6566991194217,81.41519189307398,-3.7584927736522786
86.85047398395369,85.7092020538108,1.1412719301428922
-9.969296497559585,-11.07709255936409,1.107796061804505
62.29209483711006,61.15923807198813,1.1328567651219288
47.47016222345399,46.74904960153705,0.7211126219169373
39.56355362901432,38.257981185743574,1.3055724432707478
57.44018023973611,57.360302351997596,0.07987788773851179
66.07882938326384,71.7196181824163,-5.64078879915246
24.87759666707992,32.58352309854622,-7.7059264314663025
70.70816392824547,74.43060107918437,-3.7224371509389016
18.757766758905543,15.506504112246148,3.251262646659395
71.05840387636691,66.73851542749692,4.319888448869989
65.27217132811309,65.70345982216686,-0.43128849405377423
59.1991065863598,62.91957848542838,-3.7204718990685848
35.95615153023058,38.94213826203368,-2.985986731803102
39.77457704814511,39.87567244701999,-0.10109539887487529
47.354747581651225,55.19660695786865,-7.841859376217428
63.02747879700553,66.73158734622382,-3.70410854921829
41.55240964456659,45.53991720295786,-3.987507558391272
55.08226905872005,55.68337232237085,-0.6011032636507991
43.55195279264575,36.973728752958564,6.578224039687186
58.35329638781951,59.25351211786296,-0.900215730043449
-3.9896068927916284,-5.319765179852567,1.3301582870609385
48.19498464564836,51.56323828167875,-3.3682536360303885
57.396165226836224,58.58397730233815,-1.187812075501924
58.937932157378505,56.93887937612501,1.9990527812534964
16.040683349745755,13.471259927696963,2.569423422048793
73.22765780850231,71.82385700834276,1.4038008001595585
27.775096487152396,30.906818842759904,-3.131722355607508
25.09542107399907,19.82650835361828,5.26891272038079
27.110347903624035,26.104047749559697,1.0063001540643377
84.19928080745343,84.58463431976382,-0.38535351231038817
33.61588078360756,33.993931549377294,-0.3780507657697356
16.24104301497029,20.12191716992966,-3.8808741549593684
62.196061520332485,54.21223883972362,7.983822680608867
52.44507198567662,55.76768736346709,-3.32261537779047
-5.4569786667751465,-3.6473154216970016,-1.809663245078145
2.0514723743652112,-0.08847171934384335,2.1399440937090546
9.546340743103144,5.400397642804322,4.1459431002988225
69.8489072591465,70.93093263246834,-1.0820253733218408
41.01129861082237,45.151922418249654,-4.140623807427282
75.96398259447356,69.18528864919936,6.778693945274199
76.01568825963287,75.7739602847267,0.24172797490616915
64.30933373823522,67.41733689685313,-3.1080031586179047
65.70021310425679,63.29692978873798,2.403283315518813
74.95876930672286,76.10297139514958,-1.1442020884267237
61.87207284721366,62.84766330210541,-0.9755904548917513
58.75433136153214,56.45470623521064,2.2996251263215015
38.46339602605285,37.49764106876534,0.9657549572875084
42.12752807217636,45.12914698854708,-3.0016189163707168
51.78117260716921,56.75463126799303,-4.973458660823816
40.18250761083894,37.674555844560984,2.507951766277955
24.630545846081784,22.704933271275493,1.9256125748062907
71.78617648087364,71.2204575554063,0.5657189254673369
5.8012869737264765,7.3958430529697665,-1.59455607924329
34.822091916474825,38.5768160658303,-3.754724149355475
48.72875926725973,48.15335382124656,0.5754054460131712
38.62261882376436,38.47711127794058,0.1455075458237829
68.22650358804482,66.97863577740941,1.2478678106354124
39.175441942714095,33.42046274308282,5.754979199631272
41.055412062014724,37.56014518787047,3.4952668741442565
68.47632006329735,68.04390174134312,0.4324183219542306
50.39319155909022,49.287561169124174,1.105630389966045
-20.575815221915757,-22.88940890882033,2.3135936869045715
59.00953776060736,54.98905785354906,4.020479907058295
24.44035987258222,16.89692962966882,7.543430242913402
61.69123759102326,52.35195858719156,9.339279003831699
8.901109836409258,15.091107694092173,-6.189997857682915
69.7499751786276,66.70175719396934,3.048217984658251
77.45646608451152,75.26812229434967,2.188343790161852
46.32082074515608,45.57615610586899,0.7446646392870875
67.57976726917586,65.10658842466162,2.473178844514237
44.57854379218076,41.956999070708804,2.621544721471956
67.97903582321523,69.0653349212428,-1.0862990980275669
65.71291432914079,65.30781608739468,0.40509824174610287
48.413706308315746,49.55258716234321,-1.1388808540274624
64.8171690741759,63.550492366466855,1.2666767077090384
80.31795606738804,76.84430782650543,3.4736482408826106
58.72771679288745,56.08569434190432,2.642022450983127
67.09281923291576,64.97371204576245,2.119107187153304
52.51650561724317,51.9609308899867,0.5555747272564702
64.32133687750824,61.87210205536857,2.4492348221396725
63.01539299249114,65.1924165190888,-2.177023526597658
10.420234322421472,15.346558935747069,-4.926324613325598
-1.6510471542367782,-2.3295779038760145,0.6785307496392363
38.163984029205764,37.10631118309249,1.0576728461132774
40.51078985054635,41.66128084479376,-1.1504909942474058
70.37446836983345,70.59298533799002,-0.21851696815656396
65.850789971115,63.67595835457553,2.1748316165394783
66.92139731412031,72.21000896847644,-5.2886116543561315
42.61977119282366,39.0751017360374,3.5446694567862664
46.580074517227374,49.072584164656874,-2.4925096474295003
16.96093480829508,18.865119153123374,-1.9041843448282947
66.7119298739641,69.24258127248126,-2.530651398517165
50.94804383217604,50.69565844291114,0.2523853892649015
37.730353117199115,46.1958705574796,-8.465517440280486
46.98839524058538,45.82447918362182,1.163916056963565
61.07046563279834,59.58249050972758,1.4879751230707612
59.045748402421935,61.535042498549615,-2.4892940961276793
43.73737106008504,40.04755925055898,3.6898118095260557
62.41654087803749,60.811303845608904,1.6052370324285832
51.45101992804683,49.83944315551681,1.6115767725300216
10.06464125715464,12.731366945519056,-2.6667256883644157
33.959432070980434,36.558285699811236,-2.5988536288308026
-7.6443310234617625,-4.74412178359735,-2.900209239864412
9.80068248082498,7.590624975757507,2.210057505067473
1.7633948824031638,3.855208405520429,-2.091813523117265
66.2704419292166,66.3232707952375,-0.052828866020902865
76.00960989304095,77.22221524586001,-1.2126053528190681
89.17456362841727,89.63483113805975,-0.46026750964247753
83.21436579735601,80.85982725340054,2.3545385439554707
-12.510633331071185,-14.314186946738829,1.803553615667644
54.54698614434262,57.315763180767576,-2.7687770364249573
58.8281730610325,50.99611852236669,7.832054538665808
81.81631879115173,82.53791849756797,-0.7215997064162423
48.24285731201156,47.256676756066696,0.9861805559448626
-8.253719927322347,-5.4471595624516596,-2.8065603648706876
64.27081030632334,63.51943425245496,0.751376053868384
62.696615575386,61.67730131311649,1.0193142622695106
66.5323593844241,65.60385152300067,0.9285078614234266
22.562137218510188,22.32411826687978,0.23801895163040854
56.34765048541741,53.24666326848899,3.1009872169284236
31.286912277563054,30.775081339991758,0.5118309375712968
75.44096684457118,74.0342106556133,1.4067561889578855
32.58640365559164,34.881034247353085,-2.2946305917614467
24.173236489898507,23.395239549898832,0.7779969399996745
49.14900371436728,48.39768425015041,0.7513194642168699
14.35566281383919,17.37318051878492,-3.01751770494573
40.48291608574946,37.128403340354964,3.3545127453944943
57.287924653877496,56.143528211981916,1.14439644189558
54.69881085727462,54.6804670339826,0.018343823292021
54.53136121250954,57.01152953294601,-2.4801683204364693
-9.136897066252768,-14.394343011386425,5.257445945133657
51.70101266251376,50.58697927450951,1.114033388004252
27.97733468936576,30.699903905016782,-2.7225692156510206
32.1325072729608,27.880631785174927,4.251875487785874
-12.250370075831137,-10.837169394059288,-1.4132006817718494
53.926573075684715,51.120659050403376,2.8059140252813393
51.87720181278511,54.26911411040109,-2.3919122976159812
84.15572243448366,82.45526074950624,1.7004616849774266
23.82054507162012,24.4879911721099,-0.66744610048978
6.3242414941229015,2.6914851057938307,3.6327563883290708
42.75029751075128,38.64061483370608,4.1096826770452
27.005742892008474,24.57562835099155,2.4301145410169234
61.98130891049457,61.5551462107784,0.4261626997161656
41.180197547492625,47.69551011853599,-6.515312571043367
59.90639723331309,58.66787526945584,1.2385219638572522
62.19651549168097,56.4421860401072,5.754329451573767
27.343704301111742,25.173403360353547,2.170300940758196
40.61336419605744,40.41231657763373,0.20104761842370777
31.609304065895454,29.59506777970941,2.014236286186044
75.36611842339327,70.92766714440131,4.438451278991963
49.356482765686664,48.680599701146775,0.6758830645398888
16.62672477919947,13.77949397663086,2.8472308025686104
63.005587306189895,58.48529921501718,4.520288091172716
-9.155689550350798,-2.4088860105817815,-6.746803539769017
49.57339575638088,51.53408735614241,-1.9606915997615246
12.288772046311585,10.690340368935736,1.5984316773758493
42.970807261069275,40.12462616485682,2.8461810962124545
-33.5898651143033,-33.50853291326301,-0.08133220104028993
76.3915791558116,77.81553282660032,-1.4239536707887197
10.388889447439963,13.137419671901071,-2.748530224461108
-16.46569660326644,-14.053475303021642,-2.4122213002447985
67.56655017355743,65.29109026791451,2.2754599056429186
77.13331074367676,76.99250484826503,0.14080589541173083
39.699480106830364,39.103862125332384,0.5956179814979805
45.830990077756056,47.01707148472043,-1.1860814069643766
45.91923446897512,45.29669597138076,0.6225384975943626
40.27439567683022,44.14185982767253,-3.8674641508423164
65.30546108044068,64.38931151875568,0.9161495616850033
70.36197971216889,68.76936213491587,1.5926175772530229
3.6952399904289774,1.1719560195881797,2.5232839708407977
79.1501115152573,77.55310279717503,1.5970087180822645
38.72147034694542,35.37090499271106,3.350565354234355
12.808203574757012,8.533127762976918,4.275075811780095
28.634635728969727,33.65486232698551,-5.020226598015782
53.361809763558085,47.271095968584966,6.090713794973119
53.41177625291118,49.48716090352576,3.9246153493854194
64.47062795309938,65.12940422336382,-0.6587762702644397
66.70818291091268,69.51356672692279,-2.8053838160101066
40.99508781005522,37.059414837990545,3.9356729720646726
-13.077681854530542,-15.064340331785317,1.9866584772547746
57.71164626807496,56.841705373660155,0.8699408944148033
63.62174791673593,66.28032651422674,-2.6585785974908163
54.622968175087884,51.86645153205832,2.7565166430295633
42.60616831368857,43.94673814927765,-1.3405698355890792
54.45199976112822,54.848439737672365,-0.3964399765441442
63.28689261524386,63.44399069368523,-0.15709807844137202
60.82047191153457,57.83562037910281,2.9848515324317617
6.818996883691542,7.263446620699511,-0.44444973700796897
18.285366186232554,19.379884095641003,-1.0945179094084487
49.320782621733564,49.18096769605651,0.1398149256770509
1.540015279210921,-3.7432276279911747,5.283242907202096
29.923379066070353,28.966529143985426,0.9568499220849276
46.07900126541768,45.40047816171661,0.6785231037010675
88.07107188827592,87.88024041934312,0.19083146893279945
22.795512018161293,24.75782085343718,-1.9623088352758877
69.07048877148021,68.45953540666576,0.6109533648144492
33.74559052651473,33.939645103120014,-0.19405457660528214
43.29151924877009,43.15328216235657,0.1382370864135254
-9.057852349383086,-6.5531923154699,-2.5046600339131864
65.679048271225,71.30830975099131,-5.629261479766313
67.04485886539575,67.56748875516632,-0.5226298897705703
-26.288940832882236,-22.91442812496554,-3.374512707916697
64.9617729576137,64.93070037104908,0.031072586564619087
47.2215275235023,45.45665668820648,1.7648708352958238
-21.648964050531,-14.24512069026693,-7.403843360264069
48.35270169901302,48.57733288737327,-0.22463118836024876
60.72855540530373,55.67070431133469,5.057851093969042
15.245879333804993,17.164519026731966,-1.9186396929269733
54.91413337283606,55.05270206513978,-0.13856869230372126
46.582604850355246,44.32415084419718,2.2584540061580682
43.72299278702436,45.59140815629111,-1.8684153692667493
58.23314319097675,61.637856816377756,-3.4047136254010084
85.92599621763685,83.94044855050177,1.98554766713508
58.847206781477986,57.098374976886035,1.7488318045919513
40.947821835313114,38.71834004252164,2.229481792791475
12.154103736692354,16.46187340218917,-4.307769665496815
63.36124424008458,60.79169218383139,2.569552056253194
61.491665876587184,66.19399472432846,-4.702328847741278
73.05254445393331,67.70757815413937,5.3449662997939384
32.65604229504319,30.98120825434384,1.674834040699352
-7.205452851163107,-7.361419364671221,0.15596651350811364
55.483253134074474,58.61474889665764,-3.131495762583164
71.1492267605196,69.08244399688095,2.066782763638642
79.43142300620569,81.46691651245392,-2.03549350624823
13.78332458801722,14.199985215707358,-0.41666062769013834
25.547378422602726,20.521414386314703,5.025964036288023
49.609423243544605,50.054160359618976,-0.4447371160743714
68.30592894843025,69.17548486977944,-0.869555921349189
26.170759925593707,23.616274959535346,2.554484966058361
46.617214660947894,45.52863336926482,1.0885812916830773
35.82141974073119,32.39061784359198,3.4308018971392045
54.293097591605516,51.68548996564058,2.6076076259649383
59.320230160124225,55.262300101189865,4.05793005893436
72.54461785642722,74.24968293204489,-1.705065075617668
46.102311855033335,45.00154455983553,1.1007672951978051
40.11417254926039,41.2613675644035,-1.1471950151431116
42.060168619208326,44.39040301128545,-2.3302343920771236
28.02397334158083,27.910605611851437,0.11336772972939357
74.33952390326837,73.84857488797202,0.4909490152963514
64.20006100894621,66.51153986839353,-2.3114788594473197
63.27292616884249,58.99105521626586,4.281870952576625
60.27707013139222,62.124532464517365,-1.8474623331251436
14.910047203923387,13.909608351457507,1.00043885246588
35.73585371481491,35.94680056707749,-0.21094685226258036
65.01576814758658,64.92358666108822,0.09218148649836166
36.98699903664448,37.869321279557376,-0.882322242912899
13.579781759988709,13.24025556580635,0.3395261941823584
64.66113026942497,59.651106447030855,5.010023822394118
65.59355783843074,59.307872021135644,6.2856858172950965
14.74766440072486,13.302882687389783,1.444781713335077
6.603954276489594,4.0521703062021,2.5517839702874934
16.25416173463222,14.756515648592313,1.4976460860399072
0.5946608101907036,3.49834952786766,-2.9036887176769564
69.73746251883186,69.4274039263393,0.31005859249256673
32.179361303299174,28.160664348170016,4.018696955129158
40.02412196309157,35.976186134211886,4.04793582887968
38.593434379516815,33.38428088441762,5.209153495099194
-24.350093689528872,-20.49633802067109,-3.853755668857783
-17.796149419820406,-8.89091558028413,-8.905233839536276
55.455492096241215,55.674379230751086,-0.2188871345098704
-0.38404138078959654,0.08313994417792969,-0.46718132496752623
48.98153698364057,48.50251294994238,0.47902403369818813
55.131391448812224,52.63063018904291,2.5007612597693125
52.26164150664486,52.214390951266715,0.04725055537814171
49.09998927271777,43.454305473953795,5.645683798763976
88.22578495091426,85.55523391568158,2.670551035232677
55.238795525409394,56.84523062334218,-1.6064350979327884
51.60145870932441,46.59781193606577,5.0036467732586445
18.94491427312435,17.870429726107105,1.0744845470172457
83.89542232950399,80.0321741259894,3.863248203514587
25.33823515480691,24.871919779360667,0.4663153754462428
65.2298627900156,63.409003846400445,1.820858943615157
51.01252292323394,54.317179916341146,-3.3046569931072085
41.53691259586508,43.75562665958167,-2.2187140637165896
11.279808705675007,10.57836380674884,0.7014448989261677
74.56859136505341,71.94592824164243,2.622663123410973
78.82986421055446,80.24742089392457,-1.4175566833701083
82.42552881785909,74.3978837558855,8.027645061973587
53.53674471409749,55.30285693421059,-1.7661122201131008
9.231100742413144,11.85657220928023,-2.6254714668670864
63.097734080782615,62.120352242876265,0.9773818379063499
3.8742657446075532,4.876183430844648,-1.0019176862370949
52.17088271703052,48.90287314485789,3.2680095721726303
41.13003126786719,41.83759843697426,-0.7075671691070724
74.92809923839506,74.88125418528213,0.04684505311293208
80.96499781171724,83.83610020056221,-2.8711023888449745
45.3523257918055,49.651400464061936,-4.299074672256438
65.04643630164637,61.29892270756086,3.747513594085504
87.68675643643812,85.75142593595251,1.9353305004856054
50.35382096075316,49.67563266906832,0.6781882916848403
38.49968059925932,40.97412962863849,-2.4744490293791657
10.779757906151328,6.572203500826063,4.207554405325265
5.265320128247447,0.07185941347880487,5.1934607147686425
58.65538842575088,54.59786967770034,4.057518748050541
60.997885465923055,62.32649595306172,-1.3286104871386684
25.567181596620294,24.15426397189391,1.4129176247263828
-12.657345910084954,-13.63067285938719,0.9733269493022352
84.56855350772283,85.45658771903494,-0.8880342113121173
65.07111967005322,72.39122135213229,-7.32010168207907
34.70077165051874,29.896155056139136,4.804616594379603
38.67270380000156,41.485291164943085,-2.8125873649415283
57.72338363502486,56.78633409962568,0.9370495353991828
51.61108932203481,51.15975062582307,0.45133869621173517
47.03581326540738,49.672352731756575,-2.6365394663491983
81.18051942183405,80.14034111739159,1.0401783044424633
58.27416346966821,59.27259155058599,-0.9984280809177832
22.530652325542935,18.012923287936687,4.517729037606248
58.692064172437846,57.884667345664994,0.8073968267728517
55.327781132298625,52.19933817620153,3.1284429560970963
69.54041934921466,71.6398336194339,-2.099414270219242
23.019038097866687,23.78134488938821,-0.7623067915215209
42.951504103174784,39.22817839669844,3.723325706476345
34.285212311228705,31.956100261373578,2.3291120498551265
74.36705373018833,79.1500614074874,-4.783007677299068
30.82693821703247,31.95805050424714,-1.1311122872146697
49.20150107780999,49.92486796850753,-0.7233668906975339
60.16010549928662,63.87623762865289,-3.7161321293662652
24.234966567124378,28.994485024271256,-4.7595184571468785
61.36286951696,59.1325371930759,2.230332323884099
69.69324111103212,68.4459391035117,1.2473020075204175
30.051698936249164,26.44641405373369,3.6052848825154733
14.252272916433336,11.256596223111018,2.9956766933223182
58.28581825049925,60.46143281085498,-2.175614560355733
11.030368836289936,7.773509715085609,3.256859121204327
35.40548365100841,35.32145373030575,0.0840299207026618
46.84199994392145,49.1520790740843,-2.3100791301628476
38.77569834782169,42.00060514701024,-3.2249067991885525
24.154551469318214,21.734961833206683,2.4195896361115317
53.78003129241902,53.78984465005208,-0.009813357633063902
45.44641914598663,52.58632127017245,-7.1399021241858165
-2.150866406179963,-3.5970256651365844,1.4461592589566212
43.527812172463726,44.427407255143834,-0.8995950826801078
38.366423908303815,38.06733894916023,0.2990849591435847
59.5760794939506,59.642010450333196,-0.06593095638259427
73.75718408469167,69.84691936764497,3.910264717046701
33.82801049569783,33.13265788801998,0.6953526076778545
32.61226624664524,35.38267797782464,-2.7704117311794008
46.495985881133606,47.10071400491397,-0.6047281237803617
62.020637215606634,63.302309532881246,-1.2816723172746123
63.43806998080454,61.26075538898382,2.177314591820725
39.79749404126948,37.225499008171454,2.571995033098027
72.48455691524867,72.18648431659479,0.2980725986538886
53.347904521717794,52.5151032656929,0.8328012560248936
50.08178418023089,54.49599705389223,-4.4142128736613415
41.02853094585715,42.16305954347223,-1.1345285976150805
44.31907152754382,45.855849947264126,-1.5367784197203065
69.6441076882267,72.01405021721564,-2.3699425289889433
86.92031048122882,85.55665132785411,1.3636591533747122
53.617296160561175,54.32645462827767,-0.7091584677164988
35.80060115777257,36.357444391233756,-0.556843233461187
8.244251775377144,7.702520244539841,0.5417315308373034
27.737575942296754,25.62068637968882,2.116889562607934
59.86218699629281,56.48282251643212,3.3793644798606906
-8.279048708687034,-6.6341817697502705,-1.6448669389367634
32.69002852827489,32.253387894132004,0.4366406341428828
45.64626508414051,50.03358326318509,-4.387318179044584
75.21545547842233,69.79436248054418,5.421092997878148
59.86426772410044,59.09974699271717,0.7645207313832714
0.31835149836790255,1.6493081869483746,-1.330956688580472
19.13088143689518,20.332016492767295,-1.2011350558721148
11.237954854875404,13.934341856599502,-2.696387001724098
18.23620134129807,20.078385094922865,-1.842183753624795
76.51124505932663,75.09195812149346,1.4192869378331636
29.25303764757554,31.56214892897694,-2.3091112814013997
53.192958647143094,54.997624130927875,-1.804665483784781
28.517760687736626,33.114630133063926,-4.5968694453273
37.97227617327288,39.8083695341243,-1.8360933608514216
41.09596113714762,39.88082608608701,1.2151350510606065
42.03722918516108,41.75780363831842,0.27942554684265986
45.18466155164913,46.56260963769246,-1.3779480860433324
48.22978768616948,42.86134888470618,5.368438801463299
53.21999730530856,53.946490439437746,-0.7264931341291856
-5.719841093865778,-2.4016496057662806,-3.3181914880994974
51.63701853514965,44.17489628379623,7.462122251353421
73.75913929200519,75.28117155387795,-1.5220322618727664
51.78392918774928,50.59524095480036,1.1886882329489197
64.97853340854654,66.21292436470662,-1.2343909561600839
61.653148362914166,59.748624019641134,1.9045243432730317
53.39053961227976,53.24678525230107,0.14375435997868635
75.44404730961963,73.58383197685815,1.8602153327614843
50.275465196588996,49.706804079036054,0.5686611175529421
67.23695132045994,70.62341517055454,-3.3864638500946
-17.68031609575028,-19.555111700384998,1.8747956046347198
34.58450180436087,35.08920006067538,-0.5046982563145122
-6.335215379853561,-12.542203327535987,6.206987947682426
40.43919298635578,44.81161667607769,-4.372423689721913
42.651030113610425,44.4035786574178,-1.7525485438073787
24.30528552650779,28.41190071975244,-4.106615193244647
50.54233721446485,49.84410239585947,0.6982348186053784
44.36263120576724,37.962168371782504,6.400462833984733
68.47121228275738,63.53193135151946,4.939280931237917
19.208142687234016,26.7400669652709,-7.5319242780368825
9.33182531488227,9.543286327920825,-0.21146101303855502
62.70069234151458,61.403396643453924,1.2972956980606583
12.304832183449188,7.140412660452455,5.164419522996733
33.78383887545106,32.256994152465055,1.5268447229860058
64.53924410475507,65.47657583620054,-0.9373317314454681
26.4410764457815,25.360106858485196,1.0809695872963054
18.450362049905955,18.589242102727184,-0.13888005282122862
50.16818601127281,50.28502993218204,-0.11684392090923268
43.088216336154154,45.10914087148954,-2.020924535335382
58.3560151625457,58.59370112003132,-0.23768595748561694
28.18705227725667,24.177908593520755,4.009143683735914
55.62149433742206,56.32357297759242,-0.7020786401703631
48.91088967032366,46.55299959322005,2.3578900771036118
81.70640330414092,81.28040016340037,0.4260031407405478
86.04178926298584,83.30632432473813,2.7354649382477163
-11.495069084617962,-8.964557261420325,-2.530511823197637
16.365443888606038,19.257664114613874,-2.8922202260078365
64.28575264793878,58.745292011904155,5.540460636034624
24.576050011646515,23.94918332142619,0.626866690220325
24.452578456657815,25.866534125169338,-1.413955668511523
50.368272880220886,53.145639867625604,-2.7773669874047187
41.549229058401096,39.98346279867782,1.5657662597232758
58.88793261363429,62.53630780484783,-3.648375191213539
66.9808844292043,66.50650289565499,0.47438153354930535
42.76756811828525,45.12798734856955,-2.3604192302843003
59.53118427145707,56.7562348196285,2.7749494518285687
-21.53226710252538,-21.295573640333828,-0.2366934621915533
60.27195068389095,57.47656991431326,2.79538076957769
57.515399514874545,55.89515466017197,1.6202448547025767
62.85347151287333,65.23743441460348,-2.3839629017301576
60.40404667743792,61.36305571396326,-0.9590090365253445
-4.425720595491379,-8.233524012666663,3.8078034171752844
48.726558996448645,47.28934567970934,1.437213316739303
10.944385704796092,10.166167972837329,0.7782177319587635
71.93613911489076,74.5392038173311,-2.603064702440335
45.96352519889331,48.678937771743676,-2.7154125728503686
44.31277989889415,47.334433570165295,-3.021653671271146
41.90873516002549,43.24817361214939,-1.3394384521238933
75.28060731154356,78.12097321813306,-2.840365906589497
42.34941560291472,46.962748120863075,-4.613332517948358
-19.295844291785777,-19.00383721888319,-0.2920070729025852
38.295809838650435,39.871278145864046,-1.5754683072136118
28.652607724653194,25.32125590049229,3.3313518241609046
34.40585914164351,34.72618892531149,-0.3203297836679795
53.50583084761834,48.46135749180199,5.044473355816351
24.422647182835775,27.5772238460534,-3.1545766632176253
41.132282526311485,36.593766388476894,4.538516137834591
46.00904691881771,42.25600630858681,3.7530406102308973
45.87989976946036,47.00836079805742,-1.1284610285970587
45.383397214668804,43.09180558598107,2.2915916286877334
47.982703078635886,47.86980433423356,0.1128987444023295
35.25652639977551,33.29686628278553,1.9596601169899799
7.398897932237174,4.967124507197951,2.431773425039223
34.129664690969676,40.286923388851925,-6.1572586978822486
-12.07064322158524,-12.606538835081793,0.5358956134965531
2.4882878593949593,1.4633949762144312,1.0248928831805282
-3.186437435583417,-3.9862216142689135,0.7997841786854964
23.65811861346368,24.96055049983167,-1.3024318863679873
-1.352345214146601,-1.4478032370272729,0.09545802288067184
14.49371804561634,16.567126949319487,-2.0734089037031467
71.01494685816866,69.15629763236998,1.858649225798672
2.4187552356294364,-0.8728906109455465,3.291645846574983
62.93978660088979,60.97976672163249,1.9600198792573025
-17.656677015906816,-17.96458139351877,0.30790437761195477
-30.31500917540666,-28.4364443490946,-1.8785648263120613
5.755147088143138,5.070017109216749,0.6851299789263887
20.53289272081412,19.44785577813589,1.085036942678233
30.222615394350616,32.21220362566147,-1.989588231310858
66.94400773411762,67.01278649891472,-0.0687787647971021
58.1905428072303,56.360151189099824,1.8303916181304771
45.32295894451366,48.835384140242354,-3.512425195728696
45.08374474849444,42.195341190766236,2.8884035577282035
52.30186541902268,49.709923661461715,2.591941757560967
44.51448071668186,46.090187546741404,-1.575706830059545
7.802461210258733,2.8780779534485674,4.924383256810166
57.346799898038874,61.16547878262557,-3.8186788845866957
60.25592093320379,59.733418920017485,0.5225020131863047
100.97801021647409,95.27788129500567,5.700128921468419
46.53796662623422,47.52859034618937,-0.9906237199551455
58.546550153305816,61.82922818661346,-3.282678033307647
19.52054565098932,20.732608773234574,-1.2120631222452545
80.21105839987521,81.08269779934245,-0.8716393994672416
29.69948173486332,27.32625986219604,2.37322187266728
51.860400430099105,51.134247853805576,0.7261525762935293
9.962996683554806,9.298956123882945,0.6640405596718608
21.187552868387357,30.04455652347201,-8.857003655084654
-10.646334468558614,-11.679081345840075,1.0327468772814612
73.25819634591831,71.12275337411481,2.1354429718034993
56.93945171950107,59.37088509010773,-2.431433370606655
45.324388290410376,50.50848778129425,-5.184099490883874
68.10288427045802,69.29358067369213,-1.1906964032341136
71.92471179052062,80.53141140793375,-8.606699617413128
17.499663832568597,17.412362556580277,0.08730127598832027
35.778099874196414,37.54998684791371,-1.7718869737172938
33.42399085571131,34.337294118512844,-0.9133032628015343
32.75549618268663,28.923480741600187,3.8320154410864404
61.18755755799359,61.96582413974315,-0.7782665817495555
76.68270938490694,77.8965607800845,-1.2138513951775565
-12.211876830095674,-14.684206865022219,2.4723300349265447
41.1271562060072,42.14813475176144,-1.0209785457542395
73.3197056496433,73.25157859958918,0.06812705005411601
38.36519872045368,36.058307319817885,2.3068914006357915
13.040493710844688,14.90810849069834,-1.8676147798536515
59.95599418894456,59.72784409637739,0.22815009256716934
61.437175116885335,62.080852870905545,-0.6436777540202101
71.39084818545233,67.76903929641705,3.621808889035279
59.9033475613493,57.306572294182146,2.5967752671671533
43.8636204232193,44.31968867416079,-0.4560682509414846
37.7514107841057,38.75873450297306,-1.0073237188673616
65.33722736168592,65.38275199860033,-0.04552463691440778
31.025064796421756,29.301563416450662,1.7235013799710934
65.15566240353706,59.168423734345474,5.987238669191591
72.21099650328077,75.27227979873916,-3.061283295458395
59.12949163702331,54.2712934728369,4.858198164186405
39.49571313326801,33.700383759644694,5.795329373623318
80.75957616479592,87.86183344845048,-7.102257283654566
18.086805915425746,22.09862904321062,-4.011823127784876
86.96102563051662,86.02912950017665,0.9318961303399647
50.279903146113085,49.96489534932852,0.31500779678456325
49.61931160411254,49.838244725359125,-0.21893312124658593
60.391849732848634,59.51636823545776,0.8754814973908722
27.98647403326781,29.315710906427768,-1.3292368731599566
44.181165945130125,48.01851392514584,-3.837347980015714
6.106427090624926,6.289580109075203,-0.18315301845027676
51.06314222080059,53.12458431688758,-2.061442096086985
6.647356727778937,10.50278874064908,-3.8554320128701436
19.12646966474971,17.187598966024893,1.9388706987248163
50.62742711304638,45.03321881832823,5.59420829471815
31.974277138638545,29.589709132316642,2.384568006321903
0.9958444053567603,-0.5711243858881971,1.5669687912449575
58.66420344186762,57.92463314524983,0.7395702966177922
33.152531309240445,31.072714519140078,2.0798167901003666
62.86881313706495,65.58573967609465,-2.7169265390297
45.8035152074307,43.76628487142368,2.0372303360070205
59.744599615867806,59.85102329582244,-0.10642367995463786
40.1249618032027,37.07541923691173,3.049542566290974
54.34213665830518,53.82522450279964,0.5169121555055369
19.94518646319441,19.147707898962892,0.7974785642315183
72.44549731019416,74.47016029785958,-2.0246629876654225
62.80350717083181,58.68744991275483,4.116057258076978
59.57729057059356,61.9666778796972,-2.3893873091036397
14.251078233375434,11.157363000885809,3.0937152324896253
42.945426221143876,46.494881247457826,-3.54945502631395
79.41563336254575,77.62891129141977,1.786722071125979
75.91655857482688,72.89083686780236,3.025721707024516
76.03505037822192,77.98878378675266,-1.9537334085307378
22.50486379608112,25.011664499881306,-2.5068007038001845
25.930669854088347,25.0994526667008,0.8312171873875478
48.156469440490625,52.64426111253846,-4.487791672047834
12.963652588456595,17.572001397568584,-4.608348809111989
4.627406253138004,2.679650816587497,1.9477554365505068
57.9909607620439,55.82807907452573,2.1628816875181656
70.69646284185953,68.84301143777076,1.8534514040887728
37.46630706917981,39.7925832861678,-2.326276216987985
-9.974067062157586,-7.023083038893262,-2.950984023264324
31.530281215498896,32.04434774864961,-0.5140665331507179
52.807931222613846,49.462869700091,3.3450615225228475
82.5200006141515,79.71493967625618,2.8050609378953197
37.245853562590476,36.142089101205414,1.1037644613850617
52.47880499977401,47.67512327861401,4.803681721160004
76.71597212911163,79.69788480921115,-2.981912680099512
19.324410898795797,21.560565798876084,-2.2361549000802867
46.36816419186529,46.24947152470215,0.11869266716313831
24.105975995566148,25.22101157557664,-1.1150355800104919
43.24407442136871,40.76924360762708,2.474830813741626
57.896033714528144,54.79637816482749,3.099655549700657
59.901358738373915,63.176218708849056,-3.2748599704751413
14.865121675031661,14.96004903826524,-0.09492736323357853
73.89723165262595,72.45732505168999,1.4399066009359558
-17.476150344104276,-14.281249355716753,-3.1949009883875235
47.444819648462946,47.73125962967967,-0.28643998121672354
-24.03966192649113,-23.98345025676265,-0.05621166972848002
48.700633340837115,50.91006196900345,-2.209428628166336
16.855522957827134,19.48627642367704,-2.6307534658499065
75.08139097265595,75.20668268862403,-0.12529171596807487
32.15709033963509,29.45027933292417,2.7068110067109217
21.375705047377277,27.08802660359956,-5.712321556222282
30.39000507587533,29.52932865923634,0.860676416638988
5.284584313262257,3.7411791440852085,1.5434051691770483
67.51603469212077,67.64753136876246,-0.13149667664168874
8.441058862739032,11.174378845451699,-2.7333199827126666
34.656157319311994,32.67415378489143,1.9820035344205635
2.540334193984429,4.189761407298263,-1.6494272133138344
54.60133894768916,53.71208677007972,0.8892521776094355
44.25837554064133,44.39984667010701,-0.1414711294656783
60.346090226781705,62.17117892823247,-1.8250887014507668
48.02001300831632,48.70498180900569,-0.6849688006893686
30.691857493386873,31.047990084401277,-0.3561325910144042
72.62637287158549,82.89725924355558,-10.270886371970093
45.061906143246254,41.61934023198657,3.4425659112596847
50.665115234397845,54.45423162444453,-3.7891163900466864
-14.792815315328513,-15.050774465728082,0.25795915039956974
57.84570076278127,62.24187395112351,-4.396173188342239
68.2421361783606,67.94079746684585,0.30133871151474523
39.433141174556035,38.5058697406615,0.927271433894532
53.39084011626559,53.853680821757436,-0.46284070549184264
72.74186631890025,66.97495433240006,5.76691198650019
19.862203897737338,23.38830952122933,-3.5261056234919934
80.58869252489143,79.52237434620143,1.066318178689997
-5.987763857944522,-3.5438168130559973,-2.4439470448885245
76.41899266637247,74.15587815394508,2.263114512427393
51.03954384468353,53.75523660137017,-2.715692756686643
43.46982056613673,44.84554817605649,-1.3757276099197568
69.61927228897743,72.32387294932258,-2.7046006603451502
16.807706266182716,21.85998094164333,-5.0522746754606125
77.43805618127213,74.65724193730094,2.780814243971193
62.52700180167169,56.767135158754705,5.7598666429169825
69.23037924349828,66.57935569381576,2.6510235496825203
48.81388434517941,44.73850970200489,4.07537464317452
30.255466231830212,33.17888019184569,-2.9234139600154805
72.90306086845749,68.75949291988525,4.14356794857224
28.99012510314264,30.639729889598414,-1.6496047864557752
38.97427783668614,42.69169712225504,-3.7174192855689014
42.25846614713847,39.192958606358026,3.0655075407804446
63.38650631433187,56.727728917321976,6.658777397009892
62.7137118264653,65.96871036818293,-3.254998541717626
10.753233149537206,14.244145495252823,-3.4909123457156177
51.31435935111339,49.80544111751401,1.5089182335993812
50.46769546849613,52.60345550047846,-2.135760031982329
70.74607603012022,72.81578247575115,-2.0697064456309278
58.60270840767774,61.57307362734435,-2.9703652196666113
60.85757474112863,60.28156660127955,0.5760081398490797
47.88699533407245,51.68343225546488,-3.796436921392427
46.073294527451104,49.10223527007111,-3.0289407426200086
56.3596395162868,58.475672829354295,-2.116033313067497
59.038519288454616,58.20266420447919,0.8358550839754244
40.98890397583781,44.39847916607908,-3.40957519024127
74.94461759360681,66.57359134417024,8.371026249436568
52.48715922304832,48.15116738346742,4.335991839580906
41.68843298669142,42.321668135260964,-0.6332351485695469
52.85605089187342,53.01203113671596,-0.1559802448425387
18.205204085717124,22.114261966941825,-3.909057881224701
-7.398321942777865,-5.929672692062823,-1.4686492507150417
77.02140960257944,75.93988930679507,1.0815202957843724
38.4013294444625,36.27693338073004,2.124396063732455
66.48506893687464,66.98032296951773,-0.4952540326430892
56.74612188252121,58.11565856742223,-1.3695366849010213
-5.74144408420832,-3.288430316271601,-2.453013767936719
58.30200345905537,55.18211129852879,3.1198921605265824
-14.370160779544898,-14.856800403373455,0.4866396238285571
66.32169009674918,68.78683917232281,-2.4651490755736347
55.51793216011818,61.43222654491012,-5.914294384791944
41.22938991604633,45.85775205928203,-4.628362143235698
57.61815711662475,56.76776285874874,0.8503942578760117
73.08018431918791,73.81526342614453,-0.7350791069566185
48.342401827382,50.59016447114281,-2.247762643760815
33.09411452712592,29.213651399041353,3.880463128084564
50.52025143475434,53.93046756465414,-3.410216129899794
0.3051722171840484,0.722332367786791,-0.4171601506027426
55.93421192614994,54.674646921629815,1.2595650045201268
12.308009446778511,22.560750105418506,-10.252740658639995
18.238905117557405,12.357617963064499,5.881287154492906
25.17739087036621,22.407511005977156,2.769879864389054
38.64108471663855,41.0961476080657,-2.455062891427147
-12.702355047208954,-14.508700815350693,1.806345768141739
56.46482052415901,54.52707056176653,1.9377499623924805
43.534599900292335,44.26712022876097,-0.7325203284686381
16.654071703072713,17.492095581076995,-0.8380238780042824
31.597946380274106,31.776128011449188,-0.17818163117508234
50.91088512378091,52.08921520638335,-1.178330082602443
52.23929504671248,46.98553764000207,5.253757406710406
29.930185455149587,24.379484509450265,5.550700945699322
49.77892501874414,46.037377129828826,3.7415478889153135
66.29156443546233,67.44959616804927,-1.1580317325869345
57.789073348388754,64.17580469047716,-6.38673134208841
9.28313801881963,9.896101592022546,-0.6129635732029168
59.583610204522785,64.23561391430638,-4.6520037097836
15.848272777899911,19.09180255074874,-3.2435297728488273
-25.668350696679312,-32.70819514902827,7.039844452348959
28.5484035649841,25.920394292867414,2.6280092721166852
58.31581340548857,57.24724839220363,1.068565013284939
-13.06137209671428,-9.4267719473347,-3.6346001493795796
59.21112669172186,58.84801706873076,0.3631096229910966
74.15406987479535,73.28150994314558,0.872559931649775
63.06350140609509,60.864636916273064,2.1988644898220286
39.4985571481043,35.78219831542667,3.716358832677628
69.45301262692871,74.35128675047015,-4.898274123541441
33.916709073573635,33.72857876288077,0.18813031069286268
50.111164901922464,53.82652710416075,-3.715362202238289
34.93448651754009,37.42944783688681,-2.4949613193467215
45.47197225107944,48.13629339667273,-2.6643211455932843
68.11307571832022,64.54800814196689,3.5650675763533286
24.59499046900357,26.91693341486105,-2.3219429458574794
72.85505065749525,73.84793268015551,-0.9928820226602539
12.952101404223589,11.38516194910099,1.5669394551225988
50.77772634032338,43.23801179609742,7.539714544225966
44.75317978593861,42.6993593764207,2.053820409517911
38.80248510689043,41.436912999283024,-2.634427892392594
13.600204749886357,12.786991130473552,0.8132136194128048
8.874914103647917,10.204654305765743,-1.3297402021178257
41.953122689070916,45.03241898719608,-3.079296298125165
29.356801210819647,33.76295654764304,-4.406155336823396
72.12067080568056,71.80976946814857,0.31090133753198756
-1.1886934864647216,-1.879178897991494,0.6904854115267725
60.34210597069187,57.88112694425642,2.460979026435446
53.46494220574987,55.621191547908815,-2.1562493421589437
-25.508358336070884,-18.63053599259321,-6.877822343477675
-5.673301364823382,-2.8330455402750943,-2.8402558245482874
-9.785688413557823,-9.839964692830662,0.05427627927283929
81.41780287805756,80.78174762116355,0.6360552568940108
42.57892853395925,42.20844064047547,0.37048789348377653
84.50349692577409,82.95770792620621,1.5457889995678755
23.206514501181147,22.45103320363681,0.7554812975443355
46.18073262621768,48.65679863608474,-2.476066009867054
54.69161169425861,56.541543976156355,-1.8499322818977433
-1.3155222571409873,1.4388902939901982,-2.7544125511311854
84.06202332242948,84.06456217343164,-0.0025388510021571165
17.769191125637416,18.17590777571843,-0.40671665008101243
65.5066263246795,70.38486114397818,-4.878234819298683
81.01244850831866,77.94665047637935,3.065798031939309
5.321827750771787,3.9316419189130443,1.3901858318587426
71.29003953902594,70.1097665956699,1.1802729433560444
75.82566556800602,75.19744481827334,0.6282207497326766
56.893747499989104,56.15215190289878,0.7415955970903241
73.63384683544841,74.03663751943168,-0.40279068398326956
42.635590475875304,40.33052032776092,2.305070148114382
13.050217355209202,15.973611896720612,-2.92339454151141
74.29482474938206,79.64061388228147,-5.345789132899412
45.518915064853346,51.71080079298933,-6.191885728135986
70.2851807774244,72.30511670924565,-2.0199359318212515
49.455780106230016,52.70025183151558,-3.244471725285564
32.269991709409595,36.22070891278834,-3.950717203378744
78.00271971706267,75.8795542786944,2.123165438368275
32.970588238178735,32.09802884734084,0.8725593908378926
45.9510835510893,42.95938875879522,2.9916947922940764
13.966525104216664,17.81569781251595,-3.8491727082992853
56.803099225127994,58.50211132784192,-1.6990121027139224
-11.184229957598129,-10.987664430091016,-0.1965655275071132
64.60910209650349,65.51235035683354,-0.9032482603300451
62.35060722600005,56.8527532518586,5.497853974141449
44.68820347015364,40.06395628819588,4.624247181957756
54.401375626272326,56.06332739691472,-1.6619517706423963
24.211221756387452,21.337399983083387,2.8738217733040656
42.12463270407874,40.920411216727324,1.2042214873514183
56.03782898960612,58.90560402834293,-2.8677750387368093
26.678215990215897,29.88176107912571,-3.203545088909813
56.32324444169069,53.73161497486449,2.5916294668261983
-30.485531395307248,-28.682335639155,-1.803195756152249
16.254245812962644,11.261044754467534,4.99320105849511
0.23957080400661823,-2.531372077596245,2.7709428816028634
50.021008196978144,53.759572300049754,-3.73856410307161
-23.557819618201645,-21.342729815926972,-2.2150898022746723
-7.68167908165594,-0.643777138706028,-7.037901942949912
39.54236327637297,37.58865337956902,1.9537098968039501
22.352044830178578,29.56620833563491,-7.214163505456334
34.47068727950726,30.27556632855655,4.1951209509507095
22.436105556243785,19.941113458446722,2.4949920977970628
56.90449372689556,54.99557538121516,1.908918345680398
41.257227846090515,42.496380870360014,-1.2391530242694984
49.15500085286431,50.83467557633425,-1.6796747234699367
-30.43745827086828,-31.875856776485406,1.4383985056171262
28.67870733362201,28.699807661848027,-0.02110032822601582
43.473288959537705,43.12898779628557,0.34430116325213334
24.90432198398996,24.976504161061058,-0.07218217707109886
-14.414504860195029,-11.005894978521908,-3.4086098816731205
-20.41919297140774,-22.890678693944253,2.4714857225365137
52.22215567981119,57.0317999202551,-4.809644240443909
34.97507800056261,33.321654358112255,1.6534236424503561
78.73466076065482,76.50500142615428,2.229659334500539
64.5353765423825,64.69886914027289,-0.1634925978903965
39.05535766436506,41.444031968294325,-2.388674303929264
-4.347393886317753,-8.931185640107572,4.583791753789819
49.90574025040667,53.81042633200177,-3.904686081595095
66.12514521466274,54.527690334841836,11.597454879820901
57.02509381285598,57.22095793120914,-0.19586411835316397
54.96563613077599,55.56974109144341,-0.6041049606674207
49.60689098342705,49.2068183471522,0.40007263627484946
57.912434612996954,56.09823469031287,1.8141999226840824
53.01828259622644,57.11484778344651,-4.096565187220065
46.49429097621163,44.30315527490694,2.191135701304688
46.490973071465675,49.517108778719546,-3.0261357072538715
51.08138749397741,50.854902581969604,0.2264849120078054
58.941841077150976,57.55558341672273,1.3862576604282424
47.3417646207314,52.76803432047156,-5.4262696997401605
92.55289487652014,89.39801701571459,3.1548778608055557
41.90690023264591,38.953707805089536,2.953192427556374
42.15299931562065,45.1364129106266,-2.983413595005956
68.32445573398657,70.21165122038495,-1.887195486398383
44.62762752769143,44.31125145208637,0.31637607560506353
9.898087558947584,5.314416347902352,4.583671211045232
69.38465490507788,64.14305942070365,5.24159548437423
33.372999860955844,32.625773268150624,0.7472265928052195
63.91573629066004,59.22455131994244,4.6911849707176
58.95158567248456,62.552493550518314,-3.600907878033752
63.698677855665714,66.34265477344981,-2.6439769177840944
39.11984515188329,35.56150998626531,3.558335165617983
56.093256925791174,58.19719872618681,-2.1039418003956385
80.08532137490778,78.41878856921198,1.6665328056957947
70.15824206730554,72.53418498009438,-2.375942912788844
41.28219182720197,41.256662837426134,0.025528989775835953
18.771735420556695,22.26677478467178,-3.4950393641150868
76.1183307863661,75.89381428492851,0.2245165014375914
53.70035597445823,54.28681754404931,-0.58646156959108
73.01544449300673,71.09103463728793,1.9244098557187925
9.433834514048018,7.4033549844779145,2.030479529570103
67.17925076710566,66.55410634650548,0.6251444206001793
80.8267945715009,76.0367934364643,4.790001135036604
32.55798358893081,29.454390218087568,3.1035933708432424
-2.6270167885872744,-0.36153670128811655,-2.265480087299158
43.902171845863045,43.92744448646508,-0.025272640602032936
16.161727937811918,16.883017750863033,-0.721289813051115
19.826214369673025,21.807650653219056,-1.9814362835460315
-34.93631539470757,-33.03838504223931,-1.8979303524682578
69.02359386170835,72.70429599250917,-3.6807021308008245
55.99370116204126,56.74669339986023,-0.7529922378189653
56.9409655384989,57.443613402713346,-0.5026478642144454
39.302921061063174,37.16827279735148,2.1346482637116964
17.084364579953817,22.068724913014123,-4.984360333060305
74.6621735574232,74.25415362700419,0.40801993041901596
44.16521761255517,46.25447480410102,-2.0892571915458547
53.40775584881231,50.81014165453855,2.59761419427376
17.318025489721823,15.087622248453428,2.2304032412683945
28.82811114356509,24.431686782401826,4.3964243611632625
39.89418065652597,40.21377225801665,-0.31959160149067856
38.275495911197815,37.743108226717,0.5323876844808169
20.791544011099184,21.809015009835534,-1.01747099873635
69.55915653724962,70.9217752204214,-1.3626186831717746
12.490771307769617,13.25874502831654,-0.767973720546923
63.21920067526322,65.87689883990132,-2.6576981646380986
-9.977700539783754,-10.736675436289232,0.7589748965054781
55.145609780203976,52.05944986289834,3.086159917305636
75.06707577650394,72.69550937025224,2.371566406251702
72.58266064291756,77.69281827918013,-5.110157636262571
71.72479074599863,71.78811417014396,-0.06332342414532377
63.815023264741846,61.34893283877149,2.466090425970357
31.474543305270895,31.673868949876393,-0.19932564460549784
43.024639695246854,42.70036269782787,0.3242769974189841
52.29390055643289,52.03229362014836,0.26160693628452947
77.87704509793059,77.79496824693692,0.08207685099367268
55.45035961851167,57.87330758483768,-2.4229479663260136
65.18578521942887,69.16547499173333,-3.979689772304468
55.156263841790256,52.36863860478248,2.7876252370077736
0.037629647856149084,1.767654021529438,-1.730024373673289
10.542960972787668,7.419063185955949,3.1238977868317193
54.463564683951546,53.981813562356514,0.48175112159503186
62.80536079844854,62.09965950111857,0.7057012973299663
30.40189394172149,30.6073664206847,-0.20547247896320897
71.17506990446435,66.54230459591426,4.632765308550091
52.96020512386705,50.075512872785254,2.8846922510817947
35.82509581918621,33.34534228713338,2.4797535320528326
21.361252979889667,16.66248964670632,4.698763333183347
54.91240272977862,55.334538422640875,-0.4221356928622555
90.62562295627782,88.44338629719553,2.1822366590822924
10.883363661642065,15.245543067090793,-4.362179405448728
-21.816843188225494,-17.684871823663045,-4.13197136456245
70.92090028024862,66.26742289601756,4.653477384231053
70.35595425429564,69.78689979266912,0.5690544616265214
37.05857087944585,37.90674494824742,-0.8481740688015691
56.10733119006563,54.865474215348314,1.2418569747173152
-27.20753289532701,-23.343254097241996,-3.8642787980850137
40.23903617200646,43.948068156532436,-3.7090319845259785
57.1086374317137,57.1720764664193,-0.06343903470559553
49.08920324251969,43.659400758649916,5.429802483869771
70.4337180729787,75.08343603900425,-4.649717966025548
42.89628577477587,44.32185725909465,-1.4255714843187803
58.10570045885347,56.638950120607795,1.4667503382456744
28.802411474980246,34.25838776518833,-5.455976290208085
36.75844908483357,38.63838397391701,-1.8799348890834366
41.85597365440178,43.663646573340806,-1.8076729189390264
32.994288053753934,33.98704171077081,-0.9927536570168769
49.154956364996586,50.31823878963209,-1.1632824246355042
47.78901129267394,45.96091084510926,1.8281004475646796
54.82300604170349,56.07208997327958,-1.249083931576088
50.23620360884757,52.70586961986815,-2.4696660110205855
69.19665399075969,71.64049559699822,-2.4438416062385357
-2.932983998372176,-6.137754472135498,3.204770473763322
57.23505806771464,55.686909185053125,1.5481488826615148
39.36862292835632,38.24649603808718,1.1221268902691364
42.6894862930035,40.12698727749273,2.5624990155107668
-20.293967259924262,-20.77196657739995,0.4779993174756889
-32.28013023754886,-30.516804008129256,-1.7633262294196044
49.1124148072603,46.276322677195445,2.8360921300648556
81.43315524934016,82.84329753736228,-1.410142288022115
57.10213577810672,55.67440698594863,1.4277287921580921
28.383747498986253,25.067399548337207,3.316347950649046
17.627080158271788,17.328993045289323,0.29808711298246493
49.48581773151503,48.65083035719224,0.834987374322786
64.66605692520415,65.97383477605823,-1.3077778508540803
-18.199660397830105,-13.93228464879779,-4.267375749032315
52.585084334747094,53.98590424531497,-1.4008199105678756
54.49039728757562,56.475665757948704,-1.9852684703730858
72.83540421501031,67.42492474496882,5.410479470041494
68.67674150611019,69.64667436073086,-0.9699328546206658
2.4271743385501527,5.789331106495851,-3.3621567679456983
61.88905189289572,59.404019626173785,2.4850322667219373
31.8514738846483,33.69432636768171,-1.8428524830334112
-17.64448444397174,-17.408182729248196,-0.23630171472354533
46.76046429146816,44.46889479115707,2.291569500311091
67.60882473527029,68.484637049105,-0.8758123138347145
-7.710753485061846,-13.027491858142739,5.316738373080892
46.50248363737396,40.600207047340035,5.902276590033928
6.707344666381333,14.16902862597496,-7.461683959593627
53.30842562036166,53.843683489462514,-0.5352578691008532
-23.379691891026464,-21.398841889631925,-1.9808500013945398
18.246211944212906,22.613214043636916,-4.36700209942401
55.52687925110141,50.8070525008406,4.719826750260815
28.149444119606613,32.91115073573263,-4.76170661612602
74.45321555104672,69.4283899167071,5.024825634339621
14.911340990049833,9.694054348841462,5.217286641208371
-2.519745572176909,4.0453713974338115,-6.56511696961072
-2.598592808643895,-1.537188748986111,-1.061404059657784
27.570122576436393,28.63222268269908,-1.0621001062626867
63.50694898882795,64.54845385194875,-1.0415048631207995
63.298508728936916,64.81879741799345,-1.5202886890565352
91.26168794780291,88.30470877559233,2.9569791722105805
48.79772325383391,49.307763731131544,-0.5100404772976361
71.64470288687602,72.59482878091501,-0.9501258940389903
38.98323164874975,39.70613179453599,-0.722900145786241
60.2884101085766,63.153010853201934,-2.864600744625335
63.95004333847416,62.30074681551174,1.6492965229624232
58.50101627394724,60.011944220057806,-1.510927946110563
-9.388712239656934,-9.986516371662432,0.5978041320054981
52.529884961648825,51.65088514130146,0.8789998203473672
50.61924596627383,53.403549817517586,-2.784303851243756
34.364645043788364,29.987667754643496,4.376977289144868
38.055663381481025,39.51798268984133,-1.462319308360307
62.20504256363511,55.8183845894197,6.38665797421541
33.655723501945836,33.65932732587166,-0.003603823925821814
-5.0398043761470355,-5.962170352007959,0.9223659758609237
60.54394038653203,55.735441226421834,4.808499160110195
66.29917905505405,66.52326186365481,-0.22408280860075536
-4.752773295941501,-2.9760113746059034,-1.7767619213355976
2.0141082498241167,-0.4074176335833073,2.421525883407424
53.446396237673035,52.757332675092286,0.6890635625807491
62.703397371632825,62.589358215244026,0.1140391563887988
77.36954733706747,73.52026665204397,3.8492806850235013
30.054447870479077,30.209078943852973,-0.1546310733738956
58.092794462260315,61.01490118087323,-2.922106718612916
82.0972944101446,85.91712968028745,-3.819835270142846
41.30958873747649,43.5030193203414,-2.193430582864913
42.764280983830716,43.798109586669334,-1.0338286028386179
70.87684753778896,69.92897243088407,0.9478751069048883
12.70552504495207,12.962220803832537,-0.2566957588804666
54.622788448756296,59.15508041117376,-4.532291962417467
47.96865172965807,50.140527956779984,-2.1718762271219134
76.39626675887209,76.45706432302215,-0.06079756415006443
44.08050982733427,44.45764517120509,-0.37713534387081893
78.11070902656486,79.05377817138569,-0.943069144820825
84.10135371937552,81.50441162098852,2.5969420983870037
70.6785185223275,72.24694395329996,-1.568425430972468
50.7455853004084,52.8730523915909,-2.1274670911825027
58.13318453397965,62.06981086942836,-3.9366263354487074
79.27314249832821,79.18383358151331,0.08930891681490039
71.47749338863831,75.2833779558813,-3.805884567242998
46.69048738649041,47.07691588319633,-0.3864284967059177
62.851846283221676,63.198759820642465,-0.34691353742078945
84.65343888263624,84.4525903637589,0.20084851887733635
54.794957411964496,54.930984242983364,-0.13602683101886726
65.34883661913065,64.51187415231118,0.8369624668194717
-8.441330667612897,-2.596814205545698,-5.844516462067199
35.192522475621445,41.62763814788443,-6.435115672262988
35.71479362042931,38.08937737599671,-2.3745837555674
70.65089403364406,72.63505344950528,-1.984159415861214
33.6429564866092,36.74822570432174,-3.1052692177125394
56.31684155462256,54.400005038921165,1.916836515701398
8.488880134639881,3.9760653531280354,4.512814781511846
51.70259038359273,49.9742966621074,1.7282937214853291
30.710892518948846,29.427672913506953,1.283219605441893
42.15242292601023,41.401837890523154,0.7505850354870773
39.59020915658801,36.61485468074949,2.9753544758385218
46.553693916714614,50.82091877232833,-4.267224855613719
26.037111962890442,27.859123594247833,-1.822011631357391
-2.297394594585964,-0.7816613275108182,-1.515733267075146
-4.103212961584022,-5.036691134606599,0.9334781730225767
52.67418501521079,46.203212320172064,6.470972695038725
80.52524457403658,76.9533331876957,3.5719113863408722
70.1855408354298,70.6937018122278,-0.5081609767979955
14.889333360046937,18.054073120936778,-3.164739760889841
38.756874834551894,35.54730427898875,3.209570555563147
12.390867929007804,11.183110179717161,1.2077577492906428
-8.843118204333962,-5.951193958316068,-2.8919242460178936
16.730467375328708,19.198560967911504,-2.4680935925827967
73.1722757547617,72.08310011337656,1.0891756413851397
48.662307953101816,50.724499366578705,-2.0621914134768886
78.51775491123561,76.5993796894521,1.9183752217835064
67.81560706572012,69.84952789433152,-2.0339208286114
59.71955502791333,55.86064433924075,3.85891068867258
4.093109540230605,-1.6685571923099474,5.761666732540553
53.03228094227119,51.396650159194046,1.635630783077147
51.59954663916474,50.307006172199166,1.2925404669655762
74.10358639968695,71.9217370319623,2.181849367724652
40.05409163600683,44.40519564834284,-4.351104012336009
26.711846177758712,29.650963024035036,-2.939116846276324
31.52014234621791,37.65793396865456,-6.1377916224366516
60.20856823806756,53.87523132249791,6.333336915569653
21.740653895400264,18.245301501641606,3.495352393758658
48.71459715491372,52.15158460253658,-3.4369874476228617
1.4654307526646124,0.02641574509614486,1.4390150075684676
46.09881176274351,55.13454009093158,-9.035728328188071
45.57496218074633,45.39570811005451,0.17925407069182597
56.15736396401896,57.988521580392415,-1.8311576163734529
62.71887507344681,67.2205274831772,-4.501652409730383
25.360400075498756,25.37535425317695,-0.01495417767819518
-2.5611344680406845,-3.6097980316305467,1.0486635635898622
53.02747318136153,53.71851045652922,-0.6910372751676945
27.44387569050612,25.70216973432578,1.7417059561803399
50.795023904489554,54.2611100244395,-3.4660861199499493
49.82146776654818,49.580541275526485,0.24092649102169617
40.687046094196425,45.73335449345934,-5.046308399262912
77.43174983369248,76.1037121186385,1.3280377150539806
60.995030020411264,58.34637220765371,2.6486578127575555
68.99489239295232,62.46357804279007,6.531314350162255
59.230707958298666,53.25550995453319,5.9751980037654775
59.69485680911356,55.281000150856876,4.413856658256684
14.267183781812117,16.502452998153075,-2.235269216340958
47.81924887774894,49.02442461438983,-1.2051757366408893
77.6031365195945,72.91242526172411,4.69071125787039
6.288581442665867,4.679984255791709,1.6085971868741584
41.611945936504476,40.509611205336014,1.1023347311684617
48.26947192456379,48.18694981509246,0.0825221094713271
56.27639504169915,55.15536314912892,1.1210318925702367
56.243036314307105,51.451274813853345,4.7917615004537595
72.00068875694912,71.45502734574364,0.5456614112054723
40.428261352357346,36.75396058314983,3.6743007692075125
50.41486697600951,56.747817096317306,-6.3329501203077925
48.87102811818013,45.63219655646663,3.2388315617134964
15.83739563974574,15.440350207267855,0.39704543247788493
78.13006970457137,82.27821247951906,-4.1481427749476865
-17.05598211973267,-14.833007597531008,-2.2229745222016604
9.924496079808508,9.192406018306457,0.7320900615020509
26.331955204881154,26.50331648749915,-0.171361282617994
31.456038167445982,25.002214783978914,6.453823383467068
-9.775986986512718,-8.817487186574425,-0.9584997999382932
53.78156791407893,50.29647871418388,3.48508919989505
53.46147404873088,57.51123654720558,-4.049762498474699
40.577528917638354,34.80930602822315,5.768222889415206
77.891934372089,75.33451713745846,2.5574172346305346
45.776270998772816,48.08919226281147,-2.312921264038657
37.00199247353948,39.16438936685778,-2.162396893318302
50.86226832625719,44.87651532675866,5.98575299949853
33.46573290394863,31.120625860444804,2.3451070435038233
47.347408653860214,47.70902197716062,-0.3616133233004035
60.99591751950524,66.33525471184845,-5.3393371923432085
71.86946567944233,72.1002068046162,-0.23074112517387846
85.51190426074275,87.43841982968299,-1.926515568940232
61.293069516566746,61.60734978622382,-0.31428026965707545
57.37483451198078,51.29057674053012,6.084257771450659
-25.864245583051755,-21.056199900286018,-4.808045682765737
32.90538909211584,32.97467129506579,-0.06928220294994958
75.30240984061072,78.9146319168589,-3.612222076248173
27.19297367801513,27.76045777131077,-0.56748409329564
-2.8320840091343165,-4.6565406535880385,1.824456644453722
70.40183451299772,71.25222869765885,-0.8503941846611269
44.02031790278356,39.39299963320079,4.627318269582773
16.294003490777584,20.562733241033072,-4.268729750255488
12.653747239572855,7.2178504515990625,5.4358967879737925
67.81920707832853,67.1653551302185,0.6538519481100309
62.81782841213361,60.42888797923999,2.3889404328936195
47.422706732630544,44.888686040532896,2.5340206920976485
72.86616220575343,75.01784480146328,-2.1516825957098575
57.01428452546317,54.511053039365805,2.503231486097363
32.66428934884093,34.22279404810273,-1.5585046992617961
48.76396835888744,45.540487480221806,3.223480878665633
38.48257329887841,36.99548388177726,1.4870894171011457
-8.321982389959281,-10.618770481412312,2.296788091453031
-33.43602064459416,-30.439701712918193,-2.9963189316759653
8.7051347944032,14.723691833716373,-6.018557039313173
24.83928549671954,24.60407922789136,0.23520626882817908
46.84638360904113,46.20236981814173,0.6440137908994004
50.61328541318394,53.37998591993606,-2.766700506752123
55.989422605928745,54.62126912465083,1.3681534812779148
29.973711596097818,31.16877965158595,-1.1950680554881323
39.27720870265083,36.71763296456922,2.5595757380816124
37.47848425232407,38.132388759252045,-0.6539045069279723
62.89767758759491,60.647357428194454,2.2503201594004594
22.100063993899063,26.062265289468513,-3.96220129556945
64.05771620282397,59.080917311969955,4.976798890854013
-5.317075814689374,-2.1668821559888585,-3.1501936587005153
56.01316598077713,54.91332172024076,1.099844260536372
82.31891905467836,78.48202983105887,3.836889223619494
63.9126481652959,62.03838555262595,1.874262612669952
37.97841491332855,35.75904327339249,2.219371639936057
46.99316180694159,45.52275556322026,1.4704062437213352
68.9883969121369,68.30925161523834,0.6791452968985681
53.9648707916373,54.42993906290917,-0.4650682712718677
67.57523801021166,71.69672355842687,-4.121485548215205
77.24087241818305,81.44276074006444,-4.201888321881398
35.8790418904607,37.42629197153216,-1.5472500810714607
32.116643391996305,30.131230753560388,1.9854126384359176
34.63000162059936,37.43497771430217,-2.8049760937028125
28.7741308573555,23.58360004152776,5.190530815827742
59.2724198406857,57.78753905410968,1.4848807865760207
67.2607507314726,69.45862119591936,-2.1978704644467655
47.30603275729293,47.50595727318623,-0.19992451589330074
57.18337473861383,57.66285238713236,-0.47947764851853236
57.01425974982929,55.57446397042839,1.439795779400903
82.03072760037297,82.17156758203109,-0.14083998165811806
52.41813076723907,52.50920860415376,-0.09107783691469251
42.700160453766394,40.45923008293748,2.240930370828913
42.41844160168373,47.27226707406488,-4.853825472381146
59.495890062307616,59.25836870980506,0.23752135250255435
38.843815319683046,40.584755266548164,-1.7409399468651188
41.13909523519744,42.66499466347775,-1.5258994282803116
39.8492855664362,40.75620447994159,-0.9069189135053861
78.85924111187299,82.15149995165133,-3.2922588397783414
-19.507099156507046,-13.466649595272514,-6.0404495612345315
68.37134274249611,61.95858156875569,6.412761173740421
49.564105534160966,50.86408495622152,-1.2999794220605523
57.17414694699511,57.34391632382628,-0.16976937683116944
93.51681418014748,92.19819168118386,1.3186224989636202
83.70848579792758,82.8381691429438,0.8703166549837817
51.08760775963056,47.07132064682882,4.016287112801734
52.871733126857286,53.29103749030551,-0.4193043634482265
-1.810946699164126,-4.967114908479303,3.156168209315177
58.52270220937701,61.30264555104778,-2.779943341670773
67.20279296248013,63.386285097720304,3.816507864759828
-6.943998389649197,-9.66020948539402,2.716211095744823
23.55095900214507,28.15293581758705,-4.601976815441979
-9.958368451754435,-9.22296073200944,-0.7354077197449946
27.359302039330824,24.09337764915088,3.2659243901799435
27.444865023119743,34.48936279823869,-7.044497775118945
74.97057018583195,76.14809982837157,-1.1775296425396249
80.42517819939809,78.22971145388875,2.1954667455093357
28.727079579000893,27.836150440710952,0.8909291382899411
51.98144145799735,51.38406002937476,0.5973814286225902
38.58371211986393,35.596245261257266,2.987466858606666
67.76919489107065,65.59067393700505,2.178520954065604
61.99612893865809,55.52856562346025,6.467563315197836
10.783411702341292,12.543039672450618,-1.7596279701093263
64.94618327157765,67.28246685255183,-2.3362835809741824
58.64309288688965,49.45019042833642,9.192902458553228
33.237082053297705,34.930874393454246,-1.6937923401565413
48.122047077128364,50.92791025645438,-2.8058631793260176
42.43848424069591,40.84294610760881,1.5955381330870964
36.041168915578766,35.13553547940852,0.9056334361702483
27.085574703055542,31.588811898506066,-4.503237195450524
44.074645635199325,44.47052052656154,-0.39587489136221876
33.390732562104674,32.4236565795367,0.9670759825679767
-11.880234508790082,-15.252826696429764,3.3725921876396825
32.19558745346119,32.89005797192809,-0.6944705184669004
53.80451807081718,55.66025711860871,-1.8557390477915305
31.907247965758756,25.150997211655195,6.7562507541035615
55.66318719859488,50.65550968660612,5.00767751198876
63.782637006547496,63.424945096109624,0.35769191043787174
44.548398983106686,42.27680879378674,2.2715901893199444
24.109674559993117,29.928134653579264,-5.818460093586147
46.98931308730655,46.93962133408828,0.04969175321826924
33.43471613942911,32.60154071895994,0.8331754204691748
39.482258132828775,42.402196803694935,-2.919938670866159
44.145247747258246,51.101202651451494,-6.9559549041932485
48.213966565408725,54.23799608102271,-6.024029515613982
46.944115614009704,45.23196892805362,1.7121466859560854
59.75671308179819,56.6595198539613,3.0971932278368897
70.16190616565319,68.68733115348284,1.474575012170348
24.15151782833992,22.901059633826833,1.2504581945130866
7.283194026371099,10.199072150928984,-2.915878124557885
72.31933769086432,70.41919894590984,1.900138744954475
59.39010119481709,60.77466396906167,-1.3845627742445785
38.818074632812696,37.92468352898172,0.8933911038309788
60.42428396051817,61.827899414326176,-1.4036154538080083
55.51901097786335,55.3938947414491,0.12511623641425018
58.83126168329676,58.27725485808853,0.5540068252082264
61.33511517011265,58.52471652128991,2.8103986488227406
59.63482712852135,59.24274389463515,0.39208323388620414
40.087614072556434,38.27676603554573,1.8108480370107074
72.74321014948366,72.7920013989006,-0.048791249416936466
63.53286913036783,58.944649329314046,4.588219801053782
50.62412894572445,50.85878378459106,-0.23465483886661076
47.78272013749198,54.221218302384784,-6.438498164892806
34.39486812919872,35.68844023659179,-1.293572107393068
64.59251386287227,68.26752759716186,-3.6750137342895925
49.51156626939202,50.56829267587065,-1.0567264064786315
58.12951452757602,54.600713236160864,3.5288012914151565
7.959930427676078,4.973335391612622,2.9865950360634557
71.22214785194878,71.68722499540121,-0.465077143452433
32.328616770021284,35.587079351730665,-3.258462581709381
48.08890956905468,45.04329218561592,3.04561738343876
75.2280479101151,78.24319824323783,-3.015150333122733
34.00859294039659,37.05428871677988,-3.0456957763832904
16.99531800600518,22.2824569915104,-5.287138985505219
77.15495171931744,81.06279468209613,-3.9078429627786875
-4.308367981514109,-4.9436722206098125,0.6353042390957038
31.0384389937999,29.699043369749873,1.3393956240500273
66.84753509921741,64.2251506246572,2.6223844745602065
24.474116278615536,24.355518544676514,0.11859773393902273
19.83225460332393,22.887903373398515,-3.055648770074587
65.49635391897115,66.03422104672183,-0.5378671277506726
44.58552317312643,43.59716263332034,0.9883605398060951
78.24500320435344,77.20391526241582,1.0410879419376187
74.70792445000977,78.24459425376278,-3.536669803753014
-3.048335755332389,-3.296039151771083,0.24770339643869432
-7.095470868729278,-7.891907979882248,0.7964371111529704
79.19147160983555,83.25498992683981,-4.063518317004267
73.44672785163712,72.6043199714127,0.8424078802244139
69.57150494945057,75.6105892766397,-6.03908432718913
40.726428517746456,36.419574831844,4.306853685902453
68.55485453913585,67.52793980214312,1.0269147369927225
27.761388843140285,29.301042036342224,-1.5396531932019393
82.73505913747144,80.839191716875,1.8958674205964314
34.02022860046938,39.50737174290812,-5.48714314243874
47.98774268090642,48.79631951556859,-0.8085768346621691
48.10568922144653,49.955644055099455,-1.849954833652923
74.83679641792736,70.76854649279183,4.068249925135532
57.42000663865287,56.97379314861874,0.4462134900341326
69.44203087950987,70.1508412103212,-0.7088103308113318
32.966061437159915,32.68903413899986,0.277027298160057
59.59491930099672,62.886664358422976,-3.2917450574262546
30.519353672831166,29.33774917043145,1.1816045023997148
68.2977422058779,70.17745497612798,-1.8797127702500802
71.77196623031588,67.75471254748447,4.017253682831409
27.114542166451844,29.965477668224963,-2.850935501773119
67.03323409840037,64.33623358079075,2.6970005176096237
52.78216087521638,52.57792389234889,0.20423698286748504
39.55007045939282,41.131044821298104,-1.5809743619052838
-20.535898442842946,-21.332045419947633,0.7961469771046872
63.4235397810108,63.07807150680636,0.3454682742044426
-16.6377577140945,-16.828220487381486,0.1904627732869848
78.81030781228063,76.77963132871551,2.0306764835651165
75.89886836721855,76.8859477231374,-0.9870793559188513
47.909855071713025,47.32470654233536,0.5851485293776619
47.198166379508116,44.67692414984609,2.521242229662029
53.381896497822346,54.905927333791475,-1.5240308359691284
52.664481156433446,51.11179767971087,1.552683476722578
81.23921560446499,78.96979353405412,2.2694220704108687
42.1672109220874,45.236234579392836,-3.0690236573054364
55.9217695273988,52.056681476672004,3.865088050726797
48.75643951131036,46.942509573954595,1.8139299373557662
43.11904564584288,38.035219839006686,5.083825806836195
28.763089273892774,24.254278296884024,4.50881097700875
13.388959692586052,10.826987194164772,2.56197249842128
53.90036036018733,50.29068195354347,3.6096784066438588
61.790561117416814,59.890844982946156,1.8997161344706583
-6.920685576113753,-3.0515475717363216,-3.8691380043774313
29.396204775715237,28.065606100072472,1.330598675642765
59.43477927242055,58.47624771546752,0.9585315569530266
73.1995903219597,69.99953266724273,3.2000576547169715
7.664285428872439,6.336190973428742,1.328094455443697
29.23678007683283,32.23653299986232,-2.99975292302949
27.84398222656869,32.95963719559201,-5.115654969023318
72.24165774803247,69.97115929711545,2.2704984509170174
46.555839569062954,45.540705280123014,1.0151342889399402
58.99873118014079,61.658416652838824,-2.659685472698037
43.00083529292373,44.72413922876612,-1.723303935842388
90.72613895564763,85.06700116948134,5.6591377861662835
16.841550069458297,17.845473094574714,-1.0039230251164177
22.52299448072689,23.64059846206193,-1.1176039813350407
-8.459315913015118,-4.344548758771651,-4.1147671542434665
-4.253337703348217,-5.360288379035936,1.1069506756877185
66.64291010692666,69.29016017771701,-2.6472500707903492
27.650903806046973,31.18335672083893,-3.532452914791957
69.61872493728349,68.82448993734195,0.794234999941537
28.403137011560844,26.91799666864722,1.485140342913624
85.05797334267132,81.50329652617393,3.554676816497391
85.78265786114754,84.43684657125038,1.3458112898971564
24.364669174341966,25.606879658715656,-1.2422104843736896
35.9248578415172,32.568715338646456,3.356142502870746
51.02514752523448,53.74786097858086,-2.7227134533463797
-5.8707951707524355,-3.301655663755028,-2.5691395069974075
35.876750791544346,33.637615792556886,2.23913499898746
1.8636929660674588,4.029963694147639,-2.1662707280801805
48.53629750756759,50.145149149344036,-1.6088516417764467
52.00671998144426,54.80928349836981,-2.802563516925545
62.50022667788375,60.39417045703627,2.106056220847485
2.9725491459112128,9.920140639877957,-6.947591493966744
23.540177386266883,24.752009764996387,-1.211832378729504
69.70778157190469,65.90509778534013,3.8026837865645575
34.6012568112286,32.483334439920995,2.117922371307607
51.76078530168474,52.57017984125425,-0.8093945395695101
20.347298507822526,23.89888247021925,-3.551583962396723
65.72614641728903,63.3732453756982,2.352901041590833
-1.5755385436560863,-1.3638389518420553,-0.21169959181403097
69.45109668163516,65.86222141223115,3.5888752694040136
39.86255219561134,36.262670083050466,3.599882112560877
-15.93708484084662,-17.746429607241467,1.8093447663948474
-5.040780126317883,-7.88565583223226,2.8448757059143768
55.030633008449584,50.30912553042151,4.721507478028073
65.29221989485289,66.98636396370105,-1.6941440688481606
85.52303217818815,84.83572637980188,0.6873057983862623
39.40880776946277,38.84472030917321,0.5640874602895565
45.78343779571101,43.780931230155865,2.0025065655551444
61.13146145663094,58.211883646421164,2.9195778102097734
36.100679417283985,37.99964036782814,-1.8989609505441578
69.49865173274205,74.25211041816569,-4.753458685423638
49.685122397677446,49.53968645379553,0.14543594388191394
71.13533420336452,68.3963165688151,2.739017634549427
17.293250446144235,20.287064482358872,-2.993814036214637
-3.269930238453223,-3.7819862848343746,0.5120560463811517
43.84350350491694,48.202852571160484,-4.359349066243546
44.83810564706325,43.0583703821314,1.7797352649318512
51.60833423546783,49.73766875683849,1.8706654786293413
-13.28337890257476,-14.972259370479804,1.6888804679050438
29.086689416932547,26.119028696110504,2.9676607208220425
48.416466536445675,48.91448777848545,-0.49802124203977627
57.674444988026316,55.33820898196689,2.3362360060594227
71.2672601128511,72.76066614476986,-1.4934060319187523
23.542089495421553,21.14737023994911,2.3947192554724417
77.89050642230221,75.41680838855603,2.4736980337461745
54.60661854654867,55.31524701457102,-0.7086284680223542
70.97861773658548,66.43977844088019,4.538839295705287
40.78437264524663,40.91906590398037,-0.1346932587337406
18.883905185370793,19.9980925975739,-1.1141874122031084
51.26316289258744,51.76595291876516,-0.5027900261777205
-4.50266909491708,-12.26466583516924,7.76199674025216
-9.661407482808201,-9.88635456926906,0.22494708646085826
29.465226891307033,29.27216270323811,0.19306418806892367
-13.135284515439452,-15.129618050527029,1.994333535087577
57.28703075518855,54.69748831821103,2.589542436977524
28.632055056962614,24.022649298831666,4.609405758130947
85.75829874317552,83.8996296607809,1.8586690823946128
69.12223516645945,68.54464453024488,0.5775906362145662
65.09970983659863,62.8852915036691,2.214418332929533
38.88592926269156,42.37720694322969,-3.4912776805381256
30.584713412839925,33.139579357639434,-2.5548659447995092
56.588940495499045,53.927274786679895,2.66166570881915
50.4710646973385,46.995920889564076,3.4751438077744226
65.89710012766591,68.51704710845783,-2.619946980791923
47.37139302101253,47.27290903651547,0.09848398449705797
13.896309594122542,18.21161091126622,-4.315301317143678
46.73770148466636,51.4154678751047,-4.677766390438343
60.280199867610165,64.87152311249574,-4.591323244885572
47.09665759748379,41.56248291744657,5.534174680037218
44.61197164858919,43.15577616559838,1.4561954829908075
46.85849861765556,50.74045227849707,-3.8819536608415035
-18.575355095287165,-15.139543189773491,-3.435811905513674
8.110045732247038,11.327976294244309,-3.217930561997271
13.23111873515935,15.348797280986815,-2.1176785458274647
77.37710571596939,79.05530842737605,-1.6782027114066551
53.38770248079326,51.15377277258194,2.2339297082113205
33.95146161958074,32.650097449779764,1.3013641698009764
-9.344236958121826,-12.200732201738688,2.8564952436168625
40.7349418298952,41.153856328553815,-0.41891449865861574
63.88962588813939,61.39408945858186,2.495536429557532
73.65157866548135,67.23913024057907,6.41244842490228
62.69256189857482,63.10151907640982,-0.4089571778349992
-1.7962290003589398,-5.9955479908131935,4.199318990454254
60.22715185808607,61.653231836814456,-1.4260799787283887
53.59139399596984,55.34278197648851,-1.7513879805186718
31.932039330946754,32.271357566602504,-0.3393182356557496
48.28847125909735,46.0197984590223,2.268672800075052
48.420781964404654,45.65436099919767,2.766420965206983
43.93612291824832,47.67055898596054,-3.734436067712217
16.50468184983317,18.12400466061419,-1.6193228107810214
42.44642381469597,46.20490057810201,-3.758476763406044
32.521131372680294,34.78445582044779,-2.263324447767495
70.37794587362622,72.31872297441546,-1.9407771007892478
47.29991679713781,42.62007875696024,4.679838040177572
-21.902237874732062,-20.01245049440827,-1.8897873803237921
65.85032591237572,66.87628129617931,-1.0259553838035913
78.86307095750983,71.1985712480444,7.6644997094654315
0.3195109126750246,3.7349688924384026,-3.415457979763378
42.86116227160436,39.96280115234809,2.898361119256265
-18.51972469456398,-15.9928088197845,-2.5269158747794798
70.25133903957298,71.77187991459991,-1.5205408750269243
63.543055763104896,62.46320691942816,1.0798488436767357
62.22821045276624,64.6767776732878,-2.4485672205215607
46.036261272738464,44.400607696100465,1.6356535766379992
-7.40891337102817,-12.1044034806186,4.6954901095904304
42.963941631233695,40.12491331741151,2.8390283138221832
3.1846982346713713,2.8137082523269044,0.3709899823444669
61.63464284751636,62.59128631327847,-0.9566434657621059
53.47389259924954,51.11066457028024,2.3632280289692957
64.32431436623114,63.21490475387937,1.1094096123517687
27.983627774166667,30.975009600827022,-2.991381826660355
61.84837702333104,59.72650159983587,2.121875423495169
52.29916187552367,56.35066656675444,-4.051504691230768
67.25341559433666,71.22846998965535,-3.9750543953186934
38.505505144636686,37.48560420307737,1.0199009415593139
39.58141802601179,43.27631390506571,-3.6948958790539237
-2.9439068715662415,-4.072034414971981,1.1281275434057392
32.32185871568404,32.103578578118785,0.21828013756525166
86.65346095469704,78.53255355894198,8.120907395755054
21.88635144433814,17.858814970573462,4.027536473764677
-25.51858090875683,-21.21999927005217,-4.298581638704661
60.825957051451695,59.256850043024485,1.5691070084272098
-19.985373156859243,-22.882349943465314,2.8969767866060714
-15.343586921092403,-14.562225626099533,-0.7813612949928697
73.95919832793523,70.72396124839038,3.235237079544845
12.685723008060936,13.105187577454075,-0.4194645693931385
45.2759555668734,42.99956370555649,2.2763918613169096
68.47527436557574,63.27381544283645,5.201458922739292
66.39565078289586,62.25259338177026,4.143057401125596
83.29746266582808,78.89122780592487,4.406234859903208
35.178087538976555,36.66507708906009,-1.4869895500835355
6.741705431154987,8.653324863636712,-1.911619432481725
31.33809165046379,31.15912966177433,0.178961988689462
52.25494346136861,47.88509597214927,4.369847489219339
59.485260349918484,62.81353166269308,-3.3282713127745964
34.02366118186982,31.226955541200127,2.7967056406696926
11.01359736518694,14.911139312456484,-3.897541947269545
-1.9892904754308556,-3.7556130104032377,1.7663225349723821
62.09300866686724,59.13953225807332,2.953476408793925
76.26788076144871,76.66521720011563,-0.39733643866692603
50.2363522751539,50.92981296366703,-0.6934606885131345
28.99898711017475,23.594411047604765,5.4045760625699835
79.49163389095155,76.41837670749791,3.0732571834536344
34.547290295678046,32.40466800077047,2.142622294907575
26.403933315305906,32.19457621472144,-5.790642899415531
84.19144427156577,85.50761185154616,-1.3161675799803874
4.088463714672361,1.2741304618545541,2.814333252817807
6.392499598480194,8.6092029731809,-2.216703374700705
43.804388056121525,39.88017131631319,3.9242167398083367
63.45633492405599,57.87146041130692,5.584874512749067
60.8632494760748,57.22371962465571,3.6395298514190912
46.698795440350544,48.12244767816025,-1.423652237809705
-12.583511583662672,-12.891878298207871,0.30836671454519937
57.965054439652974,54.43532588388913,3.529728555763846
37.66119753160156,34.657687815479775,3.0035097161217834
59.72900923669959,58.753318011277074,0.9756912254225156
60.40327074381464,56.22672385670549,4.176546887109147
58.93262299168926,57.525043496751024,1.4075794949382328
55.33580987541532,58.32519458141998,-2.9893847060046568
41.78157779772082,41.907458671742326,-0.1258808740215045
32.76128826229983,29.800188976656855,2.961099285642973
6.765995360508018,2.1994865253669076,4.566508835141111
0.6084310408701299,1.1286738989109324,-0.5202428580408025
70.16657017375472,71.01512979143402,-0.8485596176792995
52.58470503298346,45.80164115585284,6.7830638771306155
72.05428938766208,69.97683011050233,2.077459277159747
59.036499980196226,58.99030518884738,0.046194791348845854
41.14501275962955,41.163306565544886,-0.01829380591533436
-14.01882366351148,-10.576354483514109,-3.442469179997371
43.18460465434199,46.61810134066275,-3.4334966863207583
10.624819679390031,12.371487737877658,-1.7466680584876269
35.0972169209562,34.78946929292272,0.3077476280334821
78.97262616865397,80.92908409721046,-1.956457928556489
65.52524524215895,69.49816027698216,-3.9729150348232167
50.76524112766229,48.75481326274431,2.010427864917986
34.82158766834508,38.49480366326056,-3.6732159949154806
58.54943422486981,59.736459247737415,-1.1870250228676014
38.83190424532532,41.99997696834987,-3.168072723024551
70.9877039260977,68.86805163126449,2.1196522948332017
9.374310195126066,10.125464917297649,-0.7511547221715826
38.08627479318379,38.08409208758303,0.0021827056007595047
22.61645440783977,19.026238793971203,3.5902156138685655
3.299990506267933,7.035004931928555,-3.7350144256606215
70.14070660006038,73.28249189896395,-3.141785298903571
47.46772474181693,46.19430466722113,1.2734200745957978
52.93667243934835,51.96303162876757,0.9736408105807826
68.94279968919497,66.07279002113623,2.870009668058742
94.06744300607029,87.17202813217452,6.895414873895774
28.102000937469363,27.352068275642083,0.7499326618272804
49.008002515402744,51.375165922962054,-2.3671634075593104
49.94315467083209,48.74808114728992,1.1950735235421632
49.4885124420002,48.25252389555608,1.2359885464441192
47.040473020592,43.80760520587804,3.2328678147139627
52.58353175216662,50.28531542253446,2.2982163296321616
49.98692542710983,48.190401955320255,1.7965234717895768
45.0173890977209,44.47055039353344,0.5468387041874578
48.093116040408965,51.860304028428246,-3.7671879880192805
-9.319069057941448,-3.518314602844228,-5.80075445509722
79.21368123885746,78.15559970444934,1.0580815344081174
-7.549739601767438,-7.484993345356543,-0.0647462564108956
74.7050183906942,73.07380557398096,1.6312128167132443
81.94434302656182,79.59269298350112,2.351650043060701
71.78475458813728,69.67318360804472,2.1115709800925515
-20.206582847497234,-17.121902591486958,-3.0846802560102766
51.22719182698812,56.47377889812419,-5.246587071136069
-11.0544758899572,-17.714753626590777,6.660277736633578
29.160128584062875,34.09239446020945,-4.932265876146573
46.97969716326232,47.9644533614449,-0.9847561981825805
2.697192732868096,5.934692733870563,-3.237500001002467
36.06234343254026,41.81590926824945,-5.753565835709189
-8.148467751621258,-5.788745152295988,-2.35972259932527
62.884559027348324,59.38582391276237,3.498735114585955
52.47665164303507,55.75702879358257,-3.2803771505475012
63.545963888971414,63.61209081815096,-0.06612692917954632
45.85720218566256,54.04037371719538,-8.183171531532821
95.48053702513849,94.10709775172224,1.3734392734162526
34.99277607263569,32.18348128497216,2.809294787663532
22.56077358010443,19.906552444901294,2.6542211352031373
48.307488823092136,45.01608419094103,3.2914046321511066
28.525464522295994,33.934217329725726,-5.408752807429732
37.43104151560836,40.515843875429255,-3.0848023598208982
6.188978529769739,6.880582567708146,-0.691604037938407
40.5551417513077,41.05384045160008,-0.4986987002923797
8.438844245314769,8.8872083905529,-0.4483641452381306
61.99280469066218,68.30112898029265,-6.3083242896304625
49.299318190136475,52.3336123235119,-3.0342941333754254
30.817583766703713,31.89447273587004,-1.0768889691663261
51.686246041627086,47.672526201391356,4.01371984023573
52.89040631019563,50.28396264559165,2.6064436646039795
66.9874046773519,64.29834844789735,2.6890562294545504
81.34085272844361,79.79411672930824,1.5467359991353646
51.987801851804946,48.44669775937962,3.5411040924253285
-5.7725986063673345,-6.0872353828792,0.3146367765118656
-25.466934542916416,-27.460513182260954,1.9935786393445376
20.853604190645928,21.199626850824046,-0.346022660178118
15.035184475116724,18.013023830457456,-2.9778393553407323
21.799267529796932,22.51572775151658,-0.7164602217196467
66.23535560186521,72.49654484214392,-6.261189240278711
54.94798461447657,54.42797935782318,0.5200052566533842
32.13922169379637,30.164167722962432,1.9750539708339403
54.938538511801255,58.20708857602949,-3.2685500642282364
40.6358143984331,40.77400518908227,-0.13819079064916906
29.349195797749726,26.8061584477543,2.5430373499954264
60.00856181323308,65.07965114625912,-5.071089333026045
37.733437021197915,41.836727419501756,-4.103290398303841
43.57384788464406,43.54089998611269,0.03294789853136848
53.24176516805293,53.123915797910904,0.11784937014202512
71.49222745854493,71.79552739977449,-0.30329994122955384
78.18190503951374,77.10933632634469,1.0725687131690478
75.84973629449311,80.01208949353665,-4.162353199043537
57.69313647398201,56.20577695098316,1.487359522998851
54.47352937063857,57.0979676176043,-2.624438246965724
38.728173815113024,42.676495402513545,-3.948321587400521
63.52041920651326,60.41599770910913,3.1044214974041324
71.10600993766714,69.89885059714003,1.207159340527113
74.88114173903614,76.96437386733497,-2.0832321282988318
42.8467670180577,42.365466979419345,0.48130003863835213
85.96240045680125,83.1189006301336,2.843499826667653
44.23228030134601,41.9309764668632,2.301303834482809
51.27859546050374,51.90928259160447,-0.6306871311007356
90.57158067512006,87.31227973894684,3.2593009361732186
-0.4239947600034135,-3.0433614151141484,2.619366655110735
26.19886374503449,24.84236740621212,1.356496338822371
73.72159295126613,75.51316996307932,-1.7915770118131888
62.86029185832032,62.734821881118265,0.12546997720205866
55.77081742638469,53.2293175327602,2.54149989362449
31.6811467829233,29.786448384005226,1.8946983989180737
22.350920711941217,18.970640181842626,3.3802805300985916
-9.20660569541737,-5.23156771725543,-3.9750379781619394
64.05189924841345,64.78526148606889,-0.7333622376554416
23.445890793644605,23.42971101572735,0.016179777917255223
67.38792242655173,66.37789937777316,1.0100230487785637
43.56683788189307,50.372634153887745,-6.805796271994673
17.749717970957605,15.642553384901959,2.107164586055646
42.0612333518236,43.36519704633529,-1.3039636945116868
19.067249452846735,18.15932320777857,0.9079262450681647
84.78021889214922,78.6597319471415,6.120486945007727
67.27668680098112,68.67266305128513,-1.3959762503040025
44.83489043415368,45.630728568840354,-0.7958381346866759
39.90446582511388,38.12235953957937,1.7821062855345104
-5.418031467242888,-10.039913267514677,4.621881800271789
47.78655449017701,42.1819030816968,5.604651408480208
49.50493482066967,53.676382233098465,-4.1714474124287975
47.6898042388197,52.054061916479306,-4.364257677659609
54.60215157143652,54.44323487361604,0.15891669782048012
66.39501250676015,65.57815592119694,0.8168565855632153
13.443795036727835,18.43892488164134,-4.995129844913507
61.31393132491022,59.503056461930065,1.8108748629801568
11.776402980067123,15.213321679628208,-3.436918699561085
18.89150673667355,22.827428697456,-3.9359219607824514
70.6344397066544,68.06707732394395,2.5673623827104564
7.700175744363429,9.538182260664698,-1.8380065163012684
97.37926768392522,93.39571800203169,3.9835496818935354
-4.769388024768723,-4.382952467627021,-0.3864355571417022
-14.304338931140535,-16.890013254747373,2.5856743236068382
6.029946633397758,8.00704268031835,-1.9770960469205914
20.678405958450703,20.56837060643157,0.11003535201913195
70.61077689407641,69.79013829004441,0.8206386040319984
64.56018752757363,60.67404629806735,3.886141229506279
5.733433139731134,7.273642117830562,-1.540208978099428
0.6046092243481587,-2.149628188551361,2.7542374128995197
55.25422857168794,56.41125815136054,-1.157029579672603
17.99546248264779,18.09379394637081,-0.09833146372302082
56.267906150562276,50.83571381954226,5.432192331020012
68.16993366047265,67.62904318099933,0.5408904794733189
23.425804949803073,26.631687443129934,-3.205882493326861
77.47962252941386,73.91682795389168,3.562794575522176
41.14820531350964,39.65443286403935,1.493772449470292
83.20209569702335,80.27626307155195,2.9258326254714007
79.31519020852629,78.95566426754861,0.3595259409776759
72.7367979839245,69.80792503570879,2.9288729482157123
-5.863278958242672,-3.8820130735199285,-1.9812658847227436
68.02365070837178,70.72797954522665,-2.70432883685487
68.19848522398404,67.98694114979213,0.2115440741919059
88.22159873009787,83.88897477593835,4.332623954159516
67.89487386219538,68.43891993749033,-0.5440460752949434
10.943805892054211,13.389302160807134,-2.4454962687529225
60.435848015426465,53.406682698819864,7.029165316606601
76.12556006915398,72.89621924149603,3.22934082765795
68.19585909336256,71.28238544856458,-3.0865263552020252
64.19027385605618,60.80745168213629,3.382822173919891
40.12220211319611,34.59588326376985,5.526318849426261
40.80182557785507,37.46837103465424,3.33345454320083
25.273752412961343,24.12003541663067,1.1537169963306724
62.7637683189361,60.65177892530082,2.111989393635284
44.603564404508234,47.211886162411936,-2.6083217579037026
-3.8706336570352966,-0.5235349921636612,-3.3470986648716354
67.66836383680786,70.27184174903184,-2.6034779122239797
53.808932064435396,56.708916398144545,-2.899984333709149
59.84576194039237,58.4790879551463,1.3666739852460736
60.14818980693883,56.928567290043716,3.2196225168951145
-8.715351763785362,-6.3494315410691655,-2.3659202227161966
42.48477674339976,42.90944659343881,-0.4246698500390451
58.547129043453985,57.27530972119036,1.2718193222636245
17.014034828985118,19.440187689673067,-2.4261528606879494
12.19808919164626,11.742851857617154,0.45523733402910516
70.32012413539563,65.83898919861053,4.481134936785097
31.409384025285856,33.984348574970824,-2.5749645496849674
25.635877862367185,27.699751503512886,-2.063873641145701
51.23168882028703,43.983357902749155,7.248330917537878
42.24306290547679,42.34632123623516,-0.1032583307583721
46.883106582706276,52.19968291457543,-5.3165763318691575
49.62185774996454,50.06883913043807,-0.446981380473531
27.196209783429257,29.152526964744368,-1.9563171813151108
-18.244372633620827,-21.734920387580914,3.4905477539600867
24.91629639166103,27.14785098984605,-2.231554598185017
48.09800997149401,54.17360960631282,-6.075599634818815
43.978705116168285,48.46495436429873,-4.4862492481304415
66.25618395947711,65.39210031489051,0.8640836445866
-14.36982289112596,-12.623438089911147,-1.7463848012148127
64.50227958878537,61.78028175891716,2.721997829868208
70.19397187053269,71.73397553914252,-1.5400036686098275
44.77105610391286,46.681105066539686,-1.9100489626268242
-7.147437050811232,-5.542406026114577,-1.6050310246966548
31.39426317406614,28.604604375927167,2.789658798138973
67.25596823348256,66.41850124711013,0.8374669863724336
40.90396841611167,38.68021304727244,2.223755368839228
56.97921771628782,58.034844653351314,-1.0556269370634936
102.50404052321969,103.53150841355198,-1.0274678903322894
48.70361700225329,48.72035400204701,-0.016736999793721452
66.052750843894,65.85890155486055,0.19384928903345156
48.72239154644551,46.88025733423097,1.842134212214539
43.60435295393545,46.28422713650123,-2.679874182565783
65.85377176309692,63.67909241322492,2.174679349871994
-13.584009871009943,-15.61315380518191,2.029143934171966
50.941143735023246,52.190335897352796,-1.2491921623295497
86.22784458957058,79.30716543291828,6.920679156652298
37.32159050092312,41.681289767444795,-4.359699266521673
35.42138803155997,37.18141968120493,-1.760031649644958
67.61331550157512,64.47742749186182,3.135888009713298
52.060584146594934,55.903017542047394,-3.84243339545246
73.83128562973488,72.13156702022246,1.6997186095124164
85.76558897644104,83.49841527208287,2.2671737043581714
56.38217081624856,56.45550466726967,-0.07333385102111123
80.7063121676439,83.4849232897975,-2.778611122153606
69.56992016198915,67.32370871617539,2.2462114458137563
68.19390546978383,67.25908950050876,0.9348159692750642
14.20748213301917,18.047010387995442,-3.8395282549762726
22.382629516423698,27.8484998552523,-5.465870338828601
49.640300723447545,51.91698883982423,-2.2766881163766826
30.095965052603642,34.24999857024251,-4.154033517638869
79.33043669173799,79.9608902493804,-0.6304535576424115
33.67628269230489,35.45489213719512,-1.778609444890229
41.25979907902877,41.96225022651518,-0.7024511474864141
-18.318914790174063,-19.67966228484221,1.3607474946681464
34.7960251165212,31.409745807562004,3.386279308959196
37.459771521077855,28.481432860067244,8.97833866101061
66.91092231450443,67.64347003127001,-0.7325477167655805
62.83285184078621,58.667410633959825,4.165441206826387
47.8617975856576,49.76499081023643,-1.9031932245788283
-1.0715747505416613,1.3983590190089359,-2.469933769550597
36.14186954842285,39.11530521114874,-2.9734356627258904
76.3391957824129,77.60417267282651,-1.2649768904136067
-0.9327798370426477,-0.20892547104131154,-0.7238543660013361
51.562162822860245,54.072204186111485,-2.51004136325124
84.91845465245878,82.76235279228928,2.1561018601694997
73.76925138400742,71.86680311150096,1.9024482725064615
52.64443751193367,54.57171772789202,-1.9272802159583549
57.21294977828879,60.877241724341545,-3.6642919460527565
53.34129561869357,52.23216750356234,1.1091281151312344
59.13535600479966,55.1055779589712,4.029778045828458
70.05593405430689,72.49509883412783,-2.439164779820942
63.281132751250645,63.39347575952866,-0.11234300827801746
56.16611090553669,61.323313148003436,-5.157202242466745
79.23496228564548,71.20201107679695,8.03295120884853
-9.453339716103379,-12.899770615557529,3.4464308994541497
71.25644580339443,73.38587963235427,-2.129433828959847
-4.858416320116999,-4.892774279577097,0.03435795946009801
-18.74164425520451,-16.860789467952458,-1.8808547872520514
62.68344803148266,68.04671285946046,-5.363264827977794
24.22168260575174,24.102643889238294,0.11903871651344744
61.457230829210125,65.79065587215649,-4.3334250429463665
84.82412298582581,85.95813476718914,-1.134011781363327
-14.70741036942441,-15.299741834363132,0.5923314649387219
28.478412885931824,26.166953904711605,2.3114589812202198
29.868728472905516,27.511368790658594,2.3573596822469227
71.96649059461527,73.48488758552,-1.5183969909047335
56.36188869699953,56.262923504288366,0.09896519271116233
36.47567718909286,38.43803874659695,-1.9623615575040887
67.22236420831591,63.283348882055904,3.939015326260005
-9.631523097147944,-10.259420952288082,0.6278978551401373
60.2104677598316,55.04704446568187,5.16342329414973
50.56123243620995,47.63867245618199,2.9225599800279554
33.16369663236308,32.88219456595287,0.28150206641020503
52.854729876103875,51.387339477761216,1.4673903983426584
71.28093890517098,65.68249173356753,5.598447171603453
13.19406332971492,10.34910654142675,2.8449567882881706
48.295496425789665,50.62045647220073,-2.3249600464110642
30.00355116114663,28.418125654366236,1.5854255067803926
77.98483072578063,76.0283157975696,1.9565149282110212
66.86433664013082,65.67305972422889,1.1912769159019234
47.8485951962052,50.224013852857496,-2.3754186566522932
36.921698186442924,37.082363276535034,-0.1606650900921096
65.64879714962,62.40639156647136,3.2424055831486314
17.57650994849837,22.756319494902144,-5.179809546403774
81.04788276323546,80.67105121625563,0.37683154697982957
3.8544865419930927,9.633884394745138,-5.779397852752045
46.8750007586193,48.45859010292744,-1.5835893443081375
12.315413942174446,17.65444997790523,-5.339036035730784
-4.559780761328561,-4.617800195035954,0.058019433707393375
-6.324727474341355,-3.113361593754348,-3.2113658805870067
53.436995597027504,57.13672041685717,-3.699724819829669
88.01116953433396,84.47950412088045,3.53166541345351
29.03155055497911,28.139684139280803,0.8918664156983063
65.51389657461226,64.8086262327451,0.7052703418671626
59.700642546541495,55.03086314272574,4.6697794038157525
77.9282097703206,76.57112418452743,1.3570855857931718
61.925308085621616,60.16435596196591,1.7609521236557057
41.671403075279855,40.330932735373864,1.3404703399059912
70.42358008189325,68.48444830814556,1.9391317737476896
53.74352742621392,50.760130418426016,2.9833970077879073
52.79456380005175,52.102140489349416,0.6924233107023312
40.97683662802942,40.92310303597804,0.05373359205137973
84.13279116622137,81.98596306296855,2.1468281032528154
57.535030137333834,56.684677096849526,0.8503530404843076
54.56253289120094,56.03377819753494,-1.471245306334005
61.899101710419494,61.984147976538,-0.08504626611850341
59.36215007203883,61.438362862453985,-2.0762127904151555
81.02246528113974,76.7332518634614,4.28921341767834
80.43873757564722,77.76598510793383,2.6727524677133943
72.28932734764173,71.44981475431172,0.8395125933300136
90.54307951176416,82.34825096894264,8.194828542821526
55.465935550887124,57.23906727200247,-1.7731317211153481
64.29748289377291,61.63921919879364,2.6582636949792686
10.650105041165833,7.784155599470452,2.8659494416953812
20.223913482451707,18.142562688413847,2.08135079403786
2.2395072324832714,2.9189767838503684,-0.679469551367097
46.637873778699785,47.416943178070994,-0.7790693993712097
26.128348849862924,18.828227248178834,7.30012160168409
56.944514387995355,52.82067856741757,4.123835820577781
3.381690499968311,2.4025094876294304,0.9791810123388807
13.922592498115371,20.034485938770118,-6.111893440654747
59.842147794695094,62.13279844948466,-2.290650654789566
65.60433462019523,65.20838145706409,0.39595316313113926
-8.80947552824302,-10.083754288353774,1.2742787601107537
59.9571116326585,64.16720376444007,-4.210092131781572
63.46208455425611,63.088762445262745,0.3733221089933636
76.23351743436841,74.38236435615794,1.8511530782104728
40.36226658975334,39.61928234457535,0.7429842451779862
72.9180835653692,70.417443573417,2.500639991952198
57.74241060355537,53.785186516947576,3.957224086607795
49.574191720851665,41.67358938983221,7.900602331019456
48.225349324251894,50.105493551037654,-1.8801442267857595
26.891505653599133,31.315897264953023,-4.42439161135389
31.099169239348754,34.165568807075815,-3.0663995677270606
73.1985098401694,68.31505421676636,4.883455623403037
47.823621567574165,48.7381137650133,-0.914492197439138
35.740589775104375,41.397298420913906,-5.65670864580953
51.44286151432629,53.382342564544686,-1.9394810502183972
75.87564151785024,75.35480205257504,0.520839465275202
21.745320993924125,16.44945004913268,5.295870944791446
10.40834386467248,12.167192236957163,-1.7588483722846835
71.41360800412154,71.88326654570942,-0.4696585415878758
63.52661122109949,61.28062634176673,2.2459848793327666
53.354493712975646,50.18640220429401,3.168091508681634
65.73296523586507,62.634495751168956,3.0984694846961105
22.32971132821978,19.997207162768646,2.332504165451134
6.790062435204884,8.971106917194106,-2.181044481989222
73.56557892703803,74.47420639266713,-0.9086274656290954
39.34144799344884,37.6634162117281,1.6780317817207404
76.29538289837333,72.29545800999601,3.999924888377322
38.18732481584254,37.36026004810169,0.8270647677408434
31.199348539237285,29.328420187805634,1.870928351431651
66.25967393195522,71.30666371949357,-5.046989787538351
61.99892785026891,68.04912348917041,-6.050195638901499
48.79153685746121,46.08331249872506,2.708224358736153
22.799993186151898,22.172102279328968,0.6278909068229304
54.951328286861575,54.33542535553041,0.6159029313311635
45.054593215802875,44.93161774201433,0.1229754737885429
77.94738180794829,79.9265795332953,-1.9791977253470066
37.315300812617394,38.57343551565525,-1.2581347030378538
25.72019104498207,29.73146582724047,-4.0112747822584005
40.802702244667245,41.89880678944127,-1.0961045447740219
21.485259127105632,22.34585479331757,-0.860595666211939
4.228293969482461,4.123143687742598,0.10515028173986352
82.60121327153604,81.39830339034275,1.2029098811932926
60.67190372904863,63.72231606075566,-3.0504123317070295
43.603591870324976,43.781075313356396,-0.17748344303142005
84.33908638988844,82.24964246418764,2.0894439257007917
52.44021031904129,52.149567577506424,0.29064274153486735
69.49621513881966,69.95657904773054,-0.4603639089108782
10.276045999430197,9.001762011917222,1.274283987512975
36.20547506950037,40.82566189720358,-4.620186827703208
25.76414118664359,24.79389261961856,0.9702485670250312
56.6952309727288,55.28674202068325,1.408488952045552
72.99639869352733,70.28955740350266,2.70684129002467
11.476500405783305,16.1641644986088,-4.687664092825493
72.35994049489685,71.59948400994762,0.7604564849492306
23.32156904548987,23.249370961666656,0.07219808382321347
16.32267282148691,18.154440265989464,-1.8317674445025531
-7.1969154647032,-8.261925022716568,1.0650095580133678
73.64861865323287,74.77426691603783,-1.1256482628049582
47.58191091882406,49.35453194918301,-1.7726210303589554
42.73960320998651,47.56534745356992,-4.825744243583408
47.604697794323975,54.36498611654522,-6.760288322221243
41.151103523632045,40.226560414640005,0.9245431089920402
-3.643998201771791,-4.3765312428596275,0.7325330410878363
71.76787401617638,70.75323265451519,1.014641361661191
68.49945547408798,68.45211704398697,0.047338430101007134
48.80191536645472,46.36056071053361,2.44135465592111
31.723944709908352,30.200630352219946,1.523314357688406
77.52179191858991,73.06786898929545,4.453922929294464
43.80435819320341,41.34380131413802,2.4605568790653933
66.5352196411665,63.8636816183581,2.671538022808406
65.65849848741686,63.01102711016502,2.647471377251847
35.50956258645635,34.36586712565091,1.1436954608054393
13.526941195678088,18.78072877854615,-5.2537875828680605
4.605032394094671,7.3039735937438905,-2.6989411996492194
72.65504951152093,71.53469780560215,1.1203517059187789
69.03269347510347,66.63049139663678,2.4022020784666864
61.67857185307486,59.80101233683081,1.8775595162440482
55.60384532316972,54.60893259906532,0.9949127241044025
23.236017171559137,21.934065576871504,1.3019515946876332
22.760801629105366,20.5218903426926,2.2389112864127654
56.379936614452944,59.40427894362977,-3.024342329176825
66.38941046604222,63.73895941701794,2.6504510490242836
79.65190718687039,75.60923420787152,4.042672978998866
-12.34443659955404,-16.309079850247002,3.964643250692962
59.81453553684847,64.19041960856882,-4.37588407172035
74.54655213862067,74.75851913912786,-0.21196700050718675
13.75537259357927,14.132330368631159,-0.37695777505188843
72.30498635056671,72.44121951789899,-0.13623316733227853
-24.53418529001344,-25.680451273581156,1.1462659835677158
26.158285821739515,27.533452779851544,-1.375166958112029
7.899144591515437,4.699875106232895,3.1992694852825423
51.4233412164511,43.739692529663536,7.6836486867875635
-30.17934685284704,-27.065993411008023,-3.113353441839017
33.612826431736984,35.78280705617004,-2.169980624433059
56.61315978340725,54.75985895361266,1.8533008297945912
5.076901309556934,3.249278653725227,1.827622655831707
67.44936864434545,65.1191733758202,2.3301952685252587
35.90666260270552,38.7964956666404,-2.889833063934887
78.60295599861804,79.27052773846896,-0.6675717398509136
73.16863150292863,78.23794976504917,-5.069318262120532
53.673748583651125,55.135499851134604,-1.4617512674834785
37.66961723439057,35.86447812478099,1.8051391096095841
14.485094061662265,10.995706353117612,3.489387708544653
34.66130387666942,40.017992429187466,-5.356688552518044
35.924952326659294,43.37242537961869,-7.4474730529593955
37.439641216177854,40.55509858157637,-3.1154573653985125
28.586168029698953,21.69411084211849,6.892057187580463
32.9848120426846,36.5562939911476,-3.5714819484629956
36.25070671806272,33.413991166236144,2.836715551826579
47.68627753883062,48.37336170750831,-0.6870841686776856
56.22400749526288,53.273470805285775,2.950536689977106
32.923196426839,28.427394807181386,4.4958016196576125
67.84920729549643,71.0893358234465,-3.240128527950077
48.76338850421395,46.309969897784136,2.453418606429814
65.85521009245127,68.22258751166888,-2.367377419217604
76.39686831156673,82.66761404454205,-6.270745732975314
84.70323824940479,85.56045967221071,-0.857221422805921
55.5703062659964,53.05415764904918,2.51614861694722
53.4398762526415,54.442750313595944,-1.002874060954447
0.7822942351169324,1.5596837660254153,-0.7773895309084828
-9.80630749995029,-7.186349052332204,-2.6199584476180853
43.85153354022299,40.97239860555046,2.8791349346725283
33.80641214953162,33.35078788325181,0.45562426627980557
60.34795543818479,58.06307518076746,2.2848802574173277
72.72801086931742,73.13473672960765,-0.40672586029023705
32.23357906005574,27.00679042966415,5.226788630391589
19.17331210746297,17.32592577590073,1.847386331562241
42.20273139994086,40.60270860953972,1.600022790401141
40.92577949269026,38.68054617080776,2.245233321882502
34.655959849984896,36.863083231105236,-2.20712338112034
74.72611644630972,74.38995746499364,0.3361589813160748
53.98514198943731,50.82629269624258,3.158849293194727
58.471601132690125,58.446900430045346,0.02470070264477897
42.76163555599997,39.07449538094324,3.687140175056733
50.38633307244448,50.75471216589345,-0.36837909344897213
48.03241334756471,44.073933509239424,3.958479838325289
55.971346503476056,54.502197783402025,1.4691487200740312
63.01842927215681,63.27575369507118,-0.2573244229143725
87.15630218971928,88.83488127611521,-1.6785790863959278
66.59658403734244,65.29784910602201,1.2987349313204248
39.256484992524,35.41278900819887,3.84369598432513
65.81276145320805,67.14953461821986,-1.336773165011806
56.94484857083341,60.48629891785741,-3.5414503470240035
22.625030745700105,28.538580618366993,-5.913549872666888
26.03728942261303,24.43133769331716,1.6059517292958674
59.35683191602757,61.10147686080012,-1.7446449447725456
46.67766011417852,42.34000293599097,4.3376571781875555
22.312391104646004,21.44911128127839,0.8632798233676127
23.86781140661385,26.928042113604505,-3.060230706990655
62.22643456472473,61.07368385059285,1.1527507141318765
64.8154649318546,58.38758062088787,6.427884310966739
51.201452139090684,50.502683017243626,0.6987691218470573
63.14899311522175,64.71704429452058,-1.568051179298827
80.57465099393643,81.09070462106192,-0.516053627125487
48.009749834035574,50.9288019882727,-2.9190521542371286
46.062492831882835,48.16849225224611,-2.1059994203632755
35.33984761391657,35.211060087111875,0.1287875268046932
17.833105394336645,20.80913489260611,-2.9760294982694653
44.46259634310351,39.964830218101575,4.497766125001938
64.68976939266503,67.9692480361172,-3.2794786434521654
49.901843560121264,53.58710631328268,-3.6852627531614175
50.94235320872775,55.04269657832443,-4.100343369596679
21.507430044182996,23.050292370829084,-1.5428623266460875
28.812032942329374,26.654209858888436,2.157823083440938
15.963131387052023,16.46092553708091,-0.4977941500288878
35.50888043573751,35.2042791416896,0.30460129404791303
62.08709424667559,62.361274252154466,-0.27418000547887544
-8.856344933772169,-9.962421548440119,1.1060766146679502
35.89098032079284,33.76734732532715,2.123632995465691
20.234880435046282,15.409686888720884,4.825193546325398
44.46410770457394,46.963350947228655,-2.499243242654714
52.65812460518369,50.420056933072196,2.238067672111491
44.80470514981079,45.669968105969005,-0.8652629561582117
55.04692132490795,54.8114604971321,0.23546082777584587
-20.88134116734433,-25.81039598049078,4.92905481314645
-15.375276156382837,-13.928245397252894,-1.4470307591299427
24.115029340439175,23.844754853602268,0.27027448683690736
17.90691291213301,23.741254571929602,-5.834341659796593
25.14838845019713,22.45772032127988,2.6906681289172525
65.65751643477131,60.55234690632293,5.1051695284483785
47.45193962272679,51.53189982451553,-4.079960201788737
19.39822303682207,20.022989122010202,-0.6247660851881314
72.94535181054165,72.47201815373654,0.4733336568051101
30.477670907961745,26.7204599524144,3.757210955547343
17.506041245983585,18.80227610274123,-1.2962348567576463
59.69259361190647,57.28517220840255,2.4074214035039176
3.9903125155148578,6.841007679142891,-2.850695163628033
46.221190508359186,43.954780633245896,2.2664098751132897
-21.340623607067045,-17.126708784161764,-4.213914822905281
56.338744541642136,59.3036157972377,-2.964871255595561
58.107553481178776,53.00228518868295,5.105268292495829
20.6139816123255,18.835888397179545,1.7780932151459545
53.76009596543844,51.016383767639596,2.7437121977988426
41.331502289202575,43.3270894345135,-1.9955871453109282
82.08608557405903,81.69242714439505,0.39365842966397224
61.084295888587626,64.98219767205774,-3.897901783470111
47.79432795904771,48.987965189427854,-1.1936372303801406
55.445042615307514,59.82186733810272,-4.376824722795206
55.98938383291415,59.30833772855784,-3.3189538956436877
46.43836741881783,48.392170839686834,-1.9538034208690007
63.416941318699386,63.59898662382709,-0.18204530512770134
80.91033843450047,80.35072150826358,0.5596169262368988
50.09933629061885,53.692387856447475,-3.593051565828624
66.65412859328238,62.60596568380056,4.0481629094818175
68.436395688445,66.2912855997973,2.145110088647698
56.12017998104176,55.76600665627099,0.3541733247707697
80.65136546979934,74.4697766271336,6.181588842665747
38.22678471024808,38.39338531271663,-0.1666006024685487
72.71906047406095,67.4708518986682,5.248208575392752
58.143411032263906,57.54080690369096,0.6026041285729491
-0.026436661657328386,-3.3221305424987406,3.2956938808414122
7.784023543095789,8.283143579335018,-0.49912003623922896
42.370944192132924,41.95104914972905,0.41989504240387276
22.472128282416133,22.20628207069538,0.26584621172075273
14.251414306352101,13.807612961935888,0.44380134441621344
64.3362080674933,66.42991067469204,-2.093702607198736
3.980844530816314,2.4861962175133243,1.4946483133029895
42.9244256207494,37.81696685193864,5.1074587688107655
17.992426148428915,20.708174487626195,-2.7157483391972796
-3.1720468253354683,-5.256619652611363,2.0845728272758945
46.62604201850441,49.21262036297999,-2.5865783444755834
39.04556435585642,37.40618403811915,1.6393803177372703
18.289150986008966,17.118235017619156,1.17091596838981
37.23351991198407,36.60933120912435,0.6241887028597191
-1.8406867295025569,-4.8157055413883825,2.9750188118858256
62.74390942877328,62.157437842290356,0.5864715864829222
50.80635184874116,53.112175386592156,-2.3058235378509977
34.61436903220005,33.83452753783986,0.7798414943601912
11.73265642207965,12.351097255316787,-0.6184408332371376
65.34277763573012,67.43631932525231,-2.0935416895221977
66.07350986483515,67.96957306219785,-1.8960631973627073
91.29573358345175,88.05578132215913,3.239952261292615
47.242642125220854,39.72432212132689,7.518320003893962
-20.173548070469703,-18.437426613334978,-1.7361214571347254
6.626931158132801,6.562720229016165,0.06421092911663617
-0.903382333887814,-5.425597501903937,4.522215168016123
68.22558451347565,66.81182377833095,1.413760735144706
51.817920897327866,52.63647254082704,-0.8185516434991769
74.01723846884938,73.80823117658296,0.20900729226642056
57.884567763281126,60.26514851927968,-2.380580755998551
76.79346391159396,78.20545875811175,-1.4119948465177856
70.74778577233963,69.32255449679168,1.4252312755479437
66.75463536792748,63.50829585057321,3.246339517354265
74.78739796707954,76.28685496127696,-1.4994569941974163
-11.633468730446547,-15.448961766157495,3.815493035710949
8.370878592435657,10.962605219568985,-2.591726627133328
-13.296075657974185,-11.24693950339892,-2.0491361545752653
61.18376895392029,60.7911745475503,0.39259440636999443
44.9204973052873,47.045229946195875,-2.124732640908576
-22.997319806023825,-20.00885719648994,-2.988462609533883
66.25407275556168,64.93201917249853,1.322053583063152
66.95522849737225,61.95607156807678,4.9991569292954665
3.9860394813617943,-0.8566728458371102,4.842712327198905
32.84602451008235,33.930699224927224,-1.0846747148448728
33.92367666459659,35.81860448810741,-1.8949278235108196
51.52705844129291,52.32685702930158,-0.7997985880086702
45.72736498172266,45.719317738748565,0.008047242974093649
72.5897812009517,74.09638859578271,-1.5066073948310077
60.91351959030702,61.39364302986573,-0.4801234395587102
32.4191651882186,34.89043733624523,-2.471272148026628
17.149890924141175,15.2806809002618,1.8692100238793756
55.69920013632152,60.430195240113505,-4.730995103791983
73.74120932726639,69.30624164535966,4.434967681906727
88.97608916124234,87.20515169002783,1.7709374712145092
-6.622335104099365,-2.6896860949651114,-3.932649009134254
17.134720953854348,16.76737493515597,0.36734601869837746
58.253991601174484,61.27604374132011,-3.0220521401456253
41.44117942164028,43.8583659808187,-2.4171865591784183
30.76917482440085,27.000791545213445,3.768383279187404
28.177435317688172,27.081210219377155,1.0962250983110167
54.50215441268052,56.232524762369366,-1.7303703496888474
18.56192914616728,22.018862828917435,-3.4569336827501544
45.92797507430468,49.08888770270984,-3.160912628405157
5.984491251283917,8.86465085323023,-2.880159601946314
58.9871416338808,55.994294304532744,2.9928473293480593
57.937718952718186,57.94353556292824,-0.005816610210054307
48.53333000676072,53.81676951898579,-5.2834395122250655
2.778939931362605,1.8813115599555204,0.8976283714070847
26.52852269444025,25.909117082638872,0.6194056118013798
88.95618600156614,89.2626084903506,-0.3064224887844631
23.54977819371691,25.587752295147382,-2.0379741014304713
57.86300645340355,55.57788502880849,2.2851214245950615
-19.827888876323392,-18.84372541902212,-0.9841634573012712
-15.451275376891239,-11.51049556523698,-3.9407798116542594
21.389438256291392,19.39702906726012,1.992409189031271
4.478571714961348,2.8475252666335678,1.6310464483277807
94.39217408168373,88.46544700606778,5.926727075615958
41.84456712593394,41.92045555199584,-0.07588842606190127
88.72185100232238,85.9018562314221,2.81999477090028
3.613488812648919,-0.5289404702307507,4.14242928287967
59.0263691925883,58.07256037692781,0.9538088156604871
58.67540837169642,57.44229466041998,1.233113711276438
56.56698847416138,53.87760054318119,2.689387930980189
41.41142099023619,36.89091277260948,4.5205082176267055
50.34830952983865,48.749614547307154,1.598694982531498
40.47790476725646,47.05647570722704,-6.578570939970575
34.36813070503693,32.486921341498714,1.8812093635382183
3.54318402172027,2.8489348967780046,0.6942491249422655
74.5044198178648,75.0527104015163,-0.5482905836514931
-1.8975570477297996,1.159459970120139,-3.0570170178499385
34.18256828706463,33.62499493367318,0.5575733533914544
66.78408514362097,63.72890562522121,3.055179518399761
36.01754474411156,32.479559577565865,3.5379851665456954
22.847513873564978,25.289395999760885,-2.4418821261959067
58.04478238976609,62.31378046490422,-4.2689980751381285
54.03973145014888,53.04739218789324,0.9923392622556406
58.47197801138604,54.95385642220141,3.5181215891846307
59.046727789548086,56.72888189068223,2.317845898865855
60.784256282795916,59.77932589954792,1.004930383247995
59.898221921307254,66.38960818368821,-6.491386262380956
48.88533366427959,49.24977360608674,-0.36443994180714867
74.98241150984197,73.88698442785862,1.0954270819833454
15.637441497710991,20.808861327248664,-5.1714198295376725
66.56124584278791,63.717084564819814,2.844161277968098
45.42315503303601,46.74145736366441,-1.3183023306283985
59.71274366876026,63.23540016007158,-3.5226564913113165
88.77457433118221,88.45207370181804,0.32250062936417123
76.06630129653279,75.17183032380733,0.8944709727254576
-21.82147129715804,-21.322076757577022,-0.49939453958101865
65.06396081771823,68.51473366358334,-3.4507728458651172
38.51383374558913,39.96261772322305,-1.4487839776339158
63.36916276950828,59.77254650331611,3.5966162661921715
58.0565053507926,56.493553142513285,1.562952208279313
42.85210145018768,35.00478100259255,7.847320447595131
40.40798190499427,39.77800923687857,0.6299726681157054
29.23027607836121,27.813410949969338,1.4168651283918727
32.90282436715626,33.76806332306053,-0.8652389559042675
9.35874232338827,7.711607359885221,1.6471349635030492
48.954576706996114,50.25384014109655,-1.299263434100439
37.25161428403017,35.39518270596976,1.856431578060409
21.415905774208703,22.746901839459696,-1.330996065250993
42.03889298403761,41.6707591567355,0.36813382730210975
37.72125318305623,40.69138559326208,-2.9701324102058564
62.39334962210563,60.83202272353697,1.5613268985686588
38.84683291228831,43.23299635946454,-4.38616344717623
7.651523335838594,6.277546081091415,1.373977254747179
51.225910732751586,51.35284331817008,-0.12693258541849417
49.95800487790143,53.57856523856569,-3.620560360664257
43.15403700663412,42.37816046017855,0.7758765464555708
48.545190869262,47.03828764424855,1.5069032250134526
71.701100055489,72.45108191905359,-0.7499818635645994
62.67258993053632,60.1722047566854,2.5003851738509155
38.91936956940957,37.93268615479236,0.986683414617211
66.50778513590515,67.26987931160318,-0.7620941756980244
46.931836406118656,45.60095244732217,1.330883958796484
53.75288524615994,50.28125913625807,3.4716261099018695
63.363200645564206,62.06597020483464,1.2972304407295638
19.779365305529307,16.42042188166495,3.358943423864357
41.51044118115223,44.73144653490227,-3.221005353750037
55.8965312582152,57.03643385124685,-1.1399025930316498
40.67002195757719,38.914366257795166,1.7556556997820252
56.175472108406446,57.32756829222832,-1.1520961838218753
81.33863177415672,79.15909524957218,2.179536524584549
47.60331629096127,45.7553012290402,1.8480150619210676
19.18528464928081,16.499066879864287,2.6862177694165226
32.16369001703579,37.923612150884175,-5.759922133848384
64.03023271631852,62.24682776716358,1.7834049491549422
-30.973780207950597,-29.89183174425189,-1.0819484636987085
30.10111747341366,35.49256316678647,-5.391445693372809
70.0177124863937,68.11882854203824,1.898883944355461
46.16212153040059,46.21526473860051,-0.05314320819991991
86.13510024153855,83.31278948162493,2.82231075991362
8.383299099075481,3.148731112582638,5.234567986492843
69.58306350034104,67.553300872857,2.029762627484047
63.9344578059177,62.14983580925191,1.7846219966657912
70.4257185325745,67.46184877206838,2.963869760506128
65.33011635629165,67.86115227091135,-2.531035914619693
23.15696628180454,23.49187539538768,-0.3349091135831408
67.89577132374058,69.2178275636085,-1.3220562398679192
48.001336057005176,50.58681966991348,-2.5854836129083054
67.20768111957594,70.91456760133572,-3.7068864817597813
69.37169004988351,69.69682020243224,-0.32513015254872357
51.6946780156862,51.51338801532299,0.1812900003632123
78.52102188219263,71.86784516431003,6.653176717882602
39.41093778701034,38.941762089504586,0.4691756975057544
59.471473413593024,56.92121816565635,2.5502552479366756
20.877830607361894,18.673168066609634,2.2046625407522598
-19.015812016822323,-23.362102603717858,4.346290586895535
46.574540413785414,45.864544073531754,0.7099963402536602
-6.452819660434954,0.8905427268537096,-7.343362387288663
50.848501383715906,47.3359468394911,3.5125545442248054
60.47275108052705,60.3997930739549,0.07295800657214357
80.06903707243868,83.25621106177701,-3.1871739893383335
-23.11371869682309,-22.15996899584185,-0.9537497009812377
70.6881115144109,64.76953513686246,5.9185763775484475
44.16457481382663,47.928635652305424,-3.764060838478791
73.61082141518767,71.11670166480978,2.494119750377891
78.14133105046933,82.39833874743009,-4.2570076969607555
30.120503105066376,31.19128150956442,-1.0707784044980428
50.34526455086457,50.49597888416841,-0.15071433330383854
-0.4708195499172283,-3.248611885168515,2.7777923352512865
50.271941596134226,53.511981530761176,-3.2400399346269495
46.614642426135454,38.649157814470755,7.965484611664699
60.87811754439195,64.10883587363091,-3.230718329238961
18.2597439842178,20.987453328744323,-2.7277093445265237
67.49803140265766,66.80496570653882,0.6930656961188362
96.61904635160278,98.19169688337327,-1.572650531770492
57.94893556538589,58.835647005732575,-0.8867114403466871
22.500613278719076,24.356606906728047,-1.8559936280089708
19.697445690810078,22.495399732107416,-2.797954041297338
72.23731615698028,71.7212824059938,0.5160337509864803
11.79816222191561,14.833257419030403,-3.035095197114792
53.661895850023626,59.19003941965575,-5.528143569632121
63.6988596903452,65.65633701371752,-1.9574773233723164
23.030881692343318,24.182397766213484,-1.151516073870166
72.19341355278115,78.04913157175037,-5.855718018969213
42.01766021832161,45.04890514852133,-3.031244930199719
52.26469181030936,48.070610329513,4.194081480796356
83.60515779865544,83.63827906132137,-0.03312126266592941
63.463996403891,64.73737774780804,-1.2733813439170376
51.8015583224708,52.845928414992656,-1.0443700925218593
37.583959067676496,38.03761122027599,-0.45365215259949565
78.51097911863332,81.0888895617431,-2.5779104431097863
48.07596103520746,49.24758380027327,-1.1716227650658055
37.228000885814126,34.331810684340184,2.8961902014739422
29.684888312953166,30.250580933416288,-0.5656926204631212
61.55589003681082,58.95308835616,2.6028016806508205
76.83563010713446,74.81537031793042,2.0202597892040473
42.51258440752183,43.16591420921588,-0.6533298016940492
19.600839198630872,26.557230114415688,-6.956390915784816
75.30771464520072,74.6057570792643,0.701957565936425
35.631031564811295,33.21932900172956,2.4117025630817324
45.631085374122264,46.84703227160328,-1.2159468974810181
20.15882034701817,15.877066507135552,4.281753839882619
21.622393750095597,23.915600007995764,-2.2932062579001666
-11.706804727010962,-14.51929650570328,2.812491778692319
39.26711018083768,45.13809492269725,-5.870984741859566
60.509239694745965,60.176064873061755,0.3331748216842101
53.77472770156051,52.04286113122105,1.7318665703394558
73.78942755591113,69.08611188405345,4.7033156718576805
70.84382906373268,73.03724723719529,-2.1934181734626037
46.2316234804893,45.77477192537346,0.45685155511583986
54.45868638907935,59.11724669916103,-4.658560310081683
47.71669238846623,49.14114025279487,-1.4244478643286413
84.15723107057,85.33305867816583,-1.1758276075958207
46.032767572145985,42.47479475241908,3.5579728197269063
59.495849077294125,59.262446477809576,0.233402599484549
27.13812121914777,35.53383465512253,-8.395713435974763
36.641218669899395,38.796684679099016,-2.155466009199621
53.530507524515485,51.87633929620866,1.6541682283068226
12.551845792559988,11.42783009064786,1.1240157019121284
-11.647935042941885,-8.070593808563203,-3.5773412343786823
60.166905840723715,61.99962765291713,-1.8327218121934123
65.52919982801325,72.0052838517078,-6.476084023694554
42.46630175339996,46.489961526509234,-4.023659773109273
77.9896682815602,80.20520102044247,-2.215532738882274
7.7103672983140665,5.239680552944762,2.4706867453693047
31.318061426072095,32.313682309371615,-0.9956208832995195
46.576272464411296,54.10712657705762,-7.530854112646324
60.406639633078,60.07533639925312,0.33130323382488314
61.832094264017414,62.32114949710934,-0.4890552330919249
-14.83365590863044,-11.602262215376157,-3.231393693254283
29.13316541279304,27.37336107700706,1.7598043357859794
-19.230840696195937,-16.478066426893406,-2.752774269302531
46.72877163612636,50.723318783680675,-3.9945471475543144
58.08091149979301,58.55966555988131,-0.4787540600882991
28.097899617622563,29.5946961614719,-1.4967965438493387
53.741846214337485,52.87751713307631,0.8643290812611752
55.90963463378435,62.9063346849678,-6.996700051183453
82.32156536834982,84.17144105993299,-1.849875691583165
42.652099295825124,38.20200283482084,4.450096461004286
72.57943877933161,71.99350987147686,0.5859289078547505
55.32085099383708,53.00913907710084,2.311711916736236
30.84613777313127,30.96572984622513,-0.11959207309385889
61.36929158582014,62.28571121955907,-0.9164196337389257
33.333766124534094,27.706571110677203,5.627195013856891
52.57359210837874,53.809240420187926,-1.2356483118091859
61.529100472520405,60.48449673963182,1.0446037328885822
17.1595807927545,19.68405667953985,-2.52447588678535
72.38173132161168,78.86420953556397,-6.482478213952291
61.822891821432925,58.45338460531809,3.369507216114833
21.43754099722502,20.824262995713795,0.613278001511226
51.37090954954479,47.89376204465465,3.477147504890141
45.03638223683141,45.298020360821226,-0.2616381239898189
29.658453480617297,30.453235468701394,-0.7947819880840967
81.26002662083232,83.26953391836255,-2.0095072975302344
66.95586859750561,62.05562604231018,4.900242555195433
34.4491475235623,36.98457493560538,-2.5354274120430773
48.31795143733749,47.20750854801305,1.110442889324439
71.58742254749659,75.1977788315978,-3.610356284101215
65.69726348925516,67.36989939712169,-1.6726359078665212
69.71836190728983,63.1979799864788,6.520381920811033
63.40985851181771,67.27021217031833,-3.860353658500621
25.753285920117687,28.37888693815607,-2.6256010180383846
40.26213309890736,50.527315389675444,-10.265182290768081
57.278418950909824,59.75039036501545,-2.4719714141056244
51.87090764593211,53.875637468853775,-2.004729822921668
34.721884164391774,38.01767348186358,-3.295789317471808
37.326017004686605,36.333282374988116,0.9927346296984894
55.44038255036871,60.20260005334504,-4.762217502976327
28.861913277825845,31.0944595796429,-2.232546301817056
13.828330093409361,9.250096248045537,4.578233845363824
49.12373340082538,46.6694947622836,2.4542386385417814
18.60592954010403,18.90038897261347,-0.2944594325094414
13.58995814506957,10.608263919909973,2.981694225159597
25.47484280233356,19.196126606228503,6.278716196105055
37.374145564809794,33.279097641323474,4.0950479234863195
51.11328322218046,51.380922406207276,-0.2676391840268124
64.91335419671498,63.727239078499096,1.1861151182158807
65.81059073219348,68.83261311070996,-3.022022378516482
59.799311682931084,59.514411250204496,0.2849004327265874
23.12307169862187,27.690979112191783,-4.5679074135699125
34.097055112683286,34.18210885431422,-0.08505374163093649
76.25182321110773,73.41676644638063,2.835056764727099
15.25695556222831,17.24188784418193,-1.984932281953622
48.372122924465096,48.490311607737546,-0.11818868327245013
50.18066966788178,49.57993255533832,0.6007371125434631
48.21351721975771,50.357256981689865,-2.143739761932153
60.35205751777543,57.62064147407466,2.7314160437007686
45.07912573593871,46.73620497135017,-1.6570792354114587
23.792670693604258,29.10895204632814,-5.316281352723884
45.629645418534004,50.49719846629931,-4.8675530477653055
44.53814144650199,46.32958728269313,-1.7914458361911443
28.09066161788437,28.095417715495344,-0.004756097610975729
80.22817792797458,80.36185196886296,-0.13367404088837986
58.685093781568135,60.11591626287689,-1.430822481308752
83.46668857021892,82.42507039121263,1.0416181790062922
38.52927645090489,39.69692792961035,-1.1676514787054586
-3.1494415191396583,0.8346817956865209,-3.984123314826179
48.91433740987696,49.600216600613095,-0.6858791907361379
24.340800702528618,23.664058915059982,0.6767417874686359
76.7793117811375,76.39247585051342,0.3868359306240734
78.00211534057803,74.2462511968329,3.7558641437451286
74.46110299750146,72.04503525621703,2.4160677412844223
61.747370607821054,68.21503709442317,-6.467666486602113
10.772649808284287,12.45442217272469,-1.6817723644404037
46.81692491789618,46.7436320076524,0.07329291024377937
54.796368123369255,58.005180411393624,-3.208812288024369
23.069811948528443,25.362043219985793,-2.29223127145735
47.216863128050655,46.14031562452209,1.076547503528566
64.1173408192704,64.62928704240278,-0.5119462231323837
50.397119324446166,53.062692903772536,-2.66557357932637
37.049170923161526,31.93701434042238,5.112156582739146
-4.350430762345202,-1.5555053137660622,-2.79492544857914
62.742144235081994,60.504394505909715,2.237749729172279
29.568423198024217,33.16586722818113,-3.597444030156911
8.210420461289099,9.13052213502067,-0.9201016737315708
27.492234307005745,26.523693880353747,0.9685404266519981
11.446485094339161,8.787439585265389,2.6590455090737724
80.44293601643969,83.27148249436463,-2.828546477924945
54.59054132630174,55.854889944150074,-1.2643486178483343
60.710614521565795,63.59697420899004,-2.886359687424246
67.85907107762118,62.9646616249684,4.894409452652781
61.336607620164315,63.608211739425684,-2.2716041192613687
45.87089773397664,46.36207530943243,-0.49117757545578655
80.09388373011487,81.1133442541021,-1.0194605239872345
19.526071383259975,20.920576798999107,-1.3945054157391326
90.34313138201952,83.82149143305801,6.521639948961507
77.55894496008725,75.69291000371686,1.8660349563703846
32.77360431782905,35.151743186171956,-2.3781388683429086
17.767667850536665,15.599320324954718,2.1683475255819467
70.06597237191397,70.23872982860063,-0.17275745668665365
13.924079632848835,9.396361200953564,4.527718431895272
8.111349991668979,5.839147063587305,2.272202928081674
64.04127277292058,64.19042899454844,-0.14915622162786235
59.71941713789543,59.65268018318214,0.066736954713285
43.191907614378536,47.297594208926874,-4.105686594548338
10.843721419886165,11.004513950884444,-0.16079253099827895
42.80696625136798,42.77903026078086,0.027935990587124593
31.03372666051579,32.5762609534745,-1.5425342929587131
49.68418717949627,48.531131735861976,1.153055443634294
57.74121911648587,56.82115635059987,0.9200627658860014
46.26070384296922,47.51039997932807,-1.2496961363588497
56.7869470605262,57.40173728351158,-0.614790222985377
-24.755682307990817,-20.10717288710073,-4.648509420890086
69.19613692505214,66.28914400390428,2.906992921147861
44.29104457937896,45.736466853452605,-1.4454222740736427
-21.13987304302627,-22.68245092171557,1.5425778786893005
19.820842481337444,15.516839876540402,4.304002604797041
39.788751932330534,39.58719670819284,0.20155522413769233
62.94931855950219,62.10252215089331,0.8467964086088813
53.919756702267456,52.59013421060899,1.3296224916584691
-6.5040624553425195,-7.972200276925292,1.468137821582773
-10.986712200827126,-13.688087204755703,2.701375003928577
-35.97856395890476,-35.37663513211727,-0.6019288267874856
44.94535159911307,45.66350653132017,-0.7181549322070993
58.03672613869498,59.84632537914831,-1.8095992404533305
58.60623221183229,57.05608683339056,1.5501453784417336
21.92114837246593,25.35021954223828,-3.4290711697723495
-19.94109750660368,-18.75263754003781,-1.188459966565869
58.26537255473828,58.42738013194595,-0.16200757720767456
67.41405457280462,65.05458379767052,2.359470775134099
66.04576087438411,67.30247643192449,-1.2567155575403746
59.406571083844184,55.82526476976451,3.5813063140796757
38.07684960975714,40.20671453635289,-2.1298649265957508
38.860231639719494,38.17522778886114,0.6850038508583509
59.951037978740416,64.69490327137959,-4.743865292639171
67.76185847093703,71.65208433625182,-3.8902258653147896
68.18537004774016,70.83243033059995,-2.6470602828597833
63.65527439416556,63.11395945962576,0.5413149345397983
19.279310508362467,18.84955286638653,0.4297576419759359
70.16885477076737,72.01687081427032,-1.8480160435029518
41.09332939131642,36.12823158252415,4.965097808792272
63.8612533572807,62.915740230711414,0.9455131265692884
12.277798477187448,10.24712077890645,2.030677698280998
54.698567724370285,49.92137536183612,4.777192362534166
51.763533485586066,46.2728684077731,5.490665077812963
72.32672251951496,69.40666082718833,2.9200616923266267
56.256820722487596,56.98280008632308,-0.725979363835485
34.98526899829576,35.128595202077136,-0.14332620378137761
43.38835953488172,41.57449501797489,1.8138645169068326
54.686953402805294,58.42053957289622,-3.7335861700909234
91.83919345836918,86.32824844349915,5.510945014870032
2.292577736663833,-1.5453212242727972,3.8378989609366303
53.88936790773555,47.11131206236546,6.7780558453700905
51.76202030198454,48.797750558760995,2.9642697432235465
71.56067483220404,67.33301645001718,4.22765838218686
55.22013989778317,52.41031578777982,2.8098241100033476
68.00201305177552,70.89176871504938,-2.88975566327386
54.792103812814084,55.60772345729915,-0.8156196444850679
60.39398031134753,69.3050901381799,-8.911109826832373
47.42133630794268,50.535875227795806,-3.114538919853125
60.76753791845379,57.99751009102935,2.7700278274244425
34.081289028592195,32.36910312008982,1.7121859085023772
11.210212370963639,9.860842895190899,1.3493694757727397
57.26819895333796,58.41521141775878,-1.1470124644208255
34.91423523854624,33.73125664687166,1.1829785916745834
13.089051313565971,11.085048114354876,2.0040031992110947
48.613690989417115,47.29948449697672,1.3142064924403982
-10.31132172102717,-13.784197676119518,3.4728759550923485
2.0085397389001827,-0.6544732303783292,2.663012969278512
25.517426032448284,21.345613647496933,4.171812384951352
43.01903579652077,43.87949573819475,-0.8604599416739802
33.75797505384817,35.88257793236289,-2.1246028785147217
46.116805413818994,48.141186204530754,-2.02438079071176
23.899710251032204,25.690047231749887,-1.790336980717683
27.670113591059245,28.90471356855295,-1.2345999774937049
32.031832513646066,35.262338840182196,-3.23050632653613
62.0243634144911,64.93816850562355,-2.9138050911324527
6.190231236268634,1.6807821183451779,4.509449117923456
21.205851855273444,19.322501120632396,1.8833507346410485
56.90798833834719,56.71280292296508,0.195185415382106
69.22296464037348,70.33296678619817,-1.1100021458246943
34.45739571083866,35.02234565685795,-0.5649499460192899
58.60996063694172,62.67230917184745,-4.0623485349057304
54.14390831784506,52.990256117464405,1.1536522003806553
45.52465155689636,41.0328240935192,4.491827463377156
51.368247775173955,46.32948434792347,5.038763427250487
32.18539380372384,33.85291445412737,-1.6675206504035316
55.38667906742673,51.46700747837687,3.9196715890498623
71.00409510765641,70.42847386743611,0.5756212402203005
0.9664379720440459,-0.2789045507264376,1.2453425227704835
52.34276724345798,51.78732971639814,0.5554375270598371
62.08361939920494,61.25758588702094,0.8260335121840043
-2.8579467493480513,0.8653473592785161,-3.7232941086265674
72.63712733800492,67.38333029284392,5.253797045160994
70.3234806049099,67.761562446325,2.561918158584902
59.19886039649518,61.45673969303157,-2.2578792965363945
0.16446982224014817,0.6364842201179925,-0.4720143978778444
62.323559267889145,63.86912140474302,-1.5455621368538743
25.083382061652223,27.234913894993042,-2.151531833340819
10.274268268669296,9.199342932514213,1.0749253361550828
69.36624814357013,67.96452039043564,1.4017277531344945
49.00088770772932,49.63525733741649,-0.6343696296871713
44.41900191294957,44.09305130307037,0.3259506098792002
51.199204899642275,56.84656042428722,-5.647355524644944
75.13369685848542,74.72841403353121,0.4052828249542131
28.14185798759198,35.342328847620976,-7.200470860028997
19.922461979402577,17.536512067248395,2.3859499121541816
-17.745375948966316,-22.101385485326645,4.356009536360329
49.96436030016858,50.039207411801975,-0.07484711163339597
65.47243563142983,62.941306178153376,2.5311294532764563
50.75791910176806,47.20259251137162,3.55532659039644
62.26507522322222,62.75734228322801,-0.4922670600057941
-16.351490531932175,-15.698071031807473,-0.6534195001247021
-0.9524160248337181,0.3271254370532546,-1.2795414618869727
-8.92947537270407,-7.6934981696879134,-1.2359772030161569
89.38909364431835,88.15571090695728,1.2333827373610688
50.08946822658177,45.79135377822233,4.298114448359442
52.90667667134249,53.36989842340536,-0.4632217520628714
31.35298225471467,28.987377257431135,2.365604997283537
24.777761947279295,24.066736224244963,0.7110257230343322
50.39908637735782,56.40074377172894,-6.001657394371122
2.784472835373735,5.712091992793063,-2.9276191574193278
27.53075447160314,26.471597955772225,1.0591565158309137
56.332112788751886,57.243374308212566,-0.9112615194606803
59.02717090166837,56.115747525509704,2.911423376158666
69.49854858081743,67.62965893532382,1.86888964549361
68.65199038860538,73.95612114554379,-5.304130756938406
65.07096504587896,62.96333898068435,2.1076260651946157
33.183341248532074,37.57137854103784,-4.388037292505764
69.25134896505921,69.77377057670037,-0.522421611641164
44.30939262767546,42.90104110854354,1.4083515191319194
52.61742223275198,57.25606917227449,-4.638646939522516
60.74184006374986,63.05829527426805,-2.3164552105181855
87.58625884901676,89.73541910562523,-2.149160256608468
73.69490966169104,78.65249303242614,-4.957583370735094
74.47687366084122,73.71242373450967,0.764449926331551
51.452516288106,48.68486761487239,2.7676486732336087
84.98338719753828,81.07256689398467,3.9108203035536064
60.376229569868904,58.637229028841105,1.7390005410277993
-6.268334286754095,-3.1854121348064552,-3.08292215194764
25.80575531451348,28.894978761571977,-3.0892234470584974
16.61374781741252,18.36823482173277,-1.75448700432025
60.92841852893796,57.69344423639149,3.234974292546468
28.227486761229958,32.31823094837931,-4.090744187149351
50.89696367119639,52.18001700918329,-1.2830533379868996
53.50578181003192,51.893774968103166,1.6120068419287534
27.94841166352053,29.723431396765093,-1.7750197332445623
6.228846650350153,9.917846562976507,-3.688999912626354
65.12241294100681,61.0232829745643,4.099129966442511
57.73272003838832,63.44660079281209,-5.713880754423769
55.65537654196475,53.790850816498576,1.864525725466173
46.482443836156285,45.961128766875156,0.5213150692811297
46.94332952453858,46.94188544736191,0.0014440771766714988
33.13204145927836,33.479808952544076,-0.34776749326571377
36.56554996218045,37.19562296517104,-0.6300730029905921
62.261114820611745,63.04949149544533,-0.7883766748335859
47.365793505695464,50.049313289506735,-2.6835197838112705
52.4616565744949,54.49617628469185,-2.034519710196946
38.3117247973312,40.849164309291325,-2.537439511960123
77.92855773006478,76.94497985256123,0.9835778775035493
76.59674391672763,74.15000132044275,2.446742596284878
59.62605137201974,63.316294184004,-3.6902428119842625
75.01717585182716,74.19871825779686,0.8184575940303063
-14.653560167358151,-16.86328623433954,2.209726066981389
39.27230893634732,38.775660660254715,0.496648276092607
59.8094790021795,58.852862996541575,0.956616005637926
38.62908941472405,42.21248751584846,-3.583398101124409
70.82269856090025,66.14258656709974,4.680111993800509
53.10475678015714,57.496032632520624,-4.391275852363485
72.26967351815462,73.92387926885512,-1.6542057507004984
71.59984199039593,75.36534974502968,-3.765507754633745
96.84628272356086,94.69176877720665,2.1545139463542142
64.00510715950833,65.18600720735765,-1.1809000478493203
54.791793908642205,53.00481100163866,1.786982907003548
54.35187883838488,51.94425981934349,2.407619019041384
68.5879701376082,67.31226680568776,1.2757033319204396
42.379015008116106,44.56702344154878,-2.188008433432671
71.18935619169243,64.53858304574858,6.650773145943845
37.15453306675318,33.91174700027821,3.24278606647497
69.91861176116322,70.96568638328901,-1.0470746221257912
50.484462602701605,54.785246512627594,-4.30078390992599
69.20472671199714,67.97694745861054,1.2277792533866005
34.284765205131826,33.98620826284345,0.2985569422883785
-15.07460191071154,-13.572516853990535,-1.502085056721004
17.077332162947428,14.901590833359037,2.1757413295883907
47.248001480472404,45.417864026974506,1.8301374534978976
61.49007098939166,60.33669579202047,1.15337519737119
26.587796524353855,24.26944178166859,2.3183547426852655
46.22811625690164,46.42207727699551,-0.19396102009386595
31.54395570417627,31.307465328151977,0.23649037602429246
36.64779121615347,35.11100962192684,1.5367815942266319
-28.747790367146393,-32.62229623188553,3.8745058647391346
-17.850518098910314,-11.327745705042076,-6.522772393868237
72.77092932963167,72.01418137586718,0.7567479537644886
40.27674233966695,40.385185384492004,-0.10844304482505152
50.64342078331158,50.939159895481865,-0.29573911217028126
48.65273388964081,48.7358615910045,-0.08312770136369352
85.61642871086765,81.63924983972642,3.977178871141234
69.37378132059264,73.3468810028797,-3.9730996822870566
13.640008583861363,13.523570328491502,0.11643825536986085
79.09788898266714,79.53968693959843,-0.441797956931282
38.46420787645958,37.000660591234706,1.4635472852248768
47.932747951355815,47.10595055009751,0.8267974012583039
51.83746610315479,51.064808545558165,0.7726575575966237
12.397833403661158,8.709521530550674,3.688311873110484
17.069782868295793,14.485195738206798,2.5845871300889947
37.46440095558517,43.03967076224034,-5.575269806655172
48.72751726625302,43.70176128914912,5.025755977103898
39.03503071694329,39.785191079222564,-0.7501603622792743
64.10583605542124,61.314138470956955,2.7916975844642806
-5.670286531715044,-5.016130181226515,-0.6541563504885293
47.876978376031516,47.589025232256255,0.2879531437752618
20.815013499418956,21.246954105044196,-0.4319406056252397
45.110821321563634,43.702632888465445,1.4081884330981893
35.68378980732117,35.51792077652246,0.16586903079871007
48.952546088005285,44.33925555824407,4.6132905297612155
37.572668652146724,39.00384173651313,-1.4311730843664066
56.841854187551704,55.40104585880867,1.4408083287430316
80.93422925369228,76.02091575021905,4.913313503473233
51.311781289465,54.150127451936726,-2.8383461624717228
-5.216929350505456,-7.635568681525797,2.4186393310203407
39.28504396700196,37.25499307689098,2.030050890110978
-5.216298837714975,-2.6703529908995876,-2.5459458468153873
26.354665188138505,34.76862359949148,-8.413958411352972
21.18533011044732,20.37037025194347,0.8149598585038511
18.712994694225802,15.880633251071615,2.8323614431541877
31.702830728322898,31.687777393021705,0.015053335301193016
38.77427538624188,38.20107891639496,0.5731964698469199
31.897509213301973,33.844726581716984,-1.9472173684150107
61.35272978513167,60.88019753423386,0.4725322508978138
23.943523280060482,23.59026676060283,0.353256519457652
45.05921411925369,46.16484996011864,-1.1056358408649487
49.391929508602,49.12259908431636,0.26933042428563425
49.07177804604772,48.24577590883815,0.8260021372095707
42.886600775380586,43.70709042441066,-0.8204896490300726
56.31418983674914,55.22410087611143,1.0900889606377078
47.34371883967482,48.77008497586797,-1.4263661361931455
44.115006817582625,42.44174524208473,1.6732615754978966
52.55545354871673,50.91056167682189,1.6448918718948349
34.2967275185552,31.454726475327362,2.842001043227839
9.34658212506292,8.27179240777535,1.074789717287569
29.414620873036963,30.8067432865803,-1.392122413543337
47.679763520921476,47.7604694340784,-0.0807059131569261
31.89823127910079,30.57150345029386,1.3267278288069306
11.38265852724865,8.658783201906402,2.723875325342247
49.97240657955616,45.23624497200967,4.736161607546485
-0.6255268643312095,-2.2986803948840304,1.673153530552821
38.77052868662868,42.08561054383864,-3.315081857209961
55.872425381254864,53.303874870862074,2.5685505103927895
21.904353588488224,25.145761902433904,-3.24140831394568
52.89365838937198,48.61017507417642,4.283483315195561
54.776602304397045,53.33449203245643,1.4421102719406136
57.58847743457403,60.67126831401832,-3.082790879444289
38.471758690994385,38.26529007472455,0.20646861626983792
63.00518210931899,62.74511153920981,0.26007057010917833
72.29545881806547,68.16596702769154,4.129491790373933
39.61974163158477,40.80997958849351,-1.1902379569087387
58.80302971187015,57.168643640223785,1.634386071646368
28.21622857535065,28.984055570800294,-0.7678269954496422
32.786389813064176,32.06863885028619,0.7177509627779841
79.04890557741656,82.2995156896942,-3.2506101122776414
-2.479960810957608,0.34850189400275156,-2.8284627049603595
66.21436867061912,67.80308145132686,-1.5887127807077377
33.51238002965977,32.39232011465383,1.120059915005939
30.269921945030013,32.842700299238004,-2.5727783542079905
60.53526773999639,57.98727079089954,2.5479969490968557
52.11817937689197,52.730818478029704,-0.6126391011377308
-19.077495049927435,-22.764506474179086,3.6870114242516507
52.03258284649891,48.77733822798027,3.2552446185186383
18.658504794577066,19.376500461912258,-0.7179956673351917
71.65139538236791,68.97900536328538,2.6723900190825276
-28.205172239075917,-24.15920149776592,-4.045970741309997
-12.788878630985664,-15.371685432127066,2.582806801141402
8.102453041256634,8.722430674833362,-0.6199776335767275
50.29741475755787,47.00180097609031,3.2956137814675586
26.218721617674266,18.490594115963418,7.728127501710848
49.306931185427814,48.290675882096075,1.0162553033317394
15.722785462384588,21.41236447479497,-5.689579012410382
-17.542692830123645,-15.519439065306088,-2.0232537648175573
45.476268066412736,43.93537153661404,1.5408965297986938
72.987723439698,74.65482456357108,-1.6671011238730813
2.229249481271558,1.972080989937524,0.25716849133403397
46.54007278847372,48.10174165565799,-1.5616688671842667
59.08882679612457,58.25782729056171,0.8309995055628647
-6.274142199722169,-7.2518853304634945,0.9777431307413256
48.03241709771449,48.618857609334064,-0.5864405116195712
6.359782373336073,5.6961349684751355,0.6636474048609378
47.381532589326305,48.64022038720298,-1.258687797876675
32.9558938956748,35.96273306811298,-3.006839172438184
61.957678951560716,60.00044871394981,1.9572302376109079
60.229517971944134,57.76479823859484,2.464719733349291
31.101834421523943,36.752078590546034,-5.650244169022091
8.375649021750368,7.951217967908846,0.4244310538415217
16.005099835765893,13.754291803930727,2.2508080318351666
34.03066154802627,41.04100139070515,-7.010339842678874
65.16273058781356,65.23364829758947,-0.07091770977591239
27.60535593307577,34.589902535543416,-6.9845466024676455
37.15989316081452,36.780717823100034,0.37917533771448575
-13.331043453694358,-8.679212358036821,-4.651831095657537
41.11317636566891,45.62791683765999,-4.514740471991075
72.98114242777159,72.06586033683088,0.9152820909407069
-8.970011858375644,-9.9631920994386,0.9931802410629569
16.409671169425415,18.16209524956942,-1.752424080144003
-19.738907435820682,-17.383053835905187,-2.355853599915495
59.445085344121594,60.369265166955024,-0.9241798228334304
62.123951881149885,61.748935623368766,0.3750162577811196
82.94049980109007,84.0941701869531,-1.1536703858630233
54.601497071948934,57.337242211173965,-2.735745139225031
56.63990486454299,65.89641423739289,-9.256509372849898
53.20900392660165,54.20434947336723,-0.9953455467655772
37.02513005509833,39.126161746427584,-2.101031691329254
54.686744363471234,55.09477648296214,-0.4080321194909047
50.84290608121201,44.8496577295607,5.99324835165131
50.00052647704534,47.046589573428136,2.9539369036172047
32.874903447591166,33.96198291199889,-1.0870794644077222
25.95182793336313,24.3839644010215,1.5678635323416295
34.906522938244095,33.20804343722554,1.6984795010185536
46.158069713990585,49.99335681214892,-3.8352870981583322
61.85032493631026,65.85390387890098,-4.003578942590721
51.649922784391656,48.77196863946384,2.8779541449278128
56.52001838272331,53.8110485612352,2.708969821488111
58.144273128287956,54.507351264935096,3.6369218633528604
28.08227279329052,26.815063593523476,1.267209199767045
26.131959359091923,24.179596700652297,1.9523626584396254
67.02055920103672,62.12840061816663,4.892158582870088
59.451153837991264,57.462507544342145,1.9886462936491185
42.58728365792633,41.906117262391845,0.6811663955344827
56.03827722649963,55.14684627293413,0.8914309535655036
48.2951671306416,45.59951838111583,2.6956487495257733
-4.951824930752874,-5.455955086199154,0.5041301554462798
71.32618587372383,69.78169182905317,1.5444940446706568
45.73293492916165,38.063616629749234,7.669318299412417
72.20605839949958,72.12163471959198,0.08442367990760147
24.454400786854794,21.658311136926088,2.7960896499287067
51.117397587374015,50.42513904257582,0.692258544798193
42.93284185625682,45.75827736786683,-2.82543551161001
34.6866718536016,37.31394536652742,-2.627273512925818
-6.857426723962417,-5.202525656976988,-1.6549010669854294
30.250963289028522,34.27004694767963,-4.019083658651109
49.44997293876613,52.86639911598671,-3.416426177220579
75.04357971635011,76.96315027826091,-1.9195705619108026
55.35235225288104,51.68292552341594,3.6694267294651013
36.31606293870231,33.81993748884034,2.496125449861971
-4.480193431178778,-6.004472295897926,1.5242788647191485
39.34232412074291,36.83765629903672,2.5046678217061853
36.95407022535594,39.814195062437925,-2.860124837081983
63.71009930247761,60.67983838928479,3.0302609131928193
8.272069627550856,8.904306569950293,-0.6322369423994374
26.554154503325442,30.13429531790095,-3.5801408145755076
61.784350749179296,61.137992721001375,0.6463580281779215
15.040753564150362,13.787784188717552,1.2529693754328104
14.158899228066801,18.492826674186475,-4.333927446119674
59.51581771296449,58.28926509486904,1.2265526180954538
45.44047819285648,48.20166385431427,-2.7611856614577874
41.80665820077117,40.90132070832146,0.9053374924497106
73.48566309884076,72.5541250247113,0.9315380741294632
33.536309413100184,34.20311702463806,-0.6668076115378767
67.891622581997,65.39657783115982,2.495044750837181
63.96072673059708,62.97740847568896,0.9833182549081201
74.29789280577833,76.05192853923911,-1.754035733460782
41.27878443553943,45.694653003718216,-4.415868568178787
26.112603760338793,22.944167403732365,3.1684363566064278
68.62088221055414,69.75492945939575,-1.1340472488416111
62.84115578212585,59.5992020421746,3.2419537399512492
21.575302132986486,22.46632686545287,-0.8910247324663843
10.051054592374474,9.314458928300809,0.7365956640736648
13.620166649525355,20.597729499519858,-6.977562849994502
58.782521644155125,58.22223835493852,0.5602832892166063
-0.17044208126148597,2.1022966644698045,-2.2727387457312904
95.0350044489959,92.32405844143065,2.710946007565255
-2.740715992234291,-1.851410524326056,-0.8893054679082351
51.45747028008036,49.785065624088745,1.6724046559916133
51.87745144642841,47.20363209402016,4.673819352408252
-18.140044305335355,-18.990750130723967,0.8507058253886122
65.4664754191868,62.76659073957192,2.6998846796148896
49.95224695792107,48.51450198710677,1.4377449708143004
84.30011969124153,80.33879022059925,3.9613294706422835
-27.821520091073488,-25.253188992704793,-2.568331098368695
36.76708941171424,38.02553343627724,-1.2584440245630049
64.66739402050788,70.8264650758907,-6.15907105538281
51.13638140232839,48.54415388494458,2.5922275173838116
66.93059558215272,62.23740236255358,4.693193219599138
52.792382010673094,58.243089656654575,-5.450707645981481
53.426066114235574,52.327627696997894,1.0984384172376807
54.55656579709809,58.31711180502798,-3.7605460079298894
56.139168303830374,55.941918712847176,0.19724959098319772
47.89163593364484,43.00514438176385,4.886491551880994
77.94387584965678,79.67228925738753,-1.7284134077307556
61.55379128498948,59.74715826236965,1.8066330226198275
58.31293153496769,59.13700536398455,-0.8240738290168608
-8.384931812512193,-9.480019851537975,1.0950880390257822
69.10721023709281,67.17133254793602,1.935877689156797
72.27061325621828,68.4768609303656,3.7937523258526795
73.13214638047442,72.5320130007928,0.6001333796816226
29.830326319847366,30.460596939173797,-0.6302706193264314
-6.278104282312182,-1.9115792099623263,-4.366525072349856
37.276290475361854,42.92387828923757,-5.647587813875717
-17.36747628821269,-18.97348680444543,1.6060105162327396
19.604704509908697,22.108401782382444,-2.5036972724737474
36.465816846165666,35.62371190879858,0.8421049373670826
71.14987727290304,70.96093712823496,0.18894014466808073
61.442466397028646,66.27494133774435,-4.832474940715706
10.533147540971061,5.212364460761165,5.320783080209896
36.2264587579792,34.92287908581767,1.3035796721615327
53.86684075408949,54.58093790329706,-0.7140971492075749
31.987110565863862,26.958551376430904,5.028559189432958
-18.873829658868615,-12.654729223668326,-6.219100435200289
67.12321445580943,71.25855756577624,-4.135343109966811
26.319047257085796,27.22154534875493,-0.9024980916691341
29.26109986701557,25.310507342991556,3.950592524024014
79.69887907939443,82.78142372545227,-3.0825446460578405
79.1814934840201,79.26734968659107,-0.08585620257098014
35.89518107206582,38.72058082390694,-2.8253997518411254
70.76507501119625,73.31714736801602,-2.552072356819778
32.96044748542664,29.202236190264287,3.7582112951623543
55.98250976732751,58.27868315105606,-2.2961733837285507
40.061903914951934,36.70713065655575,3.354773258396186
54.83526952660759,59.02921112016903,-4.193941593561441
-0.26727673818387365,-1.6121509842287196,1.344874246044846
70.88155397290895,64.10288662398372,6.778667348925225
40.50127810054466,46.0706165297763,-5.569338429231642
8.384291588845812,12.682884043067162,-4.29859245422135
70.67785433905486,63.473205025086045,7.204649313968815
50.38381121400878,48.64508362778716,1.7387275862216214
41.87818632535375,41.58382973488078,0.29435659047297236
41.479050870255875,45.0113276983085,-3.5322768280526233
7.8365888725177975,6.907850434598359,0.9287384379194386
47.76855084767256,52.00481917957633,-4.236268331903773
19.008899889878595,19.611181991291687,-0.6022821014130919
36.15925050120465,44.86112040691158,-8.701869905706928
15.027832838737899,13.615947754737533,1.4118850840003656
65.11811531982681,67.67369408233043,-2.5555787625036146
55.91106344766309,55.41647108184562,0.4945923658174678
64.68838932849715,66.10561313229024,-1.4172238037930924
20.06097993282826,17.44753538318119,2.6134445496470704
35.20653555824937,31.29344932884284,3.913086229406531
27.664310903770065,33.33104399699691,-5.666733093226846
45.2410910341503,50.318676266617665,-5.077585232467364
80.94644383244851,84.38277244957388,-3.436328617125369
18.360555982106128,21.78000350370462,-3.4194475215984923
3.4475802086320977,4.034962337549231,-0.5873821289171337
24.04475923189621,24.159498090377483,-0.11473885848127097
42.631553562682235,47.11644264811057,-4.484889085428335
44.57339276550842,45.5972794026655,-1.0238866371570765
35.82042992187525,35.02665448076603,0.7937754411092257
28.918273858057013,20.23100672866987,8.687267129387145
50.6558644876917,46.421819355200526,4.234045132491175
73.0857210701935,74.75125515493698,-1.6655340847434843
65.00792513017663,63.66545470722806,1.3424704229485727
40.83504971792671,43.89406134882093,-3.0590116308942186
32.88818159513525,31.713532012112154,1.174649583023097
77.6983643608559,71.73207570066863,5.966288660187274
25.35144382997758,25.500146801998213,-0.14870297202063298
-12.864852251270044,-10.617616011510535,-2.247236239759509
31.023614086997547,33.00934669980397,-1.985732612806423
58.43923658544239,56.57650597270268,1.8627306127397105
26.06320532886734,29.19700464931151,-3.1337993204441688
36.60892130982029,39.96359031169782,-3.3546690018775323
33.377477111099765,34.074287346510786,-0.6968102354110215
31.814095532326707,31.67659283435843,0.13750269796827652
34.53256522928063,36.911870349009604,-2.3793051197289756
47.343341866939916,50.383044005410255,-3.0397021384703393
67.42695078866277,67.93768931691741,-0.5107385282546488
65.35270418262418,63.48218472637539,1.8705194562487932
82.32580107844039,78.86324582752296,3.4625552509174327
60.58879873336665,59.32589194837063,1.2629067849960194
41.320419629067004,44.77256929483033,-3.4521496657633293
-29.99484220161156,-31.421674530581768,1.4268323289702067
57.94512279139545,54.43633148159682,3.5087913097986316
72.99172991950779,79.5934196680479,-6.60168974854011
46.67474702177262,45.076364978615345,1.5983820431572724
63.39585977365515,61.73488298442688,1.6609767892282647
66.48092321108872,67.0444959116745,-0.5635727005857802
-29.376864710924526,-32.101325907837904,2.724461196913378
14.641050652472234,22.86180469453778,-8.220754042065547
30.114296824050918,28.558319387776706,1.5559774362742118
41.77169618221181,42.86040877186271,-1.0887125896508962
65.40074578260726,64.90584359156463,0.4949021910426268
93.77141397227226,85.51547660496226,8.255937367309997
30.601804558198744,27.23273813990339,3.369066418295354
28.74100210321651,29.843013098091618,-1.1020109948751085
0.059335205204765984,7.092976521255025,-7.033641316050259
20.101979444168162,20.05193335071553,0.050046093452632334
79.17605550623706,75.84899218168746,3.3270633245495986
84.27979054187067,86.3287275846315,-2.0489370427608264
-16.94915563996326,-15.529082742548553,-1.4200728974147054
62.88929567964752,66.74978164733983,-3.8604859676923127
39.13749830605185,39.301019791760105,-0.16352148570825165
45.322511465153376,46.64845954382291,-1.3259480786695335
57.9161613778847,58.41250373028164,-0.4963423523969439
59.31943680493156,56.26597044509404,3.053466359837522
83.37116954303778,81.08958336659344,2.2815861764443355
55.53068576389885,59.92195280560828,-4.391267041709426
67.78179630454156,69.21838863059801,-1.4365923260564557
15.868270290241082,12.55656626110779,3.311704029133292
12.821503538947635,10.129385156886741,2.692118382060894
74.1824824915358,74.01921232130456,0.16327017023122892
79.58204985239962,78.08140341045694,1.5006464419426777
72.44338939040595,71.19374741079267,1.249641979613287
66.73487830798209,59.675399036139524,7.059479271842562
22.27367742247519,24.621333537210134,-2.3476561147349457
50.617803693657116,45.84021634593947,4.777587347717649
61.93720617162693,61.66681322805809,0.2703929435688437
50.453118956976894,51.59377752394496,-1.1406585669680638
-10.457336587445244,-8.048677517108942,-2.408659070336302
13.891593592819653,15.39740700991581,-1.5058134170961566
51.71574553902783,49.32056901298846,2.3951765260393714
47.14633940098204,45.62520219919606,1.521137201785983
62.965688333077836,66.15134607407312,-3.185657740995282
48.0250940610435,48.28963542597641,-0.26454136493291003
63.50575078598151,69.6645294421313,-6.158778656149785
-13.166469255277864,-12.427718079179172,-0.7387511760986918
14.094727148418192,7.368760749697188,6.725966398721004
62.01962956033309,65.4554537449701,-3.4358241846370134
-14.583847064402242,-16.918346609767497,2.3344995453652544
62.84571917291982,59.834955894002334,3.010763278917487
-9.684128809822944,-9.418555332724864,-0.26557347709808
53.47705800637196,54.862935337293024,-1.385877330921062
71.83498423500933,69.84667493972933,1.988309295280004
58.356513245822235,61.46803375494491,-3.111520509122677
40.42040630582941,39.71616939651719,0.7042369093122218
43.07957005791106,41.55187629015034,1.5276937677607236
54.05662771458213,51.35245524669466,2.7041724678874672
51.57170042257442,51.940393001517435,-0.368692578943012
66.79524932236407,65.03430682989602,1.7609424924680468
44.619704784360266,45.934670720082316,-1.31496593572205
6.231151244272546,3.0168195102110786,3.214331734061467
83.22994023642929,76.16481938067724,7.065120855752042
56.82588582740661,59.40334441983729,-2.5774585924306805
18.44273029102187,17.339695622166275,1.1030346688555959
70.06844837513255,73.52964640670191,-3.461198031569367
34.432244244734825,38.964505465371815,-4.53226122063699
57.24498442983595,53.4305076324803,3.8144767973556526
77.14426342302463,83.14069701512908,-5.996433592104452
25.986511040578705,26.867448206536366,-0.8809371659576613
49.972695303144995,48.68029334368424,1.2924019594607543
32.5218838169424,33.38143643717876,-0.8595526202363644
67.21242577830874,64.50313051414078,2.709295264167963
62.45388285863952,62.040134465604496,0.4137483930350214
67.82784396384558,65.18667425135148,2.6411697124941043
40.67837830940809,44.8208970842643,-4.142518774856214
64.04996275326656,66.34448307137498,-2.2945203181084253
12.528714022892617,7.532770776353857,4.99594324653876
-8.182469920773357,-10.429171539989369,2.2467016192160116
29.67672360985836,28.925570194972877,0.7511534148854828
53.58154976543715,56.90104776447276,-3.3194979990356046
27.690414510466574,31.23940334651998,-3.548988836053404
51.22861669078519,51.09897608046637,0.12964061031881613
1.5815154020779256,-1.8431062502542659,3.4246216523321915
56.67754593409793,52.315680509853856,4.361865424244073
58.80442335601212,61.62111519100886,-2.816691834996739
69.49387936674876,68.79108222070454,0.7027971460442188
61.7426947699087,60.11406026946695,1.6286345004417555
-13.992184737897094,-14.56040795873534,0.5682232208382452
-5.194596828635577,-9.035501350252247,3.84090452161667
48.471459259835434,47.237964150487265,1.2334951093481692
68.08343421358092,66.75604927842787,1.3273849351530487
51.22170375180257,50.448505312513014,0.7731984392895583
23.501679158187144,24.210363554395215,-0.7086843962080707
23.50251442791228,23.307244191341923,0.1952702365703587
29.91982781620084,27.864924521844372,2.0549032943564676
-4.847275400858228,-4.219693151929292,-0.6275822489289364
9.14727510082654,10.433768282411037,-1.2864931815844969
32.1821090788502,32.292819494395104,-0.1107104155449008
51.34864878865387,52.706128096900706,-1.3574793082468375
65.81860405981739,60.65157969896647,5.167024360850917
6.796447378476604,8.890379004393836,-2.0939316259172314
47.927211241041356,41.32378287525266,6.6034283657886945
57.81502447156381,63.42824494709358,-5.613220475529772
-3.0934567239163036,1.089517665512517,-4.1829743894288205
41.07534222916895,35.77280892937672,5.3025332997922305
19.3101647829233,21.735479824039217,-2.4253150411159154
66.57698665191923,63.94123121100722,2.635755440912007
57.597050949735944,55.08254093456022,2.5145100151757234
37.33732733830418,38.18491556303022,-0.8475882247260458
62.007788977154796,63.69545956739986,-1.6876705902450624
73.26611734085142,70.19431741346617,3.071799927385257
8.437577375297483,13.071206562518611,-4.633629187221128
69.88741462682428,70.38546925316949,-0.49805462634520836
88.46260428990786,88.83025987211794,-0.36765558221007666
81.39212377805407,84.57941027748302,-3.18728649942895
59.56490251496818,63.448667901817316,-3.8837653868491344
20.991465374738638,21.685107986280556,-0.6936426115419181
11.606162214223236,15.486315429952853,-3.8801532157296172
53.85202160650436,57.194574637663194,-3.342553031158836
74.23760068628089,71.73523107974609,2.502369606534799
65.66846443718691,70.64816307059178,-4.979698633404865
62.5718615608405,60.74149545995115,1.83036610088935
-10.145916334607312,-13.545199943016257,3.399283608408945
49.53173529911827,51.00687903917878,-1.4751437400605099
33.591893954802835,36.427065376904395,-2.83517142210156
-21.93814103060277,-29.16580098939359,7.227659958790817
31.27343774774038,28.5136812437855,2.7597565039548826
28.941520682728196,29.463009413405914,-0.5214887306777172
78.15048712340393,78.90371048336341,-0.7532233599594775
-30.399747683620397,-28.33661441605166,-2.0631332675687375
45.259772898520794,44.68805274383908,0.5717201546817137
65.61557094453474,67.93800945762996,-2.3224385130952214
24.400212541919736,27.14285510483542,-2.742642562915684
98.00934609021601,93.69207022438492,4.317275865831093
35.96417357607542,36.58870281922789,-0.6245292431524732
-2.002176162532325,-2.7062766704298156,0.7041005078974907
31.061597519911167,30.585443071682263,0.47615444822890396
20.090094841367282,20.998813363891074,-0.9087185225237917
43.30953775902567,48.05224378440203,-4.742706025376357
73.78036544692593,70.97260042860175,2.807765018324176
71.73450786796771,69.31694301065012,2.4175648573175863
54.750231437086164,53.78678329842669,0.9634481386594729
35.7623922989566,38.18641405726902,-2.4240217583124206
45.57114632568233,46.05442638030906,-0.4832800546267322
80.66324677866282,75.37865161430537,5.284595164357455
32.25726993461921,32.357627425794306,-0.10035749117509596
47.094107844874486,51.859412936390044,-4.7653050915155575
10.538442930917816,9.570632848596617,0.9678100823211988
64.06377929063241,62.399461832481045,1.6643174581513662
42.090580088596184,39.32386731977824,2.7667127688179463
62.88410908132281,63.61472372192129,-0.7306146405984748
41.61741537409811,42.78250431701135,-1.1650889429132434
25.73050166563332,24.06596062485454,1.6645410407787793
83.2411191039344,81.95598502195217,1.2851340819822212
45.13559608585121,49.34036137680711,-4.204765290955898
46.0233762402528,42.72218160416821,3.3011946360845883
11.177482370680622,11.359309626781467,-0.1818272561008456
61.58893426519636,65.47395312719581,-3.8850188619994555
52.51903934055442,55.24676136594071,-2.727722025386292
78.19615911898593,79.73503820773519,-1.5388790887492547
37.57939548430121,37.63483581497076,-0.05544033066954768
53.615647872950525,55.8088958914807,-2.193248018530177
68.73802860615932,63.68019394167198,5.057834664487338
60.77015441130719,55.07753331210893,5.692621099198256
51.68504274004197,58.225812224400755,-6.540769484358783
19.010928610254517,19.48627983388981,-0.47535122363529325
2.7016325503864587,6.454313136754749,-3.75268058636829
72.6995269139661,75.7400668434389,-3.0405399294728
37.27242246969099,36.84420218740537,0.42822028228561493
25.2865408716664,26.386313582933752,-1.0997727112673523
58.98137438519382,52.962336064411126,6.019038320782691
34.55610139907354,34.50168768675732,0.05441371231621872
63.77992403078828,61.06711861564141,2.7128054151468675
16.575125426536736,12.838342729671623,3.736782696865113
86.00244770475808,88.96005865023315,-2.957610945475068
19.416972416690722,23.48401495837193,-4.067042541681207
60.10866036384033,60.552422811271626,-0.4437624474312969
31.203612995305107,33.41324824358904,-2.2096352482839308
25.253222711841705,19.449722063480408,5.803500648361297
-25.287296373053724,-25.718636723137976,0.43134035008425187
29.844167135974693,27.21603308247927,2.6281340534954225
24.366668842348886,22.19517927551847,2.1714895668304166
27.304976448010493,32.56415853180302,-5.259182083792524
64.21027594842744,69.56749678833472,-5.357220839907285
27.17522373641813,28.10623078618839,-0.9310070497702618
25.385092156826126,23.071899173481086,2.31319298334504
12.765338901026995,8.508477045688565,4.25686185533843
18.556928930461474,18.728300543634873,-0.17137161317339888
9.79259062157158,12.746854763440084,-2.954264141868503
20.18217948700537,22.5990634991756,-2.416884012170229
49.59951010311025,47.583654704685074,2.015855398425174
-5.950730739754581,-4.265898957524172,-1.6848317822304093
48.85063181284879,49.831226698896934,-0.980594886048145
45.01622482789301,44.41588787668682,0.6003369512061951
-8.727935348844774,-4.561966157051927,-4.165969191792847
35.57597331404687,30.453910471943416,5.122062842103453
59.91246527329925,56.570573677601416,3.341891595697831
82.02374062964365,80.03592429896783,1.9878163306758267
-1.7680777963534458,2.9801188852778324,-4.748196681631278
-27.939572297607267,-31.14629545836361,3.2067231607563436
70.6060190533302,66.76860825903834,3.8374107942918556
-0.4369109169320282,-4.819161289750497,4.3822503728184685
60.23226846428667,58.83714170419364,1.395126760093028
42.013653788088305,38.63220867765613,3.3814451104321748
68.82692883635941,64.2163856119212,4.610543224438217
11.771465607850626,15.887284040081909,-4.115818432231283
19.2481366783585,21.58689638414947,-2.33875970579097
34.58374325307021,33.35808673993755,1.2256565131326624
37.57957633264061,39.44522393096213,-1.865647598321516
46.22596078563305,49.57877711396358,-3.3528163283305332
24.016852024722287,27.209731167645472,-3.1928791429231858
60.56576102360768,52.62331454793146,7.9424464756762205
53.79383074907578,51.659977462120324,2.133853286955457
46.40194344841151,42.14467616769083,4.257267280720676
69.01460548706487,68.80636469328564,0.20824079377922544
52.92983723888664,51.721222168038395,1.2086150708482464
53.85288231191331,53.6924090577212,0.16047325419211234
90.40169660450458,87.9069474124783,2.4947491920262763
0.9579270674296985,-1.8077679119317054,2.765694979361404
63.50650199438676,66.63262054933867,-3.1261185549519084
56.94827609316987,57.021862234754536,-0.07358614158466281
71.71045276100878,72.16958788446709,-0.4591351234583101
87.15127951578067,87.20368282336571,-0.052403307585038306
20.767509795717263,23.450090699667882,-2.682580903950619
65.61736639894805,66.9488543485084,-1.3314879495603549
42.066938031506325,43.27888780366835,-1.211949772162022
-12.966031763248159,-9.373887162097205,-3.592144601150954
64.65629568316399,69.8377238238284,-5.1814281406644085
47.243431002925576,47.191221450453575,0.0522095524720001
56.82229136657042,55.97155224626676,0.8507391203036576
48.58496682740609,52.20953238277289,-3.6245655553668
57.70133279367133,53.820282676604315,3.881050117067012
34.10817361793192,37.068187596733964,-2.9600139788020456
55.43196778464371,50.59923445798597,4.832733326657738
57.452296679577294,59.83404685139689,-2.381750171819597
19.58251125921829,17.605317628741332,1.9771936304769575
-41.21013141120929,-39.117362730405674,-2.0927686808036157
8.29768440712417,11.420403223254567,-3.122718816130398
57.88081430740565,52.48933444199798,5.391479865407668
-8.628817147602074,-14.41555763462749,5.7867404870254155
52.636223659857166,59.01423366669309,-6.378010006835922
59.46036337018261,59.60142314470346,-0.14105977452084772
74.18915642409132,72.41931207193349,1.7698443521578326
-4.7590729079534135,-5.352848490965357,0.5937755830119436
75.53283252394203,74.73915970158826,0.7936728223537699
60.28998758729562,66.54667811903704,-6.25669053174142
-4.181380072486208,-3.414715449497052,-0.7666646229891558
49.87893384149974,50.134790478236475,-0.25585663673673764
71.48097018331565,69.35481024720693,2.1261599361087207
27.869729793800058,34.868118722602716,-6.998388928802658
43.35193559613457,39.929540749218795,3.422394846915772
43.49496238516636,43.480968011298295,0.01399437386806568
20.215667087730992,24.21924952319057,-4.0035824354595775
57.37062164509295,55.38921697518085,1.9814046699121022
42.34603163658912,46.1380947803157,-3.7920631437265797
4.209424624292148,4.263799905584037,-0.05437528129188873
-0.09196216180733607,-2.8386060691570805,2.7466439073497444
-15.920201820004861,-13.185367425902811,-2.73483439410205
57.90590533509064,58.526905681425525,-0.6210003463348883
36.14861907426363,32.37777602015315,3.770843054110479
15.112278247755825,13.017991430701457,2.0942868170543676
81.81347462114601,80.76890613226294,1.0445684888830726
38.67978661995904,39.476099202495234,-0.7963125825361956
26.389853447767884,31.61009515887943,-5.220241711111548
43.8767574803975,40.72409970388696,3.1526577765105444
40.13675093895478,37.93073172312163,2.2060192158331517
31.155860398333832,31.300380871332308,-0.14452047299847592
28.67112889539674,32.1778897321245,-3.506760836727757
8.452759431030428,3.2289423135649002,5.2238171174655275
35.90939673962206,37.99097609103555,-2.081579351413488
30.938618885586603,27.323451772820093,3.6151671127665104
75.17067454186453,75.87170575789463,-0.7010312160301027
55.07514345468191,55.249865970067845,-0.17472251538593753
44.02397005932706,44.9539641234978,-0.9299940641707352
55.55922895052708,53.18636104451929,2.372867906007791
10.223247053257902,14.557288787019871,-4.334041733761969
28.376393753241437,29.04156561075949,-0.6651718575180539
74.49968629781063,74.02614618571877,0.47354011209185387
68.78799900667133,72.9852486423704,-4.197249635699066
-15.383710810779167,-14.889640181356668,-0.4940706294224988
10.042496994409237,11.890169155011733,-1.847672160602496
59.044111180369875,61.83205696276492,-2.787945782395049
28.878733837318467,29.555526571239653,-0.6767927339211859
35.384628539472445,40.03141009248819,-4.646781553015742
33.09122985180096,33.9412940745992,-0.8500642227982382
56.05620947071267,52.31758402960008,3.738625441112596
74.44828347486752,67.34960528817625,7.098678186691274
57.283781887492715,57.79499828996187,-0.5112164024691523
-17.622276434581586,-15.627707345080864,-1.9945690895007218
10.323722355461172,12.205184243573612,-1.8814618881124403
43.333458668250145,44.83774825013753,-1.5042895818873845
48.073072815817696,43.14744144581975,4.925631369997944
55.218375336721394,53.7918195167659,1.426555819955496
43.4289657149063,44.54220749781458,-1.1132417829082826
60.421916409329185,61.63943390811932,-1.2175174987901372
56.359526650268336,55.49119649431364,0.8683301559546948
57.43476371102102,58.72985253213455,-1.2950888211135307
39.05038582065005,38.32882754354584,0.721558277104208
48.564638605026545,47.478862371840314,1.0857762331862304
34.87201524572424,36.30033280962927,-1.4283175639050256
36.60588928964708,38.01912999106801,-1.413240701420932
72.96372174314054,69.92283830952756,3.0408834336129758
63.46766229507171,70.16456409977621,-6.696901804704503
68.64665630571933,70.41348410910764,-1.7668278033883098
64.0300615425445,65.10333069612226,-1.0732691535777548
64.57307454114739,69.76839887514829,-5.195324334000901
62.40920567451345,66.45303829006285,-4.043832615549398
45.92521850995086,45.892407731889314,0.03281077806154542
30.806882687388903,30.731417946018468,0.07546474137043546
21.94617892140198,22.553182368900323,-0.607003447498343
64.84420471361977,65.3156786974056,-0.4714739837858275
45.27190174087911,45.3863355572293,-0.11443381635019279
41.12517996093484,37.302118281602304,3.8230616793325325
63.643961109143575,66.2356398194301,-2.59167871028653
-11.850643448742694,-7.529668680692382,-4.320974768050313
50.72594275570608,53.3513878774588,-2.625445121752719
60.12714494634356,60.367250421309684,-0.24010547496612134
63.9297461418774,61.589028214974505,2.3407179269028973
39.255433283807974,43.0034373954616,-3.7480041116536285
40.54987596780348,38.24990036974757,2.2999755980559087
35.331955282986726,34.65135237726754,0.6806029057191836
51.65528403284331,53.09550645036681,-1.4402224175235006
44.15116871836619,47.10172026511729,-2.950551546751093
57.651161881087965,52.35144279133114,5.299719089756827
39.568456147087694,40.634522270883146,-1.0660661237954514
16.597340757700902,17.103117246870724,-0.505776489169822
40.54856787372874,39.07378405217797,1.4747838215507727
68.65620024617687,68.76156468057553,-0.10536443439866616
73.9034894369012,74.70674478818874,-0.8032553512875467
67.29981585315006,62.661886622612236,4.637929230537829
18.42402297372942,21.574807353625417,-3.1507843798959954
66.35395789648308,67.4981013261112,-1.1441434296281159
38.41878279649522,38.82027170651989,-0.4014889100246677
49.23388384555427,53.700500128079256,-4.466616282524988
82.51287506107701,82.40289165878914,0.10998340228786674
4.554603296664514,3.5485094304272735,1.00609386623724
63.41612428638829,63.04856034248164,0.3675639439066458
47.45434304485665,51.76205342611174,-4.307710381255092
46.254095687438664,45.42158801408118,0.8325076733574832
16.818385815541216,18.610905750981132,-1.7925199354399162
35.72803081766077,39.19925976785434,-3.47122895019357
44.06741981329159,46.10668572839395,-2.039265915102355
70.75697615171335,72.16367981671797,-1.4067036650046276
-1.1079408686300645,-0.6949141055877703,-0.41302676304229413
-16.09239932228654,-12.781203796318138,-3.311195525968401
63.78944072911152,59.94242380168568,3.847016927425841
30.43711124731076,36.563645905241586,-6.126534657930826
-20.59920051674733,-23.650989863574097,3.051789346826766
73.69839383786612,79.39884863867819,-5.700454800812068
-15.688532406031111,-13.643700842029148,-2.0448315640019636
42.72374316911227,47.982563865800856,-5.258820696688588
51.15809691027959,48.30445464616302,2.8536422641165657
54.387237306494306,56.23491383017553,-1.8476765236812227
48.01068039448485,48.90645736320685,-0.8957769687219965
50.5063466970796,52.42402605402613,-1.917679356946529
41.93661656699445,48.1507038278002,-6.214087260805748
65.99656581137008,66.91076085337747,-0.9141950420073925
42.04932426403279,45.21450952082501,-3.1651852567922205
67.42688256075314,70.93217713591433,-3.5052945751611873
30.670292062511052,35.555410570261486,-4.885118507750434
78.53724341834663,83.64978707593298,-5.112543657586343
51.52090439477429,46.768395653098416,4.752508741675875
73.61402308149252,76.19087584725392,-2.5768527657614015
64.31151592372242,66.65379237786016,-2.342276454137732
-5.503323028349823,-4.92065443114943,-0.5826685972003931
46.97013833131675,47.068367678417665,-0.09822934710091857
24.795803335041985,23.31727524297635,1.478528092065634
7.579506106750502,8.801551137692314,-1.2220450309418123
23.618651301871207,26.48522579941266,-2.8665744975414533
60.59762523290286,59.18046760603934,1.4171576268635135
41.77138345429641,41.59539069183813,0.17599276245827866
61.338277794572804,61.92476613158448,-0.5864883370116729
42.53156361226265,43.17863271884351,-0.647069106580858
19.507896190467946,15.122300711320705,4.385595479147241
-23.567463635641268,-23.507933714033214,-0.05952992160805337
69.73412860926734,69.70462175580698,0.029506853460361526
58.198795354347425,61.67919571817278,-3.4804003638253533
41.06884632962897,41.11119813137927,-0.042351801750299956
38.661870559385804,37.75958639815958,0.9022841612262269
-6.500209185833573,-5.255339445147996,-1.2448697406855773
71.22209459756984,72.77421784210499,-1.552123244535153
74.21080155679248,76.03442878033584,-1.8236272235433688
72.28372115040722,70.20333774055963,2.0803834098475846
46.24538455792794,43.99937807719751,2.246006480730429
27.715433394785958,22.94959430711957,4.765839087666389
57.133079005408575,54.266373600020565,2.8667054053880108
50.47627543150158,53.34961935021312,-2.873343918711541
43.93350816760539,41.56666243713926,2.3668457304661317
58.27840643590748,59.67931790608198,-1.4009114701744991
2.2160349683663796,-2.057024559371996,4.273059527738376
14.8350168033686,16.24810639704465,-1.4130895936760517
60.40163466206335,62.72044482382376,-2.3188101617604104
56.80157015675494,54.99071490736022,1.81085524939472
41.00633647751321,41.608735238090794,-0.6023987605775858
47.29032890499182,45.35925485413455,1.9310740508572692
65.7060979220167,65.63757727202888,0.0685206499878177
10.196002338642607,12.119148777963488,-1.923146439320881
60.277148321700864,59.227635351853365,1.0495129698474983
54.905014368635065,53.475699964536204,1.4293144040988608
82.93000480519063,82.81716950920485,0.11283529598578923
95.04173237990258,92.8350194180332,2.2067129618693855
-18.486944206880533,-15.441485053744756,-3.045459153135777
65.5113415397561,65.57184997803373,-0.060508438277622645
37.83637786170145,39.61016734284244,-1.7737894811409873
57.31737821643721,55.575583861134646,1.7417943553025665
54.210993882808765,55.730357299248226,-1.519363416439461
60.35781709412765,59.57007190317727,0.7877451909503748
74.4405157652396,73.5493744929797,0.891141272259901
17.633558856849717,24.032273144230743,-6.398714287381026
74.99209226722124,76.62560895046975,-1.6335166832485157
55.7771490408036,60.57813993769575,-4.800990896892152
36.431618607811956,36.149076123944496,0.2825424838674593
29.253855136255186,32.863201959645295,-3.6093468233901085
17.285964458558297,25.453191309737463,-8.167226851179166
46.85575936277389,46.970590754627494,-0.11483139185360614
50.154984620689355,46.32892728653805,3.826057334151308
53.73003173448767,57.6764008616823,-3.946369127194636
88.76517853660152,89.45813559458249,-0.6929570579809621
19.603484956215027,22.8186241720514,-3.2151392158363734
-0.9100795156378192,-2.263258905566417,1.3531793899285978
20.610108848727563,22.409332998849862,-1.7992241501222992
66.06618120713031,70.76112782034679,-4.694946613216473
-10.281361155960958,-9.300330407526275,-0.9810307484346836
8.132555240623127,13.939677362637042,-5.807122122013915
80.65694385884638,84.2543840821791,-3.5974402233327254
45.56382976851462,42.552844258867744,3.010985509646879
43.14099273696926,45.158809431777385,-2.0178166948081255
29.530788308460767,28.285092411928744,1.2456958965320233
16.544827056652004,20.81120410903172,-4.266377052379717
-2.916394791078088,-5.904325216352717,2.9879304252746293
30.643578569429216,29.002550860563503,1.641027708865714
32.47146748054758,31.91049402190957,0.56097345863801
50.31671494816607,50.8227827941042,-0.5060678459381265
18.72202947844422,19.756648322146958,-1.034618843702738
16.971118016606518,19.63178879244839,-2.660670775841872
-8.165905745547004,-7.076788620616355,-1.0891171249306488
58.6787356785401,58.02658441370252,0.6521512648375776
42.586381840621826,45.37412003004371,-2.787738189421887
65.42585714144641,62.85839630356453,2.5674608378818817
39.75376417854669,40.78518993542769,-1.0314257568809992
50.052342250684276,54.91503226905104,-4.862690018366763
31.276640881150445,32.135641111918304,-0.8590002307678581
17.572068461807916,16.9384237703333,0.6336446914746148
19.073421546148285,15.214949714893578,3.8584718312547075
40.73336154331416,38.53243712896084,2.2009244143533238
60.74887187448977,64.39880901106105,-3.6499371365712747
17.28565628130166,17.61232807249553,-0.3266717911938706
52.901457702061414,51.92384304576365,0.9776146562977672
68.95378905335365,69.98569205402035,-1.031903000666702
11.693087659029896,8.945351277665864,2.7477363813640316
46.01198733202562,46.32896326718829,-0.31697593516267375
66.94648069763524,62.86595024826607,4.080530449369171
-17.24499479535394,-16.244049260086285,-1.000945535267654
15.143064003490478,16.438821143462263,-1.2957571399717853
38.188517254546,37.595514787919726,0.5930024666262739
0.671805800020658,-0.6125277869629429,1.284333586983601
40.21017445172883,35.437714081497475,4.772460370231357
44.039282038689564,44.33472716914451,-0.2954451304549437
36.165796029694,39.67637952827278,-3.5105834985787823
44.98293524600059,43.178099274390995,1.8048359716095916
46.754813300253936,48.40578866440642,-1.6509753641524867
46.94702996478635,44.31607724153972,2.6309527232466294
-16.693816377751602,-14.016503176521283,-2.6773132012303194
31.16725633577016,30.024549757527893,1.1427065782422652
27.598394757314185,27.631409572212803,-0.03301481489861757
64.77687266221957,63.8323558815851,0.9445167806344728
90.60674462582153,83.6960470401208,6.910697585700731
42.6365890072183,41.92878566173733,0.7078033454809685
67.4124039449416,66.93815781334959,0.474246131592011
41.699791280501366,42.64000798369541,-0.9402167031940465
62.097512812398286,68.64154142023025,-6.544028607831969
3.3838387157794205,10.48496833527497,-7.10112961949555
-16.718546112164606,-18.10319562459405,1.3846495124294442
-4.149591796596097,-7.815923025095685,3.6663312284995886
71.10186968340672,74.11570918086954,-3.0138394974628255
65.99273297395509,73.71487864215325,-7.722145668198166
35.771359578542956,39.989646231252564,-4.218286652709608
84.9359526633452,89.05650642789107,-4.1205537645458605
45.928080103558834,44.92591669220291,1.002163411355923
36.88646921443344,33.51594154121726,3.3705276732161806
25.620873393263356,26.634646353702877,-1.0137729604395211
42.381086436559336,41.52608656129454,0.8549998752647952
71.30297816952142,73.2075250027067,-1.9045468331852788
73.30855594841904,74.29278128301246,-0.9842253345934182
46.27831582205892,40.948282439005965,5.330033383052957
69.53436487931342,74.07493191413822,-4.540567034824804
46.28313404740644,41.8628359916513,4.42029805575514
-15.811795727446517,-14.262543863841842,-1.5492518636046757
51.69860509464246,56.619846023757994,-4.921240929115534
-16.02758585455844,-13.471393120208944,-2.5561927343494943
56.040059732917754,51.302597699652466,4.737462033265288
84.35821313231813,84.39153235999767,-0.03331922767954154
63.740224571509,65.90639682843386,-2.1661722569248525
70.26291843969433,66.13024795232697,4.132670487367363
33.663046441689936,35.73632304567175,-2.0732766039818173
51.5948294741265,51.00131241237267,0.593517061753829
60.461006088106586,61.27513606113008,-0.8141299730234905
25.129357543677898,26.005080388773678,-0.8757228450957797
55.276285896936535,51.73837473453548,3.537911162401052
56.453977279312625,54.7046058512166,1.7493714280960262
68.4516960463151,69.06483684361531,-0.6131407973002041
77.63625662337782,76.63598172054101,1.0002749028368072
79.32911991644251,75.9307444104929,3.398375505949602
44.584664468329315,40.02675640560838,4.557908062720934
61.11500620621371,56.18406041589525,4.930945790318454
54.245334050106614,52.71992044721331,1.5254136028933019
84.58357102554871,81.21566524233381,3.367905783214894
75.07783962417163,76.2074013592459,-1.129561735074276
23.80924261245914,22.13488317559751,1.6743594368616321
18.42227714184909,22.263843887721748,-3.841566745872658
66.23064354438584,67.34777413115948,-1.1171305867736407
61.544272266621135,60.822271413202195,0.7220008534189404
77.73415085418635,76.95162542505045,0.7825254291359016
53.17790817921927,49.06563126869215,4.112276910527122
57.52094194244925,61.85563909606506,-4.334697153615814
47.86794191308326,48.64557842136831,-0.777636508285056
52.54249058932776,48.47460966392384,4.067880925403919
16.84609944162206,13.885941034998666,2.9601584066233926
39.03468720642174,41.1325501105125,-2.0978629040907606
19.14572830022973,20.94579347675264,-1.80006517652291
57.984855415935805,57.47405082566835,0.5108045902674547
83.77991897721274,86.83533610476243,-3.0554171275496884
52.55954816906218,52.21540577828601,0.34414239077617026
67.6571723548862,65.47458954387807,2.182582811008132
60.41582117331244,64.53281288692956,-4.116991713617125
73.45752681469315,69.39467175664524,4.062855058047916
34.99353638879253,37.04748443588797,-2.0539480470954388
45.63073194771909,41.4169393922238,4.213792555495289
32.43826993349467,38.80032035680937,-6.362050423314706
62.008332455409096,63.4503897859037,-1.442057330494606
21.4792425170739,22.72210344091522,-1.2428609238413202
4.457702864087312,-0.3181829423353548,4.775885806422667
-7.817537471835481,-7.442101054386583,-0.37543641744889733
89.01742367541651,83.67965856139834,5.337765114018168
43.36530798096803,46.98769400605011,-3.622386025082079
76.1066724585735,76.28262820908444,-0.17595575051093704
71.82251235760396,71.2979874638445,0.5245248937594482
63.82131959680986,63.124392109042866,0.6969274877669918
-22.820284906758552,-26.71355799239224,3.8932730856336875
43.44748780682093,42.00150605415675,1.4459817526641814
30.59624807708804,28.318148503202735,2.278099573885303
74.8564534780159,76.1950238901504,-1.3385704121345015
43.519632409901746,49.84406262653356,-6.324430216631811
76.09425425931099,75.51561033452616,0.5786439247848278
19.838737765284346,23.97729099190191,-4.138553226617564
62.7672098741038,61.37479663865166,1.392413235452139
27.20357801028831,28.142981573873527,-0.9394035635852163
59.99236156080594,63.334399758194465,-3.3420381973885256
48.887537710079606,52.01979739952766,-3.1322596894480554
-8.672769232098176,-11.439006232103324,2.766237000005148
72.10519557085145,69.35473058126212,2.7504649895893323
76.40213049694698,77.39944212548085,-0.9973116285338648
81.77408088372131,82.27772628688649,-0.50364540316518
11.501999113147885,15.906484040539155,-4.40448492739127
54.38517838767118,50.72595525846644,3.65922312920474
37.83062392095557,35.676181467842284,2.1544424531132833
42.20353757206727,39.12570111661807,3.0778364554492015
51.15442836167326,50.1379318253518,1.016496536321462
43.163553268156576,42.34059597128609,0.8229572968704844
53.002038618373156,47.07053212059116,5.931506497781996
84.67708446929049,80.98430649145222,3.6927779778382757
-39.739245924770074,-33.0071704844231,-6.732075440346975
33.986200513576435,35.16042395483532,-1.1742234412588886
53.531222180925546,51.712624714101366,1.8185974668241798
28.675866500179445,30.906455072949072,-2.2305885727696264
63.898627208969124,63.47450577999594,0.42412142897318716
43.17947676967484,43.360758137584284,-0.18128136790944183
20.582661367273406,23.43319087007245,-2.850529502799045
17.94303443556072,16.81978253474189,1.123251900818829
32.4074074845274,35.334632603337596,-2.927225118810199
34.104642251742064,32.95637011062884,1.1482721411132246
56.660193932338935,59.33842655252081,-2.6782326201818734
42.39250201529313,39.56069892109173,2.8318030942014047
63.55906306848897,61.62328176790679,1.9357813005821782
49.66430745528207,49.100800181514025,0.563507273768046
67.74810308947669,68.87864772519202,-1.1305446357153386
49.49157593599142,50.65590031787307,-1.1643243818816487
68.62616239911416,72.5807166663886,-3.954554267274432
87.76997374878188,83.64196806615287,4.128005682629009
72.8888307592442,72.78765562166822,0.10117513757597862
53.49856815971633,51.51124998351308,1.987318176203246
55.9486695914273,67.6030834419156,-11.654413850488304
75.9317967714878,76.90014955701754,-0.9683527855297456
47.78128809498224,53.218177336316025,-5.4368892413337875
35.76355151371855,35.89128490871143,-0.12773339499288028
53.04665783628427,55.52072317219846,-2.47406533591419
23.660132071161474,23.47538472351883,0.1847473476426451
-6.7268521388194085,-8.373640902205068,1.6467887633856595
10.857501287578826,15.002529194799294,-4.145027907220468
52.02237963270633,50.86535283163561,1.157026801070721
41.389883547023345,44.11119703994432,-2.7213134929209772
56.99343758891763,56.19116523358984,0.8022723553277871
43.22217429154981,42.81628406405243,0.40589022749738035
40.42499762761257,41.415691083461546,-0.9906934558489766
58.8847954496705,58.662719593559956,0.2220758561105427
32.791982387900106,32.54831244152338,0.2436699463767269
59.95595464192518,56.89831256117713,3.057642080748053
6.670908828226825,5.543020473352712,1.1278883548741128
-22.0379044037697,-13.412062925825765,-8.625841477943936
58.568901001088584,60.25290357437891,-1.6840025732903285
62.70489988308961,65.09674839319105,-2.3918485101014397
57.36584676375901,53.51911113832801,3.846735625431002
51.641958233556025,50.231056395057855,1.4109018384981695
65.09371599155862,68.08037596125672,-2.9866599696980956
41.627222011358754,35.3712870790345,6.2559349323242515
-4.05928977071464,-2.4668654846032467,-1.5924242861113935
57.698171965311396,57.6931098926147,0.005062072696695452
38.196077850761355,43.92497475358613,-5.728896902824772
49.89834979831121,48.64980146596842,1.2485483323427857
50.624314593903605,54.750693893402214,-4.126379299498609
50.53494874810996,49.49043978809434,1.0445089600156194
31.862403272923938,27.57428546948178,4.288117803442159
35.70667106582979,35.80670755739867,-0.10003649156887917
28.737687118599343,28.90949288458549,-0.1718057659861465
-4.835445428653991,-4.5020457603076665,-0.33339966834632495
51.59321049542372,57.67647284922598,-6.083262353802262
55.80151999883498,58.110467619670395,-2.3089476208354114
41.31816732991385,40.13857677674071,1.179590553173135
66.50247337346322,66.53958634094958,-0.03711296748636528
86.29120231361459,86.69339166576889,-0.40218935215429497
53.39340394826712,52.89160748876244,0.501796459504682
45.05360404165616,46.67310407375689,-1.6195000321007313
43.81098783332931,48.539187303991156,-4.728199470661849
48.174262145739526,55.311538964532375,-7.137276818792849
51.928262856249724,53.81818634581964,-1.8899234895699166
69.9600142864791,71.19187471352335,-1.2318604270442535
61.172779582416645,60.67805398393078,0.4947255984858643
41.387914767074605,44.25098162100385,-2.863066853929247
59.39492493268521,59.0968620136934,0.29806291899180337
35.27221459075034,42.70104328332317,-7.428828692572836
62.59565375705779,69.58706201866094,-6.991408261603155
31.362958379140906,32.35072861795959,-0.9877702388186833
-12.945316109826061,-11.512591978036781,-1.4327241317892803
56.74787990426696,56.61995954621105,0.12792035805590984
55.63932164475261,57.71784505582488,-2.0785234110722683
26.023329530461293,24.694764095762253,1.3285654346990405
49.53552398176496,49.219097156919084,0.3164268248458768
26.05805935386444,22.751321253335988,3.3067381005284524
70.82496024772327,73.35346255190971,-2.5285023041864463
51.48138213691116,51.73920757964669,-0.25782544273553043
58.66468704498907,61.6093971047316,-2.944710059742526
16.8198270276432,17.870435923682194,-1.0506088960389945
35.75922893708894,36.98995010271243,-1.2307211656234855
57.94619434358662,53.90933938253267,4.0368549610539475
48.960744608764266,60.378355900744936,-11.41761129198067
66.67681525645493,68.29108474250239,-1.614269486047462
-2.650678056124606,-2.8689282429725864,0.21825018684798048
-16.126427305340805,-8.533050397303015,-7.59337690803779
38.3538871741225,36.55435193070282,1.799535243419676
47.951974095040896,46.53340789178857,1.4185662032523254
38.277777974318745,33.656044995454565,4.6217329788641806
42.38351149669026,34.656920067055566,7.726591429634695
46.01418249988388,50.11259460622324,-4.09841210633936
5.619115410704122,11.91150327671268,-6.292387866008557
51.314217561330906,52.252533166689624,-0.9383156053587172
58.39520342547327,52.24974883047392,6.14545459499935
58.16190643394599,52.851532261316734,5.310374172629253
73.35638000165221,77.06612096255698,-3.7097409609047673
56.52376950909476,57.06376726851461,-0.5399977594198475
39.632395781157406,37.50501442564571,2.1273813555116945
32.952357837278136,30.248790444299658,2.703567392978478
27.557186943717085,29.00572427138806,-1.4485373276709765
-5.600271061052496,-6.583560004852259,0.9832889437997636
14.310899254738686,16.6483292699387,-2.337430015200013
69.4093427648564,71.06889795493045,-1.6595551900740446
42.59194450395992,40.658809428023815,1.9331350759361072
39.31800896690153,41.14460876035672,-1.8265997934551876
60.94234059496212,58.67454108790172,2.2677995070603956
60.21387940446694,66.79884153343772,-6.584962128970787
17.96876057398613,15.43146982589748,2.537290748088651
5.630491669948908,4.649184446439477,0.9813072235094307
77.304309301084,83.9922957528084,-6.687986451724399
24.564637161412165,25.553815380297678,-0.9891782188855132
3.3326354658053563,0.37279306643364407,2.9598423993717122
40.58129105793064,42.679777754700005,-2.0984866967693634
64.50808645946398,63.90809559130623,0.5999908681577537
47.580323027539244,44.831356254408355,2.7489667731308884
53.38201625120312,51.91116616211517,1.4708500890879463
36.0486746016107,34.515008029699445,1.5336665719112546
41.07108778950539,42.59789085619428,-1.5268030666888919
47.257183089083526,46.65492258858018,0.6022605005033483
40.67178380053391,40.75425774253801,-0.08247394200409985
39.35576179598491,36.53043276878677,2.825329027198144
44.04881384487021,43.10802668151894,0.940787163351267
20.26893593430485,22.6363668398687,-2.3674309055638503
27.203665472260415,31.782202298322645,-4.57853682606223
60.79533542887065,59.465034297402774,1.330301131467877
38.465766807323675,35.60539671453175,2.860370092791925
9.809347771299127,13.96373254222506,-4.154384770925933
30.57459099407334,32.21758299266844,-1.6429919985951003
60.313347500830446,57.42444519693889,2.8889023038915553
67.97940409382305,65.57422138510597,2.405182708717078
35.190745274413004,34.43320972214782,0.7575355522651819
55.80745009546388,50.88431193730961,4.923138158154266
1.5791347833483207,-0.6623472720991543,2.241482055447475
75.30146073680868,77.44330986864657,-2.141849131837887
43.91647196646488,40.94141572861191,2.975056237852975
70.27734570773673,72.68657363029328,-2.4092279225565534
62.87580323206402,68.46741205872145,-5.591608826657428
44.61170718765219,48.1402964463663,-3.5285892587141063
91.11249382805379,90.35734106012693,0.7551527679268588
79.0164069535195,78.71394068999464,0.30246626352486317
48.960832355130556,44.90316460750946,4.057667747621096
65.3321788458763,62.91237049817556,2.4198083477007373
48.79646672672344,46.83201172427363,1.9644550024498102
50.050813500702766,50.34636374663423,-0.29555024593146584
19.613124714288762,15.955861489136808,3.6572632251519543
57.775630829869364,58.33732000768596,-0.5616891778165964
71.4465595492733,77.6014091440044,-6.154849594731104
69.42093043763236,69.68563259501596,-0.2647021573835957
14.933498827573304,21.70412889090389,-6.770630063330584
44.572188170612435,49.379893363043635,-4.8077051924312
44.17691510937604,41.682122453025464,2.494792656350576
83.77050531818523,81.5748282588417,2.1956770593435238
62.473363787680654,62.692426480516446,-0.2190626928357915
54.138521757723126,50.54010382746122,3.5984179302619026
21.808073027620136,19.393186625606432,2.4148864020137033
59.18597753930108,56.749856259968475,2.4361212793326033
37.89527377064077,40.59220123919428,-2.696927468553511
46.466954669679644,47.522155092259865,-1.0552004225802207
47.35193495178417,47.93156165138862,-0.5796266996044466
40.972171392073406,37.06868325103895,3.903488141034458
13.357796232869129,17.665451308832914,-4.307655075963785
-4.2830155629614675,-9.12012420417176,4.837108641210292
-21.685830436548695,-18.547569563660943,-3.138260872887752
31.077171887880453,31.71055283173159,-0.6333809438511366
72.40312228216825,67.73742476731341,4.665697514854841
53.409302407884155,53.17748260631894,0.23181980156521576
79.40122424955092,84.59742250912186,-5.196198259570934
57.40664532756011,51.35780143490755,6.048843892652563
56.41555945806926,55.197939742427806,1.2176197156414545
45.1962326172635,41.96919529855792,3.2270373187055768
85.9687320220529,83.45234428204252,2.516387740010387
43.06186837736771,45.08205690743026,-2.0201885300625477
26.205654122437533,28.844871247484946,-2.639217125047413
62.22397895717719,56.080436694349565,6.143542262827623
30.950819422352254,32.10904786386588,-1.1582284415136286
55.564874279003114,56.35054282007268,-0.785668541069569
29.339952151916194,29.265099317456773,0.07485283445942059
71.5414013492197,71.90903449760387,-0.36763314838417216
50.030242644445224,46.99208375037512,3.0381588940701008
44.0726435459559,43.26166324612249,0.8109802998334104
27.848917593484874,28.58317690745004,-0.7342593139651648
63.18084217990706,62.31282719376235,0.8680149861447077
41.55862138423374,41.09259269043501,0.4660286937987266
18.905266264777605,22.082271781086362,-3.177005516308757
78.41460820860074,80.7909378860035,-2.376329677402765
53.89347188356359,49.80615051677356,4.087321366790029
28.22591628300299,25.427014575845448,2.798901707157544
42.586906754376336,50.349302123267236,-7.7623953688909
42.837364664828215,43.329977110564,-0.4926124457357872
47.90966798911958,51.91215537650537,-4.002487387385784
41.292694537537926,36.74614354528369,4.5465509922542395
14.006735899621287,19.70924657082665,-5.7025106712053635
40.77681428531294,35.807352830679335,4.969461454633603
-2.1818913053235596,-5.300675096946861,3.1187837916233017
70.86058068487951,69.95632417501216,0.9042565098673521
-16.092182808547527,-12.726646949085094,-3.365535859462433
35.3636665519045,38.57324287441383,-3.209576322509328
74.29045443791482,71.88117487994035,2.4092795579744717
58.10538260879733,62.44093458615358,-4.335551977356253
9.83648479127501,10.904968657859143,-1.068483866584133
58.167510234547755,55.29279215646416,2.874718078083596
44.019661340067856,47.18564917546933,-3.1659878354014737
65.9921636075313,66.35025042833217,-0.35808682080087806
70.9970728177415,73.6322566063489,-2.6351837886074065
58.94794215894068,60.06087748319811,-1.1129353242574354
-2.8142542831365933,0.10111906089447587,-2.915373344031069
18.088652136489046,20.806549793809396,-2.71789765732035
43.50827138921806,43.894250357146305,-0.3859789679282457
67.8287638037121,61.07956145318897,6.749202350523134
49.854306807848324,47.73873542903822,2.1155713788101025
96.31175836145843,99.65536061993818,-3.3436022584797485
34.02938414974764,31.926769767539454,2.1026143822081877
69.45520140563282,70.82747702479186,-1.3722756191590406
0.8085817513255673,3.4167162424397475,-2.60813449111418
83.69985121727628,84.9446512102471,-1.244799992970826
23.116636892210625,24.349918632872473,-1.2332817406618481
-2.8734905467980667,1.5817069163250466,-4.455197463123113
56.731934959165514,54.25774855984156,2.474186399323955
14.143833196421339,11.05781461447718,3.086018581944158
-17.079893472558005,-16.259083947812698,-0.8208095247453073
40.74638328054862,41.062534959081844,-0.3161516785332239
79.65379349732939,78.12619104907267,1.5276024482567152
53.809740998813155,48.66660345357261,5.143137545240542
58.19166749690012,58.81346770063385,-0.6218002037337271
39.98576998993273,41.02325101735621,-1.0374810274234818
19.08783306527726,20.142010681172977,-1.0541776158957177
85.32246847028524,85.01230767585352,0.31016079443172373
44.95384359330258,42.66174227562367,2.292101317678906
44.477753513787015,49.225519038182384,-4.747765524395369
61.46419166494457,56.63034981156421,4.833841853380363
49.92910271475206,48.682014273252044,1.2470884415000185
56.46642342344689,61.89405722585157,-5.427633802404678
76.76562452939636,73.18686637316623,3.578758156230137
53.70741349174038,53.18958228126997,0.5178312104704119
24.303948441877132,26.152660774530418,-1.8487123326532853
51.00884768533887,48.35569721021488,2.6531504751239936
34.45715469886681,36.93024959746472,-2.473094898597914
72.40870674993126,73.79681448738866,-1.3881077374574033
75.56039559598487,76.52913544820383,-0.9687398522189596
14.288826351056558,16.66401715835498,-2.375190807298422
71.14980388628653,67.3140109963258,3.8357928899607288
25.2714543527982,26.100816735730945,-0.829362382932743
44.00208736645912,44.57060717040536,-0.5685198039462378
74.76182748157478,73.81296842351632,0.9488590580584599
55.46028286760614,55.69227285466599,-0.23198998705984764
48.24386863543144,50.11920614505537,-1.8753375096239324
22.043952351085515,24.76861040198625,-2.724658050900736
72.90267995287878,70.51360612002497,2.3890738328538106
-8.178448103147042,-7.1919895980984165,-0.9864585050486259
-13.659327898004035,-8.033064098545367,-5.626263799458668
59.877877338417356,58.77695725518888,1.1009200832284733
50.2685242760119,45.69642617501658,4.572098100995319
75.76885391703543,74.01072280356367,1.7581311134717623
71.62047117592567,72.23431985332732,-0.6138486774016485
38.13254856518593,42.02304832874013,-3.890499763554203
74.32280557220528,72.39292758784919,1.9298779843560965
52.875705232307844,51.27095517682355,1.6047500554842955
30.276321558527385,34.72665368134467,-4.4503321228172865
47.301529230457945,47.486354769276716,-0.18482553881877095
80.63228342464652,79.82586951517854,0.8064139094679774
76.80370128647455,74.69773848647205,2.1059628000025015
67.03178980200731,66.17445598909076,0.8573338129165506
39.468854518619004,43.03559357957022,-3.566739060951214
50.321206395676185,45.21268416626323,5.108522229412955
54.66920447348539,53.69728537309378,0.9719191003916094
66.60951508222661,70.17453244637178,-3.5650173641451772
-19.905469924131793,-17.444764351369557,-2.4607055727622367
26.599461706759687,23.39238716494104,3.2070745418186455
60.77565530163887,56.73218288636782,4.043472415271047
-13.685763039720529,-5.561626751394428,-8.1241362883261
30.874765895281936,30.656941332180125,0.21782456310181075
68.62983503634193,66.06338075675068,2.5664542795912553
46.409094302333116,49.674234619119204,-3.2651403167860877
26.977228730034266,30.18610314442826,-3.2088744143939927
1.5259698346897281,1.8373422836215383,-0.31137244893181015
35.30358438771315,37.055472375821026,-1.7518879881078746
57.04893179670084,53.865269708722685,3.1836620879781563
52.101762314057574,52.95231349130611,-0.8505511772485335
58.97920533994359,60.02206833534953,-1.0428629954059403
43.676211489833285,48.43571665711997,-4.759505167286683
-17.430540933033612,-19.00360637016449,1.5730654371308788
39.2710613681182,40.08558306917861,-0.8145217010604142
48.96244672465504,47.48824159069878,1.4742051339562607
54.047750887720134,53.3043239418164,0.7434269459037353
54.99866268354484,54.22952799723227,0.7691346863125759
31.828498038665956,31.320078000655613,0.5084200380103425
11.641802959409942,14.898290620379115,-3.2564876609691726
-1.6600882475680574,-2.3647945089998075,0.7047062614317501
16.642749637382803,18.665970827797608,-2.023221190414805
66.49953047645016,66.09721529050728,0.4023151859428822
74.20355516695709,70.0596473592198,4.143907807737293
34.846868401306935,34.389516381171376,0.4573520201355592
51.30426326282574,56.39913745450824,-5.0948741916825
-3.23557677701967,-2.7510250735559936,-0.4845517034636764
25.494628984129793,29.62074047093536,-4.126111486805566
53.317268259788946,54.4068762218111,-1.089607962022157
77.95734964575033,74.03048697773637,3.9268626680139533
89.08400484822899,88.82948091097866,0.25452393725032607
68.2778134221412,70.33103792232922,-2.0532245001880227
36.34891438207583,33.45196203203966,2.896952350036173
71.68916382870263,72.59178813778881,-0.9026243090861783
18.906173170974782,22.409873103729893,-3.5036999327551115
38.287258426142344,42.027206656868536,-3.739948230726192
-32.10532675424477,-28.50276855077813,-3.602558203466643
-4.520651444922299,-6.5711204814540025,2.0504690365317035
53.443480588991626,54.58359176119947,-1.1401111722078454
-26.909032547660303,-30.030587163900364,3.1215546162400614
58.14260233109444,56.1368166590444,2.005785672050038
20.232531559542043,19.76335444841517,0.46917711112687144
14.839260038546934,15.009410108520783,-0.17015006997384852
-6.4239440153080025,-5.506879094855108,-0.9170649204528942
43.55004048823099,44.01192535476633,-0.46188486653534255
41.81028383382484,39.735509324743,2.0747745090818412
38.377213290034234,39.19820648993768,-0.8209931999034481
43.822891234717574,47.98963838774834,-4.166747153030769
26.03833376065674,27.89560485543167,-1.85727109477493
41.436202959343476,44.600780599642675,-3.1645776402992
4.923362640909163,1.2058753208218889,3.7174873200872742
71.27235155813212,69.27961691985328,1.992734638278833
59.815318064102684,61.856183101103476,-2.040865037000792
3.114616614682144,0.5809269467934968,2.5336896678886474
42.39333358789689,43.3851369624713,-0.9918033745744097
77.61271620533302,74.3145189751414,3.2981972301916187
37.67894024264305,45.71705711722446,-8.038116874581412
-15.888223488698202,-17.40467260603002,1.5164491173318169
-2.7891751652808843,-1.5039356824111962,-1.285239482869688
68.01712192072816,67.37464425192087,0.6424776688072882
48.789245066936935,51.11504343017471,-2.325798363237773
59.1317791776083,55.98829974719086,3.143479430417443
59.55297502438781,58.522649586238245,1.0303254381495677
61.4137792148009,65.4332507933939,-4.019471578592999
13.392231638320466,15.855290641737199,-2.463059003416733
64.26340917874539,64.04629402579448,0.21711515295091033
29.0967849453982,31.39171611697661,-2.294931171578412
58.9734162435358,58.68447576185227,0.28894048168353237
27.792882875033282,32.46131737321535,-4.668434498182069
23.036116397923735,24.513667144054878,-1.4775507461311435
15.921150324665987,17.505756641839042,-1.584606317173055
24.31295062835572,26.013473268774007,-1.7005226404182885
14.274185484651497,19.937094185998603,-5.662908701347106
14.649106489854956,13.394713759802556,1.2543927300524
46.348741006046495,46.992980760353184,-0.6442397543066889
51.6559842521289,53.3521424995729,-1.6961582474439965
65.34926625471104,69.01836656163975,-3.669100306928712
15.96947402725805,16.69967661350566,-0.7302025862476089
45.845269661026975,47.453626993316576,-1.6083573322896
34.55927966728327,39.82335378819904,-5.264074120915772
30.550300575222526,30.764368723376606,-0.21406814815408026
51.63648703488378,49.11587284852026,2.5206141863635168
68.84884316071921,65.57001130598763,3.2788318547315782
59.57816761476106,60.1801738459179,-0.6020062311568424
74.38979839434914,74.71588612021462,-0.3260877258654773
44.03671932437796,41.267210092820335,2.7695092315576275
-23.927284883910485,-24.93069649958808,1.0034116156775958
77.00001103577151,79.71027652036804,-2.7102654845965333
56.31473919446205,55.57059979654212,0.7441393979199304
62.662686022435736,62.38557822572883,0.27710779670690755
75.19435085881427,73.71620094631155,1.4781499125027295
73.68379091039908,71.3875759141598,2.2962149962392857
51.9153266130696,54.725668883554405,-2.810342270484803
60.409581767532394,62.46437757124792,-2.0547958037155283
66.73941336208692,69.71083041364197,-2.9714170515550506
10.721783540489765,7.281782838907091,3.440000701582674
40.38157057506809,40.34507708576823,0.03649348929985763
33.285296942501695,31.84345659692113,1.441840345580566
63.350777582131045,67.0208927992029,-3.670115217071853
53.701731809189425,54.7409988448001,-1.0392670356106777
-7.543019760025131,-9.133588381518507,1.590568621493376
76.94896385308535,81.43856974913197,-4.489605896046626
-0.013379662251645108,-1.4916138838082702,1.478234221556625
9.14918441383341,5.8653216404185855,3.2838627734148247
83.26506222158493,81.98410190583037,1.2809603157545553
56.50412994522055,63.12151841095825,-6.6173884657377045
77.8518498604305,79.83568196263299,-1.9838321022024843
62.39011679529464,66.10276305714177,-3.7126462618471336
17.429920049965634,22.308332431235968,-4.8784123812703335
43.97123275326956,44.74138224681738,-0.7701494935478195
19.843618613106685,22.17054862747578,-2.326930014369097
79.42703066079864,80.49152542618164,-1.064494765383003
16.28410444644331,21.52427035516652,-5.240165908723213
43.202793506416704,46.43939152554188,-3.236598019125175
27.686382193109882,25.33556802324037,2.350814169869512
41.305058512568124,43.99314341984453,-2.688084907276405
4.7437301444707725,6.424686110687688,-1.6809559662169153
33.24956984543942,32.818208379126006,0.43136146631341177
80.2714016259387,77.71096242682374,2.5604391991149527
93.79743862153084,89.54623291662851,4.251205704902333
54.35394207118284,53.552211694760906,0.8017303764219363
39.25440558810966,40.508911947300646,-1.2545063591909837
40.280572949791,44.89720266861113,-4.616629718820128
53.933083085444885,56.1076720762633,-2.174588990818414
71.12814880340734,72.80122141040106,-1.6730726069937134
40.65313570828565,39.677200982809524,0.9759347254761295
49.71012712843368,52.02950356922853,-2.319376440794848
-37.16492410111694,-35.60649798355969,-1.5584261175572465
61.43887935119236,60.710040368025716,0.7288389831666464
61.27187092542605,60.58371811558368,0.6881528098423715
-16.99028752365569,-23.29124874559359,6.3009612219379
14.73322721543874,13.258588959317464,1.4746382561212759
-37.1904365602385,-30.978754704540577,-6.211681855697925
53.523229964363125,53.28414647950006,0.23908348486306608
28.030056054866648,25.85768083403424,2.172375220832407
47.236886089811286,48.99404048366995,-1.757154393858663
45.269707641916085,46.7153403277245,-1.4456326858084125
59.57398908941917,61.98644554366109,-2.4124564542419193
-4.6784970140035345,0.10566351732308021,-4.784160531326615
56.312261602912656,55.813853554669855,0.49840804824280127
81.01260939475314,80.97029039033067,0.04231900442246683
38.84472257150859,33.42769657493771,5.417025996570878
74.08767610766873,73.05153573709507,1.036140370573662
38.682702253133236,34.17546937390064,4.507232879232596
17.33547805542198,19.280612986081394,-1.945134930659414
34.85912823302177,34.816089518485256,0.04303871453651453
69.47394174964094,64.93771147453616,4.536230275104785
68.90015893649573,69.70956074950803,-0.8094018130123004
-2.332005637738681,-3.8054514763981615,1.4734458386594804
57.89246034314517,58.16200959598622,-0.2695492528410526
60.34963285770736,61.80966885697403,-1.4600359992666654
52.71653375730462,52.90811887323497,-0.19158511593035144
44.82875003859166,44.78679869116861,0.04195134742304418
80.93886715978257,83.64418032967227,-2.705313169889692
61.60428108093288,61.786729513349066,-0.18244843241618725
59.93805970117522,59.82254223764066,0.11551746353455883
79.73172442270851,80.76429005664701,-1.0325656339385034
5.191500734223694,9.721020862218197,-4.529520127994503
35.97539658844572,35.12399132331663,0.8514052651290882
60.680854542040805,60.712819975130586,-0.031965433089780504
46.529182683656266,45.998443721085614,0.530738962570652
22.777299951105324,20.559985099147596,2.2173148519577275
15.568328147263319,19.84938479487377,-4.281056647610452
-18.900759984139967,-19.167266223474783,0.26650623933481654
45.94760081608038,48.77124805333989,-2.8236472372595074
47.546675294548685,47.31227232046678,0.23440297408190247
43.19721611617517,45.24952980700675,-2.052313690831582
66.39255091590617,65.48127413909415,0.9112767768120165
86.8451058324022,85.89500734989485,0.9500984825073431
15.715689362675752,16.650765671636634,-0.9350763089608822
7.617399019544644,6.8508034448047255,0.7665955747399185
46.05704604109988,48.2829049241549,-2.225858883055018
17.15360623005588,21.106682433438195,-3.9530762033823166
44.02106349555728,39.674341577169514,4.346721918387765
10.48277849945257,10.788673395151918,-0.3058948956993479
-13.845194018727636,-5.5962217311548415,-8.248972287572794
61.56329187930125,65.93113018735113,-4.367838308049883
34.2561655544472,33.942364827720596,0.31380072672660475
64.04387798355769,62.55002440935137,1.4938535742063195
62.61655711579106,62.80341412055782,-0.18685700476675748
61.25438580665309,59.08929142611747,2.1650943805356206
37.02218387421934,39.8264154717056,-2.8042315974862646
23.317991366183296,22.85097400202895,0.4670173641543478
68.16806789689336,60.900859044272444,7.267208852620918
8.488954415211582,8.012235808460545,0.47671860675103694
74.46586055988985,76.6409533738509,-2.175092813961058
73.22238345048149,76.60747075968527,-3.385087309203783
57.77016692558209,54.77403019275706,2.996136732825029
12.335210604055288,14.665549525721204,-2.3303389216659163
28.771685356033686,31.69045880640317,-2.9187734503694855
1.0510510425892865,1.5041324925954456,-0.45308145000615907
20.76314324100534,17.54838175880488,3.214761482200462
23.754389162283914,24.820524014990298,-1.0661348527063836
12.090230344476375,13.321370062783458,-1.2311397183070838
90.86138086872981,87.06138902427352,3.7999918444562866
10.319636709252412,12.992462660239468,-2.6728259509870558
47.89538861707178,47.65370986281063,0.2416787542611516
46.45238275260073,44.86134707255329,1.5910356800474332
5.046004883818357,7.043727323586452,-1.9977224397680953
75.4348123310686,71.72682214446533,3.7079901866032685
55.03348130599863,59.02674029110717,-3.9932589851085396
-3.7206748862482835,-6.300046291794885,2.5793714055466017
61.63868842730769,64.22098596773631,-2.5822975404286197
26.111052700288397,28.255812877279993,-2.1447601769915963
32.152869155446155,34.623901005768545,-2.4710318503223903
49.74572221983688,52.178133578180415,-2.4324113583435363
36.55552730671546,33.825287494491675,2.730239812223786
33.14849242915437,29.88366814498049,3.2648242841738835
86.47731674468777,85.72469273206116,0.7526240126266117
58.99501072356819,57.004312558870794,1.990698164697399
52.81310738019477,50.712852540678995,2.1002548395157774
27.209121749887615,27.453453015976734,-0.24433126608911948
52.35991624314213,53.70323889232165,-1.3433226491795196
60.09204966149213,62.329825296027735,-2.237775634535602
33.824661309352045,34.56576153591982,-0.7411002265677737
60.304819367048694,63.15458414773909,-2.8497647806903927
37.98112411270756,38.95392592365516,-0.9728018109476011
-13.107806971523397,-13.38608588323774,0.2782789117143434
56.34495019383567,61.26067198226089,-4.915721788425216
59.084174980293305,58.85048338053056,0.2336915997627429
-9.66877081216376,-11.8270730037152,2.1583021915514387
52.243477357556884,50.57446602621835,1.669011331338531
17.750163721853692,16.357072583049316,1.393091138804376
-4.425227632362397,-3.0704438624328674,-1.3547837699295293
75.86618122020766,72.93463046683996,2.931550753367702
49.37987542221213,48.935363716058006,0.44451170615412394
20.891905891808698,23.10443976840412,-2.2125338765954226
46.68352805094464,49.601249110998474,-2.917721060053836
23.73132779007361,22.548127095383578,1.1832006946900329
38.03185811610565,39.43360165247297,-1.40174353636732
38.071401310106324,41.63907834541048,-3.5676770353041576
18.39505298244292,19.746145973199646,-1.351092990756726
27.812480119186993,25.086698496450552,2.7257816227364415
21.76761968640376,21.001673894268237,0.7659457921355219
81.42026844620884,79.0201385408157,2.4001299053931433
44.26046867657831,47.32399690044077,-3.0635282238624555
18.806441812514993,19.67687836259867,-0.8704365500836779
-4.874676033330068,-5.591379041203908,0.7167030078738401
18.62619514844017,19.03660578357993,-0.4104106351397583
60.669047128374615,59.376465954977895,1.2925811733967194
80.15149298022232,81.97586541232884,-1.8243724321065287
56.20677387451612,54.97160907904135,1.2351647954747662
41.69701792273739,46.41859322358903,-4.72157530085164
26.803369431764835,28.87260160228638,-2.069232170521545
23.328884341210927,26.11495448801962,-2.7860701468086937
70.00546802207776,71.20695852236055,-1.2014905002827874
38.50684023566474,38.357884988739784,0.148955246924956
22.193438196953036,26.12820896737172,-3.934770770418684
28.000982899757,29.40819018996484,-1.4072072902078432
54.435116338763265,51.2474279497851,3.1876883889781666
65.5264943643247,66.37784483498648,-0.8513504706617709
44.57219808068018,42.29688321273238,2.275314867947799
46.873051558189935,52.213077130137506,-5.340025571947571
69.04794610312035,66.4293236096991,2.618622493421256
-20.63830202242223,-16.399916732973296,-4.238385289448935
-3.5383764504370943,-0.16077358372113792,-3.3776028667159563
52.19526444224184,50.406220814491626,1.7890436277502175
87.12427416439168,87.62961683935384,-0.505342674962165
66.29438131883805,63.73837683009277,2.5560044887452804
0.14201120877753448,-2.281806311356874,2.4238175201344085
47.56626877768953,49.25452221406399,-1.6882534363744597
70.61670849732083,71.82414051991402,-1.2074320225931956
-9.608981096063378,-12.632758329055164,3.0237772329917867
68.86727571085002,67.02172943027972,1.8455462805703036
89.75763197928737,90.26491120803517,-0.5072792287478052
39.65385807378866,38.394075480370944,1.259782593417718
16.781099264324766,18.92237216268198,-2.141272898357215
46.625031998920136,47.656979384618616,-1.03194738569848
13.985227633395745,12.764205327550727,1.2210223058450183
53.84254529847549,57.308091769486424,-3.4655464710109314
-6.387630904629327,-5.714010878846793,-0.673620025782534
29.9461112221001,28.897344543801964,1.0487666782981364
13.615707923661477,15.178723605242837,-1.5630156815813603
51.949544135058126,52.81337224653593,-0.863828111477801
62.042386170044686,58.39714734469302,3.6452388253516688
30.427989142107812,26.41415001996856,4.013839122139252
46.603171987833846,47.752474066444265,-1.1493020786104182
-8.774138120970795,-0.7595699215354728,-8.014568199435322
62.96616052280224,60.010426392384346,2.955734130417895
58.25303716874978,55.59059944830067,2.6624377204491054
57.23144912952825,56.178587145013616,1.0528619845146352
29.76023555788549,25.75103829981292,4.009197258072572
28.52508079856544,35.408612564244436,-6.883531765678995
75.07543176214534,70.13766105899401,4.93777070315133
81.82294360949386,85.96710285401969,-4.144159244525824
29.180678640307875,23.64243513089083,5.538243509417043
34.06982250355449,27.850260156324765,6.219562347229726
64.46693148993309,63.85192166409123,0.6150098258418595
65.16641296831358,65.7601017266149,-0.593688758301326
69.44283204605266,67.53459557999668,1.9082364660559819
38.61106901423801,45.51707957385006,-6.906010559612049
-24.42829908500396,-28.72741172472901,4.299112639725049
15.464456019459865,13.063777907088834,2.400678112371031
62.31649398997745,68.8933505623686,-6.576856572391144
26.70789262356649,26.79698026128912,-0.08908763772263129
28.533162153831142,27.286573942781743,1.2465882110493993
71.06568790845174,71.96691259057091,-0.901224682119178
46.34288899166444,48.76344310084793,-2.4205541091834917
45.52838715101379,48.67156917363907,-3.1431820226252825
55.43212195046187,55.747780654204185,-0.3156587037423151
68.81148215229832,69.14110743958908,-0.329625287290753
-5.874820628208845,-6.429576553848918,0.5547559256400731
36.76430057367008,36.66783728008198,0.09646329358809425
67.25122033797116,70.8526758501741,-3.601455512202932
46.02926288155007,46.83948598148901,-0.8102230999389448
-5.095611968018338,-2.4049482830256466,-2.6906636849926917
8.19694236450662,11.579871520635479,-3.382929156128858
62.137395905414735,63.557990269963234,-1.4205943645484993
35.52450999835628,38.437074826845034,-2.9125648284887546
-18.46960292036559,-19.241558237677623,0.7719553173120346
46.208555282701695,45.838410998326395,0.3701442843753
57.23081595944224,60.71454204574719,-3.483726086304948
54.40193583348844,51.44891736980159,2.9530184636868455
-22.498130029237792,-21.176679944091134,-1.3214500851466582
73.23218181550303,73.06001397031311,0.172167845189918
44.18082350751892,45.41173729540324,-1.2309137878843188
50.84768020447776,52.72695715871873,-1.8792769542409715
67.93189742406642,67.24918337964402,0.6827140444223971
34.38323106902964,31.897585865279865,2.485645203749776
74.68182890099732,73.80886092886935,0.8729679721279666
51.47998925866049,52.55424610383778,-1.0742568451772883
-27.469049103935554,-29.725233355802416,2.2561842518668627
68.86481367556956,70.67306527704359,-1.8082516014740264
69.16887344038498,68.83004959773692,0.3388238426480683
3.711645570311325,1.2465868148415353,2.46505875546979
1.0771195279494545,-1.934806165085007,3.0119256930344616
-6.12227712583309,-7.301786110116865,1.1795089842837747
65.28322674997357,65.15599761785649,0.12722913211707976
62.08063383753189,69.98256967164112,-7.901935834109224
44.55295021388762,49.60964546578591,-5.05669525189829
21.111055662060178,15.501082152034286,5.609973510025892
45.79040777656694,50.13887614169469,-4.348468365127751
68.3840498310941,69.21936525827985,-0.8353154271857477
-3.810445591457766,0.6027772610876667,-4.413222852545433
64.16859835969206,65.9050053390313,-1.7364069793392503
20.624206265104633,19.310852036128594,1.3133542289760385
64.86280942290502,62.34342462991964,2.5193847929853774
98.6250235850529,96.76687400756921,1.8581495774836867
8.20860949663771,6.815647543500717,1.392961953136993
-0.7450547303477953,-0.4198361910000017,-0.32521853934779366
71.35482934268593,72.0467595426821,-0.6919301999961647
73.65704351660496,74.73084123590144,-1.0737977192964792
-7.767449358275069,-8.000543304233972,0.23309394595890254
47.66267624526561,47.73135344760676,-0.06867720234114927
81.04624071781876,76.14443440695788,4.901806310860877
50.05207117361576,45.397084990631335,4.654986182984423
7.9273856545725305,11.819192227394652,-3.891806572822121
55.072353029266,53.91861476558269,1.1537382636833087
73.03717672736022,74.74939421685166,-1.7122174894914366
36.22155880769282,41.54229643758488,-5.320737629892058
33.92535470423218,32.477565619110564,1.447789085121613
72.62822879253416,73.21550871437206,-0.5872799218379043
44.32083429549969,43.62134546120248,0.6994888342972061
61.157603962982975,60.201164476972735,0.9564394860102396
77.7570793421348,74.16109454891549,3.5959847932193156
40.44669699237959,47.327149939602805,-6.880452947223212
67.15591698108108,68.73802753295459,-1.5821105518735123
-3.3916738299819436,0.9605234400731177,-4.352197270055061
59.53483341314971,60.88134201843189,-1.3465086052821746
69.5770782351083,69.68493535075027,-0.10785711564196276
60.3672493909889,56.39021601216718,3.977033378821723
53.77455155543737,52.511649881273705,1.2629016741636647
64.04616902084528,68.0536892660578,-4.007520245212518
37.27467316903452,40.56967099489896,-3.294997825864435
-9.154877858409975,-8.472501001058802,-0.6823768573511728
87.1446211703026,85.52818664009757,1.6164345302050265
66.52329538165901,66.0656858790864,0.457609502572609
80.03590953745837,78.67436852146993,1.3615410159884362
30.13668131831258,31.609898770072633,-1.4732174517600534
7.845733065283127,5.981195659711162,1.8645374055719657
6.05016256224521,6.585754874572061,-0.5355923123268509
70.30418182960912,68.30556682718662,1.998615002422497
84.27971587539884,82.15845672724666,2.121259148152177
8.66963197649871,7.570549393042441,1.0990825834562692
73.86093122044959,75.79593732431657,-1.9350061038669821
41.27283911635802,39.52627940317873,1.7465597131792947
44.380836082751955,43.60557022081556,0.775265861936397
33.60716839006126,30.979179405841634,2.627988984219627
8.369869339975255,9.940576392178642,-1.570707052203387
-15.798445688451508,-19.36971290887024,3.571267220418733
68.90548552111102,72.92883692181803,-4.023351400707014
-25.3540836761697,-25.228475111252763,-0.12560856491693784
33.51519554083987,33.00390502990936,0.5112905109305075
-8.298304577736705,-9.038264210133462,0.7399596323967579
1.55186721083237,5.705632617320859,-4.153765406488489
33.18976176550545,31.523437759785864,1.6663240057195878
69.07716651876213,65.76829435477103,3.308872163991097
63.85651183757017,59.86907717511714,3.987434662453026
42.63754317632894,43.22305619879943,-0.5855130224704936
46.09521364896758,46.142821297431055,-0.04760764846347598
44.20537356279674,50.19611175436744,-5.990738191570706
58.19105583173179,58.52961674293253,-0.3385609112007444
-1.6566229372452081,1.1314568878653404,-2.7880798251105485
47.90590892621449,45.22030063240165,2.685608293812834
23.337521933089047,24.67398162688589,-1.3364596937968436
35.302922901931446,35.164259427075294,0.13866347485615194
41.51081393377946,44.33227562699523,-2.821461693215767
81.84174068678931,78.28930220189694,3.552438484892363
28.35127802942917,28.25690491025084,0.09437311917833213
55.13232479345649,52.52548223640641,2.6068425570500793
37.527146474736114,42.16958393208863,-4.642437457352514
46.71183468612415,43.54224758609709,3.1695871000270586
54.501949412900345,51.42333464319502,3.078614769705325
78.2031022594895,78.00642872639304,0.1966735330964582
6.197185159525836,7.6880271087031815,-1.4908419491773452
78.3886102007341,79.8110012354146,-1.422391034680487
72.57483450716967,71.69153593382013,0.8832985733495349
50.8893943603582,47.106685131176555,3.7827092291816484
73.55887188111907,71.8257711990604,1.7331006820586765
26.73185284680447,26.982541171089764,-0.25068832428529575
37.69521677680488,40.726505707757035,-3.031288930952158
-1.9194713211087246,-4.093940612744262,2.1744692916355377
52.36271795457777,56.7263262821641,-4.363608327586334
38.84497710132823,34.459874122095684,4.385102979232549
51.879350724532195,51.77400162749014,0.1053490970420583
66.49177314420281,66.19060150434524,0.30117163985757145
79.56782426050258,77.80890635079469,1.7589179097078897
38.860854207750876,43.66342004139289,-4.802565833642014
61.9333328105436,62.726900850013564,-0.7935680394699673
62.51599134702225,63.84827728143474,-1.3322859344124893
38.544046782807435,38.23735699620156,0.3066897866058724
62.33250796150654,56.755062573962526,5.577445387544017
36.15096045127136,38.88281946130468,-2.731859010033318
53.651134224158966,55.975493948425424,-2.3243597242664578
34.777846703407725,34.324235937684435,0.4536107657232904
1.4670476636360905,3.9457825679914578,-2.4787349043553673
79.98769027774199,80.19208365471115,-0.20439337696916482
59.64820497946036,63.29563587487848,-3.6474308954181183
42.336800278837956,48.78408908485858,-6.447288806020623
53.53475100279021,56.22892186941215,-2.6941708666219384
40.26237271455427,36.835960125312994,3.4264125892412736
25.33404889613717,30.42276014545834,-5.088711249321172
31.064243753290008,32.754037134888904,-1.6897933815988964
52.8367012525802,52.4864076507406,0.3502936018395957
54.60601315821796,57.62440029490679,-3.0183871366888297
24.884637564783468,24.87719325161585,0.007444313167617622
-10.558072336675707,-12.723831054784043,2.1657587181083358
55.46739613570118,52.68631202575937,2.7810841099418084
70.94466566046127,75.69423229583967,-4.7495666353784
-27.974290885745162,-23.019555164107928,-4.954735721637235
39.44696202075517,39.190166848498244,0.25679517225692905
74.22777723627,71.08188042422094,3.1458968120490596
-3.942882310632243,-6.375287682221128,2.4324053715888847
27.19192211975219,28.37177579993464,-1.1798536801824504
71.7051845629333,68.20834217320837,3.4968423897249323
49.38664324538109,53.01839230361803,-3.6317490582369416
11.470151318682433,21.155473926315352,-9.68532260763292
57.0802513179388,54.449936414820634,2.630314903118169
55.28680119521407,57.56021335418025,-2.273412158966181
63.821319346736594,66.49412196125922,-2.672802614522631
57.397655154509245,57.557767927125674,-0.1601127726164293
70.37064995832212,71.65883864870287,-1.2881886903807498
9.592648441045743,7.8200187992576815,1.7726296417880612
77.8972944940114,77.00799255118372,0.8893019428276858
49.05065498823767,50.97875622312082,-1.928101234883151
48.47298747726965,51.16214235180098,-2.689154874531333
19.757458487591677,19.483479565140527,0.27397892245114974
47.73389553445087,45.63102194656024,2.1028735878906346
25.001652056799244,28.917286611314054,-3.91563455451481
82.50487766034523,83.3820185423061,-0.8771408819608695
55.16253700728358,60.55795238898031,-5.395415381696729
57.23150239084384,57.98113105795386,-0.7496286671100165
68.8550720669234,67.82761695100419,1.02745511591921
27.405449778620792,21.89937529014577,5.506074488475022
43.715173634570746,39.746378858392426,3.9687947761783207
54.205655945052044,54.84647081014471,-0.6408148650926648
53.560608653726845,50.48423194634886,3.076376707377989
45.4515638916153,46.891705706715214,-1.4401418150999135
52.54797579953295,49.620395534212896,2.927580265320053
-19.981958051226908,-18.00514912151776,-1.9768089297091471
63.429429670000594,60.86642827604845,2.563001393952142
41.45328820727101,42.77553162115515,-1.322243413884145
7.647604995453448,7.7281251581878365,-0.08052016273438856
39.93802374699865,44.59472746271895,-4.6567037157202975
26.512450081348106,27.698690181055014,-1.1862400997069074
43.17040569430296,39.562378466834566,3.6080272274683907
-7.171461421601532,-3.9188248105563304,-3.252636611045202
81.72937593687979,86.40191126433264,-4.672535327452849
45.15041503333325,43.966637317436565,1.1837777158966887
70.95300088481126,70.5688867211468,0.3841141636644636
57.699904027273845,55.74759843962212,1.952305587651729
17.816850940961615,16.826416921485333,0.9904340194762824
-4.498037728841389,-3.7055273371965143,-0.7925103916448748
40.1488034112476,41.08632280491272,-0.93751939366512
53.16899579598741,55.030479222010314,-1.8614834260229003
46.94988462610985,43.3516887702678,3.59819585584205
21.94972610448248,20.01031291462523,1.9394131898572482
-2.8965335683947693,-0.6618166446787654,-2.234716923716004
26.877660283559294,20.836360088747384,6.04130019481191
61.78546308932745,62.006809858341725,-0.22134676901427497
50.032222495875416,50.94360885978224,-0.9113863639068214
17.93456516312158,19.68035563618055,-1.745790473058971
56.10555307512002,57.81279161921027,-1.7072385440902522
-27.78533674013542,-25.97584395935688,-1.809492780778541
69.95135362358862,72.09353330950704,-2.1421796859184212
11.637298626927697,9.569127509130823,2.068171117796874
20.58152682060774,22.219490001130268,-1.6379631805225294
61.76246448978771,64.63140156064533,-2.868937070857619
57.153875539368194,54.03315988911758,3.1207156502506166
45.45753043651142,42.2352064907514,3.2223239457600172
62.15609434591414,66.49707250097626,-4.340978155062118
67.6553856436311,68.61054105294738,-0.9551554093162764
47.42608034384771,40.65800942538494,6.768070918462769
38.98723376457227,37.63191750128396,1.3553162632883087
57.61953623859868,56.6372602180408,0.982276020557876
9.496573351297622,14.458186306705159,-4.961612955407537
-11.032178517035447,-15.384738600487594,4.352560083452147
49.30768370558257,49.45974832016681,-0.1520646145842406
-0.9807944552111394,-7.571805676704514,6.591011221493375
52.84924348821123,48.414457105982194,4.434786382229035
55.86681217211951,59.94919034761343,-4.082378175493922
31.271920340054905,31.101789045839055,0.1701312942158495
49.89068588841367,50.086791142961026,-0.19610525454735495
55.8872831494278,51.50178204823445,4.3855011011933485
47.99378224640499,50.10620851840376,-2.112426271998771
67.85843882898847,67.23762078047224,0.6208180485162273
61.33426139104019,57.04030894952373,4.29395244151646
36.00572812102191,35.86765194617006,0.13807617485185375
53.190741257620274,50.887468072368506,2.3032731852517685
12.215701312098465,10.053035363445233,2.162665948653233
15.652331715882612,16.91544493750159,-1.263113221618978
67.27830264053166,66.30125874682543,0.977043893706238
53.52635955122554,56.03026756085711,-2.503908009631573
62.2628782331757,63.439687468541266,-1.1768092353655675
34.34810519322751,35.25575158443233,-0.9076463912048212
57.03589292125329,55.84908108567761,1.186811835575682
-7.476054332814591,-9.048829046484272,1.5727747136696806
42.144825682367305,44.795768899134636,-2.650943216767331
42.131575481866136,42.07195495849191,0.059620523374228185
48.023247380667186,49.796444476968,-1.7731970963008123
14.91242922610327,20.84085727084097,-5.9284280447377
48.714760538461,47.80454731204236,0.9102132264186409
42.7359555800924,44.05418209582412,-1.3182265157317161
62.87474470107398,65.86671928313496,-2.991974582060976
22.696492848146136,17.08182643680074,5.614666411345397
45.689615906447195,47.150802076900604,-1.4611861704534093
63.58977656264563,60.88946403154061,2.70031253110502
48.19999185491775,52.678356869103894,-4.478365014186146
50.12800382695121,50.55045103621602,-0.42244720926480994
36.17649832021036,37.9361113852033,-1.7596130649929407
59.03195705349933,57.32849253283097,1.703464520668362
67.0154844199144,64.69169854173337,2.3237858781810274
36.611900452325486,35.82988708879043,0.7820133635350572
61.237100449239634,60.35089682526025,0.8862036239793838
65.29601061074625,62.80318882199702,2.4928217887492323
46.37669484546607,47.78969050417464,-1.4129956587085672
-14.407301173449014,-14.236793466631937,-0.1705077068170766
5.491702582339694,6.07299332876552,-0.5812907464258261
59.92766854343312,62.83276562192022,-2.9050970784870955
62.44982156937499,61.44755003446256,1.0022715349124312
6.239347514011731,8.22572197170291,-1.9863744576911788
57.813825257752754,59.82823340596385,-2.0144081482110963
57.404222141571154,60.94735193252875,-3.543129790957593
55.26359963450981,54.97181128729016,0.29178834721965075
46.631926354322694,45.70268182810203,0.9292445262206641
35.4064035760683,35.94296898498881,-0.5365654089205094
49.46976753153206,53.26358360079849,-3.793816069266434
69.43205980335439,63.934217098856955,5.497842704497437
51.968216381555166,52.73623878140117,-0.7680223998460036
80.61866939314133,77.61691900900735,3.0017503841339845
28.779128243565246,32.988960330616194,-4.209832087050948
62.35135626686407,64.77820077944708,-2.4268445125830027
47.70224997652361,50.97159248969036,-3.269342513166748
64.81009802792643,59.58974403975207,5.2203539881743595
45.930681554938616,41.90739422096855,4.023287333970067
12.397962460410483,15.951885693861726,-3.5539232334512434
87.78466689673253,85.35393562998816,2.430731266744374
-35.049105140502874,-31.22961007268286,-3.8194950678200144
75.53361147454086,73.26643423890748,2.2671772356333832
61.82027494057812,57.56155591378856,4.258719026789564
57.622878524129504,55.14541488869236,2.4774636354371466
40.735613219924915,46.25659932526179,-5.520986105336874
34.065730686313806,35.03539343386264,-0.9696627475488313
61.058102072986586,65.11249684405308,-4.054394771066498
41.367074458139065,44.00544307206204,-2.638368613922978
32.721367059570106,34.28265285846972,-1.5612857988996112
-1.117738771667807,2.6851653204325743,-3.8029040921003814
10.82822531286466,13.142193565996692,-2.313968253132032
31.03102138127865,33.64695269026572,-2.615931308987072
49.92006481215999,50.47197962702049,-0.5519148148604955
71.9988737897563,72.78872524250548,-0.7898514527491756
83.93690436890208,82.05705239421411,1.8798519746879663
51.03557934209526,51.14390286328845,-0.10832352119319211
30.14516949278356,28.183999646283894,1.961169846499665
71.79695809362109,70.37365849946818,1.4232995941529083
51.60234941702171,48.812105886653036,2.7902435303686772
-5.1959242724763675,-4.7377894206670135,-0.458134851809354
44.007685566266275,41.292855509126696,2.7148300571395794
54.13524804013325,48.52701614634725,5.608231893785998
49.74385416415365,51.662276396570014,-1.9184222324163613
70.01741805762282,70.06266898894542,-0.04525093132259883
63.72228135198883,60.574450564946645,3.1478307870421887
44.79234353736261,41.57891006914838,3.213433468214234
43.77217048343332,44.53404373778253,-0.7618732543492115
7.7240298708080095,4.341434923154594,3.3825949476534154
44.549349626835294,42.75101969184496,1.7983299349903348
72.47071299422511,69.79262702855215,2.678085965672963
69.39154051642558,70.22608874038889,-0.83454822396331
97.47930715858347,94.4754336381603,3.00387352042317
36.74864523481646,39.36308325162153,-2.6144380168050745
-6.697766573085526,-6.9187244773713985,0.22095790428587225
57.73746626353105,54.06011441419149,3.6773518493395585
20.832449546061518,17.272521874013492,3.559927672048026
40.20996563808033,40.91412095489405,-0.7041553168137256
40.77701577221581,44.279178137781884,-3.502162365566072
40.17510767302606,40.13087650918034,0.044231163845722676
32.13420352548074,31.02948574581582,1.1047177796649237
44.87869891788468,45.313871407762676,-0.43517248987799917
10.105163249809669,12.414791644670771,-2.309628394861102
30.011958474831587,32.76274632208468,-2.7507878472530933
61.71294113300924,67.11972485595825,-5.406783722949015
68.12602560230555,73.14224537352189,-5.016219771216342
79.01361773221778,76.89929224365572,2.1143254885620593
24.80979206310951,22.712300984070865,2.097491079038644
61.209840630185624,60.90588573391942,0.3039548962662053
77.79890442086028,83.06414393886524,-5.265239518004961
24.901306742088366,23.877913341341127,1.0233934007472385
61.426306259131444,58.35704645601109,3.069259803120353
-15.496749226361962,-14.427743931376284,-1.0690052949856774
63.70580839844004,63.764961741504756,-0.05915334306471465
58.22120891150152,54.9207337519394,3.3004751595621187
45.342079485923946,51.05104148825198,-5.708962002328036
52.446743737624665,52.243396317129914,0.20334742049475096
68.45924547114763,69.89367840152828,-1.4344329303806518
71.76846206710712,73.32960283301131,-1.5611407659041845
57.17060096730348,59.44499804976775,-2.2743970824642687
45.831178981754675,45.60216525635957,0.2290137253951059
12.127501477427103,9.70472635553152,2.422775121895583
33.57927845414503,34.535367681280604,-0.9560892271355712
62.143494681406,60.24759084581569,1.8959038355903104
26.81487203806001,29.890820926521855,-3.075948888461845
30.570228736110074,33.191884934230686,-2.6216561981206112
66.70314842586615,63.6454164527686,3.057731973097546
54.15141368776595,53.27253705137391,0.878876636392043
57.95560657662705,58.39507799062058,-0.4394714139935303
19.576621901164312,20.553341910078572,-0.9767200089142598
50.3128621067532,46.15917057182757,4.153691534925628
79.58582226172521,81.03749107494113,-1.4516688132159175
76.5505825231108,74.30326842410989,2.247314099000917
-1.6944428288031497,-0.7388360616170502,-0.9556067671860995
33.89258502185632,33.337869218482425,0.5547158033738953
83.78880486718103,86.20911698712966,-2.4203121199486333
74.83739500661186,76.5483476010043,-1.7109525943924382
49.74239206611395,48.41818844894501,1.3242036171689406
48.161320522853856,52.83530445764413,-4.673983934790272
51.47924061339286,49.46346805764474,2.0157725557481214
33.234692606570555,32.2172833368781,1.0174092696924575
-16.24340989270985,-17.499716334880446,1.2563064421705974
65.43765571568277,63.13043518923915,2.307220526443615
55.43094492923529,56.01802230907189,-0.5870773798366002
50.84222512994759,49.50992646362213,1.332298666325464
68.38232094245981,66.59577512963372,1.7865458128260912
61.40243087364013,61.85864519062109,-0.4562143169809616
-21.127242715215875,-23.78293515729453,2.6556924420786565
62.52256872169499,68.09874519590176,-5.576176474206768
54.32778422814103,53.75971527770501,0.5680689504360146
59.30982437786733,60.605287229718776,-1.2954628518514468
25.79987755203284,23.21685690823226,2.5830206438005803
45.837346654133015,46.65074766238886,-0.8134010082558447
81.44780041484904,81.0041742411689,0.4436261736801441
-4.016622386495984,-7.494053709292075,3.4774313227960914
54.36277175207163,55.59833017024411,-1.2355584181724808
44.604078326952624,38.64229112417542,5.961787202777202
-20.7059407027985,-20.991443502674358,0.28550279987585725
87.77022380377471,84.01646372279265,3.7537600809820617
50.422277326864794,51.4088170289482,-0.9865397020834052
58.54161840286702,59.36097740828028,-0.8193590054132542
19.92583562203808,22.22139150969261,-2.2955558876545297
36.204560079363304,35.33683312865368,0.8677269507096241
56.08233459731469,52.763904643016375,3.318429954298317
65.29092740502198,61.61393293178919,3.6769944732327815
76.91708025604974,77.08098704295153,-0.16390678690179072
64.78813637996794,67.45689813318793,-2.6687617532199965
80.06195916913259,80.61649091914228,-0.5545317500096871
89.25998682944169,92.00843682430786,-2.748449994866178
66.66580727837989,70.80579395769493,-4.139986679315044
82.31568534560148,82.54709543364169,-0.23141008804020657
40.09932494151755,41.334636907745946,-1.2353119662283945
70.84976013405618,74.01576482673235,-3.166004692676168
32.474979774934745,37.682658362129914,-5.2076785871951685
56.57538334820384,52.52409744762122,4.05128590058262
53.603140734302,54.547174518863294,-0.9440337845612916
51.86269492521318,52.89196871094012,-1.029273785726943
16.53370784955854,17.127607441132582,-0.5938995915740435
65.87879164554974,64.7136042019664,1.165187443583335
-0.8291555205576231,-1.178204962744374,0.34904944218675094
5.751018672292055,10.485881404650769,-4.734862732358714
67.14923907176427,64.13628308050284,3.0129559912614354
72.73712925322111,71.86937105274015,0.8677582004809636
45.64981557258892,45.928802288499774,-0.2789867159108539
78.46923844071438,75.0858171369371,3.3834213037772827
-10.484626728029156,-12.586039813601886,2.10141308557273
80.03965958143499,77.00433400329953,3.0353255781354562
73.1887234794675,73.08542083212964,0.10330264733785555
43.17535115778956,42.869695927009545,0.3056552307800118
48.18369653510588,48.059381528460634,0.1243150066452472
76.62389932217337,82.8604326627818,-6.236533340608432
53.743498740237385,52.03992139426011,1.7035773459772727
17.59201057811542,19.13436154242102,-1.542350964305598
50.712799339575874,51.758854743010744,-1.0460554034348704
47.46961838827216,44.54504225523946,2.9245761330327014
49.08489535770608,44.29721712538468,4.787678232321404
44.4254620875204,50.285005365949736,-5.859543278429335
69.74657127263298,64.98272111746181,4.76385015517117
15.22811345207441,12.855167892182095,2.3729455598923153
37.113815155013825,43.16624077440944,-6.052425619395613
67.71590498739486,76.25216155722418,-8.53625656982932
52.22910914910193,49.069417132820504,3.1596920162814257
57.73226374923637,58.06353189038363,-0.33126814114726244
52.69711575418069,45.17162258626645,7.525493167914242
58.889204206643555,59.081784875010726,-0.19258066836717092
76.30307424464644,72.35220295963455,3.9508712850118854
35.96099693898356,40.19941788957199,-4.238420950588427
31.89878579774911,30.825150408577485,1.0736353891716242
55.926825377923755,49.31469594297031,6.612129434953445
66.70998874658862,62.38763645718358,4.322352289405039
11.960600641103794,13.121581639801647,-1.1609809986978537
37.68785985168772,37.39572902504224,0.29213082664547585
23.824968544847316,24.10199814151379,-0.2770295966664733
-5.13899197151383,-1.4756741979193464,-3.6633177735944837
66.91986786955003,68.45633789966145,-1.536470030111417
80.65619920334782,78.95946517925297,1.6967340240948516
61.18112193610702,60.39312700556728,0.7879949305397389
60.850770881010355,61.07319235253889,-0.2224214715285342
75.2850720466813,76.85769096566568,-1.5726189189843893
55.728167655186105,52.65043977905078,3.0777278761353273
25.610479620386084,25.279506846962846,0.3309727734232375
20.749394102419433,24.655016215225885,-3.9056221128064514
68.32621308984048,66.78758381307173,1.538629276768745
49.74306693679111,51.079154007469825,-1.3360870706787153
41.35256450863228,43.4252061172736,-2.0726416086413266
50.09864143858774,51.26335131716498,-1.1647098785772414
60.36178119440406,58.74491438194878,1.616866812455278
12.97949677031086,15.962397997860776,-2.9829012275499167
47.62764551946304,45.53896065287665,2.0886848665863837
69.42061922744898,71.89695127551211,-2.476332048063128
44.84623579841694,43.742690115567406,1.1035456828495356
63.2627761324344,61.68315662179858,1.5796195106358155
3.4052923799104287,5.527818348679176,-2.1225259687687474
3.0373218717785018,-0.6512121132070661,3.688533984985568
14.861333571752029,15.261418978000265,-0.40008540624823574
-15.15879306303015,-18.011683768252496,2.8528907052223467
25.332369083824553,26.378316970236398,-1.0459478864118452
40.56137356821318,40.44006795405495,0.12130561415822427
60.4835734020483,61.03434424239701,-0.5507708403487115
41.90719471391572,43.14132067848809,-1.234125964572371
19.41502049735479,22.760296376519392,-3.3452758791646033
79.89873686834439,81.67151775331646,-1.7727808849720788
42.9583582268682,41.387693728227816,1.570664498640383
55.69457879309496,59.28712848789161,-3.592549694796645
92.18553300929344,88.53496955486946,3.650563454423974
54.556540420531114,49.13520406054019,5.421336359990924
41.12589666870552,36.18238543087243,4.943511237833093
43.96513147440205,47.012346503580716,-3.047215029178666
-3.0113075247108627,-2.2873041711022637,-0.724003353608599
63.67462789600027,63.93435613902237,-0.25972824302210284
66.44781743124936,70.55759560730638,-4.10977817605702
-15.18072817555896,-11.943566414105192,-3.237161761453768
40.78188397088157,40.678851965134605,0.10303200574696803
47.755441012975176,49.366437426913826,-1.6109964139386506
47.6354095357697,51.82779341883831,-4.192383883068608
51.58183077458519,48.08004311788898,3.501787656696216
17.29243552781547,19.643913799031424,-2.351478271215953
0.6338482242303165,-6.345663186202117,6.979511410432433
-18.61345056697647,-20.252665319470182,1.6392147524937108
34.25360084223799,31.051759860030245,3.2018409822077416
21.390962311128288,19.59843910451106,1.7925232066172292
-0.34362931647892503,-0.3543498748242939,0.010720558345368891
34.812302045799804,33.11572372152632,1.6965783242734815
78.48285680217869,73.42354354634257,5.059313255836116
56.9577425466183,54.275061403847204,2.682681142771095
26.98252862257989,25.7699903705696,1.2125382520102868
98.42807769381687,93.43998423521055,4.988093458606329
41.639873019313185,46.596255044088934,-4.956382024775749
60.18838638773629,54.75628806793003,5.432098319806258
49.99485567107229,53.60805883226568,-3.6132031611933897
51.80582475139678,54.39467469003454,-2.5888499386377646
3.820779428206327,2.3083516100965227,1.5124278181098045
43.72593863896454,40.575329836454806,3.150608802509737
49.51670482002767,55.27152248182581,-5.754817661798143
33.871215836588846,35.649637966275534,-1.778422129686689
40.7744622845581,38.396014770845944,2.3784475137121532
68.97722908915851,68.1976224596682,0.779606629490317
68.09986536263737,66.17769103379838,1.9221743288389916
35.951900524295866,34.854985361549424,1.0969151627464413
30.22309124024487,33.457619873061006,-3.2345286328161365
80.5098402230293,75.08782352375263,5.422016699276668
-5.059999372186014,-6.344698558659019,1.2846991864730049
25.56402153247564,27.586687026277374,-2.0226654938017354
9.15307163888733,6.395911546602406,2.7571600922849235
53.46143874024382,54.72228805213538,-1.2608493118915618
43.104786689489636,40.96611920653056,2.138667482959079
48.74471776872426,48.95684820166164,-0.21213043293738565
31.409534912916733,31.765181195506443,-0.35564628258971
-18.169839967503925,-19.612020736023894,1.4421807685199681
-3.1464888004800895,-3.0315161684693663,-0.11497263201072316
41.27792638000905,44.414681123905346,-3.1367547438962973
57.13841496728535,56.19699615636618,0.941418810919167
67.69173665322977,68.49823392288559,-0.8064972696558215
55.36533466918594,47.8687354464562,7.496599222729742
20.364194114060435,16.444678820391673,3.9195152936687627
62.92802530950723,63.342231753293056,-0.4142064437858295
62.07471509547929,63.380156555604806,-1.3054414601255147
48.28533416133759,46.22024663957506,2.0650875217625284
23.225314772746266,26.152653052564645,-2.927338279818379
62.4695469755751,62.467214289874185,0.002332685700913828
58.182383548151876,60.01952925678144,-1.8371457086295635
47.36372726035067,46.1856350169791,1.178092243371573
66.63639536024634,64.30434563324422,2.332049727002115
66.63608035912915,67.82975789790369,-1.193677538774537
40.315830408349626,40.25203000211608,0.06380040623354688
-6.66354021125937,-9.12570546849956,2.4621652572401906
52.83560675418269,51.46506577853968,1.37054097564301
32.07958240055041,27.72887815948546,4.350704241064946
53.81386314023402,58.096826575179314,-4.2829634349452945
75.88328109619017,75.55856354572859,0.32471755046158535
61.686438039497304,63.16907946265026,-1.4826414231529554
56.90899794425593,59.56045567255241,-2.651457728296478
60.6971022371457,56.62109876111536,4.076003476030337
27.33293436867796,26.495514945540762,0.8374194231371987
68.84238865348709,65.11147411467186,3.7309145388152274
33.73765990012203,32.047805084462496,1.6898548156595368
31.23946204025137,27.400529971673123,3.8389320685782486
54.54875913450249,57.522155684546654,-2.973396550044164
40.12390000551237,42.407463479586326,-2.283563474073958
40.28475287764908,38.67271889696691,1.6120339806821704
35.02582015464514,33.67757058809519,1.3482495665499457
49.90163308450739,51.65597923729939,-1.754346152792003
48.39319642982549,47.5105449892255,0.8826514405999859
24.240630023400747,26.104476516743873,-1.8638464933431251
27.31058266467777,24.302689486629063,3.0078931780487075
52.40883624847983,51.467748384130886,0.941087864348944
-15.649814321472567,-13.156263731388009,-2.493550590084558
64.55348029581572,63.87819714056348,0.675283155252238
34.900187989187366,32.91716291606136,1.983025073126008
84.04713536735325,82.67868943732499,1.3684459300282583
41.19701750360093,43.4059307345736,-2.2089132309726693
44.611607899165804,48.94797904245223,-4.336371143286428
72.05154711882004,70.5798337226152,1.4717133962048337
55.87029570749547,49.903191002026794,5.967104705468678
62.292389243818434,60.908779387485296,1.3836098563331376
1.9933418607656552,2.830525971576151,-0.8371841108104956
73.89128677010692,80.49640110542717,-6.605114335320252
61.68095541587707,59.030201444371485,2.650753971505587
41.837214813889226,45.322406873255645,-3.485192059366419
36.050364693074584,28.60826098179942,7.442103711275166
57.656090610534,53.28182716942689,4.374263441107111
58.26395000553098,54.16286304932606,4.101086956204917
26.557360932591056,28.730285233756277,-2.172924301165221
-10.221998765822086,-10.919150031601518,0.6971512657794321
28.086628472115464,24.101510810112813,3.9851176620026507
72.1019113260795,76.53300323771211,-4.431091911632606
9.988804281491579,15.07427104932681,-5.085466767835232
52.54381481498452,55.879898723398455,-3.336083908413933
0.18555547006926842,-0.1747533377480579,0.3603088078173263
55.29623158404286,51.59877329777521,3.697458286267647
-6.836375776847378,-4.652971514787126,-2.183404262060252
15.206845492361275,13.502997351094976,1.703848141266299
93.97772151568752,92.67974946607498,1.2979720496125395
29.967724640024116,30.594589705455604,-0.6268650654314882
41.724847973709494,41.31162305321192,0.4132249204975764
53.723633789683966,55.62379558359046,-1.9001617939064914
61.898917049816255,63.0055814533141,-1.1066644034978452
47.82131433190785,46.68409120737121,1.1372231245366393
44.21447813829225,45.06675690522997,-0.8522787669377223
38.790460748898894,34.35516378283994,4.4352969660589565
70.89809737330472,71.58939613681501,-0.6912987635102894
56.65271057601677,61.86638900582017,-5.2136784298033945
43.77609627205247,42.371281370873696,1.4048149011787743
9.501525619810545,10.804080136383234,-1.3025545165726893
16.588694624712947,14.461062614656981,2.127632010055965
64.3860144109912,62.783558326323536,1.6024560846676579
55.36329555338229,55.02118830271387,0.34210725066841974
20.102459642986265,25.740254756936082,-5.637795113949817
41.421736783266645,39.50900934338398,1.9127274398826657
52.537506816656254,52.374594944722915,0.16291187193333911
51.191056112818536,52.32807357694767,-1.137017464129137
51.9894003784279,54.276838204350994,-2.2874378259230923
52.64060344140067,49.230165819551225,3.4104376218494465
-0.34201291486898455,0.503502461059611,-0.8455153759285956
63.33156837310432,59.56015644743304,3.7714119256712806
77.30629838726773,78.32074701749141,-1.0144486302236828
28.914200304006897,25.50639760266577,3.407802701341126
26.68196373129769,24.44051321990655,2.2414505113911396
38.826037553997985,37.79285772864604,1.0331798253519437
72.1754497110118,75.56877966091331,-3.3933299499015135
37.81483154570228,38.69412410720167,-0.8792925614993834
54.923401792317556,57.15196300000037,-2.228561207682816
2.060319478651964,0.09901955858583733,1.9612999200661267
-2.224630793562738,-2.261184404461062,0.036553610898323985
62.25248648278547,63.207509919158,-0.9550234363725281
-1.3542908016063646,-1.0116251759244932,-0.3426656256818714
6.9335986505196034,4.264096335482108,2.6695023150374952
34.72603802943246,37.99726723485111,-3.271229205418649
-29.447778309618137,-26.091648993269345,-3.3561293163487917
51.35765460891588,49.104925937275446,2.2527286716404333
34.13694671851961,33.87021828064397,0.26672843787564204
69.05222664539086,68.24353590217385,0.8086907432170136
-3.345275133045711,-0.7659502844618515,-2.5793248485838594
54.21116694630332,53.03359401413275,1.1775729321705697
48.72595923444969,54.17051473267301,-5.444555498223323
74.29105556689308,79.89157316870373,-5.600517601810651
29.346122130768755,29.55249915325136,-0.2063770224826058
45.918829594131,48.53817067926553,-2.619341085134529
4.217958850324241,8.866477361588238,-4.6485185112639975
47.897278645262645,53.78780496696131,-5.890526321698665
63.00514903095953,63.21780801070249,-0.21265897974296166
47.00734222526488,41.720233537519114,5.287108687745764
68.09951148051145,68.87796533755358,-0.7784538570421233
66.20219961806997,65.5969295354864,0.6052700825835728
61.44293455189094,62.62029163731348,-1.1773570854225355
64.78381051431336,68.28392652393958,-3.5001160096262254
66.34650675327323,66.14756098028342,0.1989457729898163
14.646906798754358,12.50456945751452,2.1423373412398377
31.740956875217563,30.94958199584869,0.791374879368874
31.2937889108577,34.69036798906971,-3.3965790782120138
-10.679183296355419,-11.349581883336612,0.670398586981193
-36.80416524744278,-33.9495951320588,-2.8545701153839786
65.75854949326387,64.0377512605688,1.7207982326950741
61.58414742170485,60.82896556013769,0.7551818615671593
59.837321014283134,58.41879637987811,1.4185246344050242
46.67931825674985,52.60037241913699,-5.921054162387136
38.95282606062443,39.056183229853524,-0.103357169229092
-8.664477025937948,-8.06915182484299,-0.5953252010949583
38.80917630106598,39.40928850172698,-0.6001122006609947
18.875979670230123,14.865820279514324,4.010159390715799
58.302410517807694,58.00591679851315,0.2964937192945456
76.54362337864899,80.86633406323328,-4.322710684584294
33.77059376483779,33.05914597861414,0.7114477862236512
41.3720919636382,39.096920307847554,2.2751716557906434
42.77411164072584,45.58984957338713,-2.8157379326612855
38.24990988388901,40.8716117097916,-2.6217018259025906
53.19463219036975,54.59149002772285,-1.396857837353096
72.26503498366831,73.45482701692166,-1.1897920332533403
80.24389656081395,83.82712891993576,-3.5832323591218085
68.76297645504317,66.86566028835176,1.897316166691411
78.6650975730887,83.24232244936569,-4.577224876276986
35.55987417179672,30.872702068731726,4.687172103064995
22.762615308733814,25.698173719270798,-2.9355584105369843
85.71175311333943,80.75048688694173,4.961266226397697
16.342716993036067,23.21097056978587,-6.8682535767498045
56.03795044527314,55.50830119680592,0.5296492484672228
18.19658383568135,22.599635533436327,-4.403051697754979
86.24123623058279,85.32862078562287,0.9126154449599113
60.62482597941461,64.27104735136231,-3.6462213719477035
-3.4073541191737564,-4.418287083211297,1.0109329640375404
45.927916426206835,50.00817789393669,-4.080261467729855
65.40135983970197,64.20998184488548,1.1913779948164915
50.26769006957088,48.933979998578124,1.3337100709927583
73.59562653475564,72.95027165071185,0.6453548840437833
55.45127146391177,53.98638370274143,1.4648877611703455
44.75025652204546,44.885310204351,-0.13505368230553927
7.582876006226845,11.932604117347111,-4.349728111120266
-6.614285694788288,-3.912218153684009,-2.702067541104279
79.44161660162169,79.27735384421021,0.16426275741147833
50.753995130926874,50.677974176573976,0.07602095435289868
60.77207465679376,65.86689480748362,-5.094820150689856
74.97268212703622,77.96574953445602,-2.993067407419801
47.35480098162361,46.567202959368736,0.7875980222548762
59.767160581325975,61.00038521562426,-1.2332246342982884
63.69632801145189,65.73817102081918,-2.041843009367291
56.0985393110617,56.332590097212375,-0.2340507861506751
53.46284649341167,53.0944741322023,0.3683723612093672
73.27274026344175,70.85160610857002,2.421134154871723
21.45632570488073,21.749937441477414,-0.2936117365966844
46.39429778269055,47.300875229924515,-0.906577447233964
67.51127954949298,65.70431864963615,1.8069608998568327
52.29511780668637,49.85555564530475,2.439562161381623
6.0997514552419005,5.726593448538438,0.3731580067034628
75.50771721018569,79.28099391552915,-3.773276705343463
25.71740828395874,27.746237144885626,-2.028828860926886
86.93415404862267,84.31732572442405,2.6168283241986217
32.007780795128596,31.079038474487874,0.9287423206407226
55.84522704855299,58.131037717999284,-2.285810669446292
-15.645736267325105,-9.773323097137776,-5.872413170187329
69.48447942274758,65.77071878466751,3.7137606380800747
29.943568376673717,27.540490293959806,2.403078082713911
21.808166459250664,20.40974098618517,1.398425473065494
40.818081614728456,40.57436422319006,0.24371739153839656
47.58089079285954,47.46113215107425,0.11975864178528894
71.75930229826274,69.32744946546703,2.4318528327957125
18.047943894215113,16.82666293526553,1.2212809589495812
55.312957120733095,54.14782602185992,1.1651310988731751
67.86132138764488,63.887964482847956,3.9733569047969226
21.59791466737404,18.371016712329137,3.2268979550449046
75.13336684815923,76.12449527474669,-0.9911284265874656
62.43430704103655,61.54076054632165,0.8935464947148972
29.81752419297805,24.40754209431107,5.40998209866698
18.245629573311206,19.237073508043494,-0.9914439347322883
61.530368504490966,61.3871593473364,0.1432091571545655
54.94330610490306,56.91535792998538,-1.9720518250823247
47.066560406124324,45.957589409940546,1.1089709961837784
41.60917693850345,36.088617673104466,5.520559265398987
69.14538017441373,72.10086530848977,-2.955485134076042
81.20432503260687,79.55884580032688,1.645479232279996
60.0585613850517,60.922757770557816,-0.8641963855061121
41.87475801623315,42.574683120478134,-0.6999251042449828
30.429636503036736,25.331817030377223,5.097819472659513
32.08279716813089,31.13816980418096,0.9446273639499267
18.370061522811994,19.225683221493185,-0.8556216986811904
63.3375607683762,62.02565965315892,1.3119011152172817
-1.1227988062245613,1.2745903966440153,-2.3973892028685766
50.493789597734285,53.05746313826283,-2.563673540528548
8.99106809358562,2.9138902935078335,6.077177800077786
80.73235255711234,83.18692828157717,-2.4545757244648314
-2.3956905961759585,-1.6399008305707525,-0.7557897656052059
18.653502584094415,18.90289243432059,-0.24938985022617643
52.07116420021357,50.72861516621915,1.3425490339944233
38.48388439376042,39.025120385042584,-0.5412359912821643
29.585759057023658,30.239909267989972,-0.6541502109663142
-18.515936516306112,-20.753112494405613,2.2371759780995006
68.80469606327678,69.94726124669961,-1.1425651834228319
43.94141900996869,44.504399429903664,-0.5629804199349735
33.45144897692682,29.707616046474314,3.7438329304525055
5.770673471711055,3.1608434658704994,2.6098300058405552
55.97505952408745,55.642336802122195,0.3327227219652542
-17.05236559931219,-19.471077599765167,2.4187120004529774
-20.915927168353296,-25.724747183699165,4.808820015345869
45.555895349434714,40.93128457357386,4.624610775860852
31.632072025111732,35.23800304182147,-3.6059310167097394
-2.0919179987937024,-3.1899821424295993,1.0980641436358969
38.343085565143994,38.930168199884875,-0.5870826347408808
8.557069998032299,11.43789461607524,-2.8808246180429418
36.96012901573896,40.119364734289505,-3.1592357185505477
41.01150616827189,40.546256949318554,0.46524921895333904
72.779016154374,77.44792606042613,-4.6689099060521215
31.694824997966137,31.616873201700898,0.07795179626523918
78.6467532637929,72.29936674544759,6.347386518345317
-9.695922723028938,-5.948882881467185,-3.7470398415617527
35.463624118439434,37.051114057652285,-1.5874899392128512
19.22636846105769,19.10587704117893,0.12049141987876055
24.940146617433694,26.78305573866669,-1.8429091212329958
56.88841177750575,55.383447720650565,1.5049640568551865
46.55973690140743,47.644550419098316,-1.0848135176908826
70.58920830180959,70.68462678432165,-0.0954184825120592
76.66498981970608,76.83975115108643,-0.17476133138035266
31.546438346665667,32.958731434682065,-1.4122930880163977
57.70095881675293,60.28794381847625,-2.5869850017233205
-0.6753227479079633,-0.9443234568860959,0.26900070897813255
65.11918254025596,62.069337677498595,3.049844862757368
35.23714272301038,33.26967828044853,1.9674644425618482
79.98029454398832,81.03657431241794,-1.0562797684296186
64.36161771233378,67.42125140131759,-3.0596336889838085
76.75815071902677,77.93549097935167,-1.1773402603248968
57.584486449513214,56.336035417510864,1.2484510320023503
59.805380492106735,61.32268517364825,-1.5173046815415177
57.46204871655934,53.06275322912932,4.399295487430017
48.29453537752475,45.34758990459755,2.9469454729272044
4.619697759584555,8.806987834918075,-4.187290075333521
71.87815659961251,70.00373055010606,1.8744260495064538
14.32422244174739,17.62385646095609,-3.2996340192087015
48.171818164782024,49.404360873590896,-1.2325427088088716
63.19503957209546,65.60498725037893,-2.4099476782834657
-3.6091994762209563,-2.6323822262367003,-0.976817249984256
67.5658551080571,66.07062170397293,1.4952334040841606
9.22671797413041,7.289688704710329,1.9370292694200817
53.21562219046534,46.28553699888081,6.930085191584531
35.096044731600685,38.65986090735342,-3.5638161757527342
41.36294896277907,42.67714889754272,-1.31419993476365
-17.719621723599467,-16.5287941921341,-1.1908275314653665
5.795747999821842,5.763448312652926,0.032299687168915625
26.555520955417023,25.408652372938064,1.1468685824789588
60.0879921763981,58.81730196424566,1.270690212152445
38.03401400130419,31.770142166576278,6.263871834727915
52.74932536484608,53.208058130990445,-0.4587327661443652
69.41210403002526,69.02544199065616,0.3866620393690994
35.60752519366723,35.828470745953524,-0.2209455522862953
76.01977798193367,76.75555558651857,-0.7357776045848965
44.558973065149104,43.56393269057125,0.9950403745778544
58.421259080180654,55.186768196562355,3.2344908836182995
76.60172557598999,80.42610531649721,-3.8243797405072257
62.678842793234146,62.89753359593084,-0.21869080269669183
39.0317196944903,43.72309394096857,-4.691374246478269
34.45185032480841,31.51109780447203,2.940752520336382
33.65534543941064,37.72571497900914,-4.070369539598502
75.66948638910512,79.28890272426248,-3.619416335157368
64.21479518930161,68.16951771815617,-3.9547225288545604
36.08705491709447,28.45146007230396,7.635594844790511
12.750701338528609,13.66204836285155,-0.9113470243229411
6.931091707253704,6.966610755484581,-0.035519048230876926
46.33429925608998,49.14248513933017,-2.808185883240192
63.67016335739802,66.3548123491212,-2.6846489917231864
41.259170517672935,36.98016629967631,4.279004217996622
27.980944587470603,29.88962637743019,-1.9086817899595871
68.35609956371754,68.52490239924668,-0.16880283552914932
-13.643927943955763,-16.315748431803016,2.6718204878472527
12.030019654915277,12.595934467826396,-0.5659148129111191
32.11722213246579,31.99790134070993,0.11932079175586097
81.89243471428021,81.0220529382399,0.8703817760403183
52.967518276635154,54.52041526046477,-1.5528969838296192
61.63803430949364,62.84406631023617,-1.2060320007425318
42.15948032754649,39.353746289177494,2.805734038368996
-5.953657514774749,-1.7013699367843458,-4.252287577990403
71.69320775273896,68.53025333180409,3.1629544209348666
47.11058764392203,44.87086557116368,2.2397220727583544
58.471638256816235,64.75654892408369,-6.284910667267454
21.365623060826643,19.264973925884846,2.100649134941797
42.54913324124642,40.64800221694122,1.9011310243052009
46.674781621235525,39.508327272522244,7.16645434871328
15.00778599298974,8.911892012649574,6.095893980340167
40.70660369065798,40.623956058975025,0.08264763168295275
51.922281325584734,55.136818908738434,-3.2145375831536995
16.56501013005002,19.240019899377046,-2.6750097693270263
93.60678801163884,87.20019353100095,6.406594480637892
16.040609222928964,15.153267514863387,0.887341708065577
72.65811823895298,66.90229091940269,5.755827319550292
53.33382779137461,51.36524297124333,1.9685848201312766
10.710331410597252,6.046006942124279,4.664324468472973
-15.152754571220207,-11.53078839154972,-3.621966179670487
15.5663502888078,15.966078647565212,-0.399728358757411
58.08496610327676,60.26645145484769,-2.1814853515709274
60.49782409888056,62.04029454945703,-1.5424704505764737
40.01526149400412,38.70024546043707,1.3150160335670549
35.5022706028858,34.63378084092787,0.8684897619579317
27.417991687917212,29.722044164377166,-2.3040524764599546
11.503394348256489,7.031316195108246,4.472078153148242
-6.86548501903432,-6.317028766581501,-0.5484562524528194
27.595129880047374,30.648423604271088,-3.053293724223714
57.362153491931714,55.097930793335706,2.264222698596008
18.456994093373247,18.753918729646813,-0.296924636273566
32.94111853316839,30.685422245415353,2.2556962877530395
0.41206463711981556,-7.807536047364678,8.219600684484494
47.181365984049236,47.51678942257783,-0.33542343852859346
80.5849161217856,78.7189125013846,1.8660036204010026
41.76552359475284,42.17257555153296,-0.40705195678011563
16.166976010348872,13.8780654794502,2.288910530898672
81.01521437597803,79.20322709887307,1.8119872771049614
45.75819242275187,46.71973539804265,-0.9615429752907829
60.49607388273155,64.52936305760831,-4.0332891748767565
64.15777141136094,61.847400024343074,2.3103713870178666
33.762687887344455,36.648160603460155,-2.8854727161157
-11.278197689882889,-12.445511610862852,1.1673139209799626
43.98971917697332,47.369430579584886,-3.3797114026115693
-11.158358246220418,-3.261072190814886,-7.897286055405532
54.255699724120355,59.57830458658719,-5.322604862466832
61.285742003137415,63.12424198445141,-1.8384999813139942
33.610188376706766,26.823815886430893,6.786372490275873
50.17921553525126,50.37080921779943,-0.19159368254817366
48.25916470998668,45.2627409101801,2.9964237998065784
36.81098756751173,34.8253388019135,1.9856487655982278
68.00036094400579,63.923996920711936,4.076364023293856
51.75268032705532,49.074052779828655,2.678627547226668
79.4353936401433,80.8803348685238,-1.4449412283805003
-28.73564462769579,-30.432991659273753,1.6973470315779622
8.094270838098343,10.099069436971817,-2.0047985988734744
46.56601949255592,45.35540981126476,1.2106096812911602
9.22920205821487,6.719007436711692,2.510194621503178
72.16540366126867,66.7388266694687,5.426576991799976
7.964680958202891,14.316324538000927,-6.351643579798036
68.3029378130298,65.46049173217537,2.8424460808544296
56.708552837698775,58.38400295123034,-1.6754501135315678
49.674328916254524,39.95668174184994,9.717647174404583
3.120454915026743,-0.5732052962978571,3.6936602113246
25.764167228704423,30.31198926991071,-4.547822041206288
60.47124717686654,57.08606483857328,3.385182338293262
-4.106513049044392,-1.3647018953101338,-2.7418111537342584
48.46784788540704,44.66207439848514,3.8057734869219004
62.92315891937929,62.84921874364123,0.07394017573805911
9.316759479435317,11.047524636420391,-1.7307651569850737
67.86246583695159,67.46028285893121,0.4021829780203774
60.803493719290195,62.07036416272606,-1.266870443435863
67.75625269011871,63.70483121669744,4.0514214734212715
-4.768939676667667,-6.2590496362156784,1.4901099595480112
49.70765521250753,54.763343655540254,-5.055688443032722
54.453571989749186,54.91155259340878,-0.4579806036595926
62.22572052454367,59.55767230047361,2.6680482240700556
-17.212711456909023,-17.6144000027481,0.4016885458390753
53.410525560747054,60.77075905625396,-7.360233495506904
-5.438092870686749,-2.1907158648991896,-3.247377005787559
43.95539833792297,47.187816841129546,-3.232418503206574
28.28725245870356,28.69923435067321,-0.4119818919696492
66.53666758214517,65.23811208582265,1.2985554963225212
60.48072267198957,62.01607097160937,-1.5353482996198053
52.192891564668145,54.51607855539338,-2.323186990725233
34.46301206881196,32.692193881564506,1.7708181872474569
-2.4069961810412837,-0.9503967907414363,-1.4565993902998473
46.51040791038274,47.25020314313108,-0.7397952327483424
63.28857884203468,67.10795754484485,-3.8193787028101696
36.34849410314965,36.089118553645974,0.25937554950367314
-14.813929302671358,-12.888235472280229,-1.925693830391129
-19.914490764963848,-16.80873011105956,-3.1057606539042872
44.417968317333624,43.072383744439776,1.3455845728938485
32.466437247971314,37.23669162454064,-4.770254376569326
46.60047369848231,47.65672378197769,-1.056250083495378
49.29635088305953,53.41746882089405,-4.121117937834519
32.575526301925095,33.21190491204537,-0.6363786101202749
47.52942593170128,45.00527236427547,2.524153567425813
49.77343681378418,47.50278048430257,2.2706563294816107
49.180305249697525,50.81256499153715,-1.6322597418396256
10.702655538669033,13.124663094207108,-2.422007555538075
26.612890266657423,30.596567939403485,-3.9836776727460617
59.29122244094308,57.40809332944444,1.88312911149864
-19.319415522427718,-18.42570029410888,-0.8937152283188396
29.579636585533812,30.905237578782362,-1.3256009932485497
41.49695513088599,43.266139815352574,-1.7691846844665804
36.172031117331656,37.49337385958474,-1.321342742253087
68.41897150267671,63.39983906552456,5.019132437152152
47.034900474687106,43.68850429508489,3.346396179602216
67.06284382868648,64.85489569026942,2.2079481384170663
75.41138946009573,70.52622012237077,4.88516933772496
72.3189689741748,73.43070931904836,-1.1117403448735672
29.921546872499537,36.08461681574194,-6.163069943242402
63.96459323125865,61.510415160692226,2.454178070566421
72.03636460411387,71.23202252307095,0.8043420810429183
42.604581187471716,47.966698726662024,-5.362117539190308
63.9688162554767,67.37940880206617,-3.410592546589463
8.519092865039713,8.12156138849663,0.3975314765430831
72.12507984728988,70.39648522465029,1.7285946226395907
61.76699846910678,65.6133089588486,-3.8463104897418248
17.116193121785077,16.66248432428523,0.4537087974998464
66.6966672473352,59.86814477976697,6.828522467568227
45.65908768299591,49.688232619569305,-4.029144936573395
54.08618035283711,52.43572220189791,1.6504581509392011
71.94888292643914,68.28574683052999,3.6631360959091523
39.57385799137694,33.475610478041546,6.098247513335394
-13.186897181291632,-17.216329416184436,4.029432234892804
-24.41726103003225,-22.17250186273597,-2.24475916729628
0.4046966073158256,3.236824479397356,-2.8321278720815304
33.9073133227854,32.34412663427139,1.5631866885140084
24.57992079836014,23.21596018059043,1.3639606177697097
44.95074890152865,45.976882978070854,-1.0261340765422062
37.92427701016895,40.336288799190214,-2.412011789021264
-24.457730650432662,-26.160614002779838,1.7028833523471754
20.610486659385458,21.92801849205378,-1.3175318326683225
18.204908911384713,14.353444898967481,3.8514640124172317
30.35751745557625,31.669845060195854,-1.312327604619604
57.41891907430531,57.087266412754495,0.3316526615508124
67.73491307248763,71.50687258271334,-3.771959510225713
43.81968978535565,44.70897673843902,-0.8892869530833707
19.13069373623498,19.01532420622746,0.11536953000751993
35.53802384324682,41.98736633777002,-6.449342494523201
41.05491573573292,41.68637481073119,-0.6314590749982685
46.04730551001273,47.149717042017805,-1.1024115320050782
87.99139708792954,85.68088666250175,2.3105104254277933
53.26599239768612,55.046764166592176,-1.7807717689060567
71.43508449412563,71.62157003068413,-0.18648553655849298
42.26864597087607,43.87790543282914,-1.6092594619530658
-12.526226383677297,-15.211588019047952,2.685361635370654
52.96341604979542,50.51210483719013,2.4513112126052903
63.2254206330824,65.54631675904777,-2.320896125965369
35.29143243629852,33.542447017442754,1.7489854188557672
41.443312806935936,44.572726670561856,-3.1294138636259206
-16.234783888755256,-17.768860860098982,1.5340769713437261
36.889551778291,39.64934121281527,-2.759789434524272
29.532799061772234,29.83010578994687,-0.297306728174636
21.09902642884685,25.12091538033505,-4.021888951488197
45.726917451873256,44.45560059916278,1.271316852710477
64.86646208929986,62.64737846964073,2.2190836196591306
65.13318624911255,61.06869247727956,4.064493771832993
44.93831069929491,42.097232543019096,2.841078156275813
46.52467296763849,40.102654053445704,6.422018914192783
-16.100291968442914,-14.390366584975041,-1.7099253834678727
28.999825680618525,24.954982902658713,4.044842777959811
46.17388342480555,49.00791655519325,-2.834033130387695
57.73319333814162,62.09397441566819,-4.360781077526575
48.153753891381044,43.722134594704855,4.431619296676189
34.097325955846266,35.37485973259862,-1.2775337767523567
29.317023183385658,27.100996183389384,2.2160269999962736
56.318032374123426,58.129875834411955,-1.8118434602885287
14.971842086973826,11.063407237093855,3.9084348498799706
6.667094638842173,10.72309141256055,-4.055996773718377
47.721790746902336,49.850024845097025,-2.128234098194689
40.986985299560644,41.65568478358429,-0.668699484023648
43.046364721307,45.467831278693716,-2.421466557386715
60.001353019248,59.01768813727795,0.98366488197005
24.650340972501965,24.382067840783762,0.2682731317182032
55.76036670908429,54.02080482845561,1.7395618806286777
65.05708160806626,66.34444918574394,-1.287367577677685
51.64682727344721,47.65631231672335,3.9905149567238567
26.701284557535978,27.97185919083273,-1.2705746332967536
4.514154445082132,6.250343564064366,-1.7361891189822343
25.324623674751003,24.321703226708422,1.0029204480425804
84.17837026255312,81.26258310070125,2.915787161851867
-9.776773256668363,-6.777232765880029,-2.999540490788334
28.768006064334784,35.455939553371124,-6.6879334890363396
51.61338911999639,52.45401196516316,-0.8406228451667701
-7.727844477279392,-9.283726115509651,1.5558816382302592
39.204886806386305,38.69080295836208,0.514083848024228
15.09249706242645,19.203772331220094,-4.111275268793644
-1.3863437661195253,4.548496041393534,-5.934839807513059
64.09287992601345,62.170821368512215,1.9220585575012379
39.44345151628363,38.53135378522829,0.91209773105534
59.80205847323506,61.015124536995515,-1.2130660637604578
63.04310252940371,63.12675977681702,-0.08365724741330638
55.4068786835033,52.343753290024104,3.063125393479197
70.68895131926817,68.51251986588474,2.1764314533834295
-16.551098740268845,-13.818133881540234,-2.732964858728611
61.84523072942021,61.88994440320618,-0.0447136737859708
53.095641079525954,53.30588730788821,-0.2102462283622586
66.1162356601891,64.84650884606134,1.2697268141277647
58.88795019535655,60.83825185589087,-1.9503016605343149
19.59388730977942,20.081771505499106,-0.4878841957196869
65.94043933628032,63.76486558067544,2.17557375560488
48.52457381621087,48.919607714803696,-0.39503389859282834
42.03326686972797,43.30001763029378,-1.266750760565813
70.25264149677953,75.88645938188097,-5.633817885101436
26.329788260207273,30.257104573136203,-3.92731631292893
25.35538808482596,22.997091762914025,2.3582963219119364
-9.866059624427749,-11.730200679549242,1.8641410551214932
64.2254294477306,61.62052826905382,2.6049011786767835
-8.309371008472393,-7.801885199159372,-0.507485809313021
20.30307206564949,22.61809009578721,-2.3150180301377183
73.73111167770983,71.19827076872937,2.532840908980461
91.61322260085456,91.01594728226748,0.59727531858708
21.673126899055916,20.987233290639324,0.6858936084165919
66.12930835690729,66.05778956453474,0.07151879237254377
44.863291304326125,47.09378387413868,-2.2304925698125544
51.38346550832254,48.85527925895017,2.528186249372368
63.338758949576544,57.99769697055578,5.341061979020765
15.54348378532925,18.4983867640333,-2.954902978704048
51.28632088690761,51.57257480158841,-0.28625391468079897
76.91589092992052,75.1570210835813,1.7588698463392234
90.86042911746111,91.46604285658856,-0.605613739127449
84.75335811425255,84.72930064175617,0.024057472496380683
32.071692582218944,32.936072536147506,-0.8643799539285624
58.68240048129554,60.5243498054079,-1.8419493241123632
46.01463358157474,40.427031055168655,5.587602526406087
-16.369110347842913,-16.64394159049617,0.2748312426532564
18.905425558511524,12.610183401600366,6.295242156911158
47.7933349448764,45.189377531789724,2.6039574130866754
36.78496298663846,36.638281308888466,0.14668167774999574
60.577329534532225,60.021334551049826,0.5559949834823996
49.97245706280563,46.33772117562182,3.6347358871838082
62.96033138385607,58.24920181832074,4.71112956553533
6.036921100961792,2.8958834324957223,3.14103766846607
44.70300748877133,45.84578978505261,-1.1427822962812826
44.51311170894725,43.30908868744004,1.2040230215072114
51.03843955917487,47.418866158020165,3.619573401154703
26.8882969059091,23.285656177788226,3.6026407281208748
29.941634071225668,29.668767129265134,0.2728669419605332
60.8524444701652,58.64344749297811,2.208996977187091
79.71527757284316,78.03122018431532,1.6840573885278474
38.804462870279664,40.05073776014631,-1.2462748898666476
74.37697390604163,75.50791998305891,-1.1309460770172848
39.08244336465646,38.529692767176556,0.552750597479907
34.99510164703971,36.62985981133906,-1.634758164299349
46.071778061944116,45.28435377107367,0.7874242908704474
-3.63091116653346,-3.7246735440179464,0.09376237748448624
53.118021820195914,53.929401226088984,-0.8113794058930708
64.03739204183104,61.52203423294573,2.5153578088853124
52.45223695619205,49.367344045832105,3.0848929103599474
55.723689247494086,54.868806271321006,0.8548829761730801
-24.34745614196679,-23.190887733171138,-1.1565684087956534
40.3337556099676,41.51556954643644,-1.181813936468842
62.71188333276949,64.24892457268201,-1.5370412399125257
13.785551763131858,18.574409234213846,-4.788857471081988
69.2334828074524,74.8804978204841,-5.647015013031691
66.3360242623323,66.2722071877713,0.06381707456100116
0.1548536271915837,0.9384626159100975,-0.7836089887185138
71.03548206065545,68.54606024579786,2.489421814857593
33.85042070661304,39.09570484763839,-5.245284141025344
-1.325410747822731,-2.6039656266808606,1.2785548788581296
54.87092919707981,54.229755934502045,0.641173262577766
70.16277112485473,71.26384593321718,-1.1010748083624549
75.09585923826845,78.00729437601031,-2.9114351377418615
63.8680073327471,55.053382832876885,8.814624499870213
29.023177365351422,30.470518744448043,-1.4473413790966205
38.93019262927554,39.2525419185272,-0.32234928925166173
74.95815049217671,73.12768832438474,1.8304621677919783
-9.582162759730945,-5.644695344753856,-3.937467414977089
83.56339305510582,78.7042467232726,4.859146331833216
-10.712157166181836,-13.477874115848593,2.765716949666757
48.947024137775,46.54828637742114,2.3987377603538604
43.217837632626754,38.27574128559761,4.942096347029143
37.88862910947608,36.510533382817144,1.378095726658934
69.97789771966488,73.63729682968903,-3.659399110024154
56.51912187085023,56.81465578319487,-0.295533912344645
27.830219201645537,28.126857426933555,-0.2966382252880173
40.52609778713489,41.08764146165426,-0.5615436745193705
19.74965594228173,19.64867454787408,0.10098139440765053
54.48973247492717,52.233321001745274,2.256411473181899
66.08888853684337,60.835933335570076,5.252955201273295
32.705795120528045,31.549386587455032,1.1564085330730123
40.56322051115239,40.78714401537587,-0.22392350422348528
36.45611841087201,31.197857724336302,5.258260686535706
-20.87264735566308,-19.40734704091014,-1.465300314752941
55.44579415689533,51.16950734870476,4.276286808190569
71.99512305511553,70.43099739704563,1.564125658069898
76.7815240591444,76.57500044328069,0.20652361586371626
25.606635475889554,29.58743631494235,-3.9808008390527974
-21.825141631931025,-25.162837028648042,3.3376953967170166
87.68700965704932,82.95619020881836,4.73081944823096
79.88831491930918,79.68745545320314,0.20085946610603855
35.30354926034585,32.21514966797534,3.088399592370507
40.21703994016513,40.53342956916234,-0.31638962899720724
72.82583483345003,70.51248174716434,2.3133530862856873
67.94158232714771,69.28605831490856,-1.3444759877608448
34.59294378357219,32.37033136624761,2.2226124173245765
68.67468466396326,68.86927665369086,-0.1945919897275985
21.124099503342272,22.03665941814009,-0.9125599147978178
46.443187473428914,44.80113240525166,1.6420550681772568
2.4710648271485245,-1.7872413027338752,4.258306129882399
61.21052441462958,58.88917267386487,2.3213517407647117
19.333054822402737,16.722543991262057,2.6105108311406795
75.12093429082093,71.70057227182846,3.4203620189924635
71.10458518685503,66.67038994735856,4.434195239496475
75.57938932950177,76.70318764507385,-1.1237983155720883
5.989794308748639,4.167917128854327,1.8218771798943116
59.86050339775613,59.87969831625115,-0.019194918495017532
7.422325428119218,11.047438161227703,-3.6251127331084847
53.97948931648096,56.101999747842754,-2.122510431361796
38.711831205167215,40.411048452483605,-1.6992172473163905
46.84398050446338,48.603457852552104,-1.7594773480887227
-11.98229768387777,-12.558726471382755,0.5764287875049856
21.274646016878535,18.688486586095607,2.586159430782928
62.5158894296906,58.819726799690095,3.696162630000508
9.604188233264304,10.55699863111262,-0.9528103978483156
82.70165221050298,84.67539600852938,-1.9737437980263906
61.0722347664719,54.80923362983749,6.263001136634408
26.944735494542808,30.34086094542249,-3.3961254508796834
28.785408074979525,30.241687674654017,-1.4562795996744917
7.538760899062832,7.2329560971888895,0.30580480187394254
44.50899637848231,37.82410515864197,6.684891219840338
58.58966413790626,62.98967057807693,-4.400006440170671
-30.232250453158386,-24.06559848039055,-6.166651972767838
57.003120125573226,58.66182347933104,-1.658703353757815
46.37635525194502,50.884866096953004,-4.508510845007983
18.499631852612577,17.27137699253514,1.2282548600774383
20.363925084488365,22.88675000001463,-2.5228249155262645
17.97824792310742,14.878115949843448,3.1001319732639736
19.349873808935342,20.855222112159893,-1.505348303224551
19.22143842646448,19.948334669181293,-0.726896242716812
31.71230938717605,34.51610733242754,-2.803797945251489
-5.367155387191001,-6.293282853922747,0.9261274667317458
23.756914665842398,19.64223320718105,4.114681458661348
47.921594629397,48.409605348381945,-0.4880107189849454
-19.75818901113969,-17.18099699509122,-2.577192016048471
59.95974114280883,58.957874206954614,1.001866935854217
93.6799895537053,92.47705439980899,1.2029351538963056
55.07852746995776,56.48455954478074,-1.4060320748229742
29.603536294771928,31.902212099479698,-2.29867580470777
59.103231781097875,58.76573181867455,0.3374999624233226
21.525099004139054,16.630507755656737,4.8945912484823175
62.848478308730826,63.42549160308701,-0.5770132943561848
31.543457649411316,23.95891242930088,7.584545220110435
3.787681368772509,6.132979950983028,-2.345298582210519
35.72644195744533,36.05566770735628,-0.3292257499109468
40.25396387232221,40.68192129650705,-0.4279574241848394
44.04129320352593,43.32891971261518,0.7123734909107498
48.825192746593025,51.29096150590446,-2.4657687593114375
48.158439299267435,45.28071368102336,2.877725618244078
-7.846404861058309,-6.018769630478872,-1.8276352305794372
70.93007790896695,69.12650373465871,1.8035741743082383
53.66294251467293,59.50535084228746,-5.842408327614535
54.44466103833822,62.17084331296751,-7.726182274629295
44.77885307891589,44.336803996032316,0.44204908288357103
71.80912054916595,67.14510057943376,4.664019969732195
10.966012616881239,11.338168791875177,-0.37215617499393794
36.6144915411205,31.248885101500235,5.365606439620265
49.63333571375322,50.54126110465683,-0.907925390903614
7.557956482819998,2.460427752098127,5.097528730721871
68.81687508385008,71.71856307781515,-2.9016879939650693
45.36532834084392,46.77276269774943,-1.4074343569055117
51.85148238153093,49.40873831964506,2.4427440618858682
43.520732382504534,45.00790026664913,-1.487167884144597
47.30907632032024,50.66995637819404,-3.3608800578738
40.46160241155947,41.59916331026419,-1.13756089870472
19.468409100250234,14.142862334579576,5.3255467656706585
26.898285412431214,30.391463640711507,-3.493178228280293
23.52414381771917,23.04718711609209,0.47695670162708126
35.35627112560298,36.95282561354617,-1.5965544879431874
55.026514544173835,53.22614204323953,1.8003725009343086
66.66236725412942,67.19775575545125,-0.5353885013218331
64.56567022620739,63.849348028231354,0.7163221979760337
88.49736739200995,86.95098210764021,1.5463852843697339
-27.563336106788757,-24.130551272091623,-3.4327848346971344
53.106826712789754,46.54032657720379,6.566500135585962
66.96498124514677,64.99371462439387,1.9712666207528997
83.57436470307697,83.12065326208798,0.4537114409889824
0.07602958532245685,3.4634332970030357,-3.387403711680579
30.290633220289703,28.331957317767035,1.9586759025226677
46.02031643361971,46.520870771832534,-0.5005543382128224
15.402010067276482,13.157453873342632,2.2445561939338496
73.15427326931517,72.8421781061482,0.3120951631669726
68.71584391201576,70.4931010597313,-1.7772571477155452
57.045709134405996,64.38081180923456,-7.335102674828562
-16.68160528427508,-20.95069897359734,4.269093689322261
37.6295004747825,38.789450006285314,-1.1599495315028108
52.569448559700234,51.27257660896347,1.2968719507367652
38.44653363557378,40.162247562377914,-1.7157139268041348
4.775521463531568,5.82646194814042,-1.0509404846088515
75.31229565662296,77.28054366803964,-1.9682480114166765
49.604536822991136,48.95895863318742,0.6455781898037145
60.07558784905265,59.93262152627598,0.14296632277667243
19.264209812111975,23.376698132453654,-4.112488320341679
52.08003610838844,50.104248784769695,1.9757873236187464
29.371522987092458,31.333116340495252,-1.9615933534027938
16.965890874315896,17.1434368564246,-0.17754598210870398
43.32225620021155,40.37583435294172,2.946421847269825
77.07323713724512,78.83628900605254,-1.7630518688074233
68.9624187800306,72.10741612930366,-3.144997349273055
25.54008777385964,27.058571934860126,-1.5184841610004867
73.23795918631981,72.60363744725674,0.6343217390630684
56.68278874128256,57.80005047863764,-1.1172617373550793
27.665488465547302,27.431809322178495,0.23367914336880702
38.736997344831536,43.739390389454364,-5.002393044622828
57.65005616994662,56.87713800760391,0.7729181623427124
27.492660298551478,26.497649844577893,0.9950104539735847
-2.784588618486511,-8.38618542458103,5.601596806094518
57.53182326312025,53.94009647692601,3.5917267861942435
57.62249640713029,57.401318865413266,0.22117754171702586
65.61717884315524,73.1612072650455,-7.5440284218902605
60.36503613719066,62.85499845286482,-2.4899623156741626
79.81009019094486,77.05374967996906,2.7563405109758037
51.89225533354438,49.74398023026016,2.148275103284213
-12.849972104581735,-17.66546140433573,4.815489299753995
-6.470294814098248,-4.897009138500707,-1.5732856755975417
18.48868814412188,14.662950214657428,3.8257379294644522
27.635615227615578,27.92344234708871,-0.2878271194731319
54.57545029036761,56.04218311201947,-1.4667328216518598
45.148238134710596,46.437080338419385,-1.2888422037087892
85.95036512467132,85.7993825357175,0.15098258895382344
11.087378544274529,13.809954398993753,-2.7225758547192243
40.80744155644359,39.781847380030904,1.0255941764126888
-10.1264999642265,-14.808398565268988,4.681898601042487
75.19569460823458,76.75517788936592,-1.5594832811313495
19.42870597560298,15.810907359073056,3.6177986165299245
34.746597117806104,37.2755466360278,-2.528949518221694
58.886459409013874,58.51913155946781,0.367327849546065
33.074499182108944,33.51500417200192,-0.4405049898929789
57.94897465713498,58.3544286477642,-0.40545399062921916
15.364590763435203,14.131913510256368,1.232677253178835
84.83584201160478,82.8648359059927,1.9710061056120765
43.86800155445969,44.92705027483297,-1.0590487203732835
27.65516970514317,29.231492155984412,-1.5763224508412428
61.19376926225547,62.71794430492014,-1.524175042664666
33.940413368318794,33.85931925928877,0.08109410903002612
36.614090712612196,37.87636437176005,-1.2622736591478514
43.57503540367737,43.66784389356212,-0.09280848988475299
62.802854420839935,66.2800201697097,-3.4771657488697656
13.829436626795124,12.260388609333248,1.569048017461876
13.961072544742269,14.752942600758658,-0.7918700560163892
0.7423245765624509,0.49687837517556943,0.24544620138688145
-4.088702074616089,-6.970267373041253,2.881565298425164
75.6561329737186,70.97680805803377,4.67932491568483
32.646646052617065,35.80047618064327,-3.1538301280262075
44.29169106167802,44.09621158514616,0.19547947653186526
4.4155106625401,6.712040545951709,-2.2965298834116084
59.33665581190646,59.593583853803985,-0.25692804189752394
44.492563546904556,41.81293691313397,2.6796266337705887
61.75097809933899,59.03064112099231,2.7203369783466798
32.072027451655465,30.158202715155383,1.9138247365000822
51.84886498945871,52.6267780883961,-0.7779130989373897
55.86779242315735,51.860527614335126,4.007264808822221
45.784756898503154,45.52535764032123,0.2593992581819222
13.677049587582847,15.570299723078207,-1.8932501354953608
45.23285877444446,46.00230652183528,-0.7694477473908208
55.94998360597908,57.4070381156147,-1.4570545096356184
54.547387402556154,54.46341705676942,0.08397034578673157
21.390592841114692,14.412330717402014,6.978262123712678
-2.583310895211707,-3.597713629543705,1.014402734331998
70.5802868178233,67.92065510594966,2.6596317118736437
22.8515031004505,25.008226969511085,-2.1567238690605848
45.56492407341431,48.7002928413558,-3.135368767941486
14.80095237436391,17.62208181438983,-2.8211294400259206
-14.119766342102412,-18.34140653576337,4.221640193660956
51.38632009238016,49.02758499484469,2.3587350975354724
1.3911799572786303,0.29355387134714306,1.0976260859314872
71.09897218196477,72.92355240396198,-1.8245802219972092
18.8319898841753,21.41552866807531,-2.5835387839000106
44.1331612651441,42.92300284121892,1.2101584239251864
78.32796485857084,74.89960627452882,3.428358584042016
56.840727874119445,57.62976784424406,-0.7890399701246125
28.08070610171863,31.955204969308255,-3.874498867589626
47.714664803819545,45.593795706434484,2.120869097385061
-14.775444085032387,-14.664752130139533,-0.11069195489285377
40.37235289075286,44.81892167716038,-4.446568786407525
53.78735933810498,54.53644234754198,-0.7490830094370011
28.54417026483738,25.826522919149056,2.7176473456883237
60.659306690092755,60.071761911759076,0.5875447783336796
69.36483000287546,67.79215433024282,1.5726756726326414
41.39739242413709,42.54050425478424,-1.1431118306471504
40.60050026197142,39.611317257795626,0.9891830041757927
24.420060546438666,27.569010847888293,-3.148950301449627
-6.553387075244601,-8.313509862577305,1.7601227873327048
38.37444941072063,38.1189091789032,0.25554023181742735
55.605603843927,55.05670950264089,0.5488943412861076
48.69749475580669,44.14613093206521,4.551363823741475
67.86268041393858,66.08305284576659,1.779627568171989
82.75847005848803,81.46267080666954,1.2957992518184938
3.0972946029238684,2.2890997643328603,0.808194838591008
45.79004299714827,45.31862004231703,0.4714229548312403
20.377548444323338,23.112510277185223,-2.7349618328618845
95.01496287410454,91.11740907855464,3.8975537955498964
39.34156854477935,36.35244780653302,2.989120738246328
65.759807638912,66.18244889161677,-0.4226412527047785
55.050620298795046,52.77888102483664,2.271739273958403
76.70879600189613,76.03166120796257,0.6771347939335612
48.82974349082294,51.04030830012336,-2.210564809300415
71.54503835422295,72.09576132449487,-0.5507229702719201
87.11672846016654,84.41608891655383,2.7006395436127093
17.939151418213804,19.72340679552198,-1.7842553773081775
74.8061349521555,75.90650796893165,-1.100373016776146
67.77759121070753,61.5008578214126,6.276733389294925
37.87962584690735,37.02816322488522,0.8514626220221331
68.17927965602779,64.64848955804777,3.5307900979800166
54.460504444403576,53.90161896876608,0.5588854756374957
84.46034795563821,81.24055326893378,3.2197946867044323
81.97969316279008,79.00713414795096,2.9725590148391206
28.489826667022452,25.070322388403795,3.419504278618657
-30.974605140776145,-27.265115577384464,-3.7094895633916813
65.66862331602684,62.35835123590812,3.3102720801187218
66.60369760112826,66.15277348360743,0.4509241175208274
65.62317087121421,65.26038795151669,0.36278291969752274
8.799956818150674,9.397422999451479,-0.5974661813008044
46.27561369522517,42.089296896840864,4.186316798384304
46.29778360665348,45.557469864539975,0.7403137421135071
49.45884003432238,46.819995566843716,2.6388444674786626
48.1594046551516,52.82988210437072,-4.670477449219121
42.002345558757234,39.66654513229576,2.335800426461475
37.58030641866756,39.44839021444844,-1.8680837957808762
39.77026420328676,47.79110570298631,-8.02084149969955
68.49648989921513,67.14814984777517,1.348340051439962
59.47181637974477,62.1764253277883,-2.7046089480435285
76.83054058715872,81.7412601757858,-4.9107195886270745
52.906187488917666,57.107105607198925,-4.200918118281258
46.08920377366573,40.69909825037182,5.3901055232939115
5.542741917413053,8.10482670003806,-2.562084782625007
62.382222050915395,62.58660335921431,-0.2043813082989132
34.306597513037296,34.043001297129535,0.2635962159077607
17.815093621677654,15.719905868209622,2.095187753468032
58.95653501601668,59.03094106449515,-0.07440604847847254
74.34102474900203,75.93158137596842,-1.5905566269663893
-10.908764791838609,-10.40208748713286,-0.5066773047057485
51.70369393189918,48.35212658317111,3.351567348728068
14.30964227242856,14.731638986692502,-0.42199671426394225
38.367447415864596,35.4624120052532,2.905035410611397
68.11332913933268,73.46384316758989,-5.350514028257209
85.29872919985979,80.96152960557815,4.337199594281643
0.8547200968357573,-1.68097458512311,2.5356946819588675
-8.024208788367257,-5.211757371334599,-2.8124514170326584
-0.9328421844471437,0.010408969041222349,-0.9432511534883661
28.987639219143755,28.252288929490632,0.7353502896531232
91.33154526349995,90.055044499813,1.276500763686954
33.63106376722521,35.62837178750432,-1.9973080202791138
42.08135461422729,41.23607867756829,0.8452759366590001
63.210330203407,63.592905074264884,-0.3825748708578871
-24.130596999320606,-24.518186815979973,0.38758981665936787
6.4334794212640585,5.020826550241793,1.4126528710222654
59.14974521658998,60.62095352826663,-1.471208311676655
56.903839315076205,60.615364424249165,-3.7115251091729604
61.46326374741775,56.492496031409196,4.970767716008552
78.44996219579683,77.72610110555561,0.7238610902412148
35.9527045736879,37.89436444834371,-1.9416598746558051
76.519024399222,73.94731303912039,2.5717113601016166
28.75528291386993,29.711998427577527,-0.9567155137075964
60.135364016768314,63.580441538988815,-3.445077522220501
-20.674884861305237,-18.112624530079557,-2.56226033122568
65.48324713014198,60.33464483147239,5.148602298669587
48.98014278687794,51.72330411409463,-2.74316132721669
65.19998304567902,63.24111905858706,1.9588639870919593
47.185670967646885,47.038438399583946,0.1472325680629396
45.919396180210846,42.9983341613224,2.921062018888449
36.50918724818564,30.75028707377382,5.758900174411821
22.15072516195225,20.34351374469172,1.807211417260529
36.2055405470033,38.85513739973994,-2.649596852736636
46.69142015200283,47.37776960785331,-0.6863494558504826
44.36323009375463,44.65410853624649,-0.29087844249185935
70.41064848836653,66.56011556224348,3.8505329261230514
72.362565261864,72.30303808715317,0.059527174710837016
47.20375613833513,47.543953879697824,-0.34019774136269376
30.745583478375654,24.38103970742864,6.364543770947012
43.554445713344464,42.61246668990726,0.9419790234372059
24.792925345726143,24.38709198537873,0.4058333603474118
-26.587591742895324,-24.168834703651143,-2.4187570392441806
23.21638002737808,28.5139045058323,-5.297524478454221
72.923461750557,72.39131649394628,0.5321452566107183
56.282064844711684,57.69991840490044,-1.4178535601887532
36.24025875210379,31.271340525893407,4.968918226210384
52.13226381375276,51.73645485743455,0.3958089563182057
-15.487460308150315,-10.194400899862288,-5.293059408288027
49.80911629453416,49.81150273196683,-0.0023864374326763027
70.84817576785042,73.14857526594918,-2.3003994980987557
55.49244513466718,60.85221955228529,-5.359774417618112
33.023469903078734,30.13201782179243,2.891452081286303
58.50941536063454,58.331693249747914,0.17772211088662715
58.98258962600412,56.92827583052719,2.0543137954769293
44.37627623371458,41.68283490371182,2.6934413300027558
43.57917642443402,44.23160935123126,-0.6524329267972462
66.2444262970272,64.58056895372465,1.6638573433025527
48.55214842292955,51.23911044097049,-2.686962018040944
45.84093243321549,50.0972248462919,-4.256292413076409
63.17345298094588,61.834014816473015,1.3394381644728668
63.497224085057,64.47865723737507,-0.9814331523180755
40.15436522339341,39.41778923438736,0.7365759890060559
56.66553996144164,55.33081998318674,1.3347199782548955
33.1152088824192,29.122788533276335,3.9924203491428685
79.19613520337973,81.65152124420034,-2.4553860408206134
1.5265364524273792,5.73067370880203,-4.204137256374651
64.8531197738819,59.502443937125825,5.350675836756075
55.04300575421159,55.721979089016536,-0.6789733348049438
72.35506186656536,72.8856110823945,-0.53054921582914
16.0868880305945,17.512686026866973,-1.4257979962724718
55.031635100102875,52.349153714177206,2.6824813859256693
58.53099080783356,62.747393489156714,-4.216402681323153
23.939784526797254,25.13864786645709,-1.1988633396598374
40.85883279160976,41.34636929415343,-0.4875365025436764
53.88363548586907,52.45892319442156,1.4247122914475128
79.28113251085189,82.41054624300175,-3.1294137321498567
46.772088868811714,50.272604819377975,-3.5005159505662604
60.98907045192832,56.23168389699393,4.757386554934392
8.732967516406305,9.416897693796685,-0.6839301773903799
64.57580195158906,64.89030903697369,-0.31450708538463346
86.22891206623666,82.49845406625403,3.730457999982633
40.59616669690734,41.21099930936691,-0.6148326124595727
73.76173253307135,72.41287386252316,1.3488586705481964
64.43622680143794,66.53686813336384,-2.1006413319258996
40.669129167363465,42.424118335445236,-1.7549891680817709
34.842120028965525,41.51447643593769,-6.672356406972163
25.511576163965547,27.75250163077193,-2.2409254668063845
63.90203701703833,62.50333740274195,1.3986996142963832
13.895025898602478,16.814010599774136,-2.9189847011716576
83.87522940943015,83.45309466602762,0.4221347434025233
72.44603532716548,71.62945432162513,0.8165810055403426
58.36169366860658,58.63382295103345,-0.2721292824268744
1.6394991124674567,-1.3581356389999684,2.997634751467425
56.463111331420855,57.35568493094886,-0.8925735995280064
57.0301846486962,56.97183130334904,0.058353345347157415
81.24312070797184,80.19116223072835,1.0519584772434882
32.69911579300236,34.46288049860439,-1.7637647056020285
30.68552223388782,30.414209505085367,0.27131272880245305
59.41638427642438,56.42240118892941,2.9939830874949678
35.208588847253864,37.509381844139455,-2.3007929968855905
39.11853998128608,38.564789424798334,0.5537505564877421
64.35312835649306,57.31581494156814,7.037313414924917
48.247720506176584,52.481289785321096,-4.233569279144511
56.9394881769389,55.552355594432264,1.3871325825066378
40.754612517600926,46.36495030181501,-5.610337784214082
-9.231999165555868,-10.094931774062957,0.862932608507089
30.3485479921279,28.998329891434025,1.3502181006938763
7.42831683324357,0.0430314296762333,7.3852854035673365
20.799474130883766,19.81987417562877,0.9795999552549972
11.9460664053878,13.528243524001496,-1.5821771186136964
35.800301207492986,35.90289981520836,-0.10259860771537177
16.74859747974614,14.99576752333904,1.7528299564071013
57.40341031929547,58.248259448794805,-0.8448491294993374
9.525217356813787,7.315707684716699,2.209509672097088
45.89843024418261,48.72750906790503,-2.829078823722419
51.127162902115586,49.00601482432169,2.1211480777938974
54.26193474997259,55.39619625931729,-1.1342615093447037
27.277804564917012,27.7307362516991,-0.45293168678208673
39.36171726606198,39.43370740146703,-0.07199013540505206
67.10400437932154,66.05844874235223,1.0455556369693113
47.04708877061635,43.45445209094354,3.5926366796728075
-24.40002410872813,-23.310836924429566,-1.089187184298563
16.985440308569444,15.12325462211615,1.8621856864532944
13.721498520824804,15.304675618431233,-1.5831770976064288
63.65605549349144,65.38579388992136,-1.7297383964299158
37.5471290537871,43.29777276258053,-5.750643708793426
42.41077406853706,44.21117283522293,-1.8003987666858734
47.636915591441024,46.37575048025963,1.2611651111813913
-17.55068768585876,-10.290677627761966,-7.260010058096796
71.14388832647435,69.14399823365406,1.9998900928202943
26.507794202844828,23.750248322703243,2.757545880141585
17.48002841714833,20.469713095247116,-2.9896846780987865
86.86467961706208,89.69900675164727,-2.8343271345851946
58.45752622396567,57.94652377653543,0.5110024474302435
66.06017079934364,69.91104729536292,-3.850876496019282
42.12788373472137,40.18360493259305,1.9442788021283235
55.11798270483569,53.70714809413504,1.4108346107006469
38.45953300790462,36.70031289223097,1.7592201156736493
54.779523051210354,55.461549768232764,-0.6820267170224099
55.19917982370759,51.42594214079307,3.7732376829145196
82.25190176033877,83.93672426167703,-1.6848225013382603
44.478711974458754,44.133976914501666,0.3447350599570882
56.304804759340044,56.69807683553005,-0.3932720761900086
26.756752746890495,23.734671619797354,3.0220811270931414
62.763510537729516,58.89766354024083,3.8658469974886884
57.847887160183895,58.613088287565404,-0.7652011273815091
58.590573124699,53.768467665447695,4.822105459251304
70.61208674091638,67.46941679188467,3.1426699490317134
73.26973544323693,73.83433939386909,-0.5646039506321614
50.778254059727125,47.40493623705086,3.3733178226762632
49.758508271054815,50.04885949543458,-0.29035122437976213
20.979888254761164,24.800122149868216,-3.8202338951070516
40.490108675564876,43.92458149132794,-3.4344728157630655
76.02500446656246,77.0122677416273,-0.9872632750648336
58.46649401926132,56.19248047127043,2.27401354799089
55.17640501739881,57.04923116528272,-1.872826147883913
35.137933443206954,39.68730896399915,-4.549375520792196
72.00055677541756,71.90699084770175,0.09356592771581518
36.17553274098773,39.657060363617724,-3.481527622629997
35.04610913054023,31.84353371537776,3.202575415162471
68.34112728347853,70.11236185196704,-1.7712345684885094
16.483576664708032,23.478430296116585,-6.994853631408553
67.98901036136661,74.23963230035895,-6.250621938992339
61.53746204066093,66.8369315621016,-5.29946952144067
52.64150887210607,46.8078779308902,5.833630941215873
28.80478662637605,30.600016381893894,-1.7952297555178447
59.8697030133418,56.784630178908614,3.085072834433184
55.450307176221756,58.99090633263389,-3.540599156412135
88.82363222359004,82.57457595393169,6.249056269658354
88.31161271488884,85.77655182848535,2.5350608864034854
67.1271524993329,67.82389030839656,-0.6967378090636629
67.51970308475035,73.29744375170364,-5.777740666953292
41.362306799536896,46.27571492563233,-4.913408126095433
47.40023144369946,40.93588715450699,6.464344289192468
5.29430013782779,7.193084477601857,-1.8987843397740676
82.6847926704969,80.5686478549669,2.1161448155300064
55.02450572935205,60.04911868016627,-5.024612950814223
51.47809227432238,50.701966159940675,0.7761261143817038
33.00313325886546,34.67048750146728,-1.6673542426018173
20.79388289380393,19.107382532187728,1.6865003616162006
-10.466893504635408,-5.658190402619098,-4.80870310201631
-6.579437175136574,-4.1390247959379565,-2.4404123791986176
47.9112509887032,46.9060706678651,1.0051803208381003
41.0189476959576,39.773906238709735,1.245041457247865
38.144725710081275,38.300513788455405,-0.15578807837412967
63.232545214192584,66.53658252730986,-3.304037313117277
39.7408682793086,43.19275438548141,-3.4518861061728074
35.48728568409934,39.49056973436234,-4.003284050262998
68.75888043447625,66.86107295454025,1.8978074799360058
54.712961111868154,55.631466646654,-0.9185055347858437
38.17739430997074,38.410356420945064,-0.23296211097432717
-9.255291316031578,-20.54984146213266,11.294550146101084
52.27880855075211,50.62574175707744,1.6530667936746681
16.85089458378183,21.20946164091025,-4.358567057128418
72.14513331072204,73.8602155247622,-1.7150822140401516
36.84397429650426,38.2962207144913,-1.4522464179870411
26.004805480554474,23.447248107991427,2.5575573725630463
64.57871684840748,70.34364153136383,-5.764924682956348
54.729320519439256,53.79706480047015,0.9322557189691025
-2.907662301232051,-2.2752114426435384,-0.6324508585885127
70.26697751282494,68.96992362080789,1.297053892017047
58.562762906580645,54.45744547905179,4.105317427528853
45.09409672317492,50.34124180467377,-5.24714508149885
63.79063879129187,63.878475189231466,-0.08783639793959708
76.52573120974192,77.0076497524694,-0.4819185427274846
61.00818236742969,60.23732887353857,0.7708534938911171
34.73962687712418,38.49499736275347,-3.7553704856292924
57.0828073230015,59.8108966868932,-2.728089363891705
34.865562472081386,34.96432032400658,-0.0987578519251926
20.11656512874271,15.74347599869266,4.373089130050051
39.02059673630036,41.385588539433726,-2.364991803133364
24.932076810395195,24.01447341973217,0.9176033906630252
56.41588740409691,56.41793703135391,-0.0020496272570014185
81.80080513871924,79.8516181696142,1.9491869691050425
12.451558891876756,12.276096414974305,0.17546247690245131
47.14996128545351,52.19127795031379,-5.0413166648602825
64.60500593334258,63.45125720402705,1.1537487293155309
70.55219950230345,69.13758168615523,1.4146178161482226
47.96660042584329,46.591846612887835,1.3747538129554542
1.3857461563836697,2.2405096877241704,-0.8547635313405006
21.584614205389467,21.367941629070728,0.21667257631873937
69.17912166266187,67.44162627996992,1.7374953826919466
60.90242803806041,55.841478028188725,5.060950009871682
39.62452430365141,34.949321665050306,4.675202638601107
66.29260674227353,58.86461700104421,7.427989741229325
58.12447432238416,55.05771055642474,3.066763765959422
51.803626665181135,52.13032599523931,-0.326699330058176
60.17526721077501,58.68693330452048,1.4883339062545318
45.5342819649097,43.61712005510331,1.9171619098063957
62.76423232265381,63.57383079379469,-0.8095984711408803
34.64557696569692,38.45361442489961,-3.808037459202694
49.34126093260262,51.65468510611544,-2.3134241735128143
46.9049838858229,42.706783073781814,4.198200812041087
90.55798990356274,87.79027811491255,2.767711788650189
58.505413230224065,56.25640352307747,2.249009707146591
24.399262980863803,20.826262078388325,3.573000902475478
27.900051031184788,23.72772867289966,4.172322358285129
71.90865232628242,69.32144338452218,2.587208941760238
29.47974463179756,32.54385157694881,-3.064106945151252
56.89118829934488,54.15335608890028,2.7378322104446013
96.30966519886844,95.7168955483764,0.5927696504920448
35.01195082539816,29.964777379995596,5.047173445402564
50.204246733085434,46.45010292517795,3.7541438079074823
48.341617595580566,52.52884684384285,-4.187229248262284
84.72629625002841,80.25215446109439,4.47414178893402
55.771264058282256,55.13304280690828,0.6382212513739773
45.022455954629926,42.15069960422129,2.8717563504086385
30.746036635195345,28.729862200627863,2.016174434567482
77.49692874293902,78.70685312927984,-1.2099243863408162
59.30616016314267,58.281799919408115,1.0243602437345558
66.80559476017893,69.32394464275443,-2.5183498825754924
42.53067262702703,40.16192003545071,2.3687525915763175
27.93967559301082,29.548495470596563,-1.608819877585745
72.31081557548589,68.47056178973315,3.8402537857527363
52.174107094864326,52.88182501331494,-0.7077179184506122
49.18456225672343,47.08671711933995,2.09784513738348
46.63215174934573,44.223520641821736,2.408631107523995
45.93210467862544,46.74052587765005,-0.8084211990246075
68.2225000951015,68.26330135912475,-0.040801264023258454
45.80402296618653,49.35116916335828,-3.547146197171749
54.67078660863866,53.250448693254874,1.420337915383783
-3.1108934919521953,-0.27210088619006,-2.8387926057621353
77.27105597524186,81.76824454913229,-4.497188573890426
74.83850814249,72.4053378531541,2.433170289335905
48.039240864445404,49.84633378450378,-1.8070929200583734
57.43488453554235,54.40855011480943,3.0263344207329226
36.91550626808705,40.33966081658879,-3.4241545485017397
-23.348139588997498,-24.76454952352485,1.4164099345273513
28.900994043697263,24.68636987771272,4.214624165984542
50.011410054239,50.62829733309245,-0.6168872788534472
26.72999020855223,28.000868775924687,-1.2708785673724563
17.258367546625607,13.668529413344956,3.589838133280651
-23.779287905909044,-21.905672540838296,-1.8736153650707479
30.938252193746564,34.493671992902634,-3.55541979915607
10.975224145201535,11.109996733080152,-0.1347725878786168
50.830967566262586,53.692044776785295,-2.8610772105227085
6.692184816042705,5.2413574286395885,1.4508273874031161
42.03042436196147,41.52906026105863,0.5013641009028404
37.55434560875572,36.78992864948367,0.7644169592720473
48.59017007322893,50.810015150899666,-2.2198450776707332
17.93817248310792,12.14035998344815,5.79781249965977
23.35337206495357,23.12041938155531,0.23295268339826336
50.730305328258524,48.48023784256601,2.2500674856925116
10.97047032277127,13.122950809812934,-2.1524804870416645
1.4684367543321817,5.035379267426393,-3.566942513094211
-8.310995219193591,-8.241642532860837,-0.06935268633275449
57.362145311155764,54.96530869705468,2.3968366141010833
41.38952548498776,41.33581520547856,0.05371027950919682
56.867368083815954,55.27992971123556,1.5874383725803938
27.58420622217673,33.624882520137334,-6.040676297960605
21.289203826120023,22.372549076377226,-1.083345250257203
37.55694288810116,38.01528193751472,-0.45833904941355996
20.12384507223629,25.97065250724924,-5.846807435012952
-1.7349301139991757,-4.202852624914684,2.467922510915508
88.18226074150816,89.50938248047393,-1.3271217389657721
18.259788630563357,17.356155180658348,0.9036334499050085
20.284523731471058,19.825635237608083,0.45888849386297537
8.823518423655875,6.532459225049109,2.2910591986067654
88.40715595613806,83.43889469511942,4.96826126101864
51.91460849985952,48.2974692004541,3.617139299405416
33.79758816860501,31.95811894663339,1.839469221971619
19.302488743438378,20.544254399430187,-1.2417656559918093
52.326201667684494,52.97784621177275,-0.6516445440882563
40.396539976281744,40.60533728272233,-0.20879730644058725
5.9717259825857605,7.0765302124760865,-1.104804229890326
29.524705430992555,26.061652009428883,3.4630534215636715
40.900273480382566,46.51039413572918,-5.610120655346613
60.482152531563834,62.27418959670721,-1.7920370651433757
51.2597371422456,50.06243420570107,1.1973029365445313
33.23797356786373,32.97898806217461,0.25898550568912526
76.52673442868598,74.13599612505324,2.3907383036327445
70.8099470421187,69.06302530503227,1.7469217370864243
28.305230660287553,27.081439069407367,1.223791590880186
32.20696536180407,32.352421406749755,-0.1454560449456821
49.58028728387252,48.69269364354281,0.8875936403297118
-22.165302747568376,-17.8557659924801,-4.309536755088274
44.40245109738867,38.89551979917497,5.506931298213701
72.02073094172268,74.26599626418367,-2.2452653224609946
21.0045731829169,19.921432055109918,1.0831411278069822
42.920872758060696,41.7810072733373,1.1398654847233942
26.935237968083896,19.57864768530054,7.356590282783358
66.4768438864871,62.959036895524235,3.5178069909628675
55.14640022658376,52.04397391663608,3.102426309947681
41.528534562035226,39.75977505789871,1.7687595041365185
-1.3583163966729515,-3.073241733694587,1.7149253370216357
62.128150241025516,57.48337821142926,4.644772029596254
60.117002311733046,53.475187114143125,6.641815197589921
31.09153994739558,30.8508954308912,0.240644516504382
47.641885563411826,48.48241060214417,-0.8405250387323449
13.021755545821591,10.076235119967137,2.945520425854454
50.05106099181893,53.72356456112035,-3.672503569301419
-2.482463350877717,-0.7113929364786316,-1.7710704143990856
32.79046527950511,34.455597859909844,-1.6651325804047303
56.9177988046046,54.640162730065825,2.2776360745387763
41.034604820011516,39.109037735248876,1.9255670847626405
60.656809441534115,64.91489699190595,-4.258087550371833
51.12368681142607,53.21509635932153,-2.0914095478954593
41.91114535882678,43.62096893149517,-1.709823572668391
33.264167855297515,38.16471328665704,-4.900545431359525
53.77671606759823,54.050277941947044,-0.2735618743488146
46.238157885591015,48.04342035812577,-1.805262472534757
63.06818992893397,60.088794485725174,2.9793954432087943
64.38668465119365,65.5014127420534,-1.1147280908597565
54.89582861732256,51.145541686448155,3.7502869308744025
68.6237516527885,72.19941175638598,-3.5756601035974853
36.45600287091675,40.638016340019774,-4.182013469103026
61.63751081355845,61.32487108648784,0.3126397270706107
12.64694940472341,13.500954434616006,-0.8540050298925959
82.87952707025805,82.49043962012087,0.3890874501371826
-19.529869451912404,-15.902771296886456,-3.627098155025948
58.5533568049872,61.76865845171207,-3.2153016467248676
61.44205670089766,65.33162751239205,-3.889570811494387
35.42179671574362,34.85408740826793,0.5677093074756883
22.982656539184212,28.130395483982284,-5.147738944798071
61.496185465411834,62.505024989463465,-1.0088395240516306
63.50276305901403,65.58551320633532,-2.082750147321292
73.62326553251434,71.68824250528648,1.9350230272278566
5.451525832150578,3.166014095215772,2.285511736934806
56.726942669561474,56.98087279788366,-0.25393012832218886
48.71802288689142,58.27229122857187,-9.554268341680455
44.70271534695846,49.211158290716035,-4.508442943757572
22.32393405476054,23.33914133440993,-1.0152072796493918
55.525132195182096,59.718402974801776,-4.193270779619681
63.495655444935686,68.26231837682474,-4.766662931889051
39.21556672463434,41.82629599405923,-2.610729269424887
64.44802541085775,64.4199083822333,0.028117028624450313
56.38223856224711,55.81862232378345,0.5636162384636592
54.04696381705311,55.03530977738716,-0.9883459603340512
43.357241401141714,44.43386625858741,-1.0766248574456938
16.973636860643886,17.268565174623475,-0.2949283139795895
10.655224063502825,12.74962517950405,-2.094401116001226
94.01327906029347,91.61174696090728,2.4015320993861877
34.895138668607935,34.248634351626364,0.6465043169815701
23.637449314954186,26.236158763422253,-2.5987094484680675
34.28113291095308,27.20568041570199,7.075452495251092
19.014654474956238,23.68487599680857,-4.6702215218523335
44.757246337770994,42.96578252366647,1.7914638141045245
66.68657972817412,64.24137713845309,2.4452025897210348
59.734758130511466,57.54087046149259,2.1938876690188778
37.02385935675437,31.929289049868842,5.0945703068855295
67.70182117353812,64.2602693523775,3.4415518211606155
48.11310898007317,46.32223790281503,1.7908710772581387
40.004763558977736,39.23856375756873,0.7661998014090088
77.51854929707434,73.93170382379499,3.5868454732793538
0.6340867941893964,1.8154000811080238,-1.1813132869186274
-8.197975050463725,-5.7540964787438895,-2.4438785717198357
43.93177117309671,43.89739148302541,0.03437969007130448
46.194297999618314,51.505752801120025,-5.311454801501711
50.05596471140319,50.29972442313391,-0.24375971173071775
51.35336448323421,52.1118240592481,-0.758459576013891
42.66679388284017,44.1931660048065,-1.5263721219663324
23.24277338155007,25.052353935012505,-1.8095805534624354
61.88387747339238,62.69341307127446,-0.809535597882082
14.744902368855062,11.150397914521818,3.5945044543332436
46.181123062698006,46.72424611829742,-0.5431230555994162
14.40578850739782,15.261604894287672,-0.8558163868898525
41.59099091425242,44.34852052480446,-2.7575296105520337
64.91333400089702,66.64415731582736,-1.7308233149303334
70.03035434825338,71.90460020521674,-1.8742458569633555
45.35059990391519,46.17309708980939,-0.8224971858941998
16.646376322588118,17.723667245702345,-1.0772909231142265
-0.9396838456770498,2.126786699349978,-3.0664705450270278
-19.862323331945003,-20.470442824257717,0.6081194923127136
23.309391870682823,27.416324731632642,-4.106932860949819
30.130949072989328,32.20956582782186,-2.0786167548325345
-16.819289430553166,-16.6247922086998,-0.19449722185336427
81.8412631347912,80.1484372240631,1.6928259107281036
50.71567510437108,52.27433131490329,-1.558656210532213
20.49639450139857,22.82952773363749,-2.3331332322389216
20.88860429596304,14.618668574763504,6.269935721199538
22.591053291943005,25.09159771412378,-2.5005444221807736
70.34372750328994,68.85904509079137,1.4846824124985716
22.93414992746228,21.2354972332717,1.698652694190578
61.55321708125698,62.02184156589764,-0.46862448464065665
23.054514682702024,22.119978494427514,0.9345361882745102
46.53085455801279,53.25542878689743,-6.7245742288846415
39.21382263357386,39.02475867279474,0.1890639607791229
26.482204597285243,18.6088631748178,7.873341422467444
68.4693963917592,67.9877802241293,0.4816161676299089
29.79897680277095,29.902090749570974,-0.10311394680002195
52.82217375555666,52.27722081501882,0.5449529405378399
62.205698295793944,64.80573503379006,-2.6000367379961133
60.350478896829806,55.64491920227766,4.705559694552143
35.578483684868665,37.259192400188226,-1.680708715319561
59.681088908888654,64.0761789536167,-4.39509004472805
59.280768560753245,65.54568125946903,-6.26491269871579
19.8291593762237,23.31695809336894,-3.487798717145239
84.90803354713529,82.42507968579058,2.4829538613447113
61.579168993025625,61.07456133514951,0.5046076578761145
74.02368912275719,75.16767428842321,-1.1439851656660238
74.63856073497605,68.02154773423214,6.61701300074391
65.94475240657165,67.38417476072934,-1.439422354157685
89.0108403997601,88.90353072424517,0.10730967551492654
15.66498062700131,19.877074591309693,-4.212093964308384
9.08575397163283,7.959858292514554,1.1258956791182761
38.8370839958856,40.597664771293125,-1.7605807754075258
-22.959020217688252,-21.63663417835322,-1.3223860393350328
50.780718941875364,49.596751383154015,1.1839675587213492
79.96921731068812,78.25520342775033,1.7140138829377918
59.13948395968948,60.40965483025069,-1.2701708705612091
3.050039389258239,1.4645244898406418,1.5855148994175972
58.13933190281262,59.61811083880767,-1.4787789359950452
10.442223607989067,6.894505895602464,3.5477177123866035
57.72044439906546,53.263037460355775,4.457406938709681
33.24693287354355,32.627873585948294,0.6190592875952561
34.73879146051824,39.81078210957353,-5.071990649055287
67.07065601798264,63.14604888478518,3.924607133197462
29.889809378205385,26.345272527916975,3.5445368502884094
55.03981300034213,54.06951672216768,0.9702962781744517
54.77730145879108,53.71558421651777,1.0617172422733105
61.737957605961896,58.556706675948654,3.181250930013242
66.14888136097936,71.11427085812957,-4.965389497150213
59.62264174048667,62.20587874120679,-2.5832370007201177
38.11554449404299,37.34998388950265,0.7655606045403403
69.83204437641176,66.25697685699258,3.5750675194191786
65.41470142203335,59.795044565509144,5.619656856524202
67.92582707443103,68.79405279408351,-0.8682257196524859
61.4041994029631,62.912962376633025,-1.5087629736699242
-17.817112756115954,-19.656211184855096,1.8390984287391419
36.861132996565495,39.46210811133019,-2.600975114764694
38.650163170379685,37.247133126359145,1.4030300440205394
62.81220570250216,60.24697777748305,2.5652279250191086
2.4141608009420423,0.059138737071720016,2.3550220638703223
68.43449601721525,68.54832609246596,-0.11383007525070354
30.92617039918165,34.38154002502323,-3.455369625841577
20.637580960537885,18.17745196573975,2.4601289947981364
29.769996475171663,30.821544776547313,-1.0515483013756501
35.401131589637515,40.42406273147413,-5.022931141836615
74.27519516819892,70.48508063571543,3.7901145324834857
48.42755757457625,44.8905983734573,3.536959201118947
70.3918759498241,72.18286034806735,-1.7909843982432534
34.47052982746079,34.86809983396461,-0.3975700065038197
55.62094540902689,58.28099900865031,-2.6600535996234242
31.780760326804423,34.956548395268015,-3.175788068463593
49.61697309942277,52.835882228625884,-3.2189091292031122
57.166662016862574,59.80780571646636,-2.641143699603788
35.903927977054444,36.27936789214458,-0.3754399150901335
68.2325255545378,67.93030137682851,0.30222417770929155
78.81172309258,74.96888138627457,3.842841706305421
36.885094979525135,38.10089917201729,-1.2158041924921577
45.30860411455445,45.157440349342735,0.15116376521171304
46.934677512016016,51.80098536593203,-4.8663078539160125
19.926560895860746,18.261001966164685,1.6655589296960613
58.689660595432585,57.933954728458446,0.7557058669741394
49.599289233491966,49.496980427477254,0.1023088060147117
-13.952010746100234,-13.12825341325511,-0.8237573328451244
38.57164840151965,37.78471169762125,0.7869367038984052
54.68474924664056,50.88367332585961,3.8010759207809457
-2.3117261949057397,2.175602266659709,-4.487328461565449
78.22373947364342,75.7574317724478,2.4663077011956176
78.89815376004739,78.39457055363323,0.503583206414163
9.045967939128577,10.699175715690117,-1.6532077765615405
61.54289611867904,59.59966586362509,1.9432302550539475
72.49667977793654,71.6875005234532,0.8091792544833396
45.74143829809118,40.45945511408088,5.281983184010301
6.168650165984765,4.343654134061808,1.8249960319229572
68.77530142312413,69.93278213335729,-1.157480710233159
20.907452895778277,25.04497873313059,-4.137525837352314
90.40622457933435,88.41451968330773,1.9917048960266186
30.65626640272534,31.55929086612251,-0.9030244633971698
42.14517244765328,38.31809742937991,3.8270750182733693
48.78017699291813,50.366631546593815,-1.5864545536756864
64.24040012824489,64.93011628360463,-0.6897161553597471
-13.214772635393187,-8.195260665831015,-5.019511969562172
46.524268517636,48.22117827776571,-1.6969097601297065
18.664614201261582,21.345511640645597,-2.6808974393840153
77.70983585560604,79.16981717101959,-1.4599813154135433
77.05048913553733,76.82564699181773,0.22484214371959865
48.006525887151284,45.82646339957354,2.180062487577743
39.6303604673903,37.5694899989686,2.0608704684216974
0.4506430634059466,5.144658733177337,-4.694015669771391
66.71648458690495,63.989980343851116,2.7265042430538386
43.83713772125988,46.37688925633682,-2.539751535076938
14.920785745512656,11.618028642546122,3.3027571029665346
58.1180943141122,56.66717275042957,1.450921563682627
41.167349297167604,43.894629204278054,-2.72727990711045
63.868427822808606,61.818910853122695,2.049516969685911
56.830519387401225,56.23450639538983,0.5960129920113957
17.736804002671107,17.707365469108368,0.02943853356273962
37.71944711870609,40.838680382708745,-3.119233264002652
56.42730183044664,56.96132240253646,-0.5340205720898226
79.785658769961,77.46915765605789,2.316501113903115
35.87604920223453,35.559405929148966,0.3166432730855675
54.819400463597475,53.75990000486584,1.059500458731634
40.21541744348177,40.25755060865291,-0.04213316517114407
24.794850977360767,23.445449991812353,1.3494009855484137
72.32648208907051,71.53043232165355,0.7960497674169602
47.94860858603946,47.20907486234752,0.7395337236919417
86.89629381656603,87.83028171479052,-0.9339878982244869
45.28011659846594,41.591451984738285,3.688664613727653
29.205254245900832,34.12827064448605,-4.923016398585219
26.395956056287098,26.077077602359836,0.3188784539272618
13.974809759458473,17.23811704503889,-3.2633072855804173
8.858789423008236,10.980015745111317,-2.1212263221030803
37.370919772258,38.03330591000504,-0.6623861377470419
33.21231305969712,29.993336707176113,3.218976352521004
72.5966707364212,72.93477770449425,-0.3381069680730491
60.18650008805984,62.00827811207498,-1.8217780240151455
-8.99545943342927,-7.1807026774854705,-1.8147567559437991
71.19914863237442,69.5592960859004,1.6398525464740175
85.11535253978539,79.88590676696435,5.2294457728210375
70.16418452341674,66.23072475488854,3.933459768528195
52.33392121066214,53.62174865452754,-1.2878274438654032
41.27803503445007,40.78243084338398,0.4956041910660929
60.55959858763999,60.92326818512676,-0.3636695974867692
13.621835536176668,11.052127865436262,2.5697076707404065
58.61664471635972,61.77718189506334,-3.1605371787036205
62.00422424666487,62.485647363151195,-0.48142311648632585
57.63715208171511,57.923757773879885,-0.2866056921647768
44.05786380449745,48.136800037640796,-4.078936233143345
-28.153378999979335,-28.18485387894755,0.03147487896821488
54.766838761328685,53.034926555005796,1.731912206322889
43.95660133210812,41.43307733372746,2.5235239983806608
46.26654629942115,45.64485514480318,0.6216911546179702
-25.213617778055617,-25.715339917220476,0.5017221391648583
44.8676321909555,40.7782625521339,4.089369638821594
14.071285588915694,12.309777535737012,1.761508053178682
10.22842866667243,8.033755462897474,2.194673203774956
21.933972524926507,27.513163479520088,-5.579190954593582
70.24897656866246,70.79295202049315,-0.5439754518306898
51.29635319531795,47.69754476767831,3.5988084276396393
70.54523634482987,68.75684498590712,1.7883913589227518
56.787475945989016,62.44509808770316,-5.657622141714143
31.84140509788959,30.03044860875974,1.8109564891298504
31.897199787962876,30.55901196713795,1.3381878208249276
25.62092620750454,16.88763734824076,8.73328885926378
9.485501294992316,8.2400695759395,1.2454317190528155
76.08403922358639,74.43528481409803,1.6487544094883617
26.746123690047753,29.29380114509307,-2.547677455045317
62.016834125422655,66.15912851430353,-4.142294388880877
26.169357249576176,24.325638390564535,1.8437188590116413
36.49723077302688,37.28006121595013,-0.7828304429232489
28.82710455309892,31.590548809824497,-2.7634442567255775
0.8479399869881834,2.3866842456727397,-1.5387442586845563
73.42141651836961,73.15156730149849,0.2698492168711226
36.07591137524012,36.14219854441815,-0.06628716917803246
72.58400881990087,69.72247469834092,2.8615341215599557
47.69847480018632,41.686859729573484,6.011615070612834
54.93447654975828,53.44815484424634,1.4863217055119406
-9.683884401691259,-5.636693688323746,-4.047190713367513
46.91897417096851,44.15443611598829,2.764538054980221
69.24116893312788,70.2340172041347,-0.9928482710068209
25.90630250458909,23.343239781035834,2.563062723553255
50.02658652102368,53.651411815792066,-3.624825294768385
22.23389030307374,25.68544013631096,-3.4515498332372196
43.8046510926691,43.87585944623515,-0.07120835356604971
1.4658148479401256,2.623511124271033,-1.1576962763309075
77.09867916996606,73.26902213085694,3.8296570391091223
71.06501653302799,71.74230621971067,-0.6772896866826841
63.80934588330845,64.75966738385989,-0.9503215005514392
-11.664584813012562,-11.860279101779142,0.19569428876658002
80.13857657571143,81.32169762201569,-1.1831210463042652
73.16948747245567,71.83585611890092,1.3336313535547504
48.45782255351071,47.76942829402867,0.6883942594820383
67.08524456090394,65.74013651776004,1.3451080431439095
41.73327767527692,42.247477577443014,-0.5141999021660908
54.808783443338086,57.47385013807138,-2.665066694733291
72.55142346608564,79.61256847726906,-7.061145011183427
54.33031573073296,51.41553538521929,2.9147803455136696
45.03542909637242,44.75632420265153,0.2791048937208913
59.22671882219931,57.250901010124835,1.9758178120744745
60.265482333942195,58.25164237937494,2.0138399545672527
73.74490583438245,74.58811795445317,-0.8432121200707172
67.52549772772224,65.14038298036394,2.385114747358301
64.31483922035241,69.08821662368447,-4.773377403332063
56.3130800616142,57.391448043480025,-1.0783679818658243
-13.643245091145559,-12.273252392447532,-1.3699926986980273
86.99045018716696,86.3660710479615,0.624379139205459
80.48733194639722,82.97210830519752,-2.4847763588003033
51.62988659188766,51.70790601597401,-0.07801942408634943
85.45044791656946,83.57906948191534,1.871378434654119
35.399935767251044,38.024543010887264,-2.6246072436362198
42.50853786642699,49.29385593224357,-6.7853180658165755
27.00847760820642,35.703391711829084,-8.694914103622665
53.93545441003711,53.13172094379214,0.8037334662449709
41.12218798226111,41.01510183100595,0.10708615125516019
41.597324472288705,43.22790430653451,-1.6305798342458075
68.58181155255683,73.87677793429879,-5.294966381741958
29.065433428261347,31.323231792180806,-2.257798363919459
46.324266700121825,48.99295921103892,-2.668692510917097
-1.7466639153917203,-2.798851383607456,1.0521874682157357
-30.121692097554458,-29.505582348424113,-0.6161097491303451
44.51811820147507,45.98647070304138,-1.468352501566308
-12.075802502198803,-9.464322088361527,-2.611480413837276
-18.653846498782688,-15.13350485304403,-3.5203416457386574
61.43113203614997,60.14282035228062,1.2883116838693454
56.980775889627274,57.83649568330489,-0.8557197936776149
33.07623211395557,37.140767107212696,-4.064534993257126
78.37772462802994,75.74828510261729,2.62943952541265
80.86707994122854,78.56215073211649,2.3049292091120464
-6.870152727057501,-3.9790671792451207,-2.8910855478123807
9.4863482474627,13.373141855734616,-3.8867936082719154
50.93334323892444,56.72022369458187,-5.786880455657432
62.473542884993684,63.84699567569203,-1.3734527906983445
51.82811160523885,56.03954860270909,-4.211436997470237
17.630290768636684,20.043751615846162,-2.4134608472094783
48.33950929625637,49.827483207648285,-1.4879739113919186
9.024313779367413,13.277450183775699,-4.253136404408286
-13.288524678418053,-11.288188389338217,-2.0003362890798364
64.13247748780444,55.26193413653205,8.870543351272389
83.19814775943364,79.81199935040169,3.3861484090319465
13.602782184910192,14.401610079737722,-0.7988278948275305
27.78209225797751,29.827319858545735,-2.045227600568225
-0.3901271233363238,-0.5876299584733289,0.19750283513700506
59.885729289031474,59.6633008823611,0.22242840667037456
35.833331661941365,43.89712057253418,-8.063788910592812
-4.780304000740804,-0.2534043344331849,-4.526899666307619
61.976692917938564,57.53902850931093,4.437664408627633
51.03583375446713,54.08831921520941,-3.0524854607422824
60.397316742282726,63.81300268432353,-3.4156859420408026
58.184576890538956,58.55161279387235,-0.3670359033333952
55.86929120583041,55.1720660889965,0.6972251168339056
55.71794845850261,53.40829044683301,2.3096580116696046
51.440439167847465,53.19272254061037,-1.7522833727629035
49.48307185734044,52.87498168496821,-3.391909827627771
17.38361431286244,21.180940574341562,-3.797326261479121
71.03487052870149,65.4246821730076,5.610188355693893
20.62914597621941,22.040072108227136,-1.4109261320077273
45.45295979255427,43.3230905583431,2.1298692342111707
26.952052866810902,28.541812310241653,-1.5897594434307507
10.23266419210223,4.599783868570114,5.632880323532117
8.622256878028486,10.65040902398151,-2.0281521459530243
54.29135269112085,54.481310982489475,-0.18995829136862596
18.605238319595685,17.942171707701675,0.6630666118940098
44.584207865173376,46.88219374620688,-2.2979858810335045
-10.749319045489532,-9.206394268794739,-1.542924776694793
66.87448988607528,69.81414963197179,-2.939659745896506
90.7816664523881,91.46362675364527,-0.6819603012571775
65.20708418949357,63.998146019578364,1.208938169915207
61.82991599630048,60.573880661560864,1.2560353347396145
61.035548864769844,62.8555123943644,-1.8199635295945598
40.759734061578,39.970260270346614,0.7894737912313872
41.76965371289927,40.41556309918578,1.3540906137134883
39.224851860413935,45.29994453287209,-6.075092672458155
14.8886982520147,13.928683254746261,0.9600149972684395
75.47758319190808,79.06688019369274,-3.589297001784658
24.56151536796734,17.3868108036514,7.174704564315938
52.68878306300206,55.774534465707234,-3.0857514027051707
-21.420779057455476,-22.994752291471826,1.57397323401635
67.63521895190686,65.2938492718011,2.341369680105771
43.75487458969052,45.934160276878416,-2.1792856871878925
78.66335361510446,75.64105537248352,3.022298242620934
63.97398491045195,65.3710348101075,-1.3970498996555563
43.82836953889918,44.05347450533095,-0.2251049664317719
-16.045916134390144,-15.353282462455866,-0.6926336719342778
6.367164527631955,14.413627627373003,-8.046463099741048
30.05320178269133,23.812691618706566,6.240510163984762
52.574259891739636,52.356527659649906,0.21773223208973036
8.45357002068628,6.152213519170758,2.3013565015155226
62.259568267492405,68.42246888773761,-6.162900620245203
6.876804118434942,12.130650263839414,-5.253846145404472
34.763734226948685,35.78045261444748,-1.0167183874987984
23.49810685321375,23.356672784914494,0.14143406829925453
46.58782053802525,45.713155474897086,0.8746650631281625
34.48422863234019,33.183174378871726,1.3010542534684646
2.8754030754788107,2.1709369938026555,0.7044660816761552
68.15753521784438,66.20968552525827,1.947849692586118
16.760444329839018,17.753432872167238,-0.9929885423282201
20.523151382294593,20.47348802473641,0.049663357558181076
-8.34221245125441,-5.524461376189507,-2.817751075064903
60.066124521523676,61.595427895849376,-1.5293033743256998
48.92723968530488,53.96865851279651,-5.041418827491626
41.72845240408429,46.49807389815085,-4.769621494066563
31.049676049117245,26.27980418039641,4.769871868720834
2.9417841028839726,4.439554829896721,-1.4977707270127487
40.21536350509307,38.880207123487914,1.3351563816051595
66.56752444236261,65.0801581228703,1.4873663194923097
72.19038638685748,71.96026249991607,0.2301238869414135
56.46871906599846,63.18299636791389,-6.7142773019154305
46.470242784898495,45.26856177248112,1.2016810124173745
44.553018917511466,44.17952968921575,0.3734892282957176
26.053286276448112,25.747688652105452,0.3055976243426599
82.2871258076528,81.06904368797191,1.2180821196808864
53.70918134678507,53.56635722484652,0.14282412193855265
32.47699047698758,32.17037547888242,0.3066149981051609
6.63490155286033,11.426825840125275,-4.791924287264945
36.672689403315474,33.782394591094544,2.8902948122209295
18.86881591155656,16.60259232640321,2.266223585153348
-13.000091134281812,-14.784783045743396,1.784691911461584
61.022529513470865,61.79085355156268,-0.7683240380918122
14.398040622379892,17.240802088567747,-2.8427614661878557
62.02408243485888,54.73720126156943,7.286881173289451
73.12821007944771,68.66136019078499,4.466849888662722
56.38869223354899,57.910807792028876,-1.5221155584798893
51.12241545812817,46.80890728297096,4.31350817515721
56.20653650221193,58.015973944856135,-1.809437442644203
78.5856076047343,77.57583949968934,1.0097681050449694
46.17181946327651,42.83387929659703,3.3379401666794806
6.456593807880042,5.663605620266708,0.792988187613334
-5.4341372817194795,-8.29980203358204,2.8656647518625604
48.56210508558049,47.03270029547816,1.5294047901023333
38.5869101036064,38.6865959835572,-0.09968587995079758
34.35593081725095,39.485462993390485,-5.129532176139534
43.01324559904999,42.764680144723435,0.24856545432655253
55.20052041898155,55.41892907593072,-0.21840865694917255
74.28035330457868,76.36963236840677,-2.089279063828087
46.26979376165457,45.64838708525978,0.6214066763947912
81.44793797613195,83.14561475676484,-1.6976767806328894
35.094963815434944,30.934632206089134,4.1603316093458105
7.309112486253268,8.969750721118189,-1.660638234864921
51.07225576947366,45.55666487306011,5.515590896413549
49.625416790440696,46.73289628936003,2.892520501080668
36.16164155790554,36.30260445502002,-0.14096289711447696
22.878018684137633,21.89368578802825,0.9843328961093825
37.33841383436911,34.12071035808829,3.2177034762808248
-8.843591075325708,-11.470405231689142,2.6268141563634337
59.756335863791406,62.97894822012262,-3.2226123563312115
44.4400545989909,44.973757591294884,-0.5337029923039864
63.19236492467988,65.66308589771043,-2.470720973030552
69.21960145727114,66.1533713102023,3.0662301470688362
76.0280856950639,77.65408720501665,-1.6260015099527578
60.13138175291925,62.14841365723504,-2.017031904315786
58.49761683356591,56.57795785316166,1.9196589804042503
-18.246934422610117,-16.652352904904816,-1.5945815177053007
59.392218984567435,56.456376610209254,2.935842374358181
86.0283315197999,87.02613282978491,-0.9978013099850074
45.82880013968773,52.32269678723009,-6.493896647542364
26.18556226518295,25.692444842591755,0.49311742259119384
61.543665626276294,61.99251702077711,-0.4488513945008137
59.55163798805125,62.54595518792761,-2.994317199876363
50.655665364004015,49.3595427316909,1.2961226323131143
43.79606489745883,43.544874305618,0.2511905918408246
62.51820473126955,59.26133078620756,3.25687394506199
31.021369098622575,34.37134274552692,-3.349973646904342
65.84115590507037,63.44893932049526,2.3922165845751024
23.066713408405285,23.502929379163135,-0.4362159707578499
-14.610503320994791,-14.860514558427724,0.25001123743293263
25.973061273392425,24.992023137538396,0.9810381358540283
54.772552116526455,55.76371561661106,-0.9911635000846033
15.033077585621495,14.053899579871455,0.9791780057500397
44.62591319196471,48.73100128443245,-4.105088092467739
11.954856043826569,10.865455096104668,1.0894009477219004
88.3486919152997,83.11936651972866,5.229325395571038
51.16736249054459,47.796298817002125,3.3710636735424657
36.69983822086204,34.427687177618495,2.2721510432435466
56.60565013068204,56.11177251473686,0.49387761594517343
56.628990785040195,54.49117396642271,2.1378168186174875
52.3383459339332,50.56117467783619,1.7771712560970059
82.87927482270688,84.48078202636236,-1.601507203655487
50.796921314594805,47.95059112081144,2.8463301937833663
74.93995556993941,71.42104145930531,3.5189141106340998
52.35292708102453,55.33022063706143,-2.977293556036898
-7.896095653795353,-5.042762476696112,-2.853333177099241
46.94769318082199,45.095920508817315,1.851772672004678
17.021451044037555,16.474536688399667,0.5469143556378881
47.53831518980444,44.82271021131639,2.7156049784880523
47.82156841268233,51.548367386986236,-3.726798974303904
30.421659612248323,32.66974009170417,-2.2480804794558473
49.24544951040182,42.21365017096784,7.031799339433981
52.66927119639727,51.858540870861056,0.8107303255362126
30.843782838365655,29.01732042829262,1.8264624100730344
64.04739469251108,63.790067705329726,0.25732698718135083
56.72781648175432,56.17831929191447,0.5494971898398475
70.3003311050876,68.13455675134392,2.1657743537436716
48.633350883434936,52.56712282165035,-3.933771938215415
39.32919056047827,38.64077567057714,0.6884148899011251
50.46967037089118,51.82492074840415,-1.3552503775129736
60.693810620371444,57.26822261462027,3.425588005751173
48.691341153385046,50.681168120979144,-1.989826967594098
54.098102815454965,55.103551142445255,-1.0054483269902903
2.3947604107498868,2.60195629719054,-0.20719588644065334
75.80942494028147,75.48077233133401,0.32865260894746484
41.78761722009955,40.40394556108232,1.3836716590172315
72.26664906257623,72.56878161117166,-0.3021325485954236
26.189480285581794,27.611606000144462,-1.422125714562668
52.609959692421434,55.7662977325317,-3.1563380401102634
23.789806582562598,20.51813396201692,3.2716726205456794
19.85047641359911,18.19509000109879,1.6553864125003201
49.627312117091414,44.921336474334595,4.705975642756819
85.4269644441509,83.9264759292582,1.5004885148926945
56.58901030027093,56.12767123593672,0.46133906433421146
49.05983414205824,54.22207486837003,-5.162240726311786
40.40095088265931,37.33799823828352,3.062952644375791
38.60562628590724,39.58691529262668,-0.981289006719436
43.90900416386005,38.400279255406375,5.508724908453672
20.24907115529746,25.812318684777964,-5.563247529480503
37.587232639702854,40.31875387372426,-2.7315212340214075
77.088424169559,76.328886592397,0.759537577162007
14.132164312206088,15.262733585000262,-1.1305692727941743
-22.169327186851575,-18.392889327297937,-3.7764378595536385
43.779209817926684,47.61447445381758,-3.835264635890894
64.08230226948575,62.30282104453965,1.7794812249461032
40.85601094257573,43.1578258390863,-2.301814896510571
30.5467582343878,26.29051277220705,4.256245462180747
51.88578418253151,56.005133299292275,-4.119349116760766
38.017995284760765,40.045567399046924,-2.0275721142861585
9.483474026691953,9.910072216551427,-0.4265981898594742
52.78272701937306,54.913275970569465,-2.1305489511964026
49.09115114983022,54.1245616630564,-5.03341051322618
14.67163634994155,9.802989380326139,4.868646969615412
83.27208868929225,86.44427183713339,-3.172183147841139
-5.7181450872560164,-5.5607242668358055,-0.157420820420211
15.250668284126514,20.4915564425976,-5.240888158471085
73.94237103396986,74.1042155161203,-0.16184448215044256
37.52731492615449,33.068904954910536,4.458409971243952
34.3213291106109,35.443230151154694,-1.121901040543797
54.93438345862801,56.24365153290596,-1.309268074277945
58.635514367610654,56.33418367449381,2.301330693116846
3.863068911856149,4.189133475573456,-0.3260645637173072
54.26363393250688,50.18709673830242,4.076537194204455
-20.709111214167617,-22.47344322948723,1.7643320153196136
23.723125995953794,29.007772554076467,-5.284646558122674
21.304774457788056,19.561538400873815,1.7432360569142418
38.42513184617857,39.90533098952907,-1.4801991433504966
74.05093835755858,66.75647491991688,7.294463437641696
69.00232081673246,68.88082201210925,0.12149880462321505
44.800296331985614,38.408926362129094,6.39136996985652
9.277128460676725,12.670828350788014,-3.3936998901112894
48.51276340100665,49.61594265038878,-1.10317924938213
8.089334832697327,8.306731751978063,-0.2173969192807359
37.192437239118554,40.5814138790468,-3.388976639928245
22.514438548275976,21.91240491212757,0.6020336361484055
64.31292063332172,61.785562236024745,2.527358397296979
22.223632559875412,16.787568600323837,5.436063959551575
60.24625286816513,62.51536272924289,-2.2691098610777587
78.39903702310832,73.97438712815625,4.4246498949520685
49.25396291914415,45.85494564871432,3.3990172704298303
44.49673210200269,39.812177305132245,4.684554796870444
72.92667320971414,69.52860958518343,3.3980636245307068
50.203008791320464,48.557088423309565,1.6459203680108985
85.79591796613185,83.89428365019921,1.9016343159326397
28.425506818742672,26.36859149970374,2.056915319038932
7.915287069540354,8.09335868800757,-0.1780716184672153
12.669547510915839,12.557752165475137,0.11179534544070258
49.87005499918171,50.93727233073196,-1.0672173315502462
91.25150798698097,90.4686328383886,0.7828751485923675
60.97778884089815,58.455440542797284,2.522348298100866
47.5521648633348,50.780001363449585,-3.2278365001147833
44.09262819207805,45.450780998361296,-1.3581528062832433
78.202339605333,75.6010755578556,2.6012640474774003
15.210612234639164,17.18727391767922,-1.9766616830400565
48.87872483398107,48.499432809493044,0.37929202448802357
37.35991523835574,36.007253473522354,1.3526617648333854
34.90528453011432,37.96589517863263,-3.060610648518306
54.7252195366413,56.12315060226869,-1.3979310656273896
56.294320932667645,55.85865326104327,0.4356676716243726
6.443463107845987,3.6301183354106143,2.8133447724353724
21.72907444398851,19.873054419058022,1.856020024930487
63.16598156550835,62.6277847345032,0.5381968310051519
54.24525607836579,49.20511984688903,5.040136231476758
65.8140692662363,64.83281225704648,0.9812570091898181
60.74883716304218,64.70800650868327,-3.9591693456410866
75.92782054644464,77.35408730272401,-1.4262667562793752
62.79294364487423,62.92157884066362,-0.12863519578939275
51.7512382565908,52.98836278266885,-1.2371245260780483
44.7526256450521,45.57094747370185,-0.8183218286497507
76.46848039192881,73.27122229539734,3.1972580965314705
64.30446511733211,61.94520284143984,2.359262275892277
67.16073146528491,70.2452674525438,-3.0845359872588887
17.52896741988479,17.216703156992693,0.3122642628920964
54.57170803558563,59.537958065517,-4.966250029931373
59.40378521409279,58.76328321950123,0.6405019945915598
46.1952545221139,48.36363785887214,-2.1683833367582395
27.402038143236556,28.374363432557672,-0.9723252893211161
47.881557506056325,44.45283414101806,3.428723365038266
60.72258436136785,56.53395140983695,4.188632951530899
-5.380431155688183,-5.256483906774079,-0.1239472489141038
60.68797392265065,66.73929540945161,-6.0513214868009655
78.90836880792483,81.5381258424191,-2.6297570344942756
30.441985251129225,27.898499056397554,2.5434861947316705
32.23822363703859,26.701023662952295,5.537199974086292
-10.77302716630003,-9.181966805041569,-1.591060361258462
41.83107009056977,44.50628657491936,-2.6752164843495905
-6.727575585011556,-4.748093957068548,-1.9794816279430085
35.06617916547716,31.47556734577354,3.590611819703618
47.442692431215974,49.8425197174889,-2.3998272862729237
36.63051586387605,36.63444387560243,-0.003928011726380021
-22.135706057968136,-23.2991067474985,1.1634006895303628
50.318954524472,48.206083947083734,2.1128705773882643
66.94079893231329,69.76368294056186,-2.822884008248579
-13.986563180270803,-9.591064206174195,-4.395498974096608
-0.654744439774632,-0.7555754426216907,0.1008310028470587
39.70281235974757,40.502791047034165,-0.7999786872865968
57.51738924506112,56.920639267124464,0.5967499779366534
4.7769213093235505,8.354105971669938,-3.5771846623463874
31.00135435601768,28.674733206112478,2.3266211499052005
52.30056144214215,53.98128413011891,-1.6807226879767612
71.11391937264375,74.85862127126806,-3.7447018986243137
52.82164065269964,57.55917442904518,-4.737533776345536
76.01953009584774,73.7297979796456,2.2897321162021456
17.984181205146335,18.100542284726444,-0.1163610795801091
26.331917660705304,25.295377598864675,1.036540061840629
85.00060155696649,86.40243556738795,-1.4018340104214673
18.709522127158092,20.556652815955047,-1.8471306887969554
27.42580179706797,24.71385679051653,2.7119450065514386
1.182116573296291,1.6912541634018226,-0.5091375901055315
37.231355017069156,36.282015568236474,0.9493394488326814
49.179447536496234,49.9309100575931,-0.7514625210968688
32.061513174175424,32.331563597111455,-0.27005042293603054
56.28672378697383,56.86014230478943,-0.5734185178155968
38.87091786330893,34.34297630990325,4.527941553405682
48.958061069887385,49.928640518799874,-0.9705794489124884
33.18795518919328,33.69113410817262,-0.5031789189793372
34.545893308034685,36.36263685177242,-1.8167435437377364
84.13978330071424,81.79342560439116,2.346357696323082
40.351574721637114,42.504602512826764,-2.1530277911896505
-14.050996552560253,-13.091690703042133,-0.9593058495181204
30.76138489418857,34.43699557115481,-3.67561067696624
-2.3531921721391322,-7.469636128225275,5.116443956086143
40.96231408619007,40.4378163206354,0.5244977655546705
63.787578797774344,61.010174815911974,2.7774039818623706
59.479960650167584,55.346088312566174,4.13387233760141
2.971507874931728,5.522361755334103,-2.550853880402375
25.21945669918919,20.817632093126647,4.401824606062544
32.293799949514764,35.1524645780888,-2.858664628574033
82.67062112083306,80.8242080865859,1.8464130342471634
66.37243260286492,65.87179458205517,0.5006380208097454
49.784576083817306,52.24650889144348,-2.4619328076261766
65.64732796124956,64.35280312785866,1.294524833390895
48.37528821883282,48.057353165601384,0.31793505323143734
77.57549373168894,79.71116686044824,-2.135673128759308
34.583937295878805,38.12332179167946,-3.539384495800654
-16.671420642152,-19.798767063525617,3.127346421373616
49.87984868657803,52.266590133966766,-2.3867414473887365
50.433954060482485,56.002391598674215,-5.568437538191731
23.826289806664484,25.8692567313376,-2.0429669246731166
52.46845749252826,55.10635635204788,-2.6378988595196233
55.38309444523751,58.837366889757135,-3.4542724445196242
63.2123912838831,64.55617694566203,-1.3437856617789308
48.567304616638204,43.382303517702226,5.185001098935977
66.04505411081779,66.51598292520761,-0.47092881438982204
33.06292502173274,32.77605848675033,0.28686653498240844
60.97687786092844,58.44105329251813,2.5358245684103125
44.7515175047725,47.22254007349683,-2.4710225687243295
40.932567603317686,39.44278275811296,1.4897848452047242
-1.6491224212578244,-1.6628857375373514,0.013763316279526983
33.48056197281202,34.04195363390235,-0.5613916610903331
13.417764342637147,14.04000099314672,-0.6222366505095724
58.74520662798096,55.92094417984703,2.8242624481339362
22.392564755579844,21.545346426065223,0.8472183295146216
34.79340694855649,36.08103007554446,-1.2876231269879739
30.189160019721548,36.76551730162342,-6.5763572819018705
60.75224011988796,61.43148545014668,-0.6792453302587234
21.414487897534475,24.796977488063007,-3.3824895905285324
-30.607873467235333,-28.7808666337384,-1.8270068334969345
73.73321775808422,70.17572522735209,3.5574925307321337
18.388942664194104,21.321021844982667,-2.9320791807885627
47.16809131648365,45.27833382233479,1.88975749414886
41.38876474728971,44.89346787422023,-3.504703126930515
42.82501990954923,41.80347408749235,1.0215458220568863
40.5534730282423,45.460794102400996,-4.907321074158695
45.4256092498789,44.52512413535347,0.9004851145254307
82.67961589213809,84.12059529509276,-1.4409794029546674
22.11270464233683,24.248322317062517,-2.1356176747256868
29.1562758330371,24.59462135049479,4.561654482542309
71.39128052927538,72.20066364769075,-0.8093831184153686
40.9244735973518,39.714298728867064,1.210174868484735
56.30131569124707,57.14503807580203,-0.8437223845549582
14.486831981184952,12.3536296770789,2.133202304106053
36.602936219713484,35.1717865397665,1.4311496799469836
31.866328744410453,29.69681422104459,2.169514523365862
19.0441052646274,17.889188191742264,1.1549170728851372
54.29857367982667,55.709852608339446,-1.411278928512779
77.00016440674766,71.91107404403571,5.089090362711943
-24.267279965510106,-26.12858651673578,1.861306551225674
-23.182923163699126,-16.800578031662198,-6.382345132036928
34.241784169111355,33.776381454781884,0.4654027143294712
34.66461597368106,44.134262186003546,-9.469646212322488
81.16874055612597,78.72582428230152,2.4429162738244514
42.12809743418559,41.248268665402556,0.8798287687830353
49.230388905618405,42.70836990201336,6.522019003605045
45.09058057557595,44.9920522483951,0.09852832718085125
27.34691079055787,32.470949149381795,-5.124038358823924
34.95565310063207,33.97234056285265,0.983312537779419
52.1263323032948,53.94775246561586,-1.8214201623210542
52.81976251595232,49.88381352273777,2.935948993214552
53.50866972053906,56.39848991733287,-2.8898201967938064
-2.123660616079642,1.1528920345684668,-3.276552650648109
88.8529319309826,86.38345784082094,2.4694740901616683
61.28659193568038,65.74600596910082,-4.459414033420444
59.99868543975283,57.96552691515797,2.0331585245948602
30.406685506753536,31.158157555379162,-0.7514720486256259
63.43297051186945,61.79347874366152,1.6394917682079324
26.68773734988914,27.910700037760904,-1.2229626878717639
-18.748496238403206,-16.1773468828476,-2.5711493555556046
54.56305006582863,52.065893709137676,2.497156356690951
37.91255199197144,36.14329971775413,1.7692522742173082
51.58840576831103,57.92379598758736,-6.335390219276334
51.186320378517216,49.58394907200856,1.6023713065086582
36.04476015788644,35.08059930388613,0.9641608540003048
4.12873961154142,0.9179944621159422,3.2107451494254775
78.98384368896821,78.38455573619271,0.599287952775498
-31.944888243379374,-27.74047638679285,-4.204411856586525
-5.606436100291816,-0.8469592440070528,-4.759476856284763
82.87443569352506,79.52649397368259,3.347941719842467
16.23453275173577,14.52197673843365,1.7125560133021196
-15.250218167482606,-12.176706395260098,-3.073511772222508
47.87319238473753,50.361281642552385,-2.488089257814856
53.11365613840875,52.28653968057468,0.8271164578340731
70.39251086768775,72.83178095101641,-2.4392700833286654
43.6473873838342,44.0237731103428,-0.3763857265086017
30.05861439806909,31.385721316646794,-1.3271069185777051
79.52543422421053,77.6483521957195,1.8770820284910315
49.19993884025712,47.83281074512913,1.3671280951279883
30.27117887691796,28.040140400045857,2.2310384768721043
55.87085334555324,50.41958507627811,5.451268269275133
59.3450890556228,58.00075550891041,1.3443335467123916
37.0312466393425,39.418786952486734,-2.3875403131442354
49.39808564003153,51.595624328310166,-2.197538688278634
19.085298325001546,19.143704949604015,-0.05840662460246904
35.63532519913423,37.08529927869925,-1.449974079565024
46.14722478840819,42.96665811941686,3.1805666689913252
55.66204520104944,58.84948437383595,-3.1874391727865117
-12.820577711486683,-15.498930959749117,2.678353248262434
33.55334665295943,31.73125186470186,1.8220947882575729
89.2513703836434,88.97278609984761,0.27858428379579436
-0.3897387800795071,-0.28558670768632055,-0.10415207239318652
75.0710330138334,81.0880474715357,-6.017014457702302
71.17859762193294,66.52997045367479,4.648627168258145
49.94133940644654,47.09596354054152,2.8453758659050195
-0.0497895511180082,-1.2120297432652052,1.162240192147197
68.29278342610996,62.769374777308954,5.523408648801009
22.50352374056293,23.09065227894142,-0.5871285383784901
19.28856233745257,19.39694140367648,-0.10837906622390747
21.859421776451608,23.032214076743685,-1.1727923002920768
3.868947813725809,-2.4308885756775993,6.299836389403408
21.064932131420623,18.19235774986454,2.872574381556081
40.76333427815733,43.78155965505797,-3.018225376900638
57.492158456915675,57.40983927637471,0.08231918054096354
34.40505409330012,33.231754180872386,1.173299912427737
-17.789326659301317,-10.841842889608941,-6.947483769692376
31.551601188363488,33.070809462834845,-1.5192082744713566
42.24704627812911,41.54489988152059,0.7021463966085193
39.48744116369573,43.24633105742273,-3.7588898937270017
63.42234720857495,62.190015966323315,1.2323312422516324
32.80697271797346,30.285039171134386,2.5219335468390724
34.078012396534156,30.21954982423145,3.858462572302706
51.11443336958031,51.904763134768274,-0.7903297651879626
-12.454125861710825,-11.904566614837904,-0.5495592468729207
38.70592904047592,38.394824965375825,0.3111040751000971
19.08869537463784,19.800424606742553,-0.7117292321047124
53.13470848339764,52.45935529533518,0.6753531880624593
42.17976920374621,40.7598724236805,1.419896780065713
66.03727325368749,66.63279076463832,-0.5955175109508275
46.14599902054893,47.95827466393268,-1.8122756433837495
76.62756136710945,78.46331923241326,-1.8357578653038047
49.752847593316986,52.57872636048606,-2.8258787671690726
46.44016326081508,47.726930789029595,-1.2867675282145115
65.98357465073342,64.29295963248325,1.6906150182501705
38.00708301756206,38.32550333197729,-0.3184203144152278
40.57393887685752,38.50167450175943,2.0722643750980865
61.10050471221524,61.880411046786534,-0.7799063345712938
72.03609685828327,77.52145752970554,-5.485360671422271
58.34562160125477,57.56271972184942,0.782901879405351
58.93833951811388,60.231981290266695,-1.2936417721528173
15.063317123619493,18.849128777457366,-3.7858116538378734
20.510566525441895,19.8857648268297,0.6248016986121954
4.201318506806642,1.482074981968978,2.7192435248376636
39.61786160330829,38.26481450998935,1.353047093318942
61.74850531933496,55.63338418983887,6.115121129496089
74.82019787949662,73.19981382945751,1.6203840500391067
30.924737226717244,31.81755898291813,-0.8928217562008847
46.11046374341586,47.56697366061264,-1.456509917196776
13.550774087293298,14.612713451071116,-1.0619393637778174
46.873325659942815,43.444727580559025,3.4285980793837894
-17.28281265683102,-18.60908134800721,1.326268691176189
45.199699844012045,47.07763146038996,-1.8779316163779143
73.96738884894064,73.84887772638473,0.11851112255591545
28.413776859753682,25.546129627906893,2.8676472318467887
19.42242364127165,17.026836107424003,2.395587533847646
56.379953742603234,58.47468382078148,-2.0947300781782445
33.69396747096284,33.156952974766014,0.5370144961968251
44.682848780010474,40.737061537555704,3.94578724245477
9.683302428632034,8.425900316180346,1.2574021124516879
47.3315417258572,48.81566938902027,-1.484127663163072
54.78406519430841,52.45993375919544,2.3241314351129745
-24.810228157694265,-17.051551699174738,-7.758676458519528
79.04848614310922,77.46897457436084,1.579511568748373
47.72981047290379,47.32965772611048,0.40015274679331014
62.96077060661757,62.533960201587185,0.4268104050303876
63.44910536571827,60.79630580176866,2.652799563949607
33.10967145514829,40.99831843874184,-7.888646983593553
48.94625216209673,47.4398350600855,1.506417102011227
-18.877935492966703,-13.838953640049525,-5.038981852917178
78.78155177073273,77.99101132388678,0.7905404468459523
39.29946394085525,36.986821199341705,2.3126427415135424
2.17873956642058,-0.069176635485249,2.247916201905829
47.420693705762936,46.24721158309089,1.1734821226720484
45.43973961095767,42.03917559803951,3.40056401291816
49.840556155745865,56.705977828939126,-6.865421673193261
55.312362119153356,56.635596926286944,-1.3232348071335878
65.59991461020124,68.52191754839899,-2.9220029381977497
71.09334516118977,69.87263187930965,1.2207132818801227
37.96659896627153,38.83443035664119,-0.8678313903696591
66.36607980863728,63.884847803386016,2.4812320052512646
49.379469380959975,53.011429404530986,-3.631960023571011
27.944028640881164,27.708665954377608,0.23536268650355652
48.143497085783466,50.572771860542844,-2.429274774759378
50.76362415055791,51.668056768608544,-0.9044326180506346
-6.001541474640746,-2.171816748436015,-3.8297247262047307
27.96226094435293,24.422524288341933,3.539736656010998
75.60799793777578,75.1285851186523,0.4794128191234819
70.84372937966934,71.83950248093751,-0.9957731012681705
32.77430539505497,34.9841597495963,-2.209854354541335
60.01333151968022,58.6280950382091,1.385236481471118
24.173732184942267,22.629701031909207,1.5440311530330604
56.28841028723396,52.359481664214854,3.928928623019104
42.977764378338634,43.29307783978129,-0.31531346144265626
47.66604092039427,49.704849196980874,-2.0388082765866002
33.37237267152876,37.8359781748872,-4.463605503358444
-11.309356818852175,-10.171334115293348,-1.1380227035588266
73.20431072232654,75.50440103337783,-2.3000903110512922
62.279322746516264,65.20965416236719,-2.9303314158509224
25.4052809372758,19.277437959276995,6.127842977998807
55.167661044561065,57.959933728544165,-2.7922726839831
54.71109062223504,56.81902236016192,-2.107931737926876
23.025478227834636,23.36217237002751,-0.3366941421928722
82.11203117235156,87.5224680267487,-5.410436854397133
14.65118547143888,15.554264223554,-0.9030787521151193
38.40997008630548,40.33959391031731,-1.9296238240118342
37.598932441348666,30.969557878656232,6.629374562692433
69.28712821830766,63.183613023326025,6.103515194981632
-0.37905294266658984,4.193998707315956,-4.5730516499825455
64.2657870338883,63.88866443467376,0.3771225992145446
76.8752144673637,74.24544032097069,2.629774146393018
56.992146601547006,60.213498277268855,-3.2213516757218486
9.853775499627302,5.321404351815062,4.53237114781224
50.828037782768945,51.689894061862546,-0.8618562790936011
66.8823843913948,59.68843117785366,7.1939532135411355
65.09562074764008,63.37320965653423,1.7224110911058546
56.449827785296115,58.27249762826532,-1.822669842969205
42.972222376044414,42.700879417627014,0.2713429584173994
55.109494994197384,54.447331811215996,0.6621631829813879
27.878266510465284,26.052001761521183,1.8262647489441015
68.1539716821653,70.13547453945077,-1.981502857285463
19.270788615936908,22.84084121593716,-3.5700526000002526
34.33130359007457,35.65593363215669,-1.32463004208212
-12.571432815683611,-15.173399435118199,2.601966619434588
46.012765561356076,45.21078604655362,0.8019795148024542
39.87161185212865,40.89206800256902,-1.020456150440367
19.029986198405467,17.967343040710333,1.0626431576951347
59.53741928804669,58.80403300098765,0.7333862870590409
33.04705958682354,30.072214608970285,2.974844977853259
80.07143476269658,81.39645447097789,-1.325019708281303
24.04248945997117,23.524888987312508,0.5176004726586605
8.650801419379038,8.40936958892189,0.241431830457147
29.89557666418377,31.32505840577764,-1.429481741593868
72.1688039041625,65.37751944513874,6.791284459023757
90.03483267140385,88.27243898181041,1.7623936895934378
38.83104948656192,37.43970435457344,1.39134513198848
29.00328394336905,25.258281839911476,3.7450021034575727
56.00604421649284,54.8426854522917,1.163358764201142
-17.443068614251395,-16.61868576903548,-0.824382845215915
25.418072282592583,25.8655179220236,-0.4474456394310167
67.75558568236997,66.79958553159175,0.9560001507782232
52.01679808468163,54.88909927195902,-2.8723011872773867
34.600169941496496,31.029091034154135,3.571078907342361
64.59548192881202,63.87603168610782,0.7194502427041982
51.256127214033825,44.8870572550578,6.369069958976027
56.937194926000764,60.14231725888496,-3.2051223328841942
66.47551069087837,63.93572102126072,2.5397896696176474
44.85305208073768,46.85407123390945,-2.001019153171768
71.44454562720988,75.29946089110922,-3.8549152638993434
52.40984873858627,56.65598920620013,-4.246140467613863
70.7799817118431,71.923396573151,-1.143414861307889
50.98367769549181,51.98662156238284,-1.0029438668910302
-4.296775921186381,-1.9970187385144698,-2.299757182671911
38.25634589704884,34.416943476173586,3.8394024208752526
-7.225463497822039,-6.208618018344779,-1.0168454794772597
66.70856846789835,68.76761037696163,-2.059041909063282
27.117010963480716,24.08632541622461,3.0306855472561054
30.765077842990912,32.116952659715594,-1.3518748167246812
-22.350818761014683,-20.838110205190077,-1.5127085558246058
-10.901876637901788,-13.727265643183827,2.825389005282039
10.134903644053805,7.76673949783833,2.3681641462154754
43.20263309384221,48.973817754472734,-5.771184660630524
35.37200691374209,32.513139262972544,2.8588676507695467
58.654718135967684,54.84559829618044,3.8091198397872432
64.82831863285112,65.74630699103537,-0.9179883581842461
75.75484115495559,72.29528067638967,3.459560478565919
-5.011521234449701,-0.9117696892546832,-4.0997515451950175
-18.168296719749524,-17.86193931043337,-0.30635740931615274
55.06651929903225,53.24739571135971,1.819123587672543
65.87600247985817,72.66284632279604,-6.78684384293787
15.948683952080309,11.879930936521603,4.0687530155587055
10.497140668825853,9.82888649029583,0.6682541785300238
86.23222570362256,87.28500172827766,-1.0527760246551026
47.4564575949876,47.39914652487251,0.05731107011508385
71.6186063767502,70.50164857131057,1.1169578054396254
-15.2546543447515,-15.662178073942258,0.40752372919075697
73.45582763419473,75.5009675816124,-2.045139947417667
54.500344693993874,55.55216725069766,-1.051822556703783
63.43466205164367,54.7707143483675,8.663947703276172
8.607470859677045,7.3172850919224,1.2901857677546449
-22.675356118888935,-22.0882054308902,-0.5871506879987365
65.75491815032376,62.46470440024078,3.290213750082984
-0.9925495869188725,-3.5919174592107623,2.59936787229189
73.72135593920669,72.15020298652786,1.5711529526788297
-14.733783472996137,-13.495835984155875,-1.2379474888402626
46.747359469605975,48.41218056318746,-1.6648210935814873
19.60375833144328,19.194180232820543,0.4095780986227382
62.20091391004059,54.72117967212942,7.479734237911167
44.536034492873284,36.74880222948444,7.7872322633888444
4.374762245786993,3.7526964264596074,0.6220658193273856
68.88233987597371,73.31786633317452,-4.435526457200808
62.37614760332528,57.068715295369344,5.307432307955935
41.18727523608043,43.44780583918349,-2.2605306031030565
59.175277453482046,54.25171902940261,4.923558424079438
67.22291109734851,69.03320719812842,-1.810296100779908
72.49206310640825,70.65090581888813,1.8411572875201188
-0.5095942386952506,-2.251185655507271,1.7415914168120206
-15.899684005423117,-19.259918187623356,3.360234182200239
75.18234431550444,75.75623028550102,-0.5738859699965815
75.0209725854124,78.1551909393583,-3.1342183539459114
79.99442594324199,79.29708083495085,0.6973451082911453
-13.215214968284531,-6.833723215123754,-6.381491753160777
73.578495733809,70.69884152097772,2.8796542128312836
4.106960185794247,6.290068718505211,-2.183108532710964
16.28475334990081,18.528585902938858,-2.2438325530380467
6.068053197448723,6.788619486943404,-0.7205662894946805
7.73334596822312,6.398405371393906,1.334940596829214
51.576726851689315,50.96242100038867,0.6143058513006423
-12.838662202425597,-7.004772341196286,-5.833889861229311
26.66805604913522,25.92096539767948,0.7470906514557392
53.7140660960095,56.24916966962115,-2.53510357361165
-26.64403350765703,-24.64929518662204,-1.9947383210349905
50.74350303336859,53.12636640440037,-2.3828633710317817
41.59798028761153,38.40274707832651,3.195233209285014
70.21227779600241,72.01306092326284,-1.8007831272604307
69.9769337252153,64.18074500457581,5.796188720639492
73.6934869258971,78.23666996805412,-4.543183042157011
96.74282617801617,99.05047516808398,-2.307648990067804
14.646114731343651,15.375643524111098,-0.7295287927674465
-11.021621581148924,-15.855710058662467,4.834088477513543
62.096397013541015,68.81315510352515,-6.716758089984133
23.380664939567154,25.32510769108285,-1.9444427515156946
-3.4491223405108933,0.7977542655388135,-4.246876606049707
29.839018089183707,31.686885882799515,-1.8478677936158086
41.98155365551993,44.175671457568846,-2.1941178020489147
-6.424022997914061,-12.151935093614057,5.727912095699996
47.13870028133194,46.68279989111113,0.45590039022081186
65.29128644886643,64.54362476754677,0.7476616813196557
45.79027070698551,46.16342925728081,-0.373158550295301
40.32459557875056,45.94219243343119,-5.617596854680627
-7.55847394516589,-9.629461071972202,2.070987126806312
-4.6946282239850134,-6.43391866787691,1.7392904438918961
61.4248519167259,59.44089217048525,1.9839597462406502
50.76477955068558,50.40121900807573,0.3635605426098536
53.44384766953212,55.87425564757527,-2.4304079780431493
24.02533634539222,19.859318620585356,4.1660177248068635
6.6026533255225255,9.557178434846492,-2.954525109323966
41.87584598221645,41.76119933939018,0.11464664282626558
83.27008969686909,73.5687703973057,9.701319299563394
77.04172418459886,78.35768935166934,-1.3159651670704733
56.510409287086084,53.94966639834798,2.5607428887381047
46.59452356820832,50.63971781721399,-4.045194249005675
65.5508773888286,71.60478395515648,-6.053906566327882
35.48449214438611,34.93143495829172,0.5530571860943923
46.07243758534848,46.42183255276396,-0.3493949674154777
65.71920965393248,66.74880944089672,-1.0295997869642406
70.17424120729301,70.20802660460538,-0.0337853973123714
85.57805462031361,85.63914179936859,-0.0610871790549794
42.83580132759547,43.29686536728388,-0.46106403968840937
61.87828446272283,63.44383421677815,-1.5655497540553185
84.61064588713018,88.31047053474539,-3.699824647615216
10.772383153566736,10.545834485674078,0.22654866789265782
68.39766320941906,69.42960866000769,-1.0319454505886227
26.797791727950585,29.982696670695518,-3.1849049427449323
8.805039009646524,8.14202391808746,0.663015091559064
59.778175516921394,61.57545277770928,-1.7972772607878866
43.5098353391575,47.934034219632196,-4.424198880474698
86.24422123409721,88.00093420726263,-1.7567129731654205
-18.093366667591795,-20.079770927121245,1.9864042595294507
48.458753147277946,49.89088462200094,-1.4321314747229934
23.632376153236454,23.70784071938843,-0.07546456615197528
38.584484407823794,48.32611809600661,-9.741633688182816
41.49823221942717,43.7803878951408,-2.282155675713625
51.19119489150219,49.97988503296575,1.2113098585364455
-7.375749661896734,-8.912387476714315,1.5366378148175812
59.28203692611748,59.468219689235596,-0.18618276311811854
23.174805719877455,27.826286346407315,-4.65148062652986
51.599564446873096,53.0549679741286,-1.4554035272555055
63.49662283340392,63.51575469040284,-0.01913185699891784
26.76992140229317,25.958959730179345,0.8109616721138266
38.64779479639699,40.01482846918693,-1.367033672789944
26.931430387472616,27.650678063718757,-0.719247676246141
60.20034388182037,59.4870991387896,0.7132447430307707
37.51076040184821,40.65551979183757,-3.1447593899893604
-0.5088539959189187,-2.5848471066412912,2.0759931107223726
54.34518535823706,60.868485835645046,-6.523300477407986
12.148546849440475,9.895982189586391,2.252564659854084
71.08148198106011,73.59636340421814,-2.5148814231580303
46.08929526589062,49.600798536408334,-3.5115032705177143
24.27130326214101,25.05426938483859,-0.7829661226975801
60.712112095257815,65.51576554679883,-4.803653451541017
40.63666823438136,38.964445768123866,1.6722224662574945
55.28786557893385,53.77495407336613,1.5129115055677147
65.52520848754743,62.64294464991048,2.8822638376369483
80.98533825251263,82.37091278328481,-1.3855745307721747
57.99828742986342,54.77295489886505,3.225332530998365
50.54981356736138,51.30867567339534,-0.7588621060339591
62.135431887218694,63.14048833945822,-1.005056452239529
36.66170743475505,32.25883021186635,4.402877222888698
-9.047236962140383,-9.345457732348422,0.2982207702080384
36.116120161307705,33.64899759676872,2.4671225645389825
-17.774508824599238,-14.880365553656006,-2.894143270943232
24.908145829026058,30.086505184293614,-5.178359355267556
71.6592491651528,71.1938770570725,0.4653721080803024
79.4695860977166,81.75657940200581,-2.2869933042892114
54.894088352554924,52.39127020185015,2.502818150704776
-7.016370785329299,-6.828252780926135,-0.1881180044031634
75.91910181483681,79.37376757071024,-3.4546657558734353
62.883633833491984,58.54642140151357,4.337212431978415
32.436004929276024,32.285860291476254,0.1501446377997695
5.04973588636565,4.662857595789333,0.38687829057631706
77.19975933125836,76.1971687669633,1.0025905642950619
52.65151163222176,55.74990449510487,-3.0983928628831094
-25.01486216649875,-20.7203652418673,-4.294496924631453
40.61820270790461,45.54945966990723,-4.931256962002621
43.49856230678335,47.92007148409896,-4.421509177315613
50.10082861760228,48.90109244772743,1.1997361698748534
56.028185415084266,55.64387444954189,0.384310965542376
77.18356373967467,79.89346003572872,-2.7098962960540547
66.27502227582488,66.8445301712154,-0.5695078953905153
4.045112461646227,3.1721892036676707,0.872923257978556
51.661048778675784,48.50740420867705,3.1536445699987325
33.016658246750836,33.330399936218924,-0.3137416894680882
51.80495177183593,56.291575628105036,-4.486623856269105
-16.72445965138999,-17.73057327208697,1.0061136206969827
24.81129258437475,25.05711391741896,-0.2458213330442085
43.26632457633821,41.598285610911326,1.6680389654268808
42.10468105692907,42.45019504744953,-0.34551399052046605
57.3996772486702,54.19490487625807,3.2047723724121298
56.53766154655003,54.39588260344597,2.1417789431040575
58.55578663062178,53.814833259549445,4.740953371072337
47.85571373752006,42.61237615496063,5.243337582559434
36.45409208999177,34.46257868842592,1.9915134015658467
71.03082966046294,74.32257938027297,-3.291749719810028
70.68847753194974,72.9677648621101,-2.279287330160358
31.279632204409673,31.985670709009,-0.7060385045993272
37.06420925719806,38.58575785617019,-1.5215485989721316
67.70703422130244,70.17191211229112,-2.4648778909886886
64.61186534969126,66.7465470414703,-2.1346816917790363
58.297173616647406,63.485397483780766,-5.18822386713336
18.809338717245126,23.541433194494047,-4.732094477248921
69.9014288147091,66.90973220470264,2.9916966100064712
66.52928660979467,68.66528413850041,-2.1359975287057438
44.43002545726843,45.72684538720657,-1.2968199299381453
-3.5728045025004107,0.8557113239144627,-4.428515826414873
57.854945696039145,57.06180138901493,0.7931443070242139
57.61307744634226,64.3572339158912,-6.74415646954894
0.84799983352793,-5.27404423494886,6.12204406847679
80.57987879386448,74.96524163996723,5.614637153897249
72.12431271019855,75.23606197898275,-3.1117492687841946
23.418809440888705,26.17183359792726,-2.7530241570385563
68.01811621204143,65.73351660596833,2.284599606073101
80.50384639351627,78.12953032823722,2.3743160652790465
5.4710853533569175,3.044621825357808,2.4264635279991094
-1.6070914870060165,-3.9916019294151965,2.38451044240918
40.61205058076637,41.25808385607454,-0.6460332753081701
65.80643128681294,66.07092933904771,-0.26449805223477085
62.88338237746736,58.994853047143735,3.888529330323628
0.2402115489182226,-0.2997646727142751,0.5399762216324977
24.381035310372276,26.1658188346686,-1.7847835242963228
57.351580160779946,55.63809676540078,1.7134833953791642
39.93768846921862,39.96875025666241,-0.031061787443789513
3.63046428628357,-0.006628074908661574,3.6370923611922317
78.13535835148937,76.6846119582265,1.4507463932628752
84.05552209276914,88.45931157577473,-4.403789483005596
54.120355781625655,55.97420185186739,-1.8538460702417368
69.41524272452352,64.0721698703894,5.343072854134121
61.12224463521543,60.46130484292155,0.6609397922938811
-7.9061150767411785,-13.780524514857646,5.8744094381164675
57.40177431348051,56.09096687776791,1.3108074357125972
47.69647318212144,51.32060109998778,-3.624127917866346
22.864988503599857,23.66618462892221,-0.8011961253223525
4.792410860256097,7.501618841266762,-2.709207981010665
64.02917459123692,69.18997130036824,-5.1607967091313185
15.773403165768467,14.731082601804872,1.042320563963596
51.580976604782826,50.03157367021618,1.5494029345666434
41.14339576053393,36.39842615373718,4.744969606796751
41.957539416804,44.57909796091196,-2.6215585441079554
77.01401074127469,67.53874750374808,9.475263237526605
85.32818540925705,86.32192079335579,-0.9937353840987413
-8.777847846430177,-9.062022744833698,0.2841748984035206
-9.026082813411426,-9.085443041267894,0.05936022785646777
60.800898016281266,59.659862111637935,1.1410359046433314
61.32192925009921,59.339871992262815,1.982057257836395
66.98154886148339,60.866114640275796,6.115434221207593
47.82324989561758,48.121602623148576,-0.29835272753099673
22.86984610763982,25.84187378468863,-2.9720276770488105
42.24000269815591,45.26226669757277,-3.0222639994168574
65.47579033739649,64.9733576987963,0.5024326386001832
33.54470027874953,31.502515585978117,2.0421846927714142
54.3488500870736,54.683997074855114,-0.3351469877815134
69.94313004608019,69.4469257972465,0.49620424883369196
63.162089604862295,67.48962522828901,-4.327535623426719
48.6748447057778,52.29028821678254,-3.6154435110047416
25.275867220540384,20.281082204602583,4.994785015937801
20.599765563159373,16.55689542367206,4.042870139487313
60.66184769791754,62.303452653332826,-1.6416049554152892
72.85029100739003,71.69468175268545,1.1556092547045722
66.5258070265926,61.80842488881634,4.717382137776262
20.460676686495354,18.399525489145475,2.0611511973498793
66.25831048139416,66.85221490438461,-0.5939044229904482
62.9289133710738,67.55430053509792,-4.625387164024126
74.49576653678248,69.42363516158196,5.072131375200527
53.84254474660435,52.37882256000616,1.46372218659819
32.62659212972994,31.48957914387026,1.137012985859684
23.466136254871472,27.120337628756147,-3.654201373884675
61.29248580960234,64.99191423742305,-3.699428427820706
26.05061244276626,24.20594732849564,1.8446651142706187
81.85255834232173,84.09437610859513,-2.2418177662733996
38.56356008808531,43.00186627974809,-4.438306191662782
61.48029304996584,64.36522335365204,-2.884930303686204
80.26527509815146,81.6376782762369,-1.3724031780854347
70.87475091172163,66.8104988573241,4.064252054397528
67.63939370319426,68.53596045993223,-0.8965667567379683
53.70736512686228,52.45735284043563,1.2500122864266459
73.53704558074956,74.82643265287084,-1.2893870721212721
70.32516082116922,67.8311332281863,2.494027592982917
-17.330706520979312,-18.237568498544505,0.9068619775651925
62.704584142172685,59.1685802606052,3.5360038815674883
69.96496760953117,68.5614819573429,1.403485652188266
45.86744870140219,44.7970117599562,1.0704369414459904
60.52542515627657,62.563706298519,-2.0382811422424325
72.49382166539104,74.27374094320467,-1.779919277813633
79.32502722314398,77.6679745136916,1.6570527094523726
59.83258825343375,54.79608855619054,5.036499697243208
85.01422547170432,82.22611599490949,2.78810947679483
52.284786904653004,58.7336071242973,-6.448820219644297
-2.979093093959409,-6.100610841534646,3.121517747575237
27.811556632021965,28.0552678664627,-0.24371123444073461
62.00525106184692,64.5818836451537,-2.5766325833067754
76.11773215693778,78.51883217786745,-2.4011000209296753
71.84548918553632,71.35365748730415,0.49183169823217554
11.281245086826093,13.482234426738117,-2.2009893399120237
53.755076595843775,58.31231252167589,-4.557235925832117
50.152088988111785,51.10386294790464,-0.9517739597928525
42.5952173661221,43.83452462714854,-1.2393072610264397
43.608344070364296,42.70211850135242,0.9062255690118732
51.06581268113216,47.558597734275324,3.507214946856834
52.833518094180306,54.81571324305498,-1.9821951488746734
78.05433428473356,80.51717351621244,-2.462839231478881
77.74785571774876,75.48852989773377,2.2593258200149933
26.23805217491023,30.901464140148434,-4.663411965238204
13.595285963614806,11.959464845192073,1.635821118422733
55.38191921587475,56.49667353262305,-1.1147543167482965
7.41211287926603,10.028601059746975,-2.6164881804809452
45.22944704600883,42.857532760934845,2.3719142850739843
23.08285586570056,22.675528640715058,0.4073272249855009
49.5496822329846,53.276087125014804,-3.726404892030203
4.373299601282199,2.488048533330172,1.8852510679520273
40.6515430867866,45.61451882235179,-4.962975735565188
-18.485312848967403,-16.734258268853168,-1.7510545801142356
71.06091192526,71.54289299354464,-0.4819810682846395
65.20306606553667,62.99233727780693,2.2107287877297424
12.864501870405656,12.555463439794678,0.30903843061097724
52.396704154239394,50.255620712032254,2.1410834422071403
-5.764377386115339,-4.080660384380479,-1.68371700173486
54.98847403705821,56.8755439863683,-1.8870699493100886
-2.6072972704831656,-7.3779317022546,4.770634431771434
51.4428251895146,50.420026464224954,1.0227987252896469
65.23704318896209,69.43228331858008,-4.195240129617986
70.6243833406724,62.81306686897514,7.811316471697253
-4.105175712841189,-3.8344043652124356,-0.2707713476287532
82.4871829029899,77.17853470110245,5.308648201887451
36.075427320200184,38.13761557072567,-2.0621882505254874
43.804511359922074,43.64524439625094,0.15926696367113635
2.0481135718443264,2.509886865036222,-0.46177329319189564
44.877774386152375,49.7129902520952,-4.835215865942828
14.866207608488107,15.640597673887726,-0.7743900653996185
23.986454112193897,22.0754739361185,1.9109801760753982
63.004775268392464,63.47338383191165,-0.468608563519183
73.86918096702587,70.43478300980672,3.434397957219147
64.42120918688289,63.476713064415286,0.944496122467605
39.12911728237842,41.60416801266662,-2.4750507302882028
28.85676944562847,29.307931468035264,-0.4511620224067947
32.096963791228525,39.53690699888923,-7.439943207660704
26.42127499439035,28.629294995867625,-2.208020001477273
61.584481257830184,62.05271001339002,-0.468228755559835
-6.775442829509795,-10.304773245534022,3.5293304160242274
41.225159322746066,40.76328528360425,0.46187403914181857
42.61796699310019,47.2246859546256,-4.606718961525409
-9.423851141449937,-6.536876696820713,-2.8869744446292245
72.79458148577632,73.28146631847434,-0.4868848326980242
45.078063683068365,47.53897930697134,-2.4609156239029772
57.947694770755035,61.137231325281036,-3.1895365545260006
-22.49275905994345,-20.175646687403656,-2.3171123725397926
56.66397074164671,53.844908213438195,2.819062528208512
18.786171833508686,19.060975201583247,-0.2748033680745614
45.06911699118999,45.42777860002455,-0.35866160883455933
24.704007119030432,23.02941348720512,1.6745936318253136
45.24483064457094,49.33318652744585,-4.088355882874907
75.76276692734936,71.510373050709,4.252393876640355
43.13007392422182,38.158345360060586,4.971728564161232
85.89021448543815,83.57983257226985,2.3103819131682997
18.83182439730745,17.144264515070617,1.6875598822368332
50.86787958049128,52.81272451702624,-1.9448449365349632
77.84364105555319,77.30339026869548,0.5402507868577118
86.61734795029665,84.86949156406064,1.747856386236009
72.00767317076377,65.25536670455301,6.752306466210754
47.103088863094804,47.40281551763643,-0.2997266545416224
43.893664176148,47.526833645578655,-3.633169469430655
-2.950288679481704,0.3468748774036641,-3.297163556885368
29.97611255401415,37.102225692952516,-7.126113138938365
41.22498229728513,40.38069371033541,0.8442885869497232
-2.0574947812881916,-0.5236941269086799,-1.5338006543795117
54.75811490970653,48.370374277724096,6.387740631982432
38.9237624467942,35.21717176843363,3.7065906783605698
47.90264897180061,47.47307632734153,0.4295726444590784
3.4531957636809443,4.680494276815551,-1.227298513134607
49.90792065065666,49.73849262922812,0.16942802142854418
31.696977907220507,32.5671714398721,-0.8701935326515908
-19.569634661269124,-18.732170257974587,-0.8374644032945362
62.262765984724524,61.21389847098837,1.0488675137361554
44.79522035199638,47.11181611504312,-2.3165957630467418
31.69276170219485,30.410896207449625,1.281865494745226
60.36036408736535,56.80538791736456,3.554976170000785
55.95703163017943,61.97789180075279,-6.020860170573364
68.54244970279932,66.53201734850495,2.010432354294366
45.77621491457044,43.856555189379016,1.9196597251914227
79.82098655926487,79.87767205327401,-0.05668549400914458
18.89967585641861,24.95085105450218,-6.05117519808357
32.77901762589444,30.42263232015597,2.3563853057384705
40.95587030810261,40.97870608603542,-0.022835777932812107
27.709523873382395,31.92798935108877,-4.218465477706374
57.97607204018146,54.44303594299648,3.5330360971849757
77.54018617954891,79.95009986232228,-2.4099136827733645
19.43525823368237,25.31188047106754,-5.87662223738517
31.175920579636006,31.934168963567842,-0.7582483839318357
-1.7509030407868786,-0.9318761460777125,-0.8190268947091661
38.83107213776777,37.56967200319141,1.2614001345763626
58.0487139843699,54.72351759121026,3.3251963931596364
28.999108602882764,31.084622937320546,-2.0855143344377822
52.315591310759224,54.40499240883674,-2.0894010980775164
53.82734708436954,55.46098744300264,-1.6336403586330945
59.1309536689184,60.50604805834347,-1.3750943894250653
76.79051047007658,75.45035401336764,1.3401564567089395
9.953774564831196,5.325176954992216,4.62859760983898
15.949124647498735,14.452008149575079,1.4971164979236562
72.84946276846074,74.18932419499355,-1.3398614265328064
68.30674079917405,71.54938952028567,-3.242648721111621
73.54867365338342,77.43260223669182,-3.8839285833084034
52.22160740112312,52.3460316801756,-0.12442427905247655
80.0027432655886,81.48184163784305,-1.479098372254441
42.66562739662094,42.77768123861663,-0.11205384199568869
74.63336276184401,75.82041677342892,-1.1870540115849053
78.6457644654427,81.05531143938855,-2.409546973945851
67.63480432763474,65.53973500800876,2.0950693196259778
-20.532359229521568,-18.19640410603283,-2.3359551234887377
9.82460678313464,8.455320171089923,1.3692866120447178
38.32850233093957,36.8503807473935,1.47812158354607
47.01382997165527,48.23400215917398,-1.2201721875187133
42.18474403160926,44.17640419033228,-1.9916601587230147
66.43992944931435,62.207993808922,4.231935640392351
40.377086365075826,39.64067886073755,0.7364075043382741
26.67928669431872,23.254787631245918,3.424499063072801
58.75384620736798,55.78785707270886,2.965989134659118
47.68940559642032,45.718255048515836,1.971150547904486
-3.075865471098413,-2.0157603179736014,-1.0601051531248116
48.82631221983244,50.836969442702944,-2.010657222870506
35.86914040341499,36.79082172345916,-0.921681320044172
52.34073670972709,55.44473537171248,-3.1039986619853934
-2.7579749240190097,-8.518570820869755,5.760595896850745
48.177187930090206,45.70737572014003,2.4698122099501774
45.377524989109396,42.95131061789126,2.426214371218137
4.168729977019807,2.824760606525004,1.3439693704948033
51.879050127693866,49.718616739606304,2.1604333880875615
-4.341166965728011,-5.702680265807075,1.3615133000790642
26.013657815913053,27.242304202534015,-1.2286463866209623
64.99337491039799,64.9275505648207,0.06582434557728334
-0.6540484977642781,-0.7599634594939744,0.10591496172969628
62.13452433626448,59.450792302065565,2.6837320341989113
70.69453896648952,71.41055069015047,-0.7160117236609551
42.140296720534586,36.40936184514149,5.730934875393096
55.55291833114939,54.57419469011074,0.9787236410386555
54.727912139715386,46.83853568127759,7.889376458437795
50.43655250822297,49.8360090195622,0.6005434886607688
51.818291573419366,53.306598267661904,-1.4883066942425387
38.50973683272462,40.681219450487546,-2.1714826177629263
55.657738460852805,52.8803696744324,2.7773687864204035
58.894344309178905,56.44247436259778,2.4518699465811267
40.91724408101845,40.872808042763445,0.044436038255007304
-5.843660545521677,-4.609515269564213,-1.2341452759574638
40.72442177623029,37.94352650884527,2.78089526738502
68.86688496307433,70.18586152617266,-1.3189765630983317
30.91693836258094,32.66994219029405,-1.753003827713112
-17.2092032254704,-19.426359488417972,2.2171562629475723
66.38104742184301,69.21378839069004,-2.832740968847034
13.20070090926528,13.363460780036391,-0.16275987077111154
47.19327097137839,51.07650356739705,-3.883232596018658
35.63132501682665,40.99565206422073,-5.364327047394077
92.71939432889596,92.1619570423229,0.5574372865730624
1.2433291058575158,-0.08629921235335303,1.3296283182108688
58.669274378651,61.032477007900894,-2.3632026292498978
70.88331241220995,66.32565542835576,4.557656983854187
69.92468385425946,72.67552301262242,-2.7508391583629646
11.277811955389318,11.775173577309786,-0.4973616219204686
67.16873310647134,65.9500345081004,1.2186985983709349
49.38939355997581,43.44120195376735,5.948191606208461
7.15855042855464,5.945898000628787,1.2126524279258524
76.76584977086172,74.29269376410076,2.4731560067609593
30.05627640406626,30.75361289868593,-0.6973364946196696
41.96267976279838,38.30681012727538,3.655869635523004
4.559850690521965,5.306786726734472,-0.7469360362125075
-1.2281841596148222,-0.10644236516843364,-1.1217417944463886
83.46309141467074,85.41498821204121,-1.9518967973704662
46.56511045198167,47.81071775752055,-1.2456073055388828
11.22934397104409,10.160216281452179,1.0691276895919106
24.17196125640441,26.17554553656022,-2.0035842801558132
63.12458551214597,61.93783877949776,1.18674673264821
33.60963276913449,35.40296384367335,-1.7933310745388553
71.34667283308355,68.08590919079082,3.26076364229273
26.41663021671195,28.576313098757126,-2.159682882045175
35.98493129556089,40.09087231044034,-4.105941014879448
71.13714483529714,73.3324461377017,-2.195301302404559
53.60437745584838,43.956425289854614,9.647952165993765
62.88246479448955,57.43590180266927,5.446562991820279
51.91198793644269,56.038491664262594,-4.126503727819902
0.6409907685868217,-0.9480723409440373,1.589063109530859
-0.20003850381499477,1.7046766870475665,-1.9047151908625612
57.72771398348272,59.466107837121875,-1.7383938536391526
74.13911388490077,71.34696263159897,2.792151253301796
82.5650970368057,83.88069491774192,-1.3155978809362239
89.26404206412573,90.84490408959495,-1.5808620254692158
76.94558633895772,77.57054059876644,-0.6249542598087174
-10.550151506729598,-9.41400539591315,-1.1361461108164477
75.06687223098827,76.02486355004699,-0.9579913190587206
54.76175370249216,58.37581304666445,-3.61405934417229
17.881518646266922,14.588705649217118,3.292812997049804
50.706009134246635,46.36120225673422,4.3448068775124185
-29.1981145866505,-24.664001169937208,-4.534113416713293
31.713174777246046,32.91934600074414,-1.206171223498096
31.828673428236783,37.72463607688401,-5.895962648647227
16.010577226332764,17.050140257079974,-1.0395630307472103
-11.397745588020662,-15.044654850162814,3.6469092621421524
58.41925743120453,61.857838452459596,-3.438581021255068
98.02905127847784,97.93538737981761,0.09366389866022473
46.361157322739906,48.926617325698295,-2.565460002958389
69.89697277192744,67.91837911396577,1.9785936579616674
40.55314030804798,41.19501099573063,-0.6418706876826477
33.26183867232487,28.999307500500635,4.262531171824236
31.244471901692073,30.676257607203837,0.5682142944882358
44.72954288823586,42.956708886945734,1.7728340012901285
37.00766316332474,38.74324079665656,-1.7355776333318147
48.1541189801329,48.16545516913002,-0.011336188997120189
49.46983114230899,42.098386443448106,7.371444698860884
65.84738208421433,66.29963343589496,-0.4522513516806299
14.191821916922665,15.862865883850176,-1.6710439669275114
67.80213214771754,63.54800892108163,4.254123226635912
65.21055775975346,61.961495252214945,3.249062507538511
26.96992980237343,26.46087588098335,0.5090539213900769
73.74284476166562,75.56242420291835,-1.8195794412527277
46.178193657472086,48.22933712455891,-2.051143467086824
36.349056764755076,39.08512773442683,-2.7360709696717507
38.40123051000791,36.15410709714442,2.2471234128634947
-10.288836131349186,-7.488853817498324,-2.7999823138508617
56.48782863604283,60.867758967653074,-4.379930331610247
61.69921230620116,58.809812204592866,2.8894001016082953
32.393457305268804,28.561694885845867,3.8317624194229367
8.935141050207372,7.0095906461692294,1.9255504040381428
43.35852265605695,46.62306808816959,-3.264545432112641
37.99206622025501,37.666626462659174,0.3254397575958379
63.780290982268895,62.03939610300487,1.740894879264026
72.8154804412117,69.28624312694677,3.5292373142649325
50.76705338884533,47.264172335670764,3.502881053174569
-1.4900706122541068,-4.0150183002067195,2.5249476879526127
58.99706364205486,62.10400863618476,-3.106944994129897
60.629990626044346,58.05909546954656,2.5708951564977838
60.29331876266402,60.75938344949192,-0.4660646868278988
53.60271686258347,60.54666172488366,-6.943944862300192
30.33065830449476,31.93331831324123,-1.6026600087464686
45.722067373833,38.74389192866811,6.9781754451648865
39.78741192637019,39.730384147398304,0.05702777897188582
-6.384230165596561,-6.60374177049151,0.21951160489494903
-7.90076454310736,-12.767734380912131,4.866969837804771
64.44456318865508,64.95332222273025,-0.5087590340751689
81.36426157392074,80.17736554592113,1.1868960279996088
-6.356477631944006,-8.696922490768344,2.3404448588243376
63.3799716504285,65.28338303548645,-1.9034113850579502
68.64224613902094,62.170358269102756,6.471887869918184
85.79663341986773,82.37180201024485,3.4248314096228825
28.763433278166545,24.94435400621265,3.819079271953896
19.089263523019376,21.941787558709066,-2.85252403568969
35.655843839397605,36.12449775816913,-0.4686539187715226
50.01855166830997,51.21131015641653,-1.1927584881065627
26.059447123659808,24.430713028485584,1.6287340951742237
28.036006835655016,22.973845889530878,5.062160946124138
46.956950044135255,39.80999664819699,7.146953395938262
28.4356189078506,31.024163620976353,-2.588544713125753
0.18674980144249398,-2.8988655868242006,3.0856153882666946
50.069671561025565,47.71993433563236,2.3497372253932056
-25.31845646229005,-22.68989558157682,-2.6285608807132306
80.77561721832609,76.5084266623598,4.267190555966295
-4.916619454446938,-5.406938470343604,0.4903190158966666
24.44797120301797,23.316291703309574,1.1316794997083974
25.18482327733828,26.251483086936616,-1.0666598095983382
48.88310611341749,49.04999423735926,-0.16688812394176722
40.62531262382089,40.317194608373406,0.30811801544748363
6.2919414420570305,7.038256454264612,-0.7463150122075817
43.62148835539133,45.37319247023487,-1.751704114843541
56.6710511458618,53.995846232040456,2.6752049138213465
75.29672634399171,78.5129361474706,-3.2162098034788897
21.528460473874247,25.977870472683577,-4.44940999880933
13.933032031403597,15.574884956438382,-1.6418529250347849
42.28112550680956,45.06757876718259,-2.7864532603730297
54.64372336841799,56.547898087288914,-1.9041747188709266
54.725860804394145,57.08476326792798,-2.3589024635338376
47.386625705012065,53.56872977724874,-6.182104072236676
37.90193689131792,35.96459067812643,1.9373462131914962
41.41569513733225,37.687954556402715,3.7277405809295345
68.92113008972774,66.28630423300103,2.6348258567267067
43.299232350568566,44.70072828293248,-1.4014959323639147
46.13514267929191,41.22726666481405,4.907876014477857
52.147231869275906,53.494430332016385,-1.3471984627404794
75.97637675385342,73.48103288095855,2.495343872894864
56.79056386347664,57.434767628701394,-0.6442037652247521
20.847670461336904,18.87056102798624,1.9771094333506625
74.11167259107803,75.22189584495925,-1.110223253881216
43.026663761596375,44.10076772368906,-1.0741039620926855
63.43958409494168,62.25076258159362,1.18882151334806
13.548419046686744,9.823298203271207,3.725120843415537
54.568661551984256,51.39708898641854,3.171572565565718
43.4896581562612,45.55150715580765,-2.0618489995464486
66.78850431182657,67.65715864136978,-0.8686543295432045
35.8321953551835,38.352315602342216,-2.520120247158715
10.870349213420134,9.393440669442896,1.4769085439772383
74.60467920088836,86.90918357108023,-12.304504370191879
57.37303467563088,63.83346773979145,-6.4604330641605685
78.14445258434714,75.9679400583639,2.1765125259832416
29.895300641905433,34.000397577563376,-4.105096935657944
52.54803202252685,52.1925589954711,0.35547302705574424
36.24971512399583,37.6359968584986,-1.3862817345027736
0.8763653752343448,-1.640579150659235,2.51694452589358
28.01237707387302,22.808122106585614,5.2042549672874046
63.34501574712044,60.13938729076716,3.2056284563532813
45.976696116134576,44.21832814376034,1.7583679723742378
70.16946704094858,71.5428358689979,-1.3733688280493226
58.95875680521749,56.58581999939881,2.372936805818682
50.196405699114564,51.27280038135546,-1.0763946822408954
69.0598783926897,70.27157633789655,-1.2116979452068506
56.00582898080576,58.80557002988508,-2.799741049079323
30.743619355133156,30.495482160181098,0.24813719495205788
81.13902485279216,77.99395460174478,3.145070251047386
22.343683761638967,19.482169435865217,2.8615143257737508
57.99203835783681,54.72168139597324,3.2703569618635697
74.23280345456655,75.56235840208521,-1.329554947518659
-5.20379476824357,-1.3341201529822513,-3.869674615261319
53.72388454318694,49.31462481837427,4.409259724812671
2.950497444688647,8.908884243038685,-5.958386798350038
39.51206881651648,40.944643811338864,-1.4325749948223816
32.568971217587304,33.40366037509581,-0.8346891575085067
15.123844456471257,12.292309196013846,2.831535260457411
4.199690565900914,7.255157784810578,-3.055467218909664
80.50334692323776,78.00339038240779,2.49995654082997
63.879119217807315,60.55946474105781,3.3196544767495055
50.26430329336547,55.33699663565399,-5.072693342288517
68.57159837411865,65.83998952042344,2.7316088536952066
55.88697272789836,54.47874011977919,1.408232608119171
50.026161657198685,48.521960021513536,1.504201635685149
54.53982349423611,52.955969302485215,1.5838541917508948
75.32630233427126,78.71190218025298,-3.385599845981716
0.1576190025559574,-1.0440019080228211,1.2016209105787785
75.79102252754845,75.9428550142251,-0.1518324866766534
-12.529281693814637,-8.591003359076595,-3.938278334738042
23.58563954864011,22.326706449578822,1.258933099061288
45.66270420084932,46.53688558335037,-0.8741813825010496
40.273409064124316,39.205881601375275,1.067527462749041
52.15908298570396,55.58233439603564,-3.4232514103316802
36.382066050390776,42.28508503924178,-5.903018988851002
56.4164230671326,55.141366155636305,1.2750569114962929
81.34030637720373,83.47097326163019,-2.1306668844264607
61.48337016971113,62.02183669348243,-0.538466523771298
51.22000793527928,51.593275080307556,-0.3732671450282794
23.691740720083214,20.56041951517433,3.1313212049088825
75.68593758788208,79.47744621247355,-3.791508624591472
3.25048879699553,3.7723097269986567,-0.5218209300031269
51.796540154934426,56.20326480609839,-4.406724651163962
28.217853602292504,28.624297825772416,-0.4064442234799124
8.739210618695669,10.619604341386392,-1.880393722690723
30.720705403429605,30.863200223391544,-0.14249481996193936
-25.16702574696384,-17.817980700494275,-7.349045046469566
77.89624082369835,77.91134574276427,-0.015104919065919375
10.701821442354046,11.784600586737739,-1.082779144383693
28.844246554266117,27.08313197126671,1.761114582999408
42.5792496199214,43.94599190915758,-1.3667422892361785
45.14679418371784,43.411933559506224,1.7348606242116134
59.33753887633311,61.647331044719834,-2.3097921683867213
49.44608088933649,51.63712117189854,-2.1910402825620494
56.5216392060201,58.74004410590855,-2.218404899888455
37.981710572814585,38.293817931150045,-0.3121073583354601
41.220657920711034,41.1731705277648,0.0474873929462305
-25.17360243456075,-23.196916646101755,-1.976685788458994
-17.052118739295405,-13.812781356608824,-3.239337382686582
23.981861971982298,23.71456928322685,0.26729268875544676
76.14947692117636,74.97874976855599,1.1707271526203726
-18.637546505213304,-15.300345229080122,-3.3372012761331824
46.01883802784412,44.88651316553072,1.1323248623133964
34.42276683727779,29.152366878029156,5.2703999592486355
58.97008394012088,65.8425009076016,-6.872416967480724
41.83330516100221,43.953936269387334,-2.120631108385126
64.81929273191263,62.1107412213997,2.708551510512926
69.136013281288,71.27070373636388,-2.1346904550758836
48.86722183723706,51.946760924514585,-3.0795390872775243
73.11293108458916,73.00246522931249,0.11046585527667219
65.43840536506119,63.67251060368311,1.7658947613780782
66.43590137682071,58.69514222094027,7.74075915588044
61.21147105747904,63.97387759237525,-2.762406534896215
-21.82646784854915,-17.680095852168876,-4.1463719963802745
67.06463425608646,63.453122802153054,3.61151145393341
70.51682606553018,70.34591829832183,0.1709077672083481
50.286420242979354,46.89670804546394,3.389712197515415
66.34031967755573,61.56106780694996,4.779251870605769
64.71518343977009,61.16540844001882,3.549774999751264
41.8281032326481,45.06080613141462,-3.232702898766526
56.248491207618635,55.57704977585149,0.6714414317671427
50.52238448959096,50.84243725893595,-0.32005276934498994
33.254338021184836,37.050384038591105,-3.796046017406269
9.678384304282712,14.765168671923206,-5.086784367640494
-11.189974315857025,-8.275439138228407,-2.9145351776286184
14.687913047241306,17.010222714864838,-2.322309667623532
72.54534719708292,72.25502267777087,0.29032451931205117
5.6870799519847495,3.4311867173480692,2.2558932346366802
33.903355399852835,32.34655614758728,1.5567992522655558
10.031836068443264,13.003532359687497,-2.9716962912442337
-5.354942345110599,-2.6815889909809414,-2.6733533541296577
51.578069812108254,48.55129395357753,3.0267758585307263
38.03705286261683,39.875792514292264,-1.8387396516754322
71.56814697462382,69.9775914101925,1.5905555644313125
-8.325581801170621,-6.783086048994974,-1.5424957521756468
18.55748765595387,19.635884772304635,-1.0783971163507644
46.60018423565324,48.96958314575064,-2.3693989100974022
45.7391264836669,45.03555284613485,0.7035736375320525
27.402148043789047,25.059156242758334,2.3429918010307134
24.174341293152708,23.563207395864552,0.6111338972881555
37.96536475484582,34.338358369321725,3.6270063855240977
33.84179127524172,35.3783528893084,-1.5365616140666845
66.13902530698465,70.96254050295232,-4.823515195967673
68.08600341016542,61.985171270383496,6.100832139781922
-34.83454744854432,-30.29502080928843,-4.5395266392558895
41.79173420014892,44.05747973170454,-2.2657455315556163
32.93766205837128,32.5198602694646,0.4178017889066794
54.455096130431144,53.272958604750826,1.182137525680318
42.8932245480897,44.34681018790071,-1.4535856398110099
4.036329247460936,2.5408432003414987,1.495486047119437
50.240974889478274,57.78314965715588,-7.542174767677608
38.02421614916752,41.68713253483116,-3.6629163856636353
18.476700665379713,23.907325778679393,-5.43062511329968
18.963364235732,16.913003484456354,2.0503607512756474
-4.19900590446778,-3.4378788691796274,-0.761127035288153
49.27675085121423,50.31944475138073,-1.0426939001664977
9.71255780322936,10.028037068545203,-0.31547926531584203
49.80333739047062,48.7479816021653,1.0553557883053202
0.4827740073088458,0.6712569150056567,-0.18848290769681086
80.15259415919854,76.53482240759112,3.617771751607421
71.68419411298775,69.53720915760027,2.146984955387481
77.75419184003638,78.2544438568538,-0.5002520168174129
70.4878468685578,70.90961180905754,-0.42176494049974167
40.97457609207049,41.36996608096695,-0.39538998889645427
34.65617543064529,35.93439599001948,-1.2782205593741907
11.26575457456742,11.795781994002226,-0.5300274194348056
54.57986946574753,58.35611375981377,-3.7762442940662453
85.10751507030048,86.07658015719632,-0.9690650868958386
42.72718738703687,47.031130844128846,-4.303943457091975
8.54180501898147,11.022077501016838,-2.4802724820353674
3.9986352825554965,4.720164184443476,-0.7215289018879796
47.99524299716984,45.442777868311666,2.5524651288581737
-4.573431603576054,-3.6058912847759643,-0.96754031880009
43.71936732411482,44.63430741839403,-0.9149400942792099
45.7139471730155,44.88451655315547,0.8294306198600268
9.838215956226524,8.410641508408546,1.4275744478179782
43.018558728002134,42.91470355755577,0.10385517044636572
-16.136878437913886,-18.912740179678693,2.775861741764807
58.04103758065641,60.580126878253544,-2.539089297597137
-17.12141288948789,-12.836261391994881,-4.285151497493008
40.59601344995059,38.73406068667751,1.8619527632730808
64.56656698299452,66.70338596874271,-2.1368189857481923
16.17789379607327,18.1717483785374,-1.993854582464131
69.2139041882692,67.11762397339756,2.0962802148716406
62.96432923997328,64.45334476487017,-1.4890155248968853
-7.7368437603383615,-5.368664756430846,-2.3681790039075157
34.476692033645776,36.03914717677148,-1.5624551431257032
-14.067139139218977,-15.295128255968493,1.2279891167495158
65.57148072412163,60.399155991962,5.17232473215963
53.52649050570031,53.12768667368908,0.3988038320112324
57.471716332367585,53.16092967803481,4.310786654332773
5.606558423370857,3.4007514292473786,2.2058069941234786
74.17535297759834,79.3289079300811,-5.153554952482764
46.27744609476217,50.67623879277498,-4.398792698012812
-16.587547499761424,-18.73620695019676,2.1486594504353356
22.920369295674494,21.291376687373045,1.6289926083014485
39.98324623866456,40.41587953105042,-0.4326332923858587
26.825323551040807,29.91177191810843,-3.0864483670676215
-20.45569144681826,-24.57146351775883,4.115772070940569
76.00602275492135,79.34201953893697,-3.33599678401562
-1.0661587509830888,-1.7102992076546144,0.6441404566715256
41.40945528787465,37.69211671455,3.7173385733246533
39.223378949905964,36.94288276372332,2.2804961861826456
51.474881182703314,48.67990970683081,2.794971475872501
23.935572146814344,25.918816863188,-1.9832447163736546
53.5958789214651,55.7164048100133,-2.120525888548201
32.64913237044022,35.45849608818072,-2.809363717740503
-5.27285413112364,-5.127097097644736,-0.14575703347890379
55.31689530947918,54.61361948456482,0.7032758249143569
45.533415457174456,46.444588510353796,-0.9111730531793398
50.62695973514863,47.16168153313121,3.465278202017423
58.49603660595552,58.37543079675273,0.12060580920278596
64.12575749906294,63.22720828662386,0.8985492124390788
-0.9469896081190403,-2.560467223786219,1.6134776156671786
37.12333318605162,37.507366219380096,-0.38403303332847827
73.39852882535162,75.95998715384316,-2.5614583284915398
-10.117606506606425,-13.283415243056638,3.165808736450213
5.572356870283254,3.4623110002597883,2.110045870023466
55.103255370802266,57.29172765226188,-2.1884722814596174
49.066683090688684,50.38278652403192,-1.3161034333432369
30.33697688446495,27.788486321223644,2.5484905632413053
-24.580170191505353,-16.344617648891344,-8.235552542614009
40.1830860132811,42.55240652734211,-2.369320514061009
84.63072704695685,79.21178204846335,5.418944998493501
-11.778796462581763,-11.60860392785699,-0.17019253472477303
59.335251906346464,65.68545032945474,-6.350198423108274
0.7793430988196581,5.577128655917704,-4.797785557098046
61.271309238768644,62.71407522400824,-1.4427659852395962
0.9597376760080527,-2.402601208845141,3.3623388848531937
-26.906196660805445,-22.686744347127515,-4.21945231367793
37.52553436943413,34.73949245881259,2.7860419106215417
5.62493371526254,6.041129916424239,-0.4161962011616991
35.79695962363247,32.80870999311773,2.988249630514737
53.844220570834025,51.84753429872144,1.9966862721125835
29.016523555823532,29.998106289037352,-0.9815827332138198
29.67217440738366,28.769550356707242,0.9026240506764189
47.1856624508225,46.81543812926159,0.37022432156091156
24.740705519740196,26.752294880682996,-2.0115893609428
2.01317061208944,2.8972155736673955,-0.8840449615779553
25.98217807024769,24.74584740827443,1.2363306619732626
44.80246325071519,40.164974437428796,4.637488813286396
54.77493438770674,56.87431491685654,-2.099380529149798
82.39071141198954,74.09693024632261,8.293781165666928
66.5995142156803,69.02520205002442,-2.4256878343441173
39.178673768854836,41.16526500555311,-1.986591236698274
48.45904967291738,47.410986348042236,1.0480633248751445
41.58077115414494,46.59175568193119,-5.010984527786249
1.5617843513669571,-1.215656858940605,2.777441210307562
-15.219799526963023,-10.646810164708626,-4.572989362254397
0.2925748757542155,-1.039555859610985,1.3321307353652005
43.588099710974944,36.62115620864604,6.966943502328903
79.2769103786863,79.58615594630254,-0.30924556761624444
2.9702105140464177,6.052618295201839,-3.082407781155421
6.932004900099053,5.100436023353282,1.831568876745771
35.122676551888006,39.42420820028396,-4.301531648395951
59.8154848208609,61.451377263498976,-1.6358924426380739
-13.497234723541812,-12.760315801613615,-0.7369189219281971
37.25782034891186,38.13980591332991,-0.8819855644180521
49.68185715833498,52.17702084133364,-2.4951636829986654
-20.948955422933942,-19.598820203979784,-1.3501352189541578
12.366390455927984,13.025705654176647,-0.6593151982486631
54.27278134508003,53.710169524935665,0.5626118201443617
62.874214611396376,60.619217217856466,2.2549973935399095
59.60576527727858,62.743027074004885,-3.137261796726307
65.28771228125028,63.01768660844943,2.2700256728008483
54.95049331436572,48.40601464795924,6.544478666406484
57.15474865473813,59.94297081885048,-2.788222164112355
48.871410644551986,48.407609795011915,0.46380084954007117
0.8001577523362602,1.1774440977787464,-0.3772863454424862
53.072352411528726,46.74607102179626,6.326281389732465
-10.967221091125804,-10.235936474439171,-0.7312846166866329
0.5159845849210705,-0.9689103887250639,1.4848949736461343
-20.038410650099173,-12.248581763694816,-7.789828886404358
50.33137979670917,49.563928712239395,0.7674510844697764
26.058070192227827,29.032842017885116,-2.974771825657289
38.71877871165297,49.13008139839555,-10.41130268674258
45.34367749710955,49.17037266801604,-3.82669517090649
31.896115671532236,31.801147584591945,0.09496808694029113
24.40424204139211,25.877762025100296,-1.4735199837081865
58.20252785419643,57.27228294098602,0.9302449132104158
52.77172353058181,52.85710643050645,-0.08538289992463888
55.7134563312068,54.52918291448877,1.1842734167180282
36.688384032880585,37.702059853455665,-1.0136758205750809
32.22252226786135,29.389074691604364,2.8334475762569866
50.93156107770174,47.2198326077203,3.7117284699814377
44.241937246198624,41.10488205706915,3.1370551891294767
16.20222833736439,20.697488594419724,-4.495260257055335
38.08467253882299,40.11473797156265,-2.0300654327396543
31.002599891745078,30.64106485552317,0.36153503622190897
44.82052185030127,47.94583758706377,-3.125315736762502
48.94213388047018,46.62433219912568,2.3178016813444984
70.76125056392915,74.06124692126757,-3.299996357338415
49.721998446271456,46.85681068464373,2.8651877616277233
52.60929733769704,54.2696516164466,-1.6603542787495584
9.046836639150218,9.96945737854017,-0.9226207393899521
51.81031243411098,46.08363545185149,5.726676982259491
59.42163765840517,63.65511141781801,-4.2334737594128455
47.541779871042095,45.85849231269232,1.6832875583497753
25.937201014006106,27.183652063789864,-1.246451049783758
43.576285888993034,49.149611885810494,-5.573325996817459
42.96626837782181,39.11246656078544,3.85380181703637
43.46734252850175,42.27273632295048,1.194606205551274
42.6234798028556,44.54164894458027,-1.9181691417246682
69.61109699450712,70.41672620121065,-0.8056292067035287
34.52486613404547,34.62502956752698,-0.10016343348151224
43.919076717191864,43.042769269227996,0.8763074479638675
13.048944843952368,9.185101570022212,3.863843273930156
78.02545713976235,77.55359392600738,0.47186321375497187
-8.168135411863265,-7.1168025004718345,-1.0513329113914303
67.1718094905842,64.86480768067705,2.307001809907149
12.855843920444606,16.52376708724954,-3.6679231668049326
44.19956598000539,44.8441957122649,-0.64462973225951
-4.624968291823337,-6.423833041645111,1.7988647498217736
77.59913207132975,76.91869124041975,0.6804408309100012
-4.318485886498192,-6.604772290780019,2.286286404281827
89.10316239285055,87.72755598311545,1.3756064097350986
45.59927928298872,47.05097967421979,-1.4517003912310713
81.37937133929637,73.24215579516195,8.13721554413442
37.91904770430567,37.94069103130926,-0.021643327003587842
68.9622467245718,69.14423611853107,-0.18198939395927027
50.506340569506165,55.216714601171624,-4.710374031665459
52.30672524639381,53.41006286637698,-1.1033376199831721
48.3949166461354,44.78777851715324,3.6071381289821574
54.025907603191754,50.85810410533797,3.1678034978537823
75.50666604110792,75.74625881953466,-0.23959277842673998
43.382212291783546,40.386409522229606,2.99580276955394
42.41178691364472,39.34930788528038,3.0624790283643364
42.257516428087385,46.38126262316972,-4.123746195082333
40.31632048444385,39.089197041032044,1.2271234434118057
66.4614696702129,66.48845543195159,-0.026985761738686165
73.91121084112638,69.50272690811772,4.408483933008654
82.36536578374943,82.55207592069516,-0.18671013694573446
65.78724455713748,65.09286224942613,0.6943823077113507
24.276833360173903,26.57672269102561,-2.2998893308517054
-10.537626145038553,-5.52229773340305,-5.015328411635503
51.17326795852237,56.41653055154401,-5.243262593021633
50.44419619182184,45.169128142806784,5.275068049015054
76.49331846039057,71.81529908374503,4.678019376645537
-24.201938218987706,-21.270561818687653,-2.931376400300053
32.99166238412894,36.00118561563917,-3.0095232315102365
69.54718203061331,71.86719443996257,-2.3200124093492605
60.15678667569193,58.63954181446331,1.517244861228626
43.116872886920405,39.06939258539396,4.047480301526441
-9.337479382724753,-4.0546885024306505,-5.282790880294103
36.10881851297211,36.68543216730586,-0.5766136543337552
65.51312973909296,67.03872067038716,-1.5255909312942038
69.87581842873125,66.58790896098915,3.2879094677420966
32.057450674273646,34.102975503130196,-2.04552482885655
4.462823023283625,5.893017672367179,-1.4301946490835542
13.016952665533474,14.586197747717534,-1.569245082184061
28.671957152879614,29.903024080927693,-1.2310669280480795
77.37356151785868,70.81754028891784,6.5560212289408355
25.439442018155518,22.95348303324421,2.4859589849113064
33.89295050787966,33.52779571899613,0.3651547888835296
39.31674304155753,37.04623339470996,2.2705096468475716
81.37771048405747,82.38260522613623,-1.0048947420787613
73.98271393826235,70.92555676887002,3.057157169392326
59.21566880045633,63.908748811657105,-4.693080011200777
70.33535809414053,73.72085106541668,-3.3854929712761503
18.277755612472443,19.721762290602967,-1.444006678130524
35.505835874363065,33.3837596933372,2.122076181025868
39.575036505118256,40.592936349235174,-1.0178998441169185
57.31045921181874,59.155206276480484,-1.844747064661746
47.25172636310954,51.570729896444945,-4.319003533335405
76.23277190794636,78.00639460081555,-1.7736226928691963
74.58434484615216,70.3770792532909,4.207265592861262
78.92797288864591,75.61596530029726,3.3120075883486493
48.015209968340386,47.07669882460681,0.938511143733578
54.46185699804882,51.632653360532316,2.829203637516507
8.152055704662894,11.923456475649886,-3.7714007709869914
54.396710658698574,54.41063100010061,-0.013920341402034353
45.84274096145258,44.1943584402156,1.6483825212369752
65.81610983343329,65.20308801935005,0.6130218140832397
65.96271686939633,68.99495232884925,-3.03223545945292
39.2283202006998,40.57934881798769,-1.351028617287895
55.99068734700365,57.117770527298724,-1.1270831802950738
50.71338275248831,49.51037329882221,1.2030094536660982
36.34790742754318,31.70098307972026,4.646924347822917
46.84097040761637,38.6502957953292,8.190674612287168
70.87330654971011,65.12126484593365,5.752041703776456
75.83197984734906,75.96100022957901,-0.12902038222995316
71.62601222698062,74.26450785180407,-2.638495624823449
46.91203197944446,46.82000913343505,0.09202284600940658
40.61852607872968,39.78577172313878,0.8327543555909003
30.87670378430263,30.8573217295544,0.01938205474823107
-7.489922356361064,-7.865109513724406,0.3751871573633414
56.25371528577455,58.9137558615225,-2.6600405757479564
46.24919990748323,38.21807568183643,8.0311242256468
54.80204238293445,52.61065437971255,2.1913880032219026
65.44011898082434,63.722646247910724,1.7174727329136132
57.89169949811261,59.67453652161761,-1.782837023505003
82.62814267083915,84.57720931686052,-1.9490666460213646
55.40554338794401,57.16768777539384,-1.7621443874498297
75.72463363542788,74.57844045323989,1.1461931821879858
3.9270533310359044,4.073190953241578,-0.14613762220567406
72.55197962065832,71.31917355539613,1.2328060652621815
74.33312358799425,71.64173026177818,2.6913933262160725
8.846854927586197,10.714985165405238,-1.8681302378190416
39.48877560736986,40.49647282560814,-1.0076972182382775
44.05944878152937,40.832958894894276,3.2264898866350933
62.450080212046196,64.02316207202111,-1.5730818599749128
13.102788663369072,14.231306140755606,-1.1285174773865343
46.74888023898274,44.74025483560556,2.008625403377181
24.476938400525505,24.273466081133606,0.20347231939189925
3.148312608501778,5.843739148107403,-2.695426539605625
56.41220518240432,57.4256480901749,-1.0134429077705818
14.176489874008087,17.480372905059625,-3.3038830310515372
48.261821256873944,49.91715404796009,-1.6553327910861455
50.29710763967472,48.40866593845596,1.8884417012187598
-13.378496959047883,-13.29553582659885,-0.08296113244903225
54.69330785458383,56.35013596751501,-1.65682811293118
61.73592767192059,57.61276372538437,4.1231639465362235
64.32563470827225,67.1217027782588,-2.7960680699865463
4.759622859227795,11.388476115829675,-6.6288532566018805
75.7287140280591,70.80935699491096,4.919357033148145
52.95734187441501,57.621048195468,-4.663706321052992
45.249891338472516,42.83753445738746,2.412356881085053
53.99011794476752,58.79608208669863,-4.805964141931113
91.99107233244281,91.6289860351979,0.3620862972449146
41.99521419294089,40.3898996335157,1.6053145594251959
61.38052440376321,63.46432609791391,-2.0838016941507007
61.5550062029276,57.69960480131225,3.855401401615353
46.39686989048013,41.86862617512501,4.528243715355124
-12.748221921828858,-14.224296801667151,1.4760748798382934
-20.3882724642269,-19.70097757650008,-0.6872948877268215
23.38771747856843,19.116841217110135,4.2708762614582945
69.76213945804524,68.72202394382623,1.0401155142190106
-8.510595358361284,-7.740897390689128,-0.7696979676721565
76.44278799222413,79.71812784329443,-3.2753398510702993
39.12289491745981,35.030431398951166,4.092463518508644
55.13329717505365,57.38075923580592,-2.2474620607522695
24.47093976074372,26.53430374421262,-2.0633639834689035
38.109613615190035,39.00165797502712,-0.8920443598370866
20.21017747037628,21.406097900089463,-1.1959204297131834
82.28838590140536,80.39285645809284,1.895529443312526
45.162478606128445,47.53248214729227,-2.3700035411638254
71.30445531940136,73.10952886227736,-1.805073542876002
68.04249058960164,66.48058363122544,1.5619069583761984
49.96266569004294,55.9986701096407,-6.036004419597759
55.72548301797604,54.99027434740547,0.7352086705705716
66.96426430530698,65.18625732392827,1.7780069813787094
11.637642780128864,9.39927090845272,2.2383718716761436
57.76399561115793,55.260378121333154,2.5036174898247765
28.674326054168127,33.7601385549102,-5.0858125007420725
71.95914313776966,67.65647223595013,4.302670901819525
36.77972220428945,39.93915280981701,-3.159430605527561
61.73094833546548,60.690007608999665,1.0409407264658128
28.787064953178035,26.369195833328845,2.4178691198491897
64.39024489063806,60.5675048625468,3.8227400280912605
9.340990852785616,15.670762321771093,-6.329771468985477
67.82088542836684,75.01484946543357,-7.193964037066735
38.866692043871446,38.115799809223525,0.750892234647921
-8.244599371029393,-8.81358447601069,0.5689851049812962
54.780461342032915,53.63772495332564,1.1427363887072772
28.59500519337705,29.9357049034747,-1.340699710097649
3.2806193554409893,4.586797620714208,-1.3061782652732186
56.98681019338269,56.711951860953874,0.2748583324288134
57.124819151729476,51.5464469709182,5.578372180811279
9.242627041645056,9.502696042631726,-0.26006900098666996
35.52510256044985,35.86982394014504,-0.3447213796951871
55.17910314432669,55.38505294785369,-0.2059498035269982
-9.121045921315263,-9.744108923295883,0.6230630019806203
42.56769410233231,44.96059790735456,-2.39290380502225
14.261692532899415,13.269787926972938,0.9919046059264769
61.8132528590514,58.76845340720401,3.044799451847396
55.1447241337107,53.2631486493881,1.8815754843226031
78.69640578246874,79.7929615479305,-1.0965557654617584
70.49187107189832,71.73696706627403,-1.245095994375717
46.48902277440543,42.963344337642816,3.525678436762611
65.26343382474259,63.49868332983831,1.764750494904284
15.662198196421699,13.04380240417423,2.618395792247469
65.11893871157613,66.81000604404144,-1.691067332465309
58.81582443913932,58.686433929459916,0.12939050967940346
68.3759679237696,64.20750693858008,4.168460985189512
60.388624706481835,63.06082931477205,-2.6722046082902153
32.89693091338096,35.78901514711235,-2.8920842337313886
4.263534196943749,8.354409697290322,-4.090875500346573
82.63178710701312,85.19382093198263,-2.562033824969504
11.026710624679579,12.132018228460055,-1.105307603780476
48.06520878228515,43.26024946911811,4.804959313167039
73.37784420186163,66.79046810278328,6.587376099078355
48.74410474916876,47.39652126192341,1.3475834872453518
48.51524958403674,54.0206450459702,-5.50539546193346
34.45435691832352,37.95617846766382,-3.501821549340299
57.786727701201016,56.16300207033319,1.623725630867824
61.96743773213446,63.07791674365277,-1.110479011518315
49.44264167308743,49.07033716492532,0.37230450816210947
24.027866427563936,22.440037280759157,1.5878291468047792
74.3399428817368,73.97713765643039,0.3628052253064169
37.35868640698022,35.61296159779006,1.7457248091901576
53.56667516123283,55.12488238715788,-1.5582072259250523
37.561405977756884,43.60314782120509,-6.041741843448207
22.133045440824606,20.299307871138822,1.833737569685784
-2.256479323738584,-2.804508552903215,0.5480292291646309
-4.247636541563756,-3.6654753913887816,-0.5821611501749739
67.95382973414421,63.74075393232519,4.213075801819016
61.557426142625964,60.20477141400371,1.3526547286222552
37.856126388315566,40.66089906920082,-2.8047726808852573
49.49216700777912,49.15903369344217,0.3331333143369548
-23.64625773357277,-20.167750656374025,-3.4785070771987456
56.92944841910123,61.01815390435946,-4.088705485258231
67.36792112994942,65.96281108138321,1.4051100485662147
20.612244289797808,20.558072265790884,0.05417202400692389
-6.250183983137015,-1.6631141475550066,-4.5870698355820085
42.45238308404854,41.496510421320984,0.9558726627275576
54.46819806638555,54.587034081598844,-0.11883601521329723
33.76499783427243,35.961510477890585,-2.1965126436181563
20.154641998407243,23.13361590759277,-2.9789739091855267
51.811185070294975,55.34213747381336,-3.530952403518384
-7.883467586700257,-5.6130401785258215,-2.2704274081744353
54.61988673544868,59.197996582017225,-4.578109846568545
2.941905308424441,3.7274707944865497,-0.7855654860621089
13.638118247673903,18.980162991635467,-5.342044743961564
51.28974541413811,55.062247960923244,-3.772502546785134
73.45544301453347,70.93817047015213,2.517272544381342
57.31411088738004,55.711548971740626,1.6025619156394129
37.61585225989176,41.05125353427469,-3.435401274382933
48.530063208186945,42.69728826454828,5.832774943638668
56.64782517457989,52.99612977687379,3.6516953977061064
38.23548294622567,38.107342171288494,0.12814077493717946
26.98716214271981,28.153467801248794,-1.1663056585289837
58.71186265008548,63.59838561057155,-4.886522960486069
28.820607742797577,27.53209987113253,1.2885078716650469
21.087449633683324,16.55596190749172,4.531487726191603
35.07119652071614,40.10566387288845,-5.034467352172307
20.285393490878775,18.029648616387433,2.2557448744913415
16.074376258896017,23.023460028403875,-6.949083769507858
57.81161740655601,59.83013525513518,-2.0185178485791724
45.97153687942312,46.1543274744308,-0.18279059500768113
-12.691057682422628,-16.518901093526537,3.8278434111039097
-7.142698155220719,-8.964825346196378,1.8221271909756585
51.38917726881864,52.4392946734804,-1.050117404661755
26.665641251041055,26.37965185834676,0.2859893926942938
45.339730245197664,42.86523597479193,2.474494270405735
40.82262054057321,46.466645888271785,-5.644025347698573
-8.728359695738435,-6.016466199667619,-2.7118934960708163
55.19269132097527,56.12449107317751,-0.9317997522022381
49.23261389170814,44.39465646661974,4.837957425088398
10.001051530018518,11.110897723971078,-1.10984619395256
78.46779838927111,79.00263097598324,-0.5348325867121275
13.075231897488393,19.890371050007886,-6.815139152519492
5.423352958998731,2.783389039186588,2.6399639198121427
-18.682867893805692,-17.583443294988072,-1.0994245988176203
-0.005870279237797371,-0.38947899081314574,0.38360871157534837
45.99627479962277,37.970180239134,8.026094560488765
61.15474443710141,62.669188406434884,-1.5144439693334775
82.48749558248525,82.0302127747915,0.4572828076937583
59.64770946472995,63.81490272146142,-4.167193256731473
61.771285764709056,59.55038520579185,2.220900558917208
24.58295052284378,23.067001470872697,1.5159490519710843
49.417326522633246,44.75171171488311,4.6656148077501385
42.860510890464035,43.90717962832936,-1.0466687378653248
80.09415336155162,77.78612489038586,2.3080284711657555
55.670061203643414,58.377191710918154,-2.7071305072747407
66.46046531301127,64.70072566008236,1.7597396529289142
35.68402812885258,37.18275731148856,-1.4987291826359765
87.79595024157666,83.84975495993046,3.9461952816461974
49.36785388011066,47.858519360840646,1.5093345192700127
31.177517012431178,31.595772275565224,-0.4182552631340464
21.94865966022167,22.275713495536735,-0.32705383531506627
28.36204053098848,25.683982914588697,2.6780576163997836
78.62970774945391,78.85945621976938,-0.22974847031547085
54.93161492070246,59.47793662952124,-4.54632170881878
64.78744876002804,65.21870344318364,-0.43125468315560056
41.66005558500801,41.870250465924116,-0.21019488091610583
71.4250116639509,72.64280380376874,-1.2177921398178455
-22.86804860700201,-17.35258308116437,-5.515465525837641
18.317620645918606,18.377484330595124,-0.05986368467651815
82.52942704345692,81.99592852854326,0.53349851491366
64.00948454214685,61.5650594329149,2.4444251092319504
-6.772108237957735,-4.899077055502687,-1.8730311824550476
25.449759262585733,18.423815671690207,7.025943590895526
51.58591075795707,54.60690862512074,-3.020997867163665
38.725581695950694,40.773701627335306,-2.048119931384612
47.12488372286507,45.89254461113699,1.2323391117280806
65.88004939662328,69.68737039800222,-3.807321001378938
38.86715002659563,39.38743090075927,-0.5202808741636389
41.688686693851714,41.07656118554886,0.612125508302853
31.031712798845412,34.53503564209281,-3.503322843247396
67.10555815930915,62.87796987985385,4.227588279455304
70.53182526500025,67.89574114364346,2.636084121356788
71.23125651359766,66.65858339067992,4.572673122917735
11.561625073582267,11.687804002142101,-0.1261789285598347
54.91042043258381,57.85487616903335,-2.944455736449541
29.73753953157301,30.338467288683944,-0.6009277571109344
88.48862468589188,86.04591650194757,2.442708183944305
28.739435302824504,28.832749442406097,-0.09331413958159374
32.90032201073018,33.814704853297485,-0.9143828425673064
-14.819797205917707,-14.348848211898243,-0.470948994019464
-15.705505593176728,-18.563679853489646,2.858174260312918
54.967378568153876,54.203388292277644,0.7639902758762318
29.937880349913186,28.996728580015684,0.9411517698975018
43.57173031816213,44.64072069582834,-1.0689903776662106
80.6662755577895,77.32138163566407,3.3448939221254363
43.0113875454636,39.747306272558106,3.264081272905493
30.60595156449348,31.297859802445387,-0.6919082379519068
41.83913861487703,36.206280950857106,5.632857664019923
38.1293788453765,43.74966190763764,-5.620283062261137
30.695749055150806,32.69470695604488,-1.9989579008940765
17.919101827615126,19.764409830051278,-1.845308002436152
65.96500016829194,64.22111783626195,1.7438823320299832
22.875637906864554,21.785681000813895,1.0899569060506593
74.15435115110768,73.5286023663906,0.6257487847170751
42.98059134053114,43.252463929083746,-0.2718725885526041
57.82292277923063,61.326627069292165,-3.5037042900615347
28.59533379457392,27.565151388443738,1.0301824061301836
50.126920879974776,49.91363483133892,0.2132860486358581
6.068173688219451,5.561555718434633,0.5066179697848181
55.82820119918533,53.698598269110974,2.1296029300743555
35.44036796522274,39.033947104589586,-3.5935791393668453
72.09909295324155,75.28515721058744,-3.1860642573458904
75.56963398879488,76.27828814429091,-0.7086541554960348
40.034574716348686,39.06666914418932,0.967905572159367
72.14258628556227,72.14199595543604,0.0005903301262293326
-8.416332285148433,-4.259861345138816,-4.156470940009617
74.23270162092764,73.0523068153228,1.1803948056048483
42.731724040009986,43.83314902862964,-1.1014249886196552
-20.209631291528687,-16.027729226673046,-4.181902064855642
51.24537541411588,59.48979918021285,-8.244423766096972
9.387041970005042,9.353131770901555,0.03391019910348625
24.693242168352292,25.321118094091133,-0.6278759257388415
47.46208205887315,43.95550168363212,3.506580375241029
54.144246081893144,56.809807941062566,-2.665561859169422
31.680545231552315,35.30924649932585,-3.628701267773536
67.48372382793869,62.55090262493462,4.9328212030040675
32.146908869894645,33.46680295067205,-1.3198940807774022
26.718987995687645,26.21696691474429,0.5020210809433543
-5.5381463620649605,-13.073598779665303,7.535452417600343
56.5010180465781,58.02524484044767,-1.5242267938695662
42.41606720163464,41.581406481534415,0.8346607201002243
76.66504298945492,77.96860199903963,-1.303559009584717
-8.680922720915767,-9.268005080384782,0.5870823594690151
63.596651881046455,63.92599568334035,-0.3293438022938986
60.60099652453174,58.93531136273445,1.6656851617972848
54.141047332071665,48.68309793295761,5.457949399114057
91.26410210093142,90.1414113976696,1.1226907032618243
27.431128120113886,23.71758550838527,3.7135426117286165
46.9059380879206,43.42272112628934,3.483216961631264
28.96706333150536,27.567270864965195,1.3997924665401662
47.86134478661393,49.610850133448636,-1.7495053468347095
30.105645048548514,32.67077240881899,-2.565127360270477
40.79553218487805,42.41803148079469,-1.62249929591664
34.12229118615951,35.11708588748597,-0.9947947013264624
14.536803697139455,17.40789759833855,-2.871093901199096
19.332702109756323,19.364980144118306,-0.03227803436198329
53.7854888390138,51.09676996912278,2.6887188698910194
70.40188485979272,66.98748901093148,3.4143958488612327
47.309181790495,52.47341744168534,-5.164235651190339
15.128581019843418,13.914954699033288,1.21362632081013
40.24879616770126,41.39051171865883,-1.1417155509575707
50.36110984529023,53.954881621952254,-3.593771776662024
6.533004848223186,3.5534070106527054,2.9795978375704806
-2.7149405011030754,0.7053199292801082,-3.4202604303831836
48.50843085254443,44.33265135866496,4.1757794938794675
41.04470364801724,40.019293899314064,1.0254097487031757
48.27449297115418,48.1739492567929,0.10054371436127951
80.63352897287524,84.47682911279618,-3.8433001399209417
66.68847438914284,65.15262199394692,1.535852395195917
73.27458993637806,73.19600532756557,0.0785846088124913
75.26190429463578,71.44704091004505,3.814863384590737
52.25845451568155,57.64999955055755,-5.391545034876003
10.2398645148904,13.924789331477129,-3.6849248165867294
34.481084342676034,37.40343527170273,-2.922350929026699
20.019818043012275,24.689994373006186,-4.670176329993911
38.08242746847545,37.161705532802415,0.9207219356730363
50.50176843461384,49.88423761195101,0.6175308226628289
44.35283466754459,45.03993736385235,-0.6871026963077611
20.40677223031461,21.769158472369114,-1.3623862420545052
89.38712465563326,88.48456123521667,0.902563420416584
3.145927890244004,2.430556745542532,0.7153711447014723
68.73969171071684,67.15803593774831,1.5816557729685314
74.2569654230627,75.81082715271752,-1.5538617296548267
16.85925124652484,13.010643863015048,3.8486073835097905
46.93489393093809,50.89286748162086,-3.957973550682773
77.69068618209548,72.78307458025282,4.90761160184266
32.48386404160296,35.60985850961046,-3.125994468007498
48.485534185888596,45.90618313964019,2.579351046248405
34.266983166120454,30.35185363699341,3.915129529127043
82.6062346297604,81.5981326414782,1.008101988282192
20.771308108490494,14.66004363888483,6.111264469605665
35.228562616021115,31.824096375641716,3.4044662403793993
39.49445063458625,38.930982294083115,0.5634683405031353
-9.919423695317304,-7.8413322488169825,-2.0780914465003217
-22.092815363655447,-22.085011486737244,-0.0078038769182029455
94.58504191383251,90.54143354760703,4.0436083662254845
61.504261134363624,66.78333768096091,-5.279076546597288
42.589692599291794,44.440467084206745,-1.8507744849149503
65.19543479670286,69.83428432427444,-4.63884952757158
60.86075538889558,63.786588467044126,-2.9258330781485427
38.59934525063888,37.44000208889611,1.1593431617427754
73.85021887288158,74.54304099148081,-0.6928221185992243
81.86343755547782,83.10468704531978,-1.2412494898419624
19.41628593591724,19.842072226802088,-0.4257862908848473
57.79543595324765,54.66505506109488,3.1303808921527647
55.549633932433444,58.79839064622871,-3.2487567137952666
-15.45065802339459,-9.91277354688296,-5.53788447651163
62.1906281993368,60.79218890511903,1.3984392942177664
64.6681237221009,63.888490758855475,0.779632963245426
55.92193849797674,53.376344690604625,2.5455938073721143
37.081970397852736,38.220447511034365,-1.1384771131816294
75.69505856026758,74.44576817070643,1.2492903895611533
66.98873820158515,61.687995229620576,5.300742971964574
-10.304044335730694,-4.392623116412821,-5.911421219317873
28.152861983401337,29.376221899308533,-1.2233599159071957
61.06954624811742,63.61877028575248,-2.5492240376350637
59.68679368989491,59.15233408262472,0.5344596072701933
61.977217597634414,59.895770018386756,2.0814475792476586
2.631918910106551,6.558714133833632,-3.926795223727081
54.599128069814924,51.51908828444131,3.0800397853736143
69.12258891243843,67.930036401597,1.1925525108414377
-11.655476782901049,-15.410632761407854,3.7551559785068047
16.566408332295946,15.528481462275806,1.03792687002014
39.828559727208116,38.618933459732546,1.2096262674755707
60.44139762349886,59.476812129595004,0.9645854939038543
74.09120028716798,74.1116348168142,-0.02043452964622361
61.944785699109886,53.8989107959492,8.045874903160687
15.439337079755914,16.341394257704906,-0.9020571779489917
55.38352518885492,58.74337790016471,-3.3598527113097916
-3.26724166485234,-3.970873727155322,0.7036320623029817
67.35951413032211,70.2442962533161,-2.8847821229939825
-17.246450687732416,-18.94593306474235,1.6994823770099323
43.08586255921035,39.971972316543564,3.113890242666784
58.422355787345296,56.84035828071435,1.5819975066309482
43.88967138847332,46.002556541582614,-2.1128851531092963
74.13507817173262,74.6096364556948,-0.4745582839621818
58.820227339391565,57.55184228498052,1.2683850544110413
-2.2842901789215246,-1.7137802364651407,-0.570509942456384
17.199641667257673,17.17832324857359,0.02131841868408202
-12.43597289980578,-8.593578919595728,-3.8423939802100513
35.214839796799716,34.15087079025383,1.0639690065458822
76.23089987323334,77.63130169135646,-1.4004018181231146
21.482683456263217,18.047889570455013,3.4347938858082045
24.43938757411952,27.842450705059193,-3.403063130939671
16.286178053811835,18.00051078508946,-1.7143327312776258
20.04996659737643,21.258228396406437,-1.2082617990300086
45.868620131386095,54.971647305510544,-9.103027174124449
48.18642395804747,43.99301608060413,4.193407877443342
45.87730489615992,51.50522167743993,-5.627916781280007
8.039322543885419,10.034742813210585,-1.995420269325166
66.22606283891682,61.32293909060543,4.903123748311387
70.60464406498527,71.83795151387383,-1.2333074488885671
31.38694146143069,37.16669137243538,-5.779749911004689
61.934203294392006,60.191679895533596,1.7425233988584097
58.43500438629289,57.21656228002566,1.2184421062672257
53.51123937033959,51.11977164220104,2.391467728138551
5.865768197231799,7.990282169976169,-2.12451397274437
71.85340392561531,75.57345665439529,-3.720052728779976
69.0420627604839,66.40625374363674,2.635809016847162
55.52567702440767,54.59340103390279,0.932275990504877
42.871759303463094,44.773899769176396,-1.9021404657133019
65.5831120660211,65.42169311216914,0.16141895385196392
-13.892191849971208,-14.128968124473474,0.23677627450226524
64.24367435227828,68.18523895997208,-3.941564607693806
54.92656006399459,56.33887377516379,-1.4123137111691975
57.031978576025836,59.984247291040624,-2.952268715014789
14.439395922851988,13.846436833361722,0.5929590894902663
44.00181595006449,40.73799219338157,3.2638237566829176
20.511599990702816,23.474615957654365,-2.9630159669515486
31.04384209169816,31.666396227565784,-0.6225541358676239
41.17415889750302,37.53688823383988,3.637270663663138
60.22311655020102,60.281902288881696,-0.05878573868067605
15.514827832179325,21.53409291673826,-6.019265084558935
71.81070302912683,71.49684823187846,0.31385479724836784
20.392861255033967,18.91999096098813,1.472870294045837
24.300790802056003,23.057869976131144,1.242920825924859
14.752400784562436,15.810208119237458,-1.0578073346750223
-11.169981245640448,-8.04542520016625,-3.1245560454741987
57.013748193447285,57.81753715555207,-0.8037889621047825
34.261172306414004,34.55642552479307,-0.2952532183790666
47.810605881157784,48.89902927728035,-1.0884233961225647
70.48883088149437,66.64884492962193,3.8399859518724355
55.91911350872633,54.98615085858283,0.9329626501435015
38.672431748891015,41.44926328848572,-2.7768315395947027
51.668825998466914,56.08192249592196,-4.413096497455044
46.88223342807211,46.815063947534284,0.06716948053782801
36.50440172093183,33.220491034638925,3.2839106862929057
34.52530737572992,34.37071840704621,0.15458896868371141
25.18895662347176,25.61129276093733,-0.42233613746557097
53.29566477960506,57.22529835682415,-3.929633577219086
-10.484773505469423,-5.350818490562844,-5.133955014906579
69.01017990288432,63.74074263239268,5.269437270491636
62.650164638507604,64.99656788865946,-2.3464032501518517
41.16215675312256,36.35760848864457,4.804548264477987
53.89971512304446,52.050695566058295,1.849019556986164
80.1149196844487,79.25249889614616,0.8624207883025292
53.320170041969135,57.127563896047796,-3.8073938540786614
47.95636458096931,47.12156429021464,0.8348002907546643
11.126204289967736,10.287119108845147,0.8390851811225897
23.618501009474205,22.582478466055832,1.0360225434183725
3.2350727128382646,2.7361164787203194,0.4989562341179452
74.26822339879678,74.79557672477293,-0.5273533259761507
43.547420639836204,42.46560507089465,1.0818155689415576
-12.712303656790029,-16.89793513626519,4.185631479475161
49.167840744947625,50.28121528950185,-1.113374544554226
44.4213933132205,50.05707216122667,-5.635678848006172
58.457095810026736,55.74219695192399,2.7148988581027496
-14.550121197237079,-16.107253313708952,1.5571321164718732
40.23156596257937,43.07504191737907,-2.8434759547997004
54.24178980919955,52.207712711168234,2.034077098031318
50.46305968939722,44.62597175578995,5.837087933607272
37.228312119769406,36.998249327687176,0.23006279208222935
60.34420877099895,58.21456629860211,2.1296424723968386
60.24934111967384,57.76308406214529,2.4862570575285545
44.740824292856736,43.47994100209354,1.2608832907631964
58.16946559906476,57.9756328529017,0.19383274616306068
22.92259692713958,23.346807659178296,-0.4242107320387163
43.4067188844116,45.44377825954357,-2.0370593751319674
51.248607101953716,47.68267438673598,3.565932715217734
40.02358215164817,42.474341324401145,-2.4507591727529743
30.523798724183806,31.151207204292618,-0.6274084801088122
60.489641978916836,61.479138617035375,-0.9894966381185384
60.4969604869494,63.2271642273124,-2.7302037403630024
0.4233383304195666,5.9029627722537015,-5.479624441834135
60.64230418055291,59.5433713510182,1.0989328295347107
29.498479671755867,30.362439873361737,-0.8639602016058703
-30.05636986087112,-26.147489049884484,-3.908880810986634
50.29835847094118,50.11879307281289,0.17956539812828964
41.17709079916064,42.7308655384302,-1.5537747392695636
49.89731837307595,48.77365740076381,1.1236609723121376
48.47966113505746,47.61036301447605,0.8692981205814121
67.09399876684928,67.91263719242298,-0.8186384255736954
66.96011965553112,64.22494058342514,2.7351790721059785
60.032033782089016,62.173448833376625,-2.141415051287609
44.3099487008798,46.435266292071034,-2.1253175911912336
20.3697909937618,23.08134637013059,-2.711555376368789
20.57733574185476,22.498587397025275,-1.921251655170515
60.5133011059694,62.089363206110335,-1.5760621001409376
-9.807623663327828,-12.734817522208715,2.9271938588808872
69.12649573144175,73.10585364816406,-3.979357916722307
7.805425336761943,13.161634379522212,-5.356209042760269
77.21601215443613,75.67463899280796,1.5413731616281723
13.83831076861358,14.1849227703796,-0.3466120017660206
49.49259262818042,47.423579035240714,2.0690135929397044
33.926316244050334,33.02860961620004,0.8977066278502903
60.45451747007093,61.03197878496947,-0.5774613148985352
17.536197502513303,16.077334280536164,1.4588632219771398
42.89925649484212,45.529966763521266,-2.6307102686791453
41.722767851228866,41.12445298900783,0.5983148622210379
59.07620559028978,57.686784329595454,1.389421260694327
62.020585700225126,63.99811772018516,-1.9775320199600301
33.44190726051932,30.786908957743208,2.6549983027761144
24.898553331050138,24.4700779400261,0.42847539102403687
57.11819685155104,60.95417495668578,-3.8359781051347426
60.293786538175475,63.34570316311603,-3.051916624940553
41.403415192855654,40.48495216593678,0.9184630269188716
38.12679564700477,37.61782767240041,0.50896797460436
58.89639719131132,53.1851166990407,5.711280492270625
-4.965403828556573,-2.742060993918102,-2.223342834638471
61.11034334199225,60.38418103079993,0.7261623111923186
26.913339228755927,25.709813910815143,1.2035253179407839
73.05034824477292,74.73873145372258,-1.6883832089496593
17.011514987970465,19.772998473415555,-2.7614834854450905
36.570731889192515,36.73696681815639,-0.16623492896387404
-10.183685680736431,-13.135249173041785,2.951563492305354
52.41665154359129,52.565651052679954,-0.1489995090886609
40.415661443153326,42.82296845195151,-2.4073070087981847
33.51613007950051,29.61349998267076,3.9026300968297534
47.13194187876465,41.81685615569084,5.315085723073807
71.89570338043323,69.27933119852958,2.6163721819036567
64.8403122281445,64.7851618440732,0.0551503840712968
55.15813452356159,53.390228852115726,1.7679056714458667
-13.937749435677398,-11.545685266449922,-2.392064169227476
36.60352168720729,33.62895799462045,2.974563692586841
70.31221934776424,68.30013146747277,2.0120878802914746
80.11326338405992,78.56263017893272,1.5506332051271983
45.95094185572647,42.60098452405357,3.349957331672897
37.87550125024512,43.24793822825049,-5.372436978005368
-6.179901528576508,-5.930780335011235,-0.24912119356527285
50.81087712872043,50.00044838363711,0.8104287450833212
52.35180590606603,56.479226298912714,-4.12742039284668
-3.7008461058711073,-3.969168377606195,0.2683222717350877
63.144623249206234,58.90768675253636,4.236936496669877
44.09893224543428,39.55382396933356,4.54510827610072
16.040587835905193,13.005215215018723,3.03537262088647
45.69262727375801,51.33394237282853,-5.641315099070518
-18.22510697788063,-20.22386448172101,1.9987575038403804
24.339867428380163,24.966090887976335,-0.6262234595961722
36.79596581964666,35.450600990461695,1.345364829184966
46.00875682719589,41.82672055226695,4.18203627492894
18.823769555383308,20.775169376322182,-1.9513998209388745
58.38808335735274,59.718516190932576,-1.3304328335798346
2.7856403058291646,4.891143043799559,-2.1055027379703946
37.40781764913789,40.96672559698665,-3.558907947848759
41.8255642508908,40.069863163924126,1.755701086966674
27.31853426549564,25.31969645361781,1.9988378118778307
37.20580762871426,35.792736154540904,1.413071474173357
82.17829395032722,80.83452530436155,1.3437686459656675
25.321423956233723,27.268791040341355,-1.9473670841076327
74.0829577448039,69.32751193977761,4.755445805026298
36.65950894621429,35.92509813107853,0.7344108151357602
49.88086871870828,54.36195456949283,-4.481085850784552
25.768947461508784,30.393309197040054,-4.62436173553127
-4.5980028963611055,-1.441628668056694,-3.1563742283044114
40.06797546009463,39.292055691420195,0.7759197686744344
25.34804217302444,24.541704569128996,0.8063376038954431
9.1665337403573,7.669802495481974,1.4967312448753258
61.13019853868498,58.15616534835728,2.9740331903277024
47.71145343996657,48.29557133271882,-0.5841178927522535
41.76720022974713,39.341120627864605,2.4260796018825275
24.080061573458416,23.66793657894131,0.41212499451710727
73.7489720328653,72.53333636357195,1.2156356692933485
-18.231841720258032,-16.002207310986662,-2.2296344092713696
17.57404259182082,20.967590002901645,-3.3935474110808244
51.97412714297929,49.7679899118194,2.206137231159893
-12.928617928421483,-13.492240114682474,0.5636221862609911
62.15059082639775,63.71814577356172,-1.5675549471639698
40.1915912047834,42.045135357720405,-1.8535441529370047
-11.843700414185015,-15.154800585522437,3.311100171337422
76.23061243517267,77.51123023382763,-1.2806177986549585
73.05677953121962,70.86416219873941,2.1926173324802107
2.3932749416785093,0.5244216272065074,1.8688533144720019
37.608747848939196,37.577372515489174,0.03137533345002197
45.18171566429333,44.07624264139924,1.1054730228940883
85.34236531422395,83.9789723533822,1.3633929608417503
60.79074051984008,57.162949817666984,3.627790702173094
48.351898162366915,47.33509330393233,1.0168048584345826
24.003019545681866,25.56230408898857,-1.5592845433067026
39.605942700766676,36.809991160283644,2.7959515404830313
69.90114844910278,64.40931282730308,5.491835621799694
26.558531821443463,26.55468742830351,0.0038443931399534392
66.76926239529234,65.86866489522322,0.9005975000691251
53.103537071397945,60.293921947775004,-7.19038487637706
54.80387109258397,55.400898313084,-0.5970272205000313
47.5705194440712,50.41824488812138,-2.8477254440501767
56.661225679447895,57.96913446698547,-1.3079087875375777
48.41795474301438,38.071479612186856,10.346475130827521
23.14308190832704,22.86397049306501,0.27911141526202954
32.020363445311446,31.958236434134264,0.06212701117718211
61.796924017618544,58.51427279338166,3.2826512242368864
62.03953106579464,63.22344157688274,-1.1839105110881007
51.01907028607573,54.21090461983896,-3.1918343337632322
64.14196651724806,63.84776006827319,0.2942064489748759
35.72308583429514,30.344398267791235,5.378687566503906
73.63949097655129,71.17681169934261,2.4626792772086787
38.87595762481737,41.276412899293476,-2.4004552744761085
64.64670947006351,67.54663809249676,-2.899928622433251
52.83576441739406,50.81719797911235,2.0185664382817095
38.90247345295869,38.49355487143054,0.4089185815281482
69.48888433147403,72.6957969782112,-3.2069126467371802
28.376729194427785,28.166411701021175,0.21031749340660966
61.46557946719014,66.94837276720361,-5.482793300013469
59.818462176396224,59.763924809293265,0.05453736710295942
37.08939110419335,37.6417433295268,-0.5523522253334434
59.08516520785288,59.24897801500075,-0.1638128071478704
74.55687802970397,76.10206383528634,-1.5451858055823777
74.25358915524211,82.36576495753388,-8.112175802291773
52.503764252556124,57.9312364743824,-5.427472221826278
3.2076338911860196,1.5340843809146776,1.673549510271342
65.58749694336186,67.18193202567295,-1.5944350823110938
51.43645805962852,50.105511487379275,1.3309465722492462
53.08345878136191,51.27472443660372,1.808734344758193
73.65325230604189,72.92648634008509,0.7267659659568011
32.55513391139329,32.00069463978457,0.5544392716087216
12.671108133656869,14.12241380517274,-1.4513056715158719
39.8008711158881,43.32732681890768,-3.526455703019579
56.21445811168781,57.238170377726625,-1.0237122660388138
72.02967009491412,69.49226723892697,2.5374028559871533
56.01216837787962,52.975186574898004,3.0369818029816145
59.90073238067122,64.38004173729564,-4.4793093566244195
46.69793557834403,44.64045870889953,2.0574768694445
48.531895181433185,49.87775762136742,-1.345862439934237
18.313535968456833,19.65028152048619,-1.336745552029356
66.47045898248254,67.83453922084024,-1.364080238357701
68.72765053224967,71.45478396844327,-2.727133436193597
45.25309889314209,42.6816867996026,2.571412093539486
43.0791836742235,46.96493953758505,-3.8857558633615525
34.389894952950236,31.24510767560284,3.1447872773473975
56.04858672911497,57.33873349058918,-1.2901467614742046
42.369329647676025,48.29064568875413,-5.921316041078107
52.24994288297935,49.45468281341631,2.795260069563035
59.313034778841626,59.35501069877566,-0.041975919934031936
52.209251017901735,54.87546013831236,-2.6662091204106275
53.10195932455239,52.6236436700205,0.4783156545318903
62.26138574253347,62.018820874485726,0.2425648680477437
4.0441361101179325,2.7032585477372635,1.340877562380669
69.58368938761471,64.97784008404625,4.605849303568462
17.103101266838767,12.797331149196054,4.305770117642712
55.690152265632186,53.68746545267297,2.002686812959219
38.20989100357466,41.97116012310372,-3.761269119529061
8.280219635603855,15.276842797580315,-6.99662316197646
26.182792795278566,25.060244340101022,1.1225484551775438
41.83752032615076,41.70828091024005,0.12923941591071042
61.79014783452193,56.23785375000455,5.552294084517385
43.401495214284814,42.419090099112104,0.9824051151727105
43.743565403865176,40.21116298913297,3.5324024147322035
45.61953564993841,43.5487503696688,2.070785280269611
83.36483655765495,79.010893780553,4.353942777101949
50.199333694621636,52.00565937798644,-1.806325683364804
47.53620926477455,45.13168973033284,2.404519534441711
65.17133172097317,63.60660725002794,1.5647244709452295
53.12384011122964,50.95957912057898,2.1642609906506607
75.43993463487337,73.77337646810358,1.6665581667697893
66.15447690144114,68.6722770890214,-2.5178001875802636
53.97766395575843,57.49105684774216,-3.5133928919837274
19.666479711727327,15.732913337411574,3.9335663743157525
33.351993729196934,30.88588427210732,2.4661094570896154
54.369143613426516,51.91590991761272,2.4532336958137932
57.79262609279994,59.07707978663588,-1.2844536938359354
53.93731254162636,55.333884346555166,-1.3965718049288043
50.18466974054879,45.82157548601404,4.363094254534751
16.049115904097544,19.179885412331842,-3.130769508234298
42.88879786769056,46.019574508596556,-3.1307766409059923
57.350366839392926,55.644975924017416,1.70539091537551
13.565657926281638,9.172531963527135,4.393125962754503
63.22335352648781,57.405468651668734,5.817884874819079
68.43242477152896,67.47758222475555,0.9548425467734063
2.071674879119661,-0.6432916833870621,2.714966562506723
58.04439584993487,57.65304141003489,0.39135443989998464
73.50522272509947,69.7949272971698,3.7102954279296654
4.428328954856991,5.495347693147096,-1.0670187382901046
70.46123422127296,69.01029273351345,1.4509414877595077
80.03160352527296,80.45691047854172,-0.425306953268759
49.05469811400045,51.65003973274994,-2.5953416187494867
-11.266651434157835,-10.99971589732651,-0.2669355368313244
14.358923675087926,15.797489237066074,-1.438565561978148
45.830506138075,44.38720870795096,1.4432974301240407
83.56396805811737,83.40898565576124,0.1549824023561257
24.228996040124343,28.300863541909706,-4.071867501785363
74.96561513838348,71.59142478500114,3.374190353382346
65.04608693571143,64.75485273017986,0.2912342055315662
56.38873080353266,57.699405894924894,-1.310675091392234
23.810610259420052,20.668649921763702,3.14196033765635
22.741247168703957,26.907749109330936,-4.166501940626979
54.11209338959159,53.03589769565235,1.0761956939392405
50.212302471593524,51.020880368688175,-0.8085778970946507
40.579256953775555,40.856515892447035,-0.2772589386714799
28.323444691998716,30.50795493377133,-2.184510241772614
74.84813031855778,71.24112147005668,3.6070088485010956
37.550306651528956,37.4138595042273,0.1364471473016593
43.1939885312702,42.70203986206942,0.49194866920078084
31.601853615218758,32.592725882920035,-0.9908722677012776
50.84465780492175,54.13916822379532,-3.294510418873571
76.15575395801197,69.48983336120693,6.665920596805037
39.274740755422215,43.71065957519662,-4.4359188197744075
26.03010428447648,26.545261908167618,-0.5151576236911382
44.92261323047309,46.878970158028444,-1.9563569275553547
65.66930142777392,64.2152946233575,1.454006804416423
12.228437471479582,11.999410195714404,0.22902727576517812
70.18421552982096,71.31740738720423,-1.1331918573832667
-3.5819634664882316,1.6189418957146273,-5.2009053622028585
65.87151426369172,62.67502311164082,3.1964911520509034
47.1232965164775,52.299081851666884,-5.175785335189381
70.61730982852424,73.57252045182834,-2.9552106233040973
82.6871040552343,83.64738524883728,-0.9602811936029809
19.993672082368416,22.710525548560284,-2.7168534661918677
83.50246254997802,82.73652412780552,0.7659384221724963
-8.13876808677197,-5.794247257155391,-2.344520829616579
34.09013565831894,39.0023227760735,-4.912187117754556
44.13302940363405,46.89081563584349,-2.7577862322094404
47.11056780334941,46.466629943900074,0.6439378594493377
7.5862437652492964,11.546618026560083,-3.960374261310786
36.46716622292783,43.16986344807088,-6.702697225143048
-11.857847586174893,-10.86727357896062,-0.9905740072142724
38.265940341632515,39.00295691567953,-0.7370165740470185
59.787723836648986,63.71720655222828,-3.92948271557929
50.645368221376934,52.55355966993701,-1.9081914485600748
-7.230009117710697,-13.770308443651459,6.540299325940762
50.266701218252045,48.37751637376662,1.8891848444854276
20.372340724382674,21.46259562570937,-1.090254901326695
34.34332730005378,31.347071905634422,2.9962553944193573
53.351744947009294,52.45596894071942,0.8957760062898714
65.96735707368099,66.96734710453937,-0.9999900308583847
82.35828011006532,83.04977047755526,-0.6914903674899335
1.0009849404134963,1.803225550300553,-0.8022406098870567
56.508969079666755,55.291099329285174,1.2178697503815812
78.6952058533292,80.35298993146898,-1.657784078139784
42.950103326104546,41.289757051799775,1.6603462743047714
59.32540131870529,62.2102280800049,-2.884826761299614
48.46768700422446,52.14195800859141,-3.6742710043669504
47.065586083877434,49.179406443663815,-2.1138203597863807
53.47711759639106,58.22962728168511,-4.752509685294051
59.69110590715522,56.241822447242676,3.449283459912543
33.53291064279304,37.578910988880196,-4.046000346087155
17.970889978233043,16.48855451351035,1.4823354647226914
56.881728591782334,53.90456922944786,2.9771593623344756
79.16436113739923,80.83003147296438,-1.665670335565153
44.52311958179007,41.67555624895089,2.8475633328391794
10.2433538538767,8.19521936310295,2.0481344907737498
50.148087165699046,49.21782004993823,0.9302671157608131
26.060893202269256,28.739709184868573,-2.6788159825993176
78.82811501720283,81.73799121818797,-2.9098762009851384
50.10238580760839,48.870304313057005,1.2320814945513874
43.10488577758576,39.10534886553219,3.999536912053564
96.65386864449476,92.33989311010419,4.313975534390579
79.69159050596446,76.98476599069316,2.7068245152712933
11.529458206260959,10.490649759661736,1.038808446599223
37.73342660296885,37.693611576433014,0.03981502653583391
11.790856705317362,11.677072356674671,0.1137843486426906
65.9108523739897,65.6550908290646,0.2557615449250932
75.50066023781179,73.86377301390893,1.6368872239028605
29.59326240171407,24.240240342151978,5.353022059562093
-21.668036652124258,-19.443859132849155,-2.224177519275102
-0.16593620418538935,-3.8291582155739405,3.663222011388551
58.719005580329686,57.64063465178025,1.0783709285494325
39.33758612580696,38.44472150125549,0.8928646245514642
-9.079171229145334,-15.068075154082095,5.988903924936761
-15.799444150775164,-18.1405242625125,2.3410801117373357
78.8081639862974,75.24694129402201,3.5612226922753933
51.773908129797725,55.340703351392904,-3.5667952215951786
73.84858750462851,72.79255952952553,1.0560279751029782
48.26004912188403,43.392564499186335,4.867484622697695
64.04224522984084,62.630098412830634,1.4121468170102105
78.9067988641133,75.8622651019324,3.0445337621809045
33.98725466222536,32.92255163703875,1.0647030251866099
69.46290077513305,61.36416709806895,8.098733677064104
78.7008159183906,77.31349399806409,1.3873219203265137
79.11675136003066,75.1098119205037,4.00693943952696
47.75487568397414,46.82079413643564,0.9340815475385043
78.6768486463014,77.67149640143087,1.0053522448705223
33.75459128404777,41.41670492215136,-7.662113638103591
37.91336311452899,37.07020667303236,0.8431564414966317
63.99719359092261,61.45964598774741,2.537547603175206
75.34525800105783,78.31049227255772,-2.965234271499895
36.52800230967597,38.382777746176245,-1.854775436500276
11.884749836288307,8.4128113806956,3.4719384555927064
67.79345197952432,69.38682233073132,-1.5933703512069997
25.875678604733842,26.058161285947378,-0.1824826812135356
-3.182246793994814,-3.1647628570482738,-0.01748393694654027
54.63087988564945,55.78892691906864,-1.1580470334191943
43.29780056078435,40.57448007859273,2.7233204821916246
17.159740088457106,19.873080689235664,-2.713340600778558
79.28471511591079,79.19210591100278,0.09260920490800117
22.621707250186954,24.03631005742649,-1.414602807239536
53.69258371702844,55.081635108279606,-1.389051391251165
-0.9137416783408947,-2.793614017739671,1.8798723393987762
-19.506458911828496,-18.580955375018647,-0.925503536809849
53.59331929758886,56.262902102857815,-2.669582805268952
55.923765067099175,52.4126363962335,3.5111286708656735
68.87429443760303,68.29546831454222,0.5788261230608072
81.26418562086717,82.34272039660041,-1.078534775733246
44.27749614213249,46.833350330141975,-2.5558541880094836
71.61149956549052,71.89688503633815,-0.2853854708476291
-0.7401826055840681,-2.4360451376336556,1.6958625320495875
38.32665991282608,37.887403934854575,0.43925597797150573
66.26855144784189,66.20202328806639,0.0665281597755012
-17.6566821910118,-25.551782756188658,7.8951005651768575
37.371823134767986,38.94332974511615,-1.571506610348166
5.107340074577445,5.364558555951248,-0.257218481373803
61.04736335005123,66.35874130604135,-5.311377955990125
40.807473415016375,44.610204466852046,-3.8027310518356714
59.66057194466515,56.7582077490212,2.9023641956439477
62.54209990003489,60.417897573062035,2.1242023269728563
84.56769255222501,85.46949623871308,-0.9018036864880656
65.99816546141852,65.7413545002112,0.2568109612073215
86.44923684871276,86.7385874304958,-0.2893505817830402
64.76279229268867,65.65055185193354,-0.8877595592448699
69.59887141846072,69.71281801371111,-0.11394659525039685
66.56738216146087,64.34058461519402,2.2267975462668517
25.6559652343352,29.046033071632877,-3.3900678372976785
59.792419475437306,54.478031613254245,5.314387862183061
42.596785575338316,44.41706639352054,-1.8202808181822263
48.21795360879022,46.21046441295553,2.0074891958346868
36.13109119887956,40.18320210146671,-4.0521109025871525
-6.842295586319093,-4.432681630928116,-2.4096139553909772
78.36273365646463,80.37655933524063,-2.0138256787760014
74.51909839908869,73.64929637016121,0.8698020289274808
65.3518439119739,62.25494062444108,3.096903287532818
51.72315079810078,53.16548028545266,-1.442329487351877
64.86310101524454,65.17303133652575,-0.30993032128121456
48.244053086532844,46.66470342131737,1.5793496652154744
53.763781803977885,54.050072990038345,-0.2862911860604598
80.44251369734248,79.83713691052449,0.6053767868179847
36.95521364497188,40.64842843723701,-3.693214792265131
61.822680907502175,68.02655088447312,-6.2038699769709496
68.01056202436129,65.00109485277443,3.009467171586863
62.828292760808566,64.84656865120023,-2.0182758903916636
86.59599343514031,86.23830278353701,0.35769065160330626
17.765708197929815,19.03616096833818,-1.2704527704083652
55.987661656154614,52.97161592154235,3.0160457346122627
5.501764441892578,7.478858906903099,-1.9770944650105209
-5.696908521370185,-2.809688537460147,-2.887219983910038
27.522494831050647,24.004924413373374,3.5175704176772733
70.99634347341343,72.31877897627686,-1.3224355028634278
72.45936968842109,74.21689763792371,-1.7575279495026166
48.75222822948884,55.71321741785227,-6.960989188363428
32.04859473662244,30.282571340256823,1.7660233963656182
67.68177603711769,67.54512156125135,0.1366544758663366
53.0864725406343,58.25774170689289,-5.17126916625859
52.184358931838055,50.82753861499534,1.3568203168427146
34.871899837319404,39.86334444370982,-4.9914446063904165
64.31040286353806,64.25663082070187,0.05377204283618653
62.067997723841415,66.76510231303553,-4.697104589194112
58.61627494744557,60.63430657019846,-2.0180316227528934
71.51795265872428,63.78013239246414,7.737820266260144
42.85327083059653,42.22873206315808,0.6245387674384517
30.43931653990641,32.24989530186505,-1.8105787619586415
41.24341074664159,43.28108007896304,-2.0376693323214567
13.051818131972786,12.932580672426951,0.11923745954583431
71.56836115372816,75.84424178958851,-4.2758806358603465
48.88462247524596,45.88720238617188,2.997420089074083
51.98583721012152,57.63848610194018,-5.652648891818664
58.65299875330014,58.89227113541075,-0.23927238211061308
28.474080487231888,29.0226422613313,-0.5485617740994115
54.73162817875017,52.650521293961425,2.0811068847887455
-2.806858278964424,-0.8939773869233676,-1.9128808920410565
43.097119880224156,50.44435782823715,-7.347237948012996
58.88601290395693,57.370127350834046,1.5158855531228852
41.86100373216426,40.177144142160635,1.683859590003621
-4.620933619448066,-5.563429436601879,0.9424958171538131
53.99187199358842,54.03675532512844,-0.04488333154002078
46.57176864738352,42.55121274038615,4.020555906997373
77.22553293572378,73.10980897254959,4.11572396317419
17.42368197155846,21.72724411353498,-4.303562141976521
36.74255894536613,33.37598503848734,3.3665739068787843
76.46699204110267,75.44322378131623,1.0237682597864364
13.84123826206078,13.475813672953464,0.3654245891073167
57.277714210492334,59.85654579741633,-2.5788315869239966
-17.633226493369122,-23.11237765536366,5.479151161994537
58.295618961738924,60.917490927678145,-2.6218719659392207
75.97118624717604,77.48558596377178,-1.5143997165957472
-0.2502201546292051,-5.374230643451455,5.1240104888222495
85.1263156208092,90.04727287013726,-4.920957249328069
13.697342153563731,8.955917036614679,4.741425116949053
40.5313410329128,39.98949327095194,0.5418477619608595
42.26623119450322,37.02144303073095,5.24478816377227
62.696259247504244,61.62275598913295,1.0735032583712965
34.092143040965894,28.806683493392427,5.285459547573467
65.05340049601206,63.95639617705773,1.0970043189543333
59.49444945472777,61.97843778896895,-2.4839883342411753
-19.37135863980847,-20.884965821359017,1.5136071815505474
32.745878821086386,26.992304856013916,5.753573965072469
60.79920081326898,63.75514873439876,-2.955947921129777
35.68831185758261,35.29814902087321,0.39016283670940055
-10.92815718327071,-7.30876499214186,-3.619392191128849
42.54918931547966,42.35882383801106,0.1903654774685961
28.45655191915432,34.253980148869886,-5.797428229715564
33.21477557852172,32.32781261088637,0.8869629676353483
-0.6092712736860624,-4.284290060348326,3.6750187866622634
17.239888901397215,12.300045430854013,4.939843470543202
40.82345327828734,39.03887466992937,1.7845786083579682
32.72680662250236,30.02867955038913,2.6981270721132304
67.21215017250992,71.11545279292832,-3.903302620418401
65.80948402283153,63.81861982656962,1.990864196261903
29.583992459139687,25.2133918959817,4.370600563157986
51.81710500000026,52.91009138701905,-1.0929863870187901
49.434352940741306,42.983987941791064,6.450364998950242
22.729399359433145,21.312523570799,1.4168757886341439
-14.652037863103113,-13.042592408445032,-1.609445454658081
75.07654114640033,77.38807631458053,-2.3115351681801997
64.88688315400242,60.27062832910032,4.6162548249021
9.790651174163779,10.009185426125654,-0.21853425196187537
83.78253944848957,81.79816299609253,1.9843764523970435
41.43650568348018,36.758540230509524,4.677965452970653
66.30424378455159,62.48795910295289,3.8162846815986953
47.48081469863311,40.13466972521384,7.346144973419271
70.47146639195041,68.09117151065999,2.3802948812904248
-1.3888270984564115,1.37789951352498,-2.7667266119813916
51.656603307758864,53.2129183235225,-1.5563150157636372
44.66121818802015,46.71616433872421,-2.054946150704062
30.727750382827264,28.102547084491533,2.6252032983357303
62.099318039299085,63.5728205432639,-1.4735025039648164
-21.983359610461704,-19.160674433951286,-2.8226851765104186
60.906940609352986,65.18486784808375,-4.2779272387307685
81.52774302231327,85.80990398911112,-4.282160966797846
80.5825614623303,80.05502244130864,0.527539021021667
17.78312546052243,15.552971505211474,2.230153955310957
93.4758899299602,92.75890986492942,0.716980065030782
81.46915228254403,77.13493540303388,4.334216879510151
50.98123532666531,48.2078132665028,2.773422060162517
64.0745351437398,64.63711439288363,-0.5625792491438375
71.68687183899051,67.3248015255624,4.362070313428106
18.427643151104007,22.436753878529473,-4.009110727425465
41.73846921211346,38.44360250619769,3.2948667059157657
14.314103999703764,16.03648433139,-1.7223803316862352
80.20733995389574,77.39728103633273,2.810058917563012
34.918123905341346,32.38442415220102,2.5336997531403256
48.98552956196011,49.434041522202016,-0.448511960241909
1.6208132696469697,4.985481632634489,-3.364668362987519
50.38581632097613,51.7396452573391,-1.3538289363629659
73.80155850271224,68.61427204815848,5.187286454553757
47.40656375279859,44.2045923977884,3.201971355010187
64.34538203446088,66.58717003210998,-2.241787997649098
65.16296073625834,63.10494782325398,2.0580129130043616
67.25735122593373,74.76067783914296,-7.503326613209225
28.678537808211217,25.543589812000448,3.1349479962107694
65.37799690826874,67.63368693234789,-2.2556900240791435
70.80579906158242,69.86031015763443,0.9454889039479895
47.28549577340662,48.55915565192859,-1.2736598785219684
63.795329229496,60.10973167547877,3.685597554017228
19.308910478415253,18.160258309709164,1.1486521687060893
-6.486623039372279,-6.197341774844205,-0.289281264528074
12.784814576964333,14.670750247146472,-1.885935670182139
69.42234744566287,68.71785837347544,0.7044890721874282
83.1768219621561,78.572077111758,4.604744850398092
9.706177391004442,8.10185060694387,1.6043267840605715
31.859452191317196,30.525967607230086,1.3334845840871097
53.9895820344352,50.891726877314454,3.0978551571207475
72.69859291689446,75.67395125352002,-2.975358336625561
-16.907322854088477,-17.206925595272608,0.2996027411841311
61.96792352250313,64.34916803232062,-2.381244509817492
33.197078520019964,30.568185095579338,2.6288934244406263
-9.249876736128293,-6.098944511165456,-3.150932224962837
56.235230996314044,59.5373544509669,-3.3021234546528575
39.38595848158502,38.926399816691166,0.459558664893855
84.26481523721388,87.07458103031709,-2.8097657931032103
58.73846211050696,62.596057358767865,-3.857595248260907
-1.4483673792110645,2.019072563717785,-3.4674399429288494
9.5950486310809,12.782414744110284,-3.187366113029384
47.24292592890103,45.7882840131659,1.454641915735131
32.83284093153068,32.08347827560932,0.7493626559213595
0.5566966666586337,-0.3340780961191001,0.8907747627777338
21.722779802800346,26.021882803252723,-4.2991030004523765
26.24056264578357,28.141954659146037,-1.901392013362468
-10.055662973885964,-3.8612309094751254,-6.194432064410838
36.210468858366625,38.2715500678514,-2.061081209484776
34.448298546931845,33.56247060652623,0.885827940405612
47.738436689386695,46.781225816393444,0.9572108729932509
-28.539031163012176,-27.53941927447876,-0.9996118885334155
35.76571402735498,34.324128048239544,1.4415859791154375
68.59707440980058,68.12594443232376,0.4711299774768207
40.28318896649442,37.94241814837025,2.34077081812417
62.30665627225597,61.36635269033691,0.9403035819190606
-19.230571908494284,-14.764714403444145,-4.465857505050138
74.43606140186147,73.212429387113,1.2236320147484605
39.68850491394064,43.563972564737995,-3.8754676507973542
48.98146722059455,45.136148120164094,3.8453191004304585
46.142705719512236,43.910413732518215,2.2322919869940208
5.437871851375331,4.645181327694985,0.7926905236803456
40.20460233923897,38.11801427825933,2.0865880609796363
55.68896855822478,56.048242894887416,-0.35927433666263653
34.05889140921706,33.94427665171999,0.11461475749707262
43.380045557904324,41.87338666408333,1.5066588938209975
-19.561580961731174,-20.403513870888517,0.8419329091573431
52.263682209697755,53.11676435095449,-0.8530821412567349
53.141194385481384,53.456209577142985,-0.3150151916616011
73.21892787459856,74.11850719004063,-0.8995793154420682
67.39168132794835,68.27908903611322,-0.8874077081648721
63.21001874160606,64.96089471525764,-1.7508759736515742
24.179728992876992,26.3725302351492,-2.192801242272207
36.05551640152891,37.214902173705255,-1.1593857721763428
49.82661840797199,52.33980038805928,-2.513181980087289
18.435272869361064,22.288178025827364,-3.8529051564662993
89.23285825729488,89.35957129256126,-0.126713035266377
54.35628065693917,53.804538194878916,0.551742462060254
1.4341624192298714,-0.5424406689385535,1.976603088168425
25.63746741644956,25.52751456761581,0.10995284883374978
41.54494720779449,40.600079345815026,0.9448678619794677
32.902294239206476,38.281352569916415,-5.379058330709938
77.40831336084769,78.50911956015582,-1.1008061993081384
-24.727516937884424,-26.86856882059253,2.141051882708105
43.07521792742808,40.528241994113074,2.5469759333150037
68.27350091916176,69.76500941104251,-1.4915084918807509
42.8577643705264,44.64372036032564,-1.7859559897992412
30.35314199093313,30.9678209651493,-0.6146789742161722
63.88925525347215,59.95684547022361,3.932409783248538
58.80079812272538,63.1163582782013,-4.315560155475914
69.33194817590847,72.45604838987296,-3.124100213964496
36.32981381057079,41.63117040759221,-5.301356597021417
74.65368407987525,73.06754822066684,1.5861358592084116
16.831720416790056,16.023873134609076,0.8078472821809797
-3.754548148453293,-4.0233321669063855,0.2687840184530925
42.99666043657718,43.39418930215381,-0.39752886557663203
38.28821523701866,44.34189571684121,-6.053680479822546
84.58252203138187,78.31811228340456,6.264409747977311
33.159258056498395,30.877413755628794,2.2818443008696008
49.765921183023565,49.655916365974676,0.11000481704888898
31.120654025688314,38.921610770285426,-7.800956744597112
52.54014409066043,54.054214499554426,-1.5140704088939998
34.834216389950576,32.05780574728149,2.7764106426690844
40.86525705441727,39.72432226673699,1.1409347876802798
51.74300525980594,50.78083379095738,0.9621714688485596
39.35835489318896,44.19697806417955,-4.838623170990587
60.16390289602175,64.1009465925118,-3.9370436964900506
50.35886489538235,52.14350166997822,-1.7846367745958744
47.67446069611952,50.35406113126186,-2.6796004351423406
81.35752716180832,74.63489843934394,6.722628722464378
17.396731822930526,17.54045002935733,-0.14371820642680433
68.31611241184702,71.38289086243574,-3.0667784505887283
50.464418828750965,50.275966694728965,0.18845213402200045
66.92389613225102,64.99057420351244,1.9333219287385788
37.320324983121345,32.72687307820783,4.593451904913515
66.22318141579713,64.77533785032102,1.4478435654761057
29.289499007771276,28.39429162059298,0.8952073871782957
54.12233455752651,47.85148531774669,6.270849239779814
50.98178804990883,49.85242304819654,1.1293650017122872
54.11503375299386,58.37630681525196,-4.261273062258098
35.637909579980224,31.143916631634255,4.493992948345969
52.377472252270564,57.324945182157286,-4.947472929886722
31.384347018496722,29.90237222277034,1.4819747957263836
64.96884630505052,64.79363160127372,0.1752147037768026
77.32620708908009,80.0993450888626,-2.77313799978252
28.37672111793768,27.452450302897716,0.9242708150399643
27.59680017372203,27.380826923540965,0.21597325018106517
50.294877427067036,50.137535014695686,0.15734241237134938
82.59870933499815,81.67649230511554,0.9222170298826029
23.578795362715475,24.15276899279283,-0.5739736300773544
11.452325027098507,6.62959382800625,4.822731199092257
30.026573171572856,35.44982450165678,-5.423251330083922
61.61718211984214,59.821890288270566,1.795291831571575
66.51947001460593,65.06832847068881,1.4511415439171174
-0.16045359791379266,-8.088761967082647,7.928308369168854
47.7939862473999,46.270478354017925,1.523507893381975
41.32161086739578,39.23187980568943,2.0897310617063525
0.6327761110010499,2.645753200047011,-2.012977089045961
67.74571377371832,64.534799740002,3.210914033716321
76.45015196609337,73.51426688341068,2.935885082682688
48.1042127217476,50.09000342846313,-1.9857907067155267
49.27553399697916,50.12916918412925,-0.8536351871500898
9.639799481010602,2.6588544721748093,6.980945008835793
16.990872114139425,19.841716503393968,-2.8508443892545436
61.119141112970034,63.92481617407768,-2.8056750611076424
74.02892429184483,73.38410248105188,0.6448218107929478
76.63609754651277,77.03645258930011,-0.40035504278733924
8.587334084280172,7.941642705423334,0.6456913788568386
47.1299036774351,47.96999154793,-0.840087870494898
-5.619979273261709,-3.3831300837120466,-2.2368491895496625
35.24730230475614,35.70696036015396,-0.4596580553978171
49.31482787605824,48.51607262639108,0.7987552496671597
15.115648850592603,12.610487042674194,2.505161807918409
-6.40041851016169,-6.246642314383067,-0.15377619577862323
48.56066750498297,48.92408412529996,-0.36341662031698974
43.720317814120094,41.72684693757107,1.9934708765490257
73.86695115839834,66.38452354507882,7.482427613319516
67.8769926807159,68.3686738828001,-0.4916812020841945
62.83087739416543,65.02299702275586,-2.192119628590433
41.406210243873915,42.76505761162922,-1.3588473677553026
64.61070648042788,61.56896274079489,3.0417437396329916
58.7615398721942,54.367643302928144,4.3938965692660545
49.3849336341605,52.987060085648956,-3.6021264514884592
53.46971606700279,50.759533870397526,2.710182196605267
15.807468507043787,16.09453644853285,-0.2870679414890631
50.732391482406214,52.31506579683287,-1.5826743144266544
51.83099117164182,49.1843875295959,2.6466036420459176
50.941990140622224,48.70819861808424,2.2337915225379845
46.41109126717236,49.85320389379598,-3.4421126266236186
60.52630429175734,62.37843160274848,-1.8521273109911363
66.11265428913632,62.56446518472201,3.5481891044143055
27.49126295612878,26.291553037138726,1.1997099189900524
8.83841254063815,7.1113679683194135,1.7270445723187358
42.14264542863934,42.98367332162365,-0.8410278929843074
43.26561215353005,43.78010279834067,-0.5144906448106212
65.73825783572047,61.71603978122713,4.022218054493344
71.84903135061674,68.26719855608624,3.5818327945304986
70.42321695984563,69.23407365759212,1.1891433022535125
-7.207340686644068,-4.448878662956801,-2.758462023687267
-15.190798110124401,-11.83110993416075,-3.359688175963651
59.87915334102581,53.97754599968656,5.9016073413392505
17.588706074045298,16.469616625508706,1.1190894485365916
40.09876674223195,42.69084190265793,-2.5920751604259777
46.41566309540481,44.65424345834126,1.7614196370635469
78.83348511972464,78.61861520873158,0.21486991099305897
77.57140761872364,79.21408861047777,-1.6426809917541334
52.58445805419526,55.3215936600715,-2.73713560587624
62.87885074068116,66.40166751643383,-3.5228167757526734
55.711875575702905,53.49047583127028,2.221399744432624
17.118340712855773,19.164432410438366,-2.046091697582593
59.216502239241976,52.555096786574055,6.661405452667921
20.814332986626127,14.137853750959678,6.676479235666449
36.015263957681825,38.01517563816158,-1.9999116804797552
48.16594216054772,47.715482439153334,0.45045972139438817
16.872844395997262,14.594765232110944,2.278079163886318
48.15330697538149,47.255133766374705,0.8981732090067851
24.77938263388468,24.46247577475991,0.3169068591247708
45.765869296796204,43.038602671101266,2.727266625694938
79.97587806711807,78.52055803195614,1.4553200351619324
58.242594067972924,59.707958983083344,-1.4653649151104204
79.75583813738083,81.5220311802981,-1.7661930429172656
60.18446155132327,57.77084023543002,2.413621315893245
48.769660811690656,51.8080951579774,-3.038434346286742
49.65893851021683,52.92099073262182,-3.2620522224049893
31.35272896129059,29.784621231210338,1.5681077300802535
-7.018116670366874,-2.042170063759116,-4.975946606607758
32.34266002309168,35.80300512578583,-3.4603451026941485
58.64949009173231,58.76335241131157,-0.11386231957926185
47.85505646775102,47.68960500933483,0.16545145841619302
11.598902796166335,8.64569726288174,2.9532055332845957
76.52997080029303,82.73998594008675,-6.210015139793725
48.9905332846206,46.53911721824058,2.4514160663800197
36.23812660728826,35.783486522218,0.45464008507025966
67.26781457835024,65.00899526176272,2.2588193165875197
66.78798067715499,64.53478787822765,2.253192798927344
-30.98466049842017,-29.38739888894382,-1.597261609476348
73.15258149486996,71.11464217702286,2.037939317847105
23.392280595959754,21.451793034883096,1.940487561076658
17.480274220840915,12.79278398314618,4.687490237694735
45.4253450356994,48.85764166856684,-3.432296632867441
83.69916442161193,87.1804941827687,-3.481329761156772
21.067623005838776,22.17667816495772,-1.1090551591189453
15.755498376402644,11.074304765833574,4.6811936105690695
66.59695298160722,68.2656525653567,-1.6686995837494862
67.66755944928681,61.04347569475548,6.624083754531334
45.759533407352855,46.68113431789574,-0.9216009105428853
53.35446354006266,49.95746205534127,3.397001484721393
-19.752537708641984,-19.29888956973734,-0.4536481389046436
24.097318788876333,25.488555273805275,-1.3912364849289425
65.17737523893265,62.39202596421529,2.785349274717362
43.868397873029295,45.99200140570174,-2.1236035326724476
61.639143451437135,60.61771223555216,1.0214312158849737
43.09438849024671,40.56292432781779,2.531464162428918
-18.343567123846977,-20.410719746266622,2.067152622419645
31.004630274285567,32.03343138207872,-1.02880110779315
16.415941786109517,17.91453858936333,-1.4985968032538146
-1.6161008623615039,2.232617149955246,-3.8487180123167497
70.60092572469361,74.10471729774035,-3.5037915730467404
5.054774423068816,0.9523017929103617,4.102472630158454
35.56107920351205,37.388052231446665,-1.8269730279346135
19.48988400981681,25.615780710032567,-6.125896700215758
65.91385892331701,63.684688935060905,2.2291699882561034
-20.18450429859148,-18.491220500931064,-1.693283797660417
24.734026674332302,25.351291643709857,-0.6172649693775547
66.84243389482083,70.40545367568714,-3.5630197808663127
29.624604958206895,33.828756785823785,-4.20415182761689
-29.522728412916788,-27.911834378606827,-1.6108940343099611
41.5203592470334,40.99288361576245,0.5274756312709457
55.6336704573863,54.58109665263355,1.052573804752754
47.48758835290635,45.07538213043088,2.4122062224754686
37.29636936613455,41.04460845512474,-3.7482390889901893
50.959160593617696,51.442384461510706,-0.48322386789300964
68.69851805269192,67.39884189275784,1.29967615993408
25.957695473045415,30.35791964860178,-4.400224175556364
12.030965118626208,13.978156539215718,-1.94719142058951
56.252894499238046,55.16653595766696,1.0863585415710872
43.43197066487143,45.7430091645127,-2.3110384996412705
47.312018138953825,48.75377672817233,-1.4417585892185087
52.749082381035095,54.17802614711195,-1.4289437660768556
62.000995643278095,62.64980484926225,-0.6488092059841577
74.43419989194075,73.80964992881208,0.624549963128672
24.142010823207098,29.30635509027367,-5.164344267066571
67.67594241840197,65.66875622168924,2.0071861967127376
21.607414621767155,21.233849568832,0.37356505293515596
37.25511579281167,40.73203406741779,-3.4769182746061205
44.69376582734237,49.34709331776084,-4.653327490418469
28.533038454592564,30.03614711876851,-1.5031086641759472
30.598563563291556,29.982761912236853,0.6158016510547029
76.36587901959228,75.12822590690155,1.2376531126907366
55.42379791444301,52.48789916014085,2.9358987543021584
-7.6196561648024055,-8.53319019364723,0.9135340288448237
47.11149882166863,46.7449389503417,0.3665598713269347
90.12941486284939,88.23482767362239,1.8945871892269963
66.27842383533829,72.31720894108989,-6.0387851057516
38.656594588135114,34.17893791825817,4.477656669876943
-32.99420488613316,-35.19570648915159,2.2015016030184285
20.93107825884812,17.31402600277717,3.617052256070952
-10.620196825988359,-13.162036217886936,2.541839391898577
29.633413248489138,29.403727382347313,0.22968586614182485
72.9873590172165,71.58931379994047,1.3980452172760351
49.30730177518887,48.533595804501886,0.7737059706869829
46.38463843370413,48.087941075198486,-1.7033026414943535
65.87131141565655,63.37935806555607,2.4919533501004807
55.55131507076164,56.86832376902715,-1.3170086982655107
26.182012415453887,29.999747437552898,-3.8177350220990114
38.78438615454296,42.98959715284214,-4.205210998299179
14.956094098072855,15.45534852148785,-0.49925442341499426
53.71451329767099,51.25236315579258,2.4621501418784106
-21.002299076118486,-14.83043164035199,-6.171867435766497
65.40896112294176,66.91119232943404,-1.502231206492283
14.107479971372594,18.15098694203168,-4.0435069706590845
50.29039153375314,51.2992304869711,-1.0088389532179605
19.898613286076863,17.81218125990327,2.0864320261735934
35.88987989676668,30.95536677306552,4.934513123701159
19.8622721319156,19.27347492917049,0.5887972027451092
60.09285059617654,60.53443840417788,-0.4415878080013371
82.45087978015438,80.65833199368446,1.7925477864699246
18.812179976666727,16.775381545086546,2.0367984315801806
55.8448357949455,58.36213411598027,-2.5172983210347653
49.355007063603765,52.367642878088546,-3.0126358144847813
33.69562466165358,36.361523471836946,-2.6658988101833643
45.330123676747625,46.980050252093996,-1.6499265753463703
59.09279131923069,63.422670686597456,-4.329879367366765
83.65681652728813,75.56392085219555,8.092895675092578
33.17073616788225,27.51241839962441,5.658317768257838
78.96228575730441,77.69548959800751,1.2667961592969021
70.65381342041836,73.55058375715078,-2.8967703367324162
37.568378479312344,40.65993423212314,-3.091555752810798
48.94737741178092,53.69024537438501,-4.7428679626040875
65.51759191715719,60.43471944850603,5.082872468651161
59.95520299160506,63.5564793562181,-3.6012763646130352
7.039943078398167,14.236419200403375,-7.196476122005208
80.6787889861731,78.96456916505258,1.7142198211205226
39.84924393879811,43.478636567568955,-3.6293926287708445
61.44931216734843,62.10750653720638,-0.6581943698579522
42.911514855282036,41.018688407024804,1.8928264482572317
87.72863811141407,89.2348580575815,-1.506219946167434
26.78052222571032,19.469451104301328,7.311071121408993
72.65957077539193,71.87655819441763,0.7830125809743009
-8.538704458692106,-10.763920996685016,2.2252165379929103
12.563866745092815,12.508379049725463,0.05548769536735243
-10.554332444134854,-8.295702544875994,-2.2586298992588603
48.53564337428578,44.37362419160279,4.162019182682997
55.421642163268196,55.21834613194035,0.20329603132784513
60.15498816294845,60.82899576058325,-0.6740075976347981
37.68780846937415,40.709759806942024,-3.0219513375678773
58.895321564803425,58.04101235372221,0.8543092110812154
57.91053835518839,65.31041473167983,-7.399876376491434
46.69567576717819,45.98262561167294,0.7130501555052504
52.66456415666412,52.80932881643101,-0.14476465976689212
50.06841606732765,53.47408985260408,-3.4056737852764343
55.40705502545409,58.32920352721275,-2.922148501758656
59.357901489791125,53.26950761820502,6.088393871586106
53.49266343185644,50.05242253594095,3.440240895915494
72.31045681598196,72.16433663221781,0.14612018376415392
58.262133971187644,56.56806661018399,1.694067361003654
46.819579350732035,49.5278890022714,-2.7083096515393663
69.8992913350744,70.58340833798063,-0.684117002906234
47.02796110300382,46.13802259855896,0.8899385044448564
-7.115155862713026,-2.6174182157059676,-4.4977376470070585
12.831622603810105,18.0058669764652,-5.174244372655094
43.881790862864776,41.80659981584216,2.0751910470226136
73.73485699960528,73.57463687714638,0.1602201224589095
46.48832694163405,46.289115549708754,0.1992113919252958
63.12504939867256,61.088996770581005,2.0360526280915536
82.41900924267685,78.26482537059407,4.154183872082783
69.94075460810542,73.73899160039232,-3.7982369922869026
43.19221822157302,47.594404189971314,-4.4021859683982925
32.2468677849018,31.38110521415375,0.8657625707480534
39.905383688675656,37.77494264156174,2.130441047113912
56.98604499889538,53.50638230523537,3.4796626936600106
15.145335435785011,13.199743886763954,1.9455915490210565
32.91753852506785,36.357768852533454,-3.4402303274656063
79.34104872343363,76.67236657253498,2.668682150898647
67.03026415386601,69.43678523918621,-2.4065210853201933
-7.053737599632627,-7.210546678266738,0.15680907863411075
71.98245680865563,72.6801461016722,-0.6976892930165661
25.41109776368547,30.184435325532718,-4.773337561847249
-32.34649095015992,-33.14228691327027,0.7957959631103506
35.68987168746613,34.07785429519089,1.6120173922752414
46.374574457197696,40.12167058010461,6.2529038770930825
51.19652984766841,54.35659250789521,-3.1600626602267994
41.151555869814146,41.10350427646762,0.04805159334652842
34.22793677007932,34.46524664875285,-0.23730987867353548
31.004376455574047,28.95954730228236,2.044829153291687
-0.621458672376531,6.918783281373678,-7.540241953750209
54.69429425950381,57.14823121552257,-2.453936956018758
63.666841206270675,63.27286637360353,0.3939748326671477
40.31202086926375,40.63602245400317,-0.3240015847394204
18.493186455105118,20.1545453010706,-1.6613588459654807
59.79521707306048,56.957044803505134,2.8381722695553435
42.099583150369945,42.23364433867251,-0.1340611883025673
38.507010298814755,38.344984100284364,0.16202619853039124
-18.973497608957857,-16.146532527144117,-2.8269650818137393
14.583821162609725,14.152221440419538,0.43159972219018705
38.18341851349801,37.486831585721404,0.6965869277766075
80.12639105815586,79.8563677218118,0.2700233363440674
61.97879840772856,59.113965457110844,2.8648329506177177
63.25217239191504,59.70407835506621,3.5480940368488305
45.14358023624462,44.11999200538266,1.0235882308619537
79.7585911690971,80.84007427369144,-1.0814831045943407
-0.6491392266293294,4.404839456217829,-5.053978682847158
43.69285052341933,47.02657708456171,-3.3337265611423774
4.262132441655398,3.7868155296351205,0.47531691202027737
14.426566922697738,15.471313118315749,-1.0447461956180106
-0.055284903680669295,0.6284152798377391,-0.6837001835184084
60.486997755682665,63.126471929638754,-2.6394741739560885
21.41458685530154,19.093125976466965,2.321460878834575
25.377349255811666,27.873731510795665,-2.496382254983999
58.157708090460034,60.656628242642356,-2.498920152182322
66.42296662272187,69.61914246704521,-3.196175844323335
40.154711122562134,42.381862371911396,-2.2271512493492622
25.7487719364946,29.04122636096028,-3.2924544244656815
43.322605603975354,39.376185259503906,3.9464203444714485
47.764050413904826,46.981809797931675,0.7822406159731514
20.006190980023536,20.569001373931144,-0.5628103939076077
51.959827703457385,54.05682449374152,-2.0969967902841375
67.03769245277793,69.92733378808266,-2.8896413353047308
43.87080540856126,42.91826173579896,0.9525436727623031
53.20145248062528,52.259441251896185,0.9420112287290934
60.781582077721744,61.63516703557427,-0.8535849578525259
44.620170587402235,42.78607411994146,1.8340964674607747
41.96052148812309,43.486448145225545,-1.5259266571024526
49.44453114211088,50.87636043546883,-1.43182929335795
37.789999007163594,39.104243974301845,-1.3142449671382508
33.072391192957085,33.5921349551857,-0.5197437622286145
29.96503078630585,35.7978986386686,-5.8328678523627495
41.4419022640689,43.70703486995978,-2.2651326058908765
49.522925229632165,44.88331870508563,4.6396065245465365
48.26531101199038,47.697250882317185,0.5680601296731922
63.548898408572526,61.43645912110851,2.1124392874640137
49.81366691813074,50.86689796828563,-1.053231050154885
74.84964185849593,70.9841137265164,3.8655281319795307
45.62567325337927,46.89489224803984,-1.2692189946605694
2.2224860714893997,-0.24559869670066803,2.4680847681900677
27.019791617636468,25.576383116799676,1.4434085008367923
53.42559477721621,51.897717940702485,1.5278768365137267
82.3085272459196,82.1820471251401,0.12648012077950455
28.69119942067199,30.780149010383866,-2.088949589711877
77.0466316003216,84.26800360473908,-7.221372004417475
-5.354770737945411,-10.421124341377805,5.066353603432394
72.02763505406432,70.51087344341457,1.516761610649752
5.3730359608057245,1.3451406839644733,4.027895276841251
31.3013524572104,33.37829038987948,-2.0769379326690824
41.868037067535596,38.69655957709859,3.171477490437006
86.88205805718783,85.80335029997917,1.0787077572086616
47.37217036603926,47.21606952804239,0.15610083799687402
63.165509574506096,57.92696700030652,5.2385425741995775
56.65321731093064,60.303710399281165,-3.6504930883505224
69.28920026838243,72.41352466545587,-3.124324397073437
27.67553816406604,28.144955236747066,-0.4694170726810256
26.23267889110738,24.49787796924329,1.734800921864089
-18.56994822899664,-16.0253343212421,-2.5446139077545418
65.22598184187021,65.52161143285855,-0.29562959098834085
18.756084559332535,18.673442028180034,0.08264253115250142
59.79460676536565,61.706465528545436,-1.9118587631797865
86.81209399958749,84.70451358136106,2.1075804182264335
48.03551490813222,47.14194084704811,0.8935740610841094
65.4118268000365,65.6554106193815,-0.24358381934500528
-14.47271610345097,-15.699601525773872,1.2268854223229013
20.889216726757454,21.15406504646981,-0.2648483197123568
34.04501500575805,31.958064100133157,2.086950905624896
43.43860306569951,46.10776643308869,-2.6691633673891815
44.00820370716103,45.4153921816507,-1.407188474489672
36.75263678268333,34.97300896880574,1.779627813877589
22.15274971187567,25.900976146711088,-3.7482264348354164
44.72235102291793,42.542401404965304,2.179949617952623
36.05111100152733,39.127382715935056,-3.0762717144077243
61.963253235295056,58.98561782139332,2.977635413901737
29.259109999908897,28.02979294568513,1.2293170542237668
35.200329882111866,33.749227966426545,1.4511019156853209
77.65698743764688,73.39747555119007,4.2595118864568065
-1.2625703705945974,-3.8733332540532217,2.6107628834586243
-7.1502694690466475,-6.603956485769487,-0.5463129832771605
68.44090311492543,69.94657877247298,-1.5056756575475418
45.914416221922096,42.63765596869233,3.2767602532297673
86.18225846626483,83.24780757970008,2.934450886564747
82.02647172648005,84.46234158121725,-2.4358698547371915
42.87467581021317,46.41857979134518,-3.5439039811320114
27.248137837402627,25.8223079066304,1.4258299307722275
57.96857445048289,60.879914583123664,-2.911340132640774
69.20517528982732,67.40620096750388,1.7989743223234456
79.12752240881059,76.03859628363492,3.088926125175675
-23.08350195295949,-20.32596650698605,-2.757535445973442
67.24261419380015,70.65262797367063,-3.410013779870482
32.139442703909026,32.16269655943505,-0.023253855526021994
75.01191854118798,79.83986400967089,-4.827945468482909
66.50801575227048,62.935110655874325,3.5729050963961555
30.70146424504233,35.251728029687115,-4.550263784644784
27.94896510356459,31.379345446843914,-3.4303803432793245
57.22407054594124,58.90997214196131,-1.6859015960200736
33.27096297746272,31.729541704933226,1.5414212725294973
61.863991998147945,58.35907143251435,3.504920565633597
44.16138606787375,43.793074833205026,0.36831123466872384
75.95901824542638,69.90696048951244,6.0520577559139355
81.99382237303003,77.80815088313703,4.1856714898929965
56.87899556102745,57.74585988462469,-0.8668643235972411
54.22235994680443,56.11623909143419,-1.8938791446297571
41.77352424366467,40.22908526520518,1.544438978459489
-8.851144135443572,-12.298751180725219,3.4476070452816465
41.95553522183635,37.649475895435664,4.3060593264006854
22.482082675072405,23.22650717031577,-0.744424495243365
41.503674009420045,36.79302560842446,4.710648400995588
55.52546930311254,54.39822972937059,1.1272395737419458
5.3946712270417585,0.17487893010984124,5.219792296931917
70.8451454622045,78.52856251259007,-7.683417050385572
12.591300001740697,10.284116994261666,2.307183007479031
24.996390399384904,27.198339353620554,-2.2019489542356503
5.229511975602911,5.3133183573397815,-0.0838063817368706
64.58125584106975,66.50912644685349,-1.9278706057837383
47.02527750637811,46.41900407473548,0.6062734316426273
16.223736769104843,14.510676774706596,1.7130599943982467
63.48295911624353,63.04627219790741,0.4366869183361146
70.57982515641008,74.23839215700215,-3.658567000592072
27.98067193056272,31.654079859918497,-3.6734079293557755
39.260152134722254,42.313198272202754,-3.0530461374805
45.08469773219352,50.51510136051089,-5.430403628317372
24.113973969772015,24.65391317099683,-0.539939201224815
-5.493838650176612,-10.298498225519111,4.804659575342499
41.08488739893663,38.28407391066774,2.8008134882688864
64.57264159668397,63.945246310076236,0.6273952866077295
60.475524109217744,55.98321128861381,4.492312820603935
62.84806481721186,61.91986210201228,0.928202715199582
82.85290010952194,83.85211446053897,-0.9992143510170308
69.53679843427891,67.70593898310212,1.8308594511767922
60.49987685500923,64.4340688678416,-3.9341920128323764
-16.56418859571973,-18.285034822777646,1.7208462270579155
30.869518687647776,31.20122006745659,-0.33170137980881265
82.59121925340683,82.14953472678275,0.44168452662408697
74.99846642173719,74.40815002735275,0.5903163943844447
69.15365031235191,71.77881914670427,-2.625168834352351
82.82603831569597,81.71658853331817,1.1094497823777942
28.483286876849885,34.860612092372136,-6.3773252155222515
-4.561222197923672,-6.6253876614119775,2.0641654634883055
52.01411611652156,45.46041143672542,6.553704679796141
47.34511316597263,48.04736388991376,-0.702250723941134
-11.676966979852873,-10.026144759839937,-1.6508222200129357
83.17115625524886,85.79367280122277,-2.622516545973909
58.219042764258134,58.50688707055691,-0.2878443062987728
23.924255576676384,23.98530119662999,-0.06104561995360669
32.826625864963006,31.45851545368855,1.3681104112744578
-17.025228183368874,-16.336160691516056,-0.6890674918528177
60.50352155203201,61.65228783745324,-1.1487662854212246
17.771675603543457,20.000249472223274,-2.228573868679817
40.5237046661524,46.95369891320505,-6.4299942470526545
50.87435568136341,58.009162675631735,-7.134806994268324
50.09169036034431,50.40367226320195,-0.3119819028576387
33.06345595218601,31.11947006183358,1.9439858903524296
49.00020550432649,50.46347663130469,-1.4632711269781993
67.93424219844113,65.93068714456506,2.0035550538760702
49.22737315206562,49.232753928947076,-0.005380776881459326
40.23545076452362,40.745121207469836,-0.5096704429462164
59.305185122073176,61.118493881196436,-1.8133087591232595
60.75985175086482,59.13081432506679,1.6290374257980318
85.03014055630257,86.75950543248584,-1.7293648761832685
67.16239724415621,68.5170273556792,-1.3546301115229937
73.43493399132339,70.592860877473,2.8420731138503896
48.60346624114878,48.98247700549383,-0.3790107643450469
42.25540058550136,45.83879893965981,-3.5833983541584473
32.92402158382744,31.80070484859786,1.1233167352295794
23.487855493927043,19.612589988484146,3.875265505442897
36.3274151197831,37.4453582930437,-1.117943173260599
47.57091987547669,52.73596467384193,-5.165044798365237
55.89522831089257,59.623798613627656,-3.7285703027350863
73.4780071423823,71.90654207990923,1.5714650624730666
-7.039691350486986,-9.797508087355425,2.757816736868439
59.89998484729804,62.045787466483645,-2.145802619185602
57.24060905859962,61.39571660920644,-4.155107550606822
65.26192736562545,62.81283277473102,2.4490945908944326
51.11851051230667,50.562222411628824,0.5562881006778468
68.27031801322984,72.13369892794002,-3.863380914710177
-21.326764656979332,-22.265493811839832,0.9387291548604999
-17.611625990549445,-18.88787094056319,1.2762449500137443
91.21442028249807,86.69950557361888,4.514914708879189
65.11682616341093,63.43011806432584,1.6867080990850951
34.6131205756608,34.37624290595535,0.23687766970545
68.1758011894144,66.18269259021633,1.9931085991980666
73.9263969132069,73.52075683954601,0.4056400736608907
45.86097167973284,48.05693797240147,-2.195966292668629
81.72142475684139,80.64260962215863,1.0788151346827561
5.314385929166107,6.188757090956443,-0.8743711617903358
16.779937990153336,16.312465430204725,0.4674725599486109
9.42684485662207,8.292283042943623,1.134561813678447
40.955558814752564,36.59296063632257,4.362598178429991
53.898124886286894,56.56863328964361,-2.6705084033567132
49.69550413988353,51.81360417679798,-2.1181000369144485
20.89566561289281,25.230552642012924,-4.3348870291201145
58.00024620991066,59.04069386471228,-1.0404476548016248
78.92894010957697,80.43222844081924,-1.503288331242274
40.9258744825101,36.514893701565796,4.410980780944307
67.06095415518814,64.06697471121248,2.993979443975661
37.36562773025473,38.52796687008415,-1.1623391398294203
13.580131175798883,10.262556477618105,3.3175746981807777
1.214635278519304,1.0228827192784564,0.19175255924084755
-0.8924456427220637,0.061293245435351196,-0.9537388881574149
97.14770445732222,93.48821394547656,3.659490511845661
49.28324115626208,51.484604085214634,-2.2013629289525554
77.5680777070441,78.98935422035896,-1.421276513314865
26.62113101132057,24.293199704838713,2.327931306481858
34.44283343967926,35.43115704152554,-0.9883236018462753
20.289474819518347,19.33387312677081,0.9556016927475355
0.15019592798241105,-0.20862208858582676,0.3588180165682378
44.18550069317824,44.728281759158335,-0.542781065980094
-11.143358049807668,-7.9905479387186205,-3.152810111089048
36.5502221891085,38.531302750735854,-1.9810805616273512
66.45812532866228,66.74623580684178,-0.2881104781795045
38.52994944779372,41.97123713204708,-3.4412876842533606
45.264171909108754,52.54604267113516,-7.281870762026408
16.523080292010103,19.471229160874728,-2.9481488688646245
59.97081350276639,65.68353945831299,-5.712725955546603
53.238658112554475,48.645950563481385,4.59270754907309
21.727518183169384,24.713264937768315,-2.9857467545989316
51.63059997122814,55.56534944922966,-3.934749478001514
81.71410804568674,81.33704833436123,0.37705971132551497
30.281531953925313,28.99530887940439,1.2862230745209224
48.403395680091876,46.81955447988533,1.5838412002065425
35.17967814349375,37.256785279443775,-2.0771071359500226
-5.422493344138297,-5.4174742166547105,-0.005019127483586239
-0.9774968688940209,-1.974633219484943,0.9971363505909221
81.5971604168311,80.73725603469757,0.8599043821335357
51.63541508942167,49.37813128309041,2.257283806331259
41.33452696828298,44.32966335803846,-2.99513638975548
-11.25295782489209,-12.380040440109994,1.1270826152179048
20.59241719926107,26.399866472678013,-5.8074492734169425
45.23787840682869,39.731885744449436,5.505992662379256
79.26481726633149,79.87327106967956,-0.6084538033480698
28.81138136829782,29.130563875988244,-0.31918250769042444
47.336447320834985,43.15219983060791,4.184247490227072
72.82242169633338,74.39027672895514,-1.5678550326217646
46.998132960365176,49.09652859864417,-2.098395638278994
45.07569031676824,42.602828052891844,2.4728622638763937
36.83359604888211,41.83305107798655,-4.999455029104446
28.94877213388872,30.50474918671776,-1.5559770528290393
58.84261378649257,59.6259944555722,-0.7833806690796266
61.742435275095886,64.57528246460384,-2.8328471895079588
71.04411895560044,67.74994656718752,3.2941723884129175
39.56437939761559,40.88227571267089,-1.3178963150553002
36.43810874862883,38.78937747787855,-2.3512687292497247
33.44876821850209,36.176981677530534,-2.7282134590284457
-23.74247138504982,-24.414334919193067,0.6718635341432453
39.72842042240419,39.803644977177484,-0.0752245547732926
57.005128592965974,56.09529903697089,0.9098295559950813
-21.356822373207578,-16.280534956026557,-5.076287417181021
6.7171945015115035,11.526543134084335,-4.809348632572831
64.22756377863533,62.86677632623416,1.3607874524011692
30.44963086812237,28.46425249360496,1.9853783745174098
48.496437309327135,41.07191966249176,7.424517646835376
58.011301720010316,62.30219098502589,-4.290889265015572
73.46914330137115,66.73588802594767,6.733255275423474
64.49169765444249,62.6196569864733,1.8720406679691877
51.361509191623455,55.517323536153846,-4.155814344530391
42.2605806623498,44.19162702605736,-1.9310463637075586
72.4730821183185,71.85923189068589,0.6138502276326108
72.50764786389928,70.74732976999863,1.7603180939006506
46.711566651695684,45.90862581983262,0.8029408318630615
34.978353340233674,33.58475183802754,1.3936015022061312
68.98508532220863,68.99606148874736,-0.010976166538725352
62.314885631510634,61.84553078608403,0.4693548454266008
51.76725580644609,52.71630693465617,-0.9490511282100798
60.79453339971445,60.53823941014419,0.25629398957025984
62.83343287849518,61.92703107719113,0.9064018013040496
50.67550873676349,50.57919839426526,0.0963103424982279
78.03722278550023,80.68608255983598,-2.6488597743357474
44.37645667601673,41.213261692748546,3.163194983268184
49.57398470646797,53.407557663392986,-3.8335729569250176
73.04107846197736,69.51495417900314,3.526124282974223
33.138503924556815,35.65220977517845,-2.5137058506216334
77.34510889911692,81.80950780417658,-4.464398905059653
53.336888765951166,50.93990768250928,2.3969810834418865
56.49252250560404,52.91552107936139,3.577001426242653
40.298953827806976,45.32050987718186,-5.021556049374887
22.439095936827613,25.433445429576622,-2.9943494927490093
54.7430967183194,60.69783338560944,-5.954736667290042
20.590146259041937,22.65821605663467,-2.0680697975927345
66.83558124636015,67.8494656179668,-1.0138843716066503
43.78862130346519,44.810397304383656,-1.0217760009184644
11.024013456348742,9.506939630155927,1.5170738261928154
-12.327475191478715,-13.66536894935129,1.3378937578725747
70.69012639428172,72.10365370055892,-1.413527306277203
55.71583628716746,56.85726495993874,-1.1414286727712764
18.765569400432977,15.000525658228185,3.765043742204792
26.560794434767303,23.00291840849468,3.5578760262726234
69.76980711788578,70.14970510283918,-0.3798979849534021
74.21686151026952,74.88805897393351,-0.6711974636639866
29.527504601117787,28.418646778666883,1.1088578224509043
-31.426839384749076,-29.189115151321985,-2.237724233427091
58.49540055997932,55.79398185365012,2.7014187063292
81.51690421433874,82.23663619369901,-0.7197319793602759
33.894904601568385,36.34058129815166,-2.445676696583277
43.806323018722225,41.483966944525804,2.3223560741964206
27.597833168114796,29.811522975525577,-2.2136898074107805
5.935011214336202,1.4927349533108867,4.442276261025316
16.217011892709685,26.452893125954503,-10.235881233244818
34.695130741286846,36.15825441476085,-1.4631236734740014
18.328520600596963,20.57800127553756,-2.249480674940596
95.28912080721459,89.79579209095341,5.493328716261175
-21.411341628970046,-21.63421163360171,0.2228700046316625
21.14227467836571,18.983872997069724,2.1584016812959845
12.619559600948856,13.997050710158192,-1.3774911092093358
55.74811032797942,56.0218972659098,-0.27378693793038167
46.576398064464485,44.03013379971235,2.546264264752132
42.75061349392813,42.841441212861355,-0.09082771893322672
57.252871965366985,57.17469871303047,0.07817325233651218
37.03748229033578,36.781117096329965,0.2563651940058165
79.58450465264214,77.73111406005383,1.8533905925883118
37.159651501052885,35.598615022329625,1.5610364787232598
33.21139696445408,31.91920541344247,1.2921915510116122
63.41938558773204,60.69958879995897,2.7197967877730704
66.52778280294008,63.7616263153634,2.76615648757668
82.70125623338078,81.03998273886478,1.6612734945159957
47.05971510803395,50.057670336739946,-2.9979552287059974
41.493096579883975,47.98398034266277,-6.490883762778793
32.66722998962612,31.504407524541747,1.1628224650843748
60.973002974559435,56.55685566905525,4.416147305504182
80.20689707984825,83.1004992694398,-2.8936021895915474
29.60472342604812,28.320515224287178,1.2842082017609435
52.66793946223261,50.59387815480856,2.074061307424053
64.75059109285382,61.72786101346611,3.0227300793877134
14.926649626712823,17.61351486129047,-2.6868652345776454
47.409157009088666,52.04195311378617,-4.632796104697505
61.37039516756265,65.21314264818469,-3.8427474806220374
31.662756827327673,32.279440756370974,-0.616683929043301
-17.20238701662744,-19.71923049675955,2.51684348013211
2.923555054239759,-0.6288392735922059,3.5523943278319647
24.564638199376624,28.098391611405006,-3.533753412028382
29.760392204923534,28.48795481401625,1.2724373909072852
5.994298179771571,1.5178542241768724,4.476443955594698
33.14967365469656,25.098814583255106,8.050859071441451
53.994942424876925,52.43926629071776,1.5556761341591638
72.91958805316592,76.62668188370569,-3.707093830539762
39.225266305115724,38.939118362352566,0.2861479427631579
20.155200395280627,18.747975966079693,1.4072244292009337
73.49190547605812,75.58114088928532,-2.0892354132272004
-27.349261868070478,-31.88053308737345,4.5312712193029725
53.605449735347314,55.868813654572506,-2.263363919225192
48.603209367128066,46.176220116219696,2.4269892509083704
-2.0933193195240474,-2.776286809864729,0.6829674903406815
23.31797225933058,21.145234541591037,2.172737717739544
48.07128398251021,42.15717843129371,5.914105551216501
55.82290103547067,57.332813761468756,-1.5099127259980847
50.874992043182075,46.77899663878979,4.0959954043922835
68.35263252945171,71.36061255377344,-3.007980024321725
38.01878565550076,37.404605298946464,0.6141803565542929
35.02887125564275,37.68488810980665,-2.6560168541639015
20.76147972924594,16.184849136932343,4.576630592313599
70.2884663848969,73.42705432320368,-3.1385879383067703
45.96844531395899,47.12364342806287,-1.1551981141038823
52.5223553733636,49.049532546957046,3.4728228264065564
45.21575197642387,39.603051791497876,5.612700184925991
22.30534806074776,16.44870110459034,5.8566469561574195
13.59615953084246,17.280857256776727,-3.6846977259342673
18.426854208648887,18.555046517385293,-0.12819230873640564
4.111384579203635,0.6436064590371586,3.467778120166477
63.55460916565889,62.070274856148075,1.484334309510814
74.8669609643478,71.93570892537502,2.9312520389727723
-8.592213684543706,-7.130173005066723,-1.4620406794769831
57.4666503450505,61.416209878105,-3.9495595330544973
46.76775967717738,48.701587987324444,-1.9338283101470637
55.382011392795015,54.3062180265357,1.0757933662593118
44.55081428174883,42.28747895425867,2.263335327490161
37.80822391841892,38.35074386149964,-0.5425199430807197
38.11249249887866,35.081805320899534,3.030687177979125
33.92653059872044,26.813216289630205,7.113314309090235
43.06593222129105,40.83978127164943,2.226150949641621
66.37373033649143,64.81901557529909,1.5547147611923435
70.60907594321172,65.67454715374006,4.934528789471656
-5.067436213685574,-8.566157121869196,3.498720908183622
79.75585509171584,82.12165955860793,-2.3658044668920866
67.55335336319936,62.658224705255016,4.895128657944348
47.040272834851635,50.203892940977745,-3.1636201061261104
81.5230664574505,78.85047038490227,2.672596072548231
75.57997913594912,73.89953460033401,1.6804445356151092
55.581274818182,54.031120041424714,1.5501547767572887
65.95465293392539,68.5244070611499,-2.5697541272245132
85.0503342258204,82.5086506615974,2.5416835642229927
29.814416511967078,29.468842381096508,0.34557413087057043
44.35678448758036,47.01076888937502,-2.653984401794659
48.82516538567971,45.89031799170777,2.9348473939719426
87.95176470100431,88.15360163742288,-0.20183693641857303
21.356951443098474,22.13784012906808,-0.7808886859696074
49.19943920391718,48.252326474434696,0.9471127294824839
54.764759739919576,52.5840974408022,2.1806622991173725
35.49679657462511,41.30383443096782,-5.80703785634271
43.93414919752971,45.8939898249034,-1.959840627373687
35.175713073721504,34.68390290403714,0.49181016968436353
77.97927102569744,78.17523581860561,-0.19596479290817115
13.914146262182031,16.596527265259454,-2.682381003077422
15.78224635938797,18.71704864039532,-2.9348022810073484
40.1708838081298,39.9799988274305,0.19088498069930182
59.820019133612924,63.67812136436741,-3.85810223075449
43.47372017173392,46.65756163669348,-3.1838414649595563
71.69769364078155,74.13785731066912,-2.4401636698875677
47.87503566774981,44.66793311100624,3.207102556743571
82.61945520196339,84.46493289065188,-1.84547768868849
58.4749654825457,61.44344104245507,-2.968475559909372
16.54806768706862,18.412043824620483,-1.8639761375518624
11.603919550421928,6.159893488158474,5.444026062263454
59.01328755485277,62.611422279274564,-3.598134724421797
25.730796170704583,30.493657519943454,-4.762861349238872
17.480315607308686,18.217390334938997,-0.7370747276303113
60.08163180806573,62.079081838470394,-1.9974500304046643
15.347404577863314,16.31275582997806,-0.9653512521147452
62.19330371676262,65.17151068227572,-2.9782069655131025
43.07223640486844,40.845484358660734,2.2267520462077073
54.79394573254467,54.774743477630224,0.019202254914446826
45.43743406167653,45.697314959526175,-0.25988089784964785
55.969180094288895,58.16938740722603,-2.2002073129371382
57.061400217033714,55.17750130983476,1.8838989071989545
31.14958752380014,28.893270259654557,2.256317264145583
65.9179917062062,64.09521868103866,1.8227730251675354
-8.94993080095339,-4.732581404865016,-4.217349396088375
39.33550495634548,37.660565259174604,1.6749396971708777
-5.366852291361829,0.9761310825494007,-6.342983373911229
90.53297864073066,88.9706069409336,1.5623716997970547
-21.986887859280387,-18.652045248756465,-3.3348426105239213
69.84710048512433,66.07325767148579,3.773842813638538
63.56042057909856,63.047187064650785,0.5132335144477764
45.13894968341589,43.331574353622564,1.8073753297933237
7.749775178424759,11.309283452453016,-3.559508274028257
-18.52102061366449,-16.910793467612322,-1.6102271460521678
21.77180539364214,19.52910238413243,2.242703009509711
68.50471714117805,69.66957114719959,-1.1648540060215424
83.22189097643087,82.306092500589,0.9157984758418678
93.03971923590449,90.07143034339002,2.9682888925144653
-13.817932953466094,-11.357116157887361,-2.460816795578733
14.798332143381783,8.12487460973773,6.6734575336440525
80.56228179978496,81.90300865279183,-1.3407268530068706
46.849663780532346,48.024886494567895,-1.1752227140355487
10.955043995652694,16.043104799322336,-5.0880608036696415
53.576038785182824,52.798034227180295,0.7780045580025288
78.98247428001673,75.47850602372816,3.503968256288573
28.492619016729698,31.39017295706742,-2.8975539403377226
5.1335703636448144,7.892736296796812,-2.7591659331519978
84.09643451420158,85.01460419683923,-0.9181696826376538
56.38827983148578,56.91154109178896,-0.5232612603031797
31.65345405223656,33.65956698364539,-2.006112931408829
45.56289872431782,47.243272050873756,-1.6803733265559373
46.8112665127926,48.51989556171556,-1.7086290489229583
37.133864828608225,42.89593986349388,-5.762075034885655
58.761671908530744,56.38566996779045,2.376001940740295
49.86667977012255,49.85790390625198,0.008775863870575051
63.0353315272105,61.459241305612125,1.5760902215983776
45.37146385423932,46.80533342592845,-1.4338695716891294
46.89081208343095,44.43106730383702,2.459744779593933
48.96240368550769,45.86391945087858,3.0984842346291046
49.18294111055111,53.48100301658786,-4.29806190603675
74.12245831332393,75.04096708389841,-0.9185087705744763
54.5240619790807,56.302008098230964,-1.7779461191502648
64.74947895394435,66.6546826279384,-1.9052036739940519
61.08085415606928,62.48337800719955,-1.402523851130269
62.24431656483758,66.09013734260162,-3.8458207777640396
41.77472534364722,44.54645338007053,-2.771728036423312
42.754567046699314,41.05969797310374,1.6948690735955765
34.31396911161883,37.446888562676435,-3.132919451057603
60.907387833234765,63.056878044263236,-2.1494902110284713
79.57843244343361,76.90318986365439,2.6752425797792228
46.82993605386925,49.570022044025386,-2.740085990156139
31.154990548116412,34.255167407053094,-3.100176858936681
63.64056433067322,63.95861522470967,-0.31805089403644615
54.41560226097369,53.883758749231006,0.5318435117426858
0.05905483252852761,-4.528443411445238,4.587498243973766
37.78890681799735,41.80270919040902,-4.013802372411668
4.831864504832028,3.69987516116079,1.131989343671238
37.0552049024801,40.071433672566194,-3.0162287700860944
59.24604195728342,59.42926473829972,-0.18322278101630474
85.92644298608268,88.46818731038682,-2.5417443243041475
63.90981443611843,64.39237867579008,-0.4825642396716532
75.35068588672172,79.71824948891592,-4.3675636021941955
43.159190811635476,42.855419177133854,0.30377163450162215
23.434799012113846,24.047700265677193,-0.6129012535633471
69.15026291719883,71.71386369457466,-2.563600777375825
33.80454352293244,31.632066539787928,2.172476983144513
25.224065551983173,30.160630662449663,-4.936565110466489
62.429445820020675,55.21670678751739,7.212739032503286
69.61057518083368,66.70281909555443,2.907756085279246
66.75134338797497,64.63004502268042,2.1212983652945496
19.49912657614997,20.424101255808964,-0.9249746796589946
31.657551882112042,29.665008744675106,1.992543137436936
68.13793681727627,66.196699517492,1.9412372997842766
11.29571467023303,9.252315051541828,2.0433996186912022
48.84852417267993,44.67057411680002,4.177950055879911
65.74152274795425,65.11126051908764,0.6302622288666129
67.43930159690555,66.9421168389789,0.4971847579266466
78.45329839109027,73.39699803166775,5.056300359422522
-17.375441942557494,-18.13965547711649,0.7642135345589978
83.1446114359195,81.12515619086273,2.0194552450567755
27.02365252088165,27.161634631787948,-0.13798211090629664
28.325140098402006,29.159051542923038,-0.833911444521032
30.21249998269229,33.98819367915745,-3.775693696465158
85.10831465542643,80.50537289222572,4.602941763200704
-4.942421452601767,-4.959140294848154,0.01671884224638731
65.86328189853226,62.78391753625548,3.0793643622767846
78.84536900342573,73.72449354973166,5.120875453694069
60.88344235772861,56.44047721741392,4.442965140314691
76.14686118011585,77.35670515051973,-1.209843970403881
35.5502715607698,33.92252414199713,1.627747418772671
60.90187331375658,57.33844294123089,3.563430372525694
25.309749943256012,24.754507336586528,0.5552426066694842
37.65527762259248,35.5529038415353,2.1023737810571816
48.73261148907459,51.729216705703934,-2.996605216629341
53.24457999380999,50.422827270263596,2.821752723546396
44.58245278042525,43.96315793948824,0.6192948409370089
26.34092315395264,27.382818533872296,-1.041895379919655
-18.91884697622504,-20.50386164588849,1.585014669663451
31.90626016099772,32.03283128424482,-0.12657112324709985
70.61111861558697,70.56008103211595,0.051037583471028825
34.241851898241876,36.274754423283895,-2.0329025250420187
1.213177303242345,2.6603013655438446,-1.4471240623014996
70.03102545656839,67.43790248340987,2.593122973158515
62.68329551981367,65.02590309179152,-2.342607571977851
64.80339086929781,63.24087723233612,1.5625136369616968
59.692738506586075,58.513775782462204,1.1789627241238705
-13.68842424192862,-14.319779730160235,0.6313554882316144
43.83766138559626,47.183060740748715,-3.345399355152452
47.968593531961766,47.01733458225064,0.951258949711125
60.5983571951551,60.00389923195698,0.5944579631981242
57.50860064671726,58.93161123454492,-1.4230105878276547
58.573713761269204,56.244541425613725,2.3291723356554783
59.88175867375492,54.11638824219867,5.765370431556256
56.29146207548602,54.15969869189525,2.1317633835907657
48.471185762041245,49.79144832999452,-1.3202625679532787
63.94318794822149,62.077114443897464,1.866073504324028
30.443258699842303,29.785192791455785,0.6580659083865186
69.3128444385889,69.37586235259326,-0.0630179140043623
57.07193550370421,59.388621998395664,-2.316686494691453
53.298351689768246,53.57050609131926,-0.27215440155101334
75.901368757961,75.10395859444694,0.7974101635140585
37.668750913568104,40.06257951872834,-2.3938286051602375
-12.910683502089935,-15.165639872882764,2.2549563707928293
55.12007023562631,53.511829766945816,1.608240468680492
89.48992679343817,90.29681041339714,-0.8068836199589668
49.586326022598456,47.58566635614246,2.000659666455995
-9.86000053253462,-13.978409013617835,4.118408481083215
-18.132347971257634,-12.207878948086957,-5.924469023170676
50.407438521885524,52.69790626217384,-2.290467740288314
68.24656504302713,65.69580101512568,2.550764027901451
77.57595506696792,78.35046160261999,-0.7745065356520655
62.374217939595155,57.17602618375102,5.198191755844135
50.55109744376163,50.15671434843866,0.394383095322965
61.69994291872429,60.73480555273691,0.9651373659873812
73.27680959577937,70.75235265085342,2.5244569449259444
-12.070544058379902,-6.64073733312263,-5.429806725257272
47.58421531952596,44.198034022251626,3.3861812972743337
63.83787043503915,59.90332988196218,3.934540553076971
76.924037219837,78.91873804311018,-1.9947008232731775
38.69475324554676,36.758218976585695,1.9365342689610614
91.18271196541988,90.2777230350938,0.9049889303260841
20.587106202000623,18.919100729365084,1.6680054726355387
60.72723975706343,63.41282981118809,-2.68559005412466
38.21916320473209,35.262627979840445,2.9565352248916454
15.706758391927062,15.920246546940817,-0.21348815501375462
80.01971583737223,79.52217703990367,0.49753879746856455
46.47263288441882,47.41477389278772,-0.9421410083688997
57.92532142712556,53.575640731133916,4.349680695991644
55.79488819262642,55.53016579814587,0.26472239448055035
2.7544794778529837,5.258328929088734,-2.50384945123575
7.267640052889679,7.267700308134309,-6.0255244629381366e-05
42.44704044487696,43.46029214264138,-1.0132516977644173
72.83650234882803,73.56767469977915,-0.7311723509511125
-25.699486809416285,-20.869892778832053,-4.829594030584232
72.41475797091243,74.07394708180246,-1.6591891108900256
15.518099579092247,17.323839077475157,-1.8057394983829091
-10.788758981753324,-9.651077543801705,-1.1376814379516187
34.143305733952,35.46806422928917,-1.3247584953371714
31.08400406271239,30.704507914640402,0.3794961480719863
-2.629017644711097,-1.1636885012203066,-1.4653291434907905
-9.763849612047805,-12.287875084017912,2.5240254719701074
69.7482040773595,69.17009954984113,0.5781045275183772
39.83608241445339,41.0049751071924,-1.1688926927390142
71.16111996242296,66.88138991545135,4.279730046971608
52.95977165688746,46.96500219884795,5.994769458039514
79.16337565182499,79.72262696939845,-0.5592513175734553
52.59697663806497,54.29844376431392,-1.70146712624895
47.00351514219946,45.6861692642681,1.3173458779313592
15.263427934396518,21.5953542845253,-6.331926350128782
43.576254924481134,45.19406601460044,-1.6178110901193037
99.69905710784404,96.72994755282727,2.9691095550167717
48.246905886970836,49.945340447589906,-1.69843456061907
63.62023761284455,66.50818183830665,-2.887944225462107
58.22411951135421,58.79488602845327,-0.5707665170990595
5.619604808695177,3.1687734634685683,2.450831345226609
42.304236597704154,41.363055276178414,0.9411813215257396
-8.806486649855565,-10.356907542239952,1.5504208923843876
42.37240639095207,39.95509048035232,2.417315910599754
32.962155183968314,38.96865532892318,-6.006500144954863
38.42514369324193,41.11162093841915,-2.6864772451772225
33.254155543964565,35.22802504370961,-1.9738694997450423
53.7360020710596,56.84587329474961,-3.109871223690007
54.91520554324598,56.54751933856388,-1.6323137953178986
28.459183228199926,28.062890690465764,0.39629253773416195
78.80848340020766,77.8631527680813,0.9453306321263568
49.649422224990445,44.68000973300688,4.969412491983569
59.16450055448553,56.60102792516117,2.563472629324359
19.73660014469857,14.859668863081154,4.876931281617416
64.02246903622577,65.98807193969272,-1.9656029034669444
50.62889257600612,49.883386517506054,0.7455060585000695
65.37845129595901,68.3824404486612,-3.0039891527021894
44.667162128259164,48.23397758984972,-3.566815461590558
51.11117802876342,51.20329824660405,-0.0921202178406304
75.28301333715469,77.86201328893598,-2.5789999517812987
45.39702254616253,48.99075203004566,-3.5937294838831306
46.186162165620814,46.69236939220338,-0.5062072265825677
34.499025376786626,34.41839186488187,0.08063351190475743
82.3411377827695,81.51350479573833,0.8276329870311656
25.207946329067394,27.94606282811867,-2.7381164990512765
44.95615908969736,46.35386527070854,-1.3977061810111806
67.55861620095585,65.03993433206958,2.5186818688862758
23.98732170451773,20.69988712377402,3.28743458074371
73.05726152625647,78.19485194478416,-5.137590418527694
74.9750874886467,75.7240980886319,-0.7490105999852119
-0.5570008711257266,3.328020185370903,-3.8850210564966297
39.44121942485774,39.126084194922804,0.31513522993493837
56.536518147294004,57.751284157102695,-1.2147660098086916
53.63769162864775,49.764960822337265,3.8727308063104857
81.82521374486318,82.46108491800175,-0.6358711731385682
33.454801135041535,32.67935703890281,0.7754440961387274
80.45323761271379,77.90714824362298,2.546089369090808
76.241825498343,77.72287267598306,-1.4810471776400504
72.37031797623393,67.14596876125455,5.224349214979384
54.3360250182962,55.99214162550325,-1.6561166072070534
52.03959252621038,52.22936588909956,-0.18977336288918423
71.29978988568254,67.10609515221245,4.193694733470096
43.99766747217422,42.852419758806214,1.1452477133680077
90.4326387893352,90.08082904753228,0.35180974180292424
24.555613558915837,25.629080755333348,-1.0734671964175106
-15.026663076963798,-12.781101174699785,-2.245561902264013
37.26900951554749,38.715747889648455,-1.446738374100967
80.11721616674006,79.50404526791014,0.6131708988299209
68.83924494753347,69.1081060972444,-0.2688611497109292
10.195966712047001,11.804038477611954,-1.6080717655649526
47.04041772110724,50.12118435928334,-3.080766638176101
87.26660686463009,84.55555018953565,2.71105667509444
55.346311859734925,53.57775530053543,1.7685565591994958
60.4302275395226,59.65982090845956,0.7704066310630395
47.534826926259036,50.67422249175622,-3.139395565497182
48.76637909519603,44.05977142040357,4.706607674792458
23.080019779633275,22.230475151504947,0.8495446281283279
47.314115620954915,46.23677451840584,1.0773411025490773
55.74591821770708,49.278962843111906,6.466955374595173
24.557187734837658,25.089453024816237,-0.5322652899785787
27.137860620672086,27.2447129366181,-0.10685231594601419
12.047966771600425,13.774576762890291,-1.726609991289866
24.156196741218984,26.278118100850364,-2.1219213596313793
68.24392053785431,70.09019358216423,-1.8462730443099247
65.22361233036433,64.80675948471223,0.4168528456521017
39.760097045818604,34.36706763110324,5.393029414715365
51.11993733730735,52.791890596738305,-1.671953259430957
60.031792575854716,56.62099433111431,3.4107982447404055
46.768281797783025,47.96494017949989,-1.1966583817168654
36.989664345399305,40.36231714114198,-3.372652795742674
35.13624640320275,35.54471900096962,-0.40847259776687395
72.8769006698533,75.17559379808276,-2.298693128229459
34.035491625808355,33.70749279053935,0.32799883526900686
35.90992926733244,36.85706842645108,-0.9471391591186418
75.30898066483046,72.79489113425075,2.51408953057971
83.32963354829884,83.06032366315834,0.26930988514050114
-0.03535787177724248,0.7761120182513395,-0.8114698900285819
64.87171646413097,63.19804744902618,1.6736690151047924
24.14845031885671,27.011339229415867,-2.862888910559157
-15.743426780384167,-15.898005306595707,0.1545785262115391
66.3806772853675,69.06173665228964,-2.681059366922142
55.343790678837784,58.69208743149022,-3.3482967526524376
-10.677163055544682,-4.86424958593426,-5.812913469610422
38.525510612565746,40.617200794107056,-2.09169018154131
23.417917392748002,21.491080565083806,1.9268368276641965
57.854282430223066,57.59596328154855,0.25831914867451644
43.12495100622902,45.3870071875706,-2.2620561813415847
50.183369152526836,49.74357846076236,0.43979069176447894
21.54701409405404,25.19392783077437,-3.6469137367203324
78.61487151193374,81.73955684200408,-3.124685330070335
51.17105692784345,48.803595971999556,2.367460955843896
58.657119248093466,57.719509491210545,0.9376097568829209
57.16481527232615,56.731221707917015,0.43359356440913643
-12.022231529407632,-12.008964554256849,-0.013266975150783011
36.739598610435536,39.09922428221233,-2.359625671776797
18.787852222757873,23.91575970666804,-5.1279074839101675
25.082127713647377,28.908583610958274,-3.826455897310897
36.28946254021201,34.9466666706883,1.3427958695237052
25.166293584737993,28.91581650094338,-3.749522916205386
40.45222611242387,41.33122424343986,-0.8789981310159902
64.50944284920224,67.61095131562337,-3.101508466421123
-16.037469008665596,-15.639850515510048,-0.397618493155548
45.27961332071078,38.36946897879929,6.91014434191149
-19.929353968878413,-20.86804608063332,0.9386921117549072
27.346271827469362,30.530142621807954,-3.183870794338592
37.91525729828043,37.048197210742785,0.8670600875376451
6.721465879816631,6.118054389472022,0.6034114903446097
29.210149705945206,33.82727679346,-4.617127087514795
4.237536901551486,9.085904827002523,-4.848367925451036
60.617295351244046,57.60403239280013,3.0132629584439172
71.24736496803655,66.75488757332906,4.4924773947074925
49.54227398707477,49.06825017879455,0.47402380828022217
37.671208261922736,39.4564826423201,-1.785274380397361
56.647326399258944,55.961435769670395,0.685890629588549
53.287227977961365,56.88161892493628,-3.5943909469749116
78.09245650059339,78.96423959411626,-0.871783093522879
68.09773966900772,67.944973660792,0.15276600821572117
42.558583329879106,36.00540178015194,6.553181549727164
56.646988458331236,55.377076091588094,1.2699123667431422
73.99700895690206,71.30893021706002,2.688078739842041
8.378248479985608,11.114329450019696,-2.736080970034088
26.61069550024173,26.705093682896745,-0.09439818265501643
40.1942192327422,36.237946213972776,3.956273018769423
87.56796164015333,81.77340824064736,5.794553399505972
14.13626759880015,12.898196436419155,1.2380711623809937
-20.248712128649288,-15.965226968948713,-4.283485159700575
87.11303464650544,82.49982784294403,4.613206803561411
60.853578009724416,53.59376602257275,7.259811987151664
46.40404263392164,43.49051738780257,2.9135252461190717
-19.83605961345258,-21.37357847057872,1.5375188571261411
12.741926270935767,15.467690287796117,-2.7257640168603494
80.80269403341535,81.94424120521043,-1.1415471717950822
19.59174412934343,18.533689709834633,1.058054419508796
31.795623858953707,36.974272300467405,-5.1786484415136975
44.29835582785758,47.83108465584177,-3.5327288279841937
34.26769537294571,35.14764342910003,-0.8799480561543191
60.23571011685755,62.83342718601698,-2.5977170691594367
59.054157233735,61.889957386583234,-2.835800152848236
61.52444038915248,61.99161111371571,-0.46717072456323194
48.71256152691088,52.1259312851647,-3.4133697582538147
45.159315996436185,44.36800142345883,0.7913145729773561
48.81585530285336,51.33475382235796,-2.518898519504603
35.25910843961773,34.18426573547141,1.074842704146313
24.34120006408121,24.371829077411917,-0.030629013330706556
36.55059807652224,43.29496423259271,-6.74436615607047
28.015475660842792,25.78703155153805,2.2284441093047427
-11.860816296330421,-14.481776361199096,2.620960064868674
-2.78145783432096,-2.3766050977409208,-0.4048527365800392
78.70209915712041,82.06081407287586,-3.358714915755442
80.38226209501005,74.97179339247813,5.410468702531915
7.9323236188666355,8.03763674468783,-0.10531312582119501
-5.574310113535917,-3.003499201129813,-2.5708109124061043
72.96509115162446,76.835020660536,-3.8699295089115395
33.13056974960241,29.381658002348203,3.748911747254205
-4.518029497847967,-1.796491289843587,-2.7215382080043797
-21.053251439272728,-17.437861738069827,-3.6153897012029006
45.9709613345857,41.73192910963104,4.239032224954663
27.769938931839363,21.867634446276284,5.902304485563079
47.35691418020062,50.03567781793286,-2.6787636377322386
71.0143841791453,74.47218548187642,-3.457801302731127
15.844018981171246,19.028264202562994,-3.1842452213917483
48.88584087858318,50.0275991448246,-1.1417582662414176
55.66678699310923,48.690517202720024,6.976269790389203
30.95773775521933,33.91396915802649,-2.956231402807159
45.89009718629204,47.64292097743974,-1.752823791147705
6.05844386372681,12.78113520736457,-6.722691343637761
27.26716620960353,29.6458436582124,-2.378677448608869
38.22653098559876,37.774001864090366,0.4525291215083911
26.019669767239883,32.36447392412033,-6.34480415688045
46.7442509732885,40.479437442580654,6.264813530707848
68.00912633877236,66.20706824763053,1.8020580911418307
13.583755659000138,14.710023923570375,-1.1262682645702373
-0.8186872539738683,-3.6401582513170325,2.821470997343164
50.088315532934224,48.60373749941881,1.4845780335154117
73.30635666564831,72.2597525356139,1.0466041300344102
27.499083867043144,30.401358875628134,-2.90227500858499
73.31278215754286,75.31025925974785,-1.9974771022049964
55.74367695255893,58.40530907702171,-2.661632124462784
55.45303767924957,54.77974954579332,0.6732881334562464
65.99634268276694,62.99332127458574,3.0030214081811977
44.37651334691277,46.56566505158436,-2.1891517046715876
78.19356108091758,78.9601265328566,-0.7665654519390301
-19.43800845986429,-21.96244720125007,2.524438741385783
19.531375149611648,22.74117569504712,-3.2098005454354706
48.308706373217355,49.870799133982814,-1.5620927607654593
44.549390708304294,43.327609403475826,1.2217813048284683
72.44735685393795,72.92978793862528,-0.48243108468733453
56.0636708249966,50.436368009001804,5.6273028159947955
71.6479866789028,70.93825807775477,0.7097286011480293
52.977904088731584,49.01650630080841,3.9613977879231754
32.53736988526835,30.19102475477625,2.3463451304920966
20.724016814573368,16.411007626747747,4.313009187825621
63.64364560756267,65.23040999964732,-1.5867643920846533
56.10730447501994,55.31147002308722,0.7958344519327198
47.622074543134005,47.103133003685045,0.51894153944896
70.75037111642871,68.90751584610061,1.8428552703281014
77.21319262831561,80.31139842424699,-3.098205795931378
40.76869923242785,38.837427602198304,1.9312716302295456
-7.00001294888073,-4.047983837680263,-2.952029111200467
50.81559431093554,49.025272981973686,1.790321328961852
79.19110866452851,79.07212234549681,0.11898631903170553
-10.531514207559354,-12.66221416077957,2.1306999532202155
4.2749505964787335,3.413366655866298,0.8615839406124355
24.08826305230423,25.18250885878642,-1.0942458064821885
24.566041820080816,23.723744459801438,0.8422973602793782
60.97782662659375,61.382309830607035,-0.40448320401328175
45.62530147360293,45.192665210957024,0.43263626264590727
66.65311135328172,68.49459048106891,-1.8414791277871956
51.67314269156302,47.210998320503776,4.462144371059246
40.98840247613744,38.75525850726196,2.233143968875474
21.713958664285165,24.90035592480932,-3.186397260524153
39.96680346052058,40.06863830996383,-0.10183484944325016
46.048840707487656,44.103457096236674,1.945383611250982
34.87666679086631,32.98722626829169,1.889440522574617
63.35345513688348,56.177487284871695,7.175967852011787
-32.676940880066375,-30.34716127365165,-2.329779606414725
65.64646803420216,66.3257009028487,-0.6792328686465368
-5.917060772993785,-4.17426546236247,-1.7427953106313145
69.58737528288837,70.92658899532654,-1.3392137124381662
48.393063771329615,44.55303502098218,3.840028750347436
28.869027957534364,24.22192930011228,4.6470986574220845
52.44419743517351,52.225158165290956,0.2190392698825505
40.042430949273076,42.38820841040954,-2.345777461136464
80.86194001484193,85.84468276870444,-4.98274275386251
26.374113838084774,24.82264567558535,1.5514681624994253
62.46344591314264,62.90456863103194,-0.4411227178893
56.468593187785494,55.981716889777225,0.48687629800826926
50.48172981486546,50.12701937581707,0.3547104390483895
59.904338097061505,53.22156595904363,6.682772138017874
44.32227865592577,44.67771995060793,-0.35544129468215857
24.928106214255482,25.334707481344424,-0.4066012670889414
63.260329915928516,62.98215994542253,0.278169970505985
84.02536060742844,81.05838222109685,2.96697838633159
53.32172350747318,55.573628018014325,-2.251904510541145
76.57030229825138,75.96184282334602,0.6084594749053593
60.12424739403905,59.40744174743715,0.7168056466019053
45.995075869448186,46.84405256131254,-0.8489766918643511
62.77774936674186,59.928539084374535,2.8492102823673235
-10.396210297936662,-9.439333743260661,-0.9568765546760005
57.329942172644614,62.79328903057053,-5.463346857925913
28.666659509677785,29.739611930818768,-1.0729524211409824
38.260426125821226,38.82463735495648,-0.5642112291352532
96.62766156851623,94.48906237568241,2.138599192833823
42.914907408358594,41.132045287877965,1.7828621204806296
36.16840820659528,37.16235947479451,-0.9939512681992326
13.377129908049731,12.092337112417141,1.2847927956325904
8.959622467918946,9.798777866402176,-0.8391553984832303
6.69646353340017,3.5520398569535416,3.1444236764466282
45.074223724963375,43.761220569530565,1.3130031554328099
61.67188200821386,69.64295484721194,-7.971072838998076
58.579804713407704,57.8336608798045,0.746143833603206
67.82850321896073,71.34602089566228,-3.5175176767015444
53.72709435144014,55.89266310495554,-2.1655687535154016
6.147999158344845,4.196142178913817,1.951856979431028
80.46822550355661,83.33280421227396,-2.864578708717346
91.22366309404364,95.09087570548482,-3.8672126114411753
51.63275298164611,53.586313722134854,-1.9535607404887472
13.311586037401577,6.8529993587962394,6.458586678605338
45.82419480662283,40.575819278207916,5.248375528414911
29.156117404729635,27.49921592022531,1.6569014845043242
83.55735180352697,85.7626116487358,-2.205259845208829
55.59351005366598,56.10863606455557,-0.5151260108895883
46.49414453775146,46.0312137280726,0.46293080967885913
26.396301239646906,22.481038476100494,3.915262763546412
35.129077562716574,37.09541188903924,-1.9663343263226665
50.46755091009225,49.80537196664926,0.6621789434429886
70.13340220300641,70.42433013249365,-0.2909279294872391
46.82110581072439,44.13213832083824,2.688967489886153
41.00510389861854,36.23369313735198,4.771410761266566
34.77607128254999,38.65025847022788,-3.87418718767789
-6.997925680818707,-9.388394334258777,2.3904686534400703
72.39202938061307,74.0470051230188,-1.654975742405739
67.8589346917479,69.9803565103939,-2.1214218186459988
48.37768036080293,50.34049047973022,-1.962810118927294
43.560473800416716,44.67598700883246,-1.1155132084157415
54.53356331172059,59.831866107751104,-5.298302796030512
68.63174694003784,71.78430670348487,-3.15255976344703
47.071860779157255,44.94515158410597,2.1267091950512835
68.938454364662,68.56127584192033,0.37717852274165864
77.75545055327207,78.78149618401375,-1.0260456307416774
65.91571360319136,60.06273899199163,5.852974611199734
-14.901372382511042,-15.243713949979238,0.3423415674681962
12.853190160398247,13.223527876980185,-0.3703377165819379
42.97584726668517,41.406459703935944,1.5693875627492275
56.28864457940232,59.59012926674449,-3.3014846873421675
8.302214692880408,4.310456993718816,3.9917576991615924
59.04100330807795,55.148458506679006,3.892544801398941
73.51450087230667,71.21257895878486,2.3019219135218094
72.24316122900386,74.54282379658605,-2.299662567582189
-2.7475390617856355,-4.884268200315944,2.1367291385303084
68.33059013325962,69.06085692627884,-0.7302667930192257
65.68746222485417,66.12525483116003,-0.43779260630586236
75.315493187145,72.88099449074504,2.434498696399956
29.130697951847104,27.978023222656034,1.1526747291910695
44.62136464741237,47.21623008655388,-2.5948654391415076
-1.5942950484990384,1.8968617431769985,-3.491156791676037
56.90927151525055,58.3149095586417,-1.40563804339115
31.261118244242823,33.099828828262574,-1.8387105840197506
-19.07566435048619,-20.83576186761462,1.7600975171284325
28.650581521154372,30.45234941424134,-1.8017678930869678
66.99262870005124,66.99098277610429,0.001645923946952621
56.92212508368875,52.76307496329001,4.159050120398739
62.601834342729525,64.46031734364428,-1.8584830009147524
-21.402869817868396,-18.51760919361176,-2.8852606242566345
50.46494773551732,49.56250702552182,0.9024407099955027
-14.805443413574812,-16.45809279159066,1.6526493780158464
46.90746097808043,50.50709716710877,-3.599636189028338
-3.9201829172241456,0.0747900193632205,-3.994972936587366
63.612350350662474,63.00812274256507,0.6042276080974034
86.84105861434833,84.59410278422348,2.246955830124847
44.10717954381872,45.60118911218213,-1.4940095683634098
-9.72354774417586,-9.03475242178554,-0.6887953223903196
30.336123979096218,31.558182918382442,-1.2220589392862244
25.709389937268533,25.888450472799605,-0.1790605355310717
20.180062877701495,18.29633070502163,1.8837321726798635
56.98181680439585,52.72268093476709,4.259135869628757
-27.211850292590746,-29.39195348819935,2.180103195608602
34.248977919104725,32.456641360286554,1.792336558818171
81.97002536740032,85.06123089018335,-3.091205522783028
71.17256954821973,68.0749065333811,3.0976630148386306
78.37429018356886,77.72610054950552,0.6481896340633426
80.4277403104842,80.24107279366451,0.18666751681968208
-12.378589329212472,-14.458058165124427,2.079468835911955
61.5207330012312,61.649712540520866,-0.12897953928966643
16.25763763417008,18.9457247440901,-2.688087109920019
44.68475031350566,43.463402377793926,1.2213479357117336
56.8742246295887,52.836030174757795,4.038194454830908
56.6222099019911,59.620669090866414,-2.998459188875316
10.20896829944802,10.790335157249316,-0.5813668578012958
48.46576892913097,45.10254658175964,3.3632223473713267
-16.206336736483234,-15.42337264312711,-0.7829640933561244
24.309594116283066,24.17906596984811,0.1305281464349548
55.92660279929349,55.83481530732188,0.0917874919716084
16.605380353829354,16.324780221120434,0.28060013270891915
22.564483163183603,18.504005162107447,4.060478001076156
43.77202067785831,38.4151765871698,5.356844090688504
-0.3021636878015861,-1.0622888553335486,0.7601251675319625
30.716239889297057,36.04025851075694,-5.324018621459885
11.06959730110301,14.262844729154864,-3.193247428051853
64.75062038378786,62.096145314919966,2.654475068867896
2.5408107953309713,11.782417122267674,-9.241606326936703
44.77974200420354,46.22695098524746,-1.4472089810439215
77.22409298192912,75.08081582155641,2.1432771603727048
75.79931894881938,77.67584932663664,-1.8765303778172608
48.63245542774066,44.20404189371079,4.428413534029872
23.80241260321887,27.158121720582557,-3.3557091173636877
45.719103598321354,52.685973211841606,-6.966869613520252
37.452735795376995,32.24571077695491,5.207025018422087
56.22385165414472,53.08144328753024,3.1424083666144753
44.25528730182406,44.44574702915193,-0.19045972732786964
59.54184070084808,59.75596418627603,-0.21412348542795456
34.017695378425316,33.145919378422164,0.8717760000031518
-21.11416604282241,-23.94419609781326,2.83003005499085
-4.369797295365631,-9.475544642453215,5.1057473470875845
2.187470644741193,0.8535551554411,1.333915489300093
47.571927594916595,52.775518900400506,-5.203591305483911
24.278533510233352,21.1303300800261,3.1482034302072535
16.801441706916947,12.89832179556619,3.903119911350757
39.22626510585338,40.51862854686323,-1.2923634410098543
33.03021822394361,28.678806018556955,4.351412205386659
48.270256296634464,48.48046912446712,-0.21021282783265605
77.57776555823344,78.15503871694071,-0.5772731587072713
62.580164386588194,67.70952220846735,-5.129357821879154
35.03256224867958,38.109454976539354,-3.0768927278597715
68.71597770544435,70.03972677772606,-1.3237490722817142
-30.60092512710582,-37.33670407631733,6.735778949211511
41.332206577735064,43.504190070468994,-2.171983492733929
58.59854891739717,59.550414094158896,-0.9518651767617285
46.28576987468003,41.98614985552417,4.29962001915586
52.55102147413936,54.235041952022975,-1.6840204778836139
30.297723502973458,28.41981887468323,1.8779046282902279
76.50161780157082,71.940138548287,4.561479253283821
56.384966472890085,59.0782201361113,-2.6932536632212134
9.430621733627861,7.8488432229243585,1.5817785107035025
42.22305624899374,41.411999366667224,0.8110568823265183
91.55098774790447,90.7640515162535,0.7869362316509694
40.32504036919501,37.73696218164426,2.5880781875507495
65.3271100229343,60.847121826409534,4.479988196524772
65.746754489049,68.49915105756037,-2.7523965685113723
60.985718935615935,58.77245933836985,2.2132595972460862
35.71517344358087,37.767716600743505,-2.0525431571626314
21.34767512131353,21.130833118122695,0.21684200319083402
27.51080887050745,22.636598656174797,4.874210214332653
72.71237770135923,72.67922571294415,0.03315198841508504
46.21175039016514,41.845821321558205,4.365929068606938
53.75637427907089,52.67694719990067,1.0794270791702232
47.97056237108164,52.362087887371956,-4.391525516290315
42.47653718640916,41.54753136462778,0.9290058217813808
49.14425901589879,48.01179235246702,1.1324666634317708
26.693033431554824,25.514181277787443,1.1788521537673802
75.02793041165604,75.94819965696313,-0.9202692453070824
27.058089220161836,31.78139010270121,-4.723300882539373
43.579871029301856,39.799412336802334,3.780458692499522
48.44642422908265,45.63578866690132,2.810635562181332
42.25593267183146,42.62392564845003,-0.36799297661857366
24.77123315715682,22.21427271680703,2.5569604403497905
82.30571666717252,80.06413217573609,2.241584491436427
31.675073432643508,31.65873662965585,0.016336802987659382
44.976478183422316,46.48821094751221,-1.511732764089892
88.46503990580388,82.84673382524163,5.618306080562249
35.084823093382674,37.58326127112542,-2.4984381777427487
32.91007307586136,34.427727556238935,-1.5176544803775727
75.74724524027756,73.91295881583551,1.8342864244420554
-13.397556588927284,-16.814208130409625,3.4166515414823415
42.16088088918532,41.82010401990207,0.34077686928325335
51.81585138446161,56.75100401477095,-4.935152630309339
72.42905033208325,76.68712390569586,-4.258073573612606
32.924396477929356,33.358493914337856,-0.43409743640849996
83.22264324564688,83.26727242289266,-0.04462917724578119
50.46979537021912,52.50831729250076,-2.038521922281646
38.437253815777275,34.79544601751408,3.6418077982631942
-8.110786420895726,-5.628903444142864,-2.4818829767528623
72.29381669430468,68.16757567964294,4.126241014661744
47.23367039392121,48.93482056270957,-1.7011501687883595
36.39825240551828,38.97073657624154,-2.572484170723264
17.572903757711885,17.853022258811976,-0.28011850110009107
50.359857176538206,54.04806652328101,-3.688209346742802
16.54213305366677,13.615333797360677,2.9267992563060936
64.04901424634807,59.782408130440764,4.266606115907301
56.023611586796754,59.526860025606524,-3.50324843880977
34.0810842669225,28.682755237119068,5.398329029803435
60.00555848446528,65.96161377879642,-5.9560552943311365
49.90929915647351,42.52809078191636,7.381208374557147
40.504932120021124,44.4564190344927,-3.951486914471573
75.15880971700895,77.3031251342409,-2.144315417231951
77.60170890966091,78.36020936047017,-0.758500450809251
52.27253704647828,49.600233092471534,2.6723039540067433
43.308696699328834,46.99888458776815,-3.6901878884393184
53.7468437006229,52.0153763957646,1.731467304858299
67.11915006059037,73.04175008911804,-5.922600028527668
68.10496273400074,66.82223247815811,1.2827302558426226
84.9545547831337,81.09370074256441,3.8608540405692935
17.822466886584944,16.46100278585463,1.3614641007303128
86.89176197697195,90.13958544207858,-3.2478234651066344
55.771124448578966,50.914540522726234,4.856583925852732
56.760619826051084,57.18234689218178,-0.42172706613069977
24.972673241754404,27.937118046184835,-2.964444804430432
57.871384219997466,54.782107469001026,3.08927675099644
31.823788571166485,30.719019724464417,1.1047688467020684
48.04391346701006,45.96167446644275,2.0822390005673057
70.54684346867786,67.4181987563042,3.1286447123736707
37.72673699899441,39.0327621859068,-1.306025186912386
60.389681879550984,61.55267987583467,-1.1629979962836856
1.5238771099737676,7.0332708094424135,-5.509393699468646
29.245296823172996,28.916046693694128,0.32925012947886856
-12.407286520055255,-12.916581236688728,0.5092947166334731
69.69440903007722,64.58548791410854,5.108921115968684
9.534894553049993,9.764245557640734,-0.22935100459074143
46.120843928736214,43.412135366195415,2.7087085625407994
5.987933325230149,5.57228995039975,0.4156433748303998
61.673878239055604,58.98684655917241,2.687031679883191
60.721927033303295,63.15481154418763,-2.4328845108843353
60.126732779000804,55.06089811753312,5.065834661467683
60.81983321681526,59.62452571787077,1.1953074989444943
60.202430909333934,65.02752632109122,-4.825095411757282
75.38196843692928,73.43112309457162,1.9508453423576668
-18.291755855370628,-12.247556796851612,-6.044199058519016
60.97230842406787,61.467591786486665,-0.495283362418796
16.302255554069266,18.362718357952375,-2.0604628038831088
52.63353105450393,50.06566345534264,2.5678675991612963
50.47702672540551,48.909364727455895,1.5676619979496138
61.20211640269022,60.367707391126906,0.8344090115633165
43.040530103056746,37.28260600643323,5.757924096623519
72.1690974867509,74.83294159266367,-2.663844105912773
75.54018428744689,79.57504401329427,-4.034859725847383
47.7471033566135,46.52477190457973,1.222331452033771
57.40741761254231,59.233972912346715,-1.8265552998044043
39.70739027901385,39.23481626395568,0.4725740150581714
71.41207776580787,73.06977519091177,-1.6576974251039047
27.64197732728099,24.059457532973866,3.5825197943071245
-37.71711375301899,-37.42121629861741,-0.2958974544015831
-18.929662482185584,-18.32659088736021,-0.6030715948253729
69.2944553199931,68.52171215552205,0.7727431644710521
33.081531976764786,38.12772212646924,-5.046190149704451
57.200111844653875,53.58260045412577,3.617511390528108
39.40265904430707,34.13217508778722,5.270483956519854
-1.5633219516492085,1.232970377176656,-2.7962923288258645
68.59009661009267,69.25344484610176,-0.6633482360090852
72.988227473412,72.48293639163202,0.5052910817799727
76.5096366849048,75.42099945578741,1.0886372291173956
77.73068866872646,71.93884570875134,5.791842959975114
69.73822647348217,66.81272744166588,2.925499031816287
30.82792976562383,27.495396857153338,3.3325329084704904
38.82027249835409,36.56710731565231,2.2531651827017853
86.5089742741158,87.26415757837081,-0.7551833042550129
80.78997725125485,77.2401295653363,3.54984768591855
51.406420970134455,46.837406454799776,4.569014515334679
58.138993129352095,58.24730629187508,-0.10831316252298251
40.5290200801611,40.192450508703914,0.3365695714571828
36.75635201972893,37.956983780593035,-1.2006317608641055
84.82382800739182,85.38766278668248,-0.5638347792906586
83.37097785286541,83.16228890886501,0.20868894400040006
60.630472495475864,59.6854493224823,0.9450231729935652
12.513234612104831,15.00548201327399,-2.492247401169159
53.307260946342815,55.534375910210464,-2.227114963867649
41.611222517091996,45.70228455737725,-4.0910620402852516
11.605752560922653,14.049876455603737,-2.444123894681084
39.30086923486494,36.77592253666052,2.524946698204424
61.502942028330594,61.843624784425224,-0.3406827560946297
47.298983073765,41.54968507353009,5.749298000234909
51.72054117182818,48.9855293022157,2.735011869612478
74.36988943149362,76.82991077645434,-2.4600213449607224
55.59103619833487,53.3572382996032,2.233797898731666
8.302435905197472,2.186808954002302,6.1156269511951695
74.9467549108928,81.04247297665738,-6.095718065764572
48.03533200440136,45.19803203702868,2.8372999673726795
8.354095468012956,5.8063753797969895,2.547720088215966
29.6078819628162,24.64586018545083,4.962021777365372
38.04229843003092,35.526754811466034,2.515543618564884
22.535084861636943,23.141241893591285,-0.6061570319543428
44.54237023096371,42.888770639698556,1.6535995912651558
78.14303679816175,76.6334363935208,1.509600404640949
47.937644263662605,52.832576415838695,-4.894932152176089
46.174647765807094,51.75824135424542,-5.583593588438326
4.673259054692582,7.743366080367025,-3.070107025674443
11.076363144151765,10.168619591480436,0.9077435526713291
41.062523451808815,42.21466921045455,-1.1521457586457373
35.73652386355939,40.63766213625623,-4.901138272696841
42.961004995103394,45.07932621946355,-2.118321224360159
81.80355205247388,82.39471976100705,-0.5911677085331775
19.90720116324325,16.47518425986935,3.432016903373899
58.073863730951814,59.90833632611254,-1.834472595160726
71.11614709233393,71.5998982107577,-0.4837511184237684
60.62403847581502,56.45703346425374,4.16700501156128
33.66209552439697,33.74484507796434,-0.08274955356737479
-6.111457882780779,-7.820523371235581,1.7090654884548018
22.544359682292967,21.217914640162547,1.3264450421304197
8.154201973571528,5.629165682869811,2.525036290701717
39.540679470106134,44.26361490864661,-4.722935438540475
18.40999175256547,19.332292734839214,-0.9223009822737431
-32.994223303933786,-31.18851783383461,-1.805705470099177
51.57819721795954,49.900805957631064,1.677391260328477
29.7444638422651,31.42705297484953,-1.6825891325844289
38.007691618497965,40.03788737866758,-2.0301957601696117
48.47930743691755,45.23517384262378,3.2441335942937712
44.51128219778655,46.19646525627381,-1.6851830584872616
34.64644764627082,37.144108352033285,-2.4976607057624634
75.16314082049077,71.4914605456345,3.6716802748562714
54.91799815383904,54.896150428085846,0.02184772575319016
64.21852797181668,58.89457113081641,5.323956841000275
53.90113577176455,58.04441331871241,-4.143277546947857
71.21642283621291,78.08142372827852,-6.865000892065609
46.229379916639864,49.94875761151808,-3.7193776948782187
61.33006941480578,59.85575277097606,1.4743166438297166
10.070290244210309,17.89146526486293,-7.821175020652621
63.64998426082515,64.67450186232458,-1.0245176014994257
70.05466337061003,76.00252079902089,-5.947857428410856
30.742273042217395,30.431285497663296,0.3109875445540986
76.18437792165626,77.25420730515535,-1.0698293834990835
-13.439561631538098,-4.70578148101427,-8.733780150523828
56.377469379585136,53.9978524271098,2.379616952475338
17.378673209855158,20.63852920977358,-3.259855999918422
28.167192154010447,32.859834037516805,-4.692641883506358
10.875066269118655,10.572322350306749,0.3027439188119061
36.50226822212408,39.692928564998134,-3.190660342874054
73.51359445612547,73.24729144698273,0.26630300914274585
46.11079335068463,49.40077860785309,-3.2899852571684605
84.05212814435562,80.12076065041992,3.9313674939356957
47.74678577075791,50.89779519480524,-3.1510094240473308
39.810031923176766,41.26614375103069,-1.456111827853924
28.815041740525395,28.01966357185772,0.7953781686676749
57.68561608259016,62.494485856329675,-4.8088697737395165
14.656849127408911,17.362324696298444,-2.7054755688895327
39.53102919180568,45.56954621437079,-6.0385170225651095
67.54631487906931,64.9911544382193,2.555160440850017
24.954958200343047,25.837612551029494,-0.8826543506864475
53.489366363666775,51.914521776422035,1.5748445872447405
16.44917715003796,9.586881848463946,6.862295301574015
40.31464337001394,40.33126318386565,-0.01661981385171174
33.31442131920329,34.61599381388072,-1.3015724946774299
-2.6630422003378182,-4.690522685571821,2.027480485234003
39.86936976061832,39.989892879569936,-0.12052311895161694
8.05457679926558,5.11397313022816,2.9406036690374204
4.26185464505172,7.01247098230715,-2.7506163372554298
29.040019247205112,32.79759333150244,-3.757574084297328
69.01062683661051,69.14666020728845,-0.13603337067793575
33.38925966666598,32.248936232807196,1.1403234338587822
51.56958135615011,51.11834057758113,0.45124077856898026
22.62667477717868,21.164697610372187,1.4619771668064914
52.99934159751703,49.64499388869994,3.3543477088170874
65.25992326295422,61.68669289799061,3.5732303649636066
65.92937202857217,61.25064689695261,4.678725131619565
20.021923473575406,21.51732893251237,-1.4954054589369647
56.74005852299974,60.68026311210835,-3.9402045891086104
-5.727110875948178,-4.89803443150835,-0.8290764444398278
36.26282028396575,38.29995733603231,-2.037137052066555
38.62879887159702,40.08352455630339,-1.4547256847063679
29.118326106586064,30.230147511275106,-1.1118214046890422
-20.106927558516258,-18.053662361499235,-2.053265197017023
38.36786483067856,35.697990213415366,2.669874617263197
52.92216112049987,49.81509593212854,3.1070651883713296
-0.6296702950280261,-0.4409630359114516,-0.1887072591165745
20.976279232709977,17.49163404463195,3.4846451880780265
48.247157357131634,48.17463259048421,0.07252476664742602
64.33600586740597,57.079706845034394,7.256299022371579
45.56389376359066,47.736715073573315,-2.172821309982652
-0.1795702900134042,-1.314386100602448,1.1348158105890438
48.98909086677563,45.75253291542469,3.236557951350946
58.895154648384874,59.18659586203738,-0.2914412136525044
34.550519826459244,38.737742351763586,-4.1872225253043425
77.17681399767194,78.85483772466584,-1.6780237269938993
59.026734704679185,56.120705630535284,2.906029074143902
37.86510144022712,39.89467098402531,-2.029569543798189
42.527930875206955,43.850535764131365,-1.3226048889244097
102.23535126583334,95.40194545005278,6.833405815780566
17.68032285870889,16.178265181360103,1.5020576773487875
11.2175134693939,7.344103070345497,3.873410399048403
89.38809220960776,82.43566676875699,6.952425440850774
39.817024833150924,39.1193529377182,0.6976718954327268
86.25077669701777,85.86329520580198,0.38748149121579445
65.34657833793311,69.17318834255599,-3.8266100046228786
61.7618236035983,59.451497032639864,2.3103265709584377
63.57118499861686,61.44616783220253,2.125017166414324
38.28707868862568,36.67228675983995,1.6147919287857277
53.77787052074212,53.48741363335761,0.2904568873845079
48.69694559117091,51.13701358492836,-2.4400679937574523
71.61591220345043,71.70094771219914,-0.08503550874870314
68.485465915871,64.6138051833194,3.8716607325516037
-18.92384359161683,-19.676239767192115,0.752396175575285
79.34340639894724,76.47775335344838,2.86565304549886
39.70844341643695,39.8030171414321,-0.0945737249951506
47.332463202719254,48.707172590090245,-1.3747093873709915
43.671728459486104,40.03945437346768,3.632274086018427
39.16392937441659,41.476265970916245,-2.312336596499655
69.94585048879014,63.22280599668159,6.723044492108549
49.42188059294258,51.6539539313845,-2.2320733384419214
44.93260399709713,44.25478784234708,0.6778161547500545
54.82223704308957,55.64047679904892,-0.8182397559593468
37.26255611012054,30.522670303361366,6.739885806759176
35.20488703027583,28.30705236530416,6.897834664971668
69.63200723075903,65.16428996034168,4.467717270417353
38.05269426433656,38.13039632332747,-0.07770205899090854
19.447651741160808,19.32782807354748,0.11982366761332841
-10.51271716839921,-10.95148842543857,0.4387712570393596
28.081805378210483,32.099756643828044,-4.017951265617562
24.30257391473617,25.58314391970501,-1.2805700049688404
34.620975519109976,30.997300592907578,3.6236749262023977
50.674807291185466,48.68626497605811,1.9885423151273542
50.97338563546456,50.32505012355122,0.6483355119133378
9.55932647514005,11.542092159619159,-1.9827656844791086
86.91569947597469,85.63246368763735,1.2832357883373362
45.52152038197446,47.41072741168409,-1.889207029709631
33.89708695677674,37.39402446584056,-3.4969375090638195
45.01333878551467,45.30565553336584,-0.29231674785116724
67.97567988800758,63.33515700125857,4.640522886749004
24.361570379050626,22.308319693838087,2.0532506852125394
37.02826521154446,33.07952885175044,3.948736359794019
20.25050991747349,13.435992106541264,6.814517810932227
56.716649430876366,59.73288953331044,-3.0162401024340753
52.002866964439356,51.72717747145835,0.27568949298100875
70.21451745959315,68.3335197035186,1.8809977560745494
43.50519355862935,42.676373157025395,0.8288204016039558
48.086485114951756,45.1710221699562,2.9154629449955536
80.98860797618161,78.66465175146959,2.3239562247120205
52.64909016660463,56.84837330718716,-4.19928314058253
16.62591968173438,14.186220295940743,2.439699385793638
41.0049538461564,41.53571569002386,-0.5307618438674666
72.69924827584515,67.21806312358197,5.48118515226318
16.191991950112016,21.64058195968873,-5.448590009576716
41.02723497109081,42.26615705804511,-1.2389220869542967
66.96630080329352,65.26097777000118,1.7053230332923448
32.76546525229339,32.481870689113066,0.2835945631803227
43.379307996532084,43.630448287424144,-0.25114029089206014
37.26147823798208,35.113569319123926,2.147908918858157
53.91501271872008,46.64854536584464,7.266467352875438
-3.6401610655749534,-6.1511017657645795,2.510940700189626
67.3598750015372,67.56518546281987,-0.2053104612826644
72.93129723298958,69.27388026295584,3.6574169700337364
56.77443001416565,59.52247267826095,-2.748042664095294
29.03796327292311,30.11205902706054,-1.0740957541374279
60.96007639858027,57.17351048714231,3.786565911437961
20.5548325174268,23.91389968810674,-3.359067170679939
-3.102673408161466,1.0921987589991886,-4.194872167160655
27.27985828941802,29.961987969801058,-2.6821296803830386
7.356814851164986,7.725947453811244,-0.3691326026462587
44.19633788992904,46.01996722522521,-1.823629335296168
60.04338709464867,57.66048708234256,2.3829000123061093
71.97719503942756,69.14662332496867,2.830571714458884
84.5462042311435,88.33819487290666,-3.7919906417631495
62.22768886025609,58.29796014568094,3.9297287145751483
77.97829598853416,79.28171665199287,-1.3034206634587093
57.867687859347164,55.541996466909616,2.325691392437548
3.35300206535684,7.08579719969201,-3.73279513433517
54.853396966330145,57.69620373446821,-2.842806768138068
39.989821020262674,41.68784637320962,-1.6980253529469422
9.294456606830327,12.985405961985094,-3.6909493551547676
85.06808593781874,82.0197952907138,3.0482906471049347
78.68466523770773,79.19794924906725,-0.5132840113595165
1.6764730468318314,6.477012577418719,-4.800539530586888
23.968651037277876,29.484069235171958,-5.515418197894082
68.84277961960848,68.22299940173548,0.6197802178730001
42.03239973289916,41.69784998791552,0.3345497449836401
-14.156670241012542,-16.369104811037133,2.212434570024591
26.652531244092636,29.236387077689074,-2.583855833596438
55.321874795292885,52.9070991202,2.4147756750928835
16.452648253323144,12.877577435342829,3.575070817980315
25.647988222111536,25.74995159435572,-0.10196337224418528
65.38014905490495,67.46531159035457,-2.0851625354496264
-7.554603222874956,-13.104441941971302,5.549838719096346
54.9001223054691,56.72836431999591,-1.8282420145268148
37.98563862137263,41.44894051649094,-3.463301895118313
22.542955762526724,21.281183078767043,1.2617726837596805
43.11258706114215,40.12089466158873,2.991692399553422
-8.975766733599569,-1.0535423731386118,-7.922224360460957
32.630986129044864,34.469144529531135,-1.8381584004862717
48.465236231853396,46.410538626204406,2.0546976056489896
1.9098065748462085,1.3402864149731215,0.569520159873087
36.22418681238411,35.94841853263735,0.27576827974676377
33.590295166438715,35.59502248652096,-2.004727320082246
74.58694346444393,74.59593406657228,-0.008990602128349678
31.411762312350035,33.56491096849487,-2.153148656144836
17.047597073539094,16.220839176546733,0.8267578969923619
54.32428534010139,58.7354015314731,-4.411116191371711
61.903847152556835,62.052447018801274,-0.14859986624443877
68.26728674202458,70.78778221302585,-2.5204954710012686
57.44578165739494,58.2713671764754,-0.8255855190804624
67.0715951769415,62.123203077013166,4.948392099928334
51.184567528275345,57.04961397985644,-5.865046451581094
50.14130525982733,50.23365322683454,-0.09234796700721404
40.20104973451153,41.08977396822816,-0.8887242337166299
35.6409295813393,36.358863331848056,-0.717933750508756
53.23438820389268,51.98269730600223,1.2516908978904482
85.15960790684785,84.45059562152824,0.7090122853196164
-11.724833961595255,-8.862649748179038,-2.862184213416217
66.64897094047747,71.66302466452231,-5.014053724044842
62.01470830377835,66.47490391275491,-4.460195608976562
36.322229429759645,37.07483884380005,-0.7526094140404069
19.65157018906674,25.87449241395116,-6.222922224884421
85.68896941353839,86.84509770607546,-1.1561282925370762
64.30703174732484,64.92217459083969,-0.615142843514846
62.0582144080156,59.77514240902247,2.2830719989931296
32.73880161979586,33.39645948671091,-0.6576578669150521
68.42143379639258,70.91736459304107,-2.4959307966484943
3.902132425405929,4.494951339902073,-0.592818914496144
43.70839731106824,42.37717191802904,1.3312253930391975
72.74064394094482,75.1008100669638,-2.3601661260189815
56.94828882587541,51.56907748563894,5.379211340236466
37.677287502643246,37.06895911359567,0.6083283890475784
67.86984862319193,64.36417597370486,3.5056726494870674
51.16980010795434,52.71358677246345,-1.5437866645091134
49.05174757534066,46.705242989313696,2.346504586026967
77.97709820964747,77.29660972530087,0.680488484346597
50.38069140237254,49.89528551301139,0.4854058893611537
-17.335640195741764,-14.675058840126397,-2.660581355615367
61.29098632665897,64.61152471851028,-3.320538391851315
74.12164463820099,76.92085021252656,-2.799205574325569
72.10802254245239,70.39514780263357,1.7128747398188153
43.07331245151477,39.09830747208579,3.9750049794289737
75.15208396448394,77.61249160451038,-2.460407640026446
-12.948875314745486,-17.874711799016197,4.925836484270711
42.84870960097811,46.14572903778071,-3.2970194368026
52.004672732790645,57.31286650328191,-5.308193770491265
10.775915926560005,10.238804621187484,0.5371113053725214
77.48567281368847,80.83664026493398,-3.350967451245509
9.090169942133414,8.176048608276759,0.9141213338566558
28.27621972416125,25.541328589097176,2.7348911350640748
41.85684497838256,41.65170908612274,0.20513589225981832
42.53180538974165,41.033498370044846,1.498307019696803
58.01636216413776,59.30050697726887,-1.2841448131311068
53.54716895956836,53.739713265403644,-0.19254430583528404
34.7097895820538,33.503782330389726,1.2060072516640759
33.23135863713699,35.33879361696347,-2.107434979826479
68.5162256865214,65.44760599328906,3.0686196932323355
69.90258407130563,72.22785243731663,-2.3252683660110023
5.710197139270743,4.977527256035344,0.732669883235399
56.96067778628984,56.7696807457724,0.19099704051744482
67.8919051931392,66.65496849270745,1.236936700431741
48.191763545164484,48.24533336714939,-0.05356982198490812
63.33647185383012,58.80863213030805,4.527839723522071
38.29807291055543,40.813831256074494,-2.5157583455190604
31.818412884793,28.486496015189132,3.331916869603866
50.07372327620814,51.92837979265621,-1.8546565164480668
25.101080619528737,26.876044201540708,-1.7749635820119707
7.728496355084637,8.081136120284526,-0.35263976519988915
69.89382394242719,64.42445580971678,5.469368132710414
58.45283063290416,59.90113459765129,-1.448303964747133
35.568228452106894,35.85181355324599,-0.28358510113909574
47.41397856436835,40.487118073632914,6.926860490735436
48.25588203701043,47.94449408995619,0.3113879470542429
83.39652930074057,81.24625248229614,2.150276818444425
59.45758307549127,59.93020075035771,-0.47261767486644146
55.73760247619477,57.56180598695969,-1.8242035107649173
79.86439105183909,72.83194017092389,7.032450880915206
-18.308387815019046,-17.612218784420776,-0.69616903059827
43.985940003429114,47.07573632205,-3.089796318620884
72.60771181208187,74.4526282058512,-1.8449163937693243
16.800977556493212,19.003707058795328,-2.202729502302116
19.141977468688303,25.61627381480922,-6.474296346120916
84.51383096786094,88.20695432835609,-3.69312336049515
46.6146056860363,51.398645598278,-4.7840399122417026
64.50549568367305,60.0891904121268,4.41630527154625
51.181077672506724,49.13382334592281,2.0472543265839107
56.68596535284511,57.73852824177628,-1.0525628889311704
79.375475338605,80.78064662629994,-1.405171287694941
58.47224840072296,56.273009750112145,2.199238650610816
23.364956726670844,20.37948140441962,2.9854753222512223
76.21610673053583,75.03349605806577,1.1826106724700622
-0.7803742414272863,1.89084099330438,-2.671215234731666
56.242504094895665,60.62705959800529,-4.384555503109624
36.94427557089075,37.66993692333924,-0.7256613524484905
65.47961467194747,64.17687912925189,1.3027355426955864
80.90918086985027,79.79497605880218,1.114204811048097
47.058768244554884,45.308618157658294,1.7501500868965891
26.94879181445991,29.272312442420017,-2.3235206279601073
47.15921010980608,43.460109262315065,3.6991008474910174
58.753577649230664,57.56130098350582,1.1922766657248474
48.867142210001354,48.85936811462649,0.007774095374863066
60.109852069179894,63.237455221209714,-3.1276031520298204
30.264253514732626,32.01766308045755,-1.753409565724926
-9.486683979314504,-9.508292003050613,0.021608023736108706
53.87629272652453,54.43705255214291,-0.5607598256183763
55.41468378408175,51.48880662821841,3.92587715586334
-7.599711705536308,-7.667744139060119,0.06803243352381116
-18.952844750296848,-19.050084103540215,0.09723935324336708
52.398161240014055,53.73956916600214,-1.3414079259880864
29.529791526518455,24.022797871658668,5.506993654859787
56.052537432674505,53.09390123554686,2.958636197127646
11.938380533489497,6.485631915318578,5.452748618170919
40.36266701530563,42.98343401060271,-2.6207669952970747
43.605151038129954,41.28851213508935,2.316638903040605
11.215877127193014,9.87072827369147,1.345148853501545
28.95793858781686,26.52108745533677,2.43685113248009
43.11837305491834,42.79274798387432,0.3256250710440156
61.76367123656965,57.62980638975686,4.133864846812791
76.43792643321657,79.04082685482271,-2.6029004216061367
68.23896494448722,67.7263568783655,0.5126080661217287
30.689824789598934,34.29756782918491,-3.60774303958598
22.53116767682956,24.614201191355733,-2.0830335145261714
62.506142254583196,62.343808164235426,0.1623340903477697
23.168767382916112,25.09947973417856,-1.9307123512624464
70.33986963036578,71.70480599920663,-1.3649363688408442
48.41261992398186,48.27583812152718,0.13678180245467786
85.73123587963894,82.77927682560961,2.951959054029331
52.74169496933871,47.92024994014555,4.821445029193157
37.11048714927839,40.47137339862895,-3.360886249350557
40.058491528257576,37.05340519658732,3.005086331670256
27.573094719496282,28.20647366387837,-0.6333789443820876
65.51937394967084,63.782004726038984,1.7373692236318519
56.21323860269873,53.78167367622751,2.431564926471218
3.9967177885431893,2.9432455441075547,1.0534722444356346
68.86953387019089,67.3243019206012,1.5452319495896916
-9.231089539127213,-8.453942950850845,-0.7771465882763682
65.32748848586454,64.32140868147997,1.0060798043845693
57.86980938149762,56.53896981599786,1.3308395654997582
86.53866440056373,87.89005528738704,-1.3513908868233102
47.174793756028336,46.5881887069182,0.5866050491101333
21.396246926045798,20.69547765956702,0.7007692664787797
83.05108699036688,84.95831356608812,-1.9072265757212392
57.70438182670662,67.62544953300794,-9.921067706301315
70.47023693041443,65.35556999424563,5.114666936168803
44.602560732974105,45.27259183189485,-0.6700310989207452
57.222780088173856,60.478224032249166,-3.25544394407531
40.45643911498871,39.48823400775422,0.968205107234489
66.37246218169743,62.89713941079856,3.4753227708988703
-31.675321548952983,-28.400915139556062,-3.2744064093969207
57.27927484901749,54.18238400524833,3.0968908437691596
66.89143211514457,66.81610893755374,0.07532317759083185
54.84947868140593,60.72068180174926,-5.871203120343331
63.68180266934141,65.58351871909055,-1.9017160497491403
24.177027261989362,27.83295476268914,-3.6559275006997787
15.574437353647673,17.035633912827223,-1.46119655917955
18.041880815678894,17.01756307525055,1.0243177404283443
70.47598127684107,71.61719097219793,-1.1412096953568636
69.95747778434848,69.61996157213382,0.3375162122146662
72.67901638930759,67.49643160480362,5.182584784503973
40.04823082511671,41.135751434212544,-1.087520609095833
71.34891269011186,76.34567026305422,-4.996757572942357
42.479353395254044,47.00939100865557,-4.530037613401525
17.844685613089965,20.323439323443395,-2.4787537103534305
71.42848299311537,65.95221528814375,5.476267704971619
71.84516709438708,71.63218583487861,0.21298125950846725
21.774483571172073,21.252174916087412,0.522308655084661
39.31968036611883,37.731560813191976,1.5881195529268552
66.35706311644512,62.67068553097815,3.686377585466971
74.00205311320649,70.38776769936607,3.6142854138404203
6.248641027760507,3.5104471152161665,2.7381939125443404
53.043476192438334,48.01251373236434,5.030962460073994
8.445984780072937,7.494730203824631,0.9512545762483064
53.876136984462796,53.397442056692505,0.47869492777029166
69.14515867981889,71.13302157100429,-1.9878628911854008
59.12886439534313,62.089119092322555,-2.960254696979426
15.800652115525287,16.567152795045416,-0.7665006795201297
35.05636741851619,37.88748282367062,-2.831115405154428
18.725226243654507,20.426792415531835,-1.701566171877328
55.97732621726861,53.95930504728098,2.018021169987634
49.427727463218574,49.16234647765214,0.26538098556643064
54.02491317625446,54.39775988891571,-0.37284671266125
56.56935081156507,51.33189062428869,5.237460187276383
28.607147669621348,28.461225945344268,0.1459217242770805
22.14149066981351,23.86003751947888,-1.718546849665369
6.145009697278736,5.602653644366555,0.5423560529121811
-10.258925174309786,-11.22699513079553,0.9680699564857438
6.29042324896525,6.275721207753364,0.014702041211886119
86.10912574536343,79.23246786255798,6.876657882805446
59.62796746423263,58.84490746591659,0.7830599983160411
70.37497672639456,72.94936267541206,-2.574385949017497
18.073785731131732,17.35777872912925,0.7160070020024811
47.112765280744746,46.741476405383736,0.3712888753610102
52.28527261025009,53.54204441354809,-1.256771803298001
37.1183836451103,37.15451834077639,-0.0361346956660924
48.59564437211314,46.31483594640519,2.280808425707953
64.96855943680038,63.47354790738907,1.4950115294113075
40.549374143808876,38.26456234292548,2.2848118008833964
47.477334025695,49.092699032555586,-1.6153650068605856
44.43595743247296,51.45268849462407,-7.016731062151109
33.25967553574449,30.34810233268358,2.911573203060911
72.83165868805641,69.36618782613371,3.4654708619226966
53.10385721567375,56.35418854971688,-3.250331334043132
29.54216134285845,28.28530912275535,1.2568522201030987
55.211786385172786,56.80684248343981,-1.5950560982670225
64.78294065423283,63.132029484783274,1.6509111694495573
73.88700730141191,71.2274778054886,2.6595294959233087
10.61991939396501,11.011092684842595,-0.39117329087758534
32.264320387040556,34.82376303326727,-2.5594426462267137
36.32241323769012,38.43846986238389,-2.116056624693769
28.290242951702943,26.700046417235853,1.5901965344670899
77.42859491589469,75.36065692046289,2.067937995431805
60.98829038242048,61.71476326218316,-0.7264728797626816
36.45399331486961,38.84016800243422,-2.386174687564612
63.46806966509495,64.51609947488566,-1.0480298097907124
23.015979039915962,26.09121849799429,-3.075239458078329
56.58601165721716,57.56714952519816,-0.9811378679809977
66.53624075697526,66.5655292781374,-0.029288521162143866
28.076817148076476,26.141749239174445,1.935067908902031
6.175249661941299,6.10886984282466,0.06637981911663893
51.276903472927934,53.03145678140384,-1.7545533084759057
82.26553608253352,81.74609543946337,0.5194406430701406
-21.86551368992225,-21.668637511568818,-0.19687617835343119
67.64158382962579,64.93606066945553,2.7055231601702587
65.11197007309852,66.69778643664861,-1.5858163635500944
11.84022392520853,9.553482323266053,2.2867416019424773
4.938250300667673,7.179609619686985,-2.2413593190193124
30.40724381822374,35.89925768549131,-5.492013867267566
-29.819645541888892,-30.36404995508964,0.5444044132007484
54.310801644912104,50.10696356997637,4.203838074935732
74.55087461192059,76.13807282715008,-1.587198215229492
58.989487607111315,58.55074662803598,0.4387409790753338
79.91461511792573,78.65024487794834,1.2643702399773957
18.298111931462813,18.748562947540975,-0.45045101607816207
37.89909680617161,36.75797972389853,1.1411170822730838
72.54809854241849,66.86087742850843,5.687221113910056
59.57486811666165,61.96451397348287,-2.3896458568212253
60.05622081707444,61.50238795102388,-1.4461671339494373
46.1929916630968,46.038979889637496,0.1540117734593025
23.390106418136583,22.918971281260426,0.47113513687615693
-12.198208764342002,-9.265071556502363,-2.933137207839639
85.43043699413322,84.08601365994957,1.3444233341836451
12.410625758107628,14.63618809992495,-2.225562341817323
-18.39425231682096,-16.993032102867616,-1.4012202139533443
46.18681420270385,44.211187254412984,1.9756269482908664
41.98026351209735,42.671621304870996,-0.6913577927736441
-0.4861222501905986,-0.45791778552077744,-0.028204464669821183
48.130341344161266,44.25403552223798,3.876305821923289
42.156500428252556,45.48140044227163,-3.3249000140190716
42.61725913438593,43.273097533361856,-0.6558383989759236
34.096045618659254,35.5252879472573,-1.4292423285980433
58.77249864782965,57.62015056426419,1.1523480835654567
54.70284174870524,54.62880033763415,0.07404141107108586
65.2526215363756,63.793132633257144,1.459488903118455
38.42876788846005,36.46870348463128,1.960064403828774
31.334220315326714,29.21965041625097,2.114569899075743
72.23609848091898,74.66942519025181,-2.4333267093328317
63.02394331442846,65.16313248895028,-2.1391891745218246
70.8901353914305,72.43960450940162,-1.549469117971114
34.73162176758421,35.70017335568805,-0.9685515881038427
74.53739380412934,74.75520106847188,-0.2178072643425395
39.99278134380668,44.0648388301575,-4.072057486350815
37.918750495954626,39.2650746141556,-1.3463241182009753
-2.6660546671922116,-3.435611129065677,0.7695564618734654
61.59445891258948,62.323080613912374,-0.7286217013228935
39.339557941656345,41.18222829805836,-1.8426703564020173
50.47108029832383,48.147264700931224,2.3238155973926027
65.45249037606507,61.96869195475131,3.4837984213137645
32.30640392075506,29.458384681537794,2.8480192392172654
52.22980807120327,56.12836285374304,-3.898554782539769
49.831989088916856,50.29407041253209,-0.46208132361523724
69.65091843329564,69.09731369308568,0.5536047402099626
57.435030928009624,61.151582661087026,-3.7165517330774023
62.81926632537669,65.92631392706393,-3.107047601687242
46.53280219065006,50.6870559602596,-4.154253769609539
35.67043129345946,34.8803580233068,0.7900732701526607
35.26737668556012,32.02063520651609,3.246741479044033
25.2806584313658,29.12997772804222,-3.84931929667642
58.350609797039645,61.05307799565716,-2.7024681986175167
24.856273857656028,24.16121278176358,0.6950610758924469
17.05958967569515,18.24445024749565,-1.184860571800499
81.97320299574287,79.39858887208919,2.5746141236536744
62.37524848884408,59.91729143975177,2.4579570490923075
18.44584859278909,22.627937370191546,-4.1820887774024555
39.45736309354186,31.21799167985081,8.239371413691046
57.42440627695957,56.16231572318461,1.2620905537749607
43.75525184698534,46.400053277440804,-2.644801430455466
32.731948042655596,31.616901468014078,1.115046574641518
-20.16051319702528,-19.99362131676682,-0.16689188025846136
44.51849014323348,46.84715573785807,-2.3286655946245887
54.93441399360513,53.73623376605422,1.198180227550914
49.329046379643295,43.72895903326336,5.6000873463799365
32.0499825213436,35.07657194261766,-3.0265894212740605
57.92304041304987,60.67341911529788,-2.750378702248014
49.24510496468984,49.02733899002658,0.21776597466325853
16.049951522376052,19.054829936279816,-3.0048784139037643
81.40967281660787,77.98727613595557,3.422396680652298
32.07068757778968,29.744143067431295,2.3265445103583815
62.23186247443465,60.89958631354358,1.3322761608910696
-4.76879521182792,-2.056983160910306,-2.7118120509176142
58.8551323266571,59.05389936232948,-0.19876703567238252
46.822321604388094,43.91600666420003,2.906314940188061
57.31094086780927,58.48022638892064,-1.1692855211113695
28.63440074835377,36.52730481782646,-7.892904069472692
15.029868756492471,10.935883798606667,4.093984957885803
64.47510725732174,62.891052163041365,1.584055094280373
23.98005514205987,23.653637079884973,0.32641806217489844
12.096127248805091,10.11758960152683,1.9785376472782605
70.64078180832348,64.58305217202509,6.05772963629839
48.00704109350222,51.4594462865353,-3.45240519303308
51.556163626443464,51.80756010694434,-0.2513964805008726
48.666718067460806,48.65556698495567,0.011151082505136856
41.71617894270442,41.63152288713436,0.08465605557005773
80.29351374728168,76.68197420794968,3.611539539332
12.720415085250176,14.698566794889416,-1.9781517096392403
67.67578478272269,68.36423350544719,-0.6884487227245017
56.66902293334657,57.056452273442055,-0.3874293400954869
12.982124880476265,8.387215589293803,4.5949092911824625
19.479008653797298,16.120326904458807,3.3586817493384906
66.73213632048096,64.73397162376001,1.9981646967209485
59.7841557556657,60.46468322175307,-0.6805274660873692
86.17983929132203,83.59686657405354,2.5829727172684898
31.182302897471924,34.222500233682,-3.040197336210074
64.67918766515609,63.3201944090348,1.3589932561212947
34.8804574212022,35.468494064594395,-0.5880366433921935
50.75209010191459,55.213548665875976,-4.461458563961386
22.46701753425531,22.26802094768493,0.19899658657037733
27.317097421053973,25.847973943176925,1.469123477877048
-10.579590110720819,-7.6838358490599035,-2.8957542616609153
73.66651476128631,74.59038116995575,-0.9238664086694399
36.42049184079221,30.65249754981741,5.767994290974798
33.85023017868598,31.210988157333404,2.6392420213525796
73.12337423975917,68.79337224249845,4.330001997260723
54.07281278726014,54.546827703553134,-0.47401491629299386
4.8657444661675795,8.941853375996502,-4.076108909828922
49.673262107126355,52.47571584479806,-2.802453737671705
5.108759694150256,9.759884113793547,-4.65112441964329
47.99762539281639,45.50913288536891,2.488492507447475
34.549902554430886,33.87013702718882,0.6797655272420684
54.88991896248905,56.7195222013194,-1.8296032388303516
28.92340685547472,30.180822099844136,-1.2574152443694153
21.969717189067644,16.701901056708664,5.2678161323589805
27.80741652408272,32.81372759396028,-5.006311069877562
2.5747392082205307,2.769609939735787,-0.19487073151525625
70.90201602375195,67.86669259623791,3.0353234275140437
12.651012736656702,18.524020619751923,-5.873007883095221
53.34501757298128,60.26640532201467,-6.921387749033393
42.26843373487663,41.19853572873491,1.0698980061417203
-4.374198469614883,-4.796383590681174,0.422185121066291
38.93308531450404,39.2270701302544,-0.2939848157503562
44.30025830426824,48.072955111410685,-3.772696807142445
-21.89667753189255,-22.116135025850255,0.2194574939577052
56.34163265046212,54.57593992730591,1.7656927231562065
47.037319081029494,46.04778349043946,0.9895355905900374
63.62755332549729,66.13246024409159,-2.504906918594301
35.04534890668923,34.17077757304716,0.8745713336420664
6.568641401188241,4.890831442476852,1.6778099587113893
50.82087684543821,48.53007226391328,2.290804581524924
1.106507593044541,-1.8385584376175501,2.9450660306620913
58.19781318648117,57.458298650080614,0.7395145364005558
20.465447060348108,26.836223134273425,-6.370776073925317
24.780124326979237,29.401965031075846,-4.621840704096609
59.65682728104821,61.48448728326095,-1.8276600022127383
65.7977732945626,64.39109058530246,1.4066827092601386
73.23901746570657,69.3070863144136,3.9319311512929715
80.1353286023304,82.80518761748392,-2.66985901515352
33.33963376683733,35.13437578219501,-1.7947420153576772
37.147084540174966,41.82994917538643,-4.682864635211466
38.24556525152005,38.48945351322093,-0.24388826170088151
47.46014073143541,50.264010345967726,-2.803869614532317
81.38207922864584,84.48320227874983,-3.1011230501039933
18.233223086016867,16.927500371074615,1.3057227149422523
58.03508630963022,62.25377672640518,-4.218690416774955
36.137009509487015,30.104921908155475,6.03208760133154
44.323654313294,45.24047353638273,-0.91681922308873
39.021802979651525,34.56037809829847,4.461424881353054
49.02218477747605,51.85207394773911,-2.8298891702630584
38.582741653136935,38.34819339495007,0.2345482581868623
-12.531783374780462,-13.071332146810718,0.5395487720302565
88.7951802430559,91.8406963482074,-3.0455161051515063
29.45629767147981,34.03641163996457,-4.58011396848476
49.45927313928001,49.39889509848644,0.0603780407935659
83.68403488937531,82.08981043369641,1.5942244556788978
-16.222748432452384,-16.984394450348645,0.7616460178962612
40.190734854779954,39.51871917622294,0.6720156785570168
11.68182915083484,10.330540395068155,1.351288755766685
62.894353263677345,68.16732835910044,-5.272975095423092
5.4078080769480135,6.113450527388991,-0.705642450440978
56.34582408389206,55.46935437270305,0.8764697111890101
60.6089171302445,59.38408521002127,1.224831920223231
-9.396313406634736,-10.660267100045445,1.2639536934107092
42.64018326370894,40.641106019290866,1.9990772444180749
62.150905385140945,60.88923629049093,1.261669094650017
39.39238537321066,43.55674550833849,-4.164360135127829
74.20653539533036,81.92293196769172,-7.7163965723613615
20.43662587135926,17.945498974040632,2.4911268973186296
20.75173533420528,28.078867678082005,-7.327132343876727
-15.104043885065195,-13.740627159123264,-1.3634167259419314
49.92667907275425,53.034332399962004,-3.107653327207757
29.034659825346804,30.936266632560702,-1.9016068072138985
54.68336642464359,56.94893246941418,-2.265566044770594
64.80603437933227,65.00756950575999,-0.20153512642771432
5.373560245520753,8.86469415542544,-3.4911339099046863
62.50857287225434,65.18427643464267,-2.6757035623883283
18.787046347191158,21.546306062108016,-2.7592597149168583
-6.0593660820923,-2.5318578499026074,-3.5275082321896924
22.071686591140423,25.45679393023714,-3.3851073390967166
39.00054395092475,41.90316902675855,-2.9026250758337966
58.97481831918518,63.807502762749046,-4.832684443563863
45.331805626758786,45.001353095937624,0.3304525308211623
65.13379737329993,64.27193860572666,0.861858767573267
28.253255265227597,28.1539572797236,0.09929798550399838
22.689827879075814,23.50093594639341,-0.8111080673175977
34.96406023016744,37.64566430202396,-2.681604071856519
24.032088232936413,24.62549903940301,-0.593410806466597
23.17213591576249,22.761745167729117,0.4103907480333717
-14.279065698913453,-14.914208898347837,0.6351431994343848
14.144930957569942,8.375151188418428,5.769779769151514
61.141315804621165,60.31858088021254,0.8227349244086284
28.230928645629614,27.906354721378307,0.3245739242513075
0.6652076875646138,2.9333403097127757,-2.268132622148162
66.42508306641649,64.46457667023857,1.9605063961779194
55.35468566957582,49.46499888970149,5.8896867798743315
39.47962928866126,40.10536476417985,-0.6257354755185958
65.39707068416826,63.26888092718986,2.1281897569783936
45.961821277832854,46.528630192905204,-0.5668089150723503
67.37519738613624,66.60833065056357,0.7668667355726626
66.92638142540878,68.56111691625821,-1.6347354908494367
38.47870545176654,36.80221581146738,1.6764896402991596
50.35096935066434,50.703441994028964,-0.3524726433646208
69.04206650541576,69.09324134039356,-0.05117483497780029
56.80655400172594,56.415344463872444,0.39120953785349855
52.64080422755235,53.83855340168982,-1.1977491741374706
58.619566565918305,52.67680042282142,5.942766143096883
78.0794876176537,80.26307996490831,-2.183592347254617
42.8739352064591,40.41077104429363,2.4631641621654694
61.06402837252386,63.9182343165765,-2.8542059440526444
33.07092637080575,36.50399228622908,-3.4330659154233274
47.408618655667034,47.495403588081516,-0.08678493241448137
23.362756576026744,22.942878774443287,0.419877801583457
47.92070298560343,47.231539154239336,0.6891638313640911
58.990645960766244,57.408961967097035,1.581683993669209
41.76431952020321,38.09359751515624,3.6707220050469687
6.648739531957478,11.35372486581413,-4.704985333856651
28.365161445956623,29.311700633035088,-0.9465391870784643
60.06479811845008,66.07700150217687,-6.012203383726792
64.09579936994912,69.90091532869421,-5.805115958745091
6.166764182395193,3.089589788658955,3.0771743937362377
55.61848985714247,61.31319943384041,-5.694709576697939
39.80967043280308,34.95941829880893,4.850252133994154
57.69027745557346,57.371117737023454,0.31915971855000436
53.902912344827264,54.30699313132835,-0.40408078650108337
62.2135341140508,63.08077427250681,-0.8672401584560063
-6.373931275620812,-11.063560116773715,4.689628841152903
59.87893584222029,64.18019166262198,-4.301255820401693
61.620852482211106,66.4534888462087,-4.832636363997594
32.06578747599228,30.62713969698605,1.4386477790062315
31.906439211714574,32.6782134302409,-0.7717742185263283
56.10343089044714,55.89707604541327,0.20635484503387147
-8.278358156282948,-8.265413010952955,-0.01294514532999358
33.9566288848173,32.0875337588263,1.8690951259910022
56.28097742708936,52.02471635977878,4.256261067310582
37.92755370171745,39.989622666738796,-2.0620689650213464
62.20108462717382,64.09724311227598,-1.8961584851021556
39.48192623317091,39.70018423143873,-0.21825799826782344
3.1111420553015248,-1.9200082478108271,5.0311503031123515
69.8217781772645,75.89271053231872,-6.070932355054211
67.51234744369805,63.426954593472495,4.085392850225553
15.871267717840157,18.390112396072908,-2.5188446782327514
43.99911001291,46.36654527304472,-2.3674352601347195
71.71968890653893,68.48708120149772,3.232607705041218
5.005144926257323,0.5977167963780659,4.407428129879257
46.36935244476518,52.400460384964596,-6.031107940199419
81.39664922473719,82.71957033647203,-1.3229211117348427
-24.847908651931437,-25.073552293519086,0.2256436415876486
4.760615831809256,5.55183914542053,-0.7912233136112743
45.28209738555698,49.60284075752525,-4.32074337196827
70.62478840826266,72.80550605351465,-2.1807176452519883
43.47489366424068,43.65446697674616,-0.17957331250547526
41.869502163719496,42.00865367522965,-0.13915151151015692
46.229986271293384,46.18492810666771,0.04505816462567225
27.119437715123958,23.145456248560677,3.9739814665632807
34.10412036496061,34.94775939816367,-0.8436390332030612
52.96613485255681,58.191233781441085,-5.225098928884272
26.845123445861923,27.604906135387765,-0.7597826895258422
26.714690974835648,31.815494291173522,-5.100803316337874
56.27423282817443,52.302641332248896,3.971591495925537
34.99917005260023,34.417701964863014,0.581468087737214
57.1622600105619,60.86907545999709,-3.70681544943519
4.547833992403536,7.305298057457591,-2.757464065054055
51.03880765043357,46.92188696543129,4.1169206850022775
42.8195077505415,43.46076203609492,-0.6412542855534227
38.50472789717597,42.308938042184465,-3.804210145008497
52.52343270554591,51.85314055048379,0.6702921550621141
83.8342089371152,84.36483551632392,-0.5306265792087146
31.873307621897144,32.71939396037065,-0.8460863384735084
15.164948157145382,14.110054033877077,1.054894123268305
43.2809019167082,45.94521455854634,-2.664312641838137
68.09704982686618,69.7752948936319,-1.6782450667657116
51.41883113351575,45.326569791508355,6.092261342007397
8.220482154459685,8.970375725029527,-0.7498935705698422
55.00340025682613,54.61072313257139,0.392677124254746
44.213582215254824,48.268869713847224,-4.055287498592399
-19.48739643441194,-15.79272189999098,-3.6946745344209617
61.32474965869859,60.14983375755298,1.17491590114561
57.34371999440506,54.31729085991405,3.0264291344910106
19.562012070633514,23.876506720814632,-4.314494650181118
82.00088044269403,80.37688740634417,1.6239930363498587
46.96712998241202,44.709904309845975,2.257225672566044
12.803069629923144,13.94339465197595,-1.1403250220528065
-3.477379990952147,-1.7828724202496318,-1.6945075707025152
30.135397462831047,28.152977647178332,1.9824198156527153
36.743709207895364,34.58533749358338,2.1583717143119827
39.24224125856365,36.875553878060046,2.366687380503606
55.74245858343916,55.976734195851975,-0.2342756124128158
43.81088996627548,41.7219573899403,2.088932576335182
83.71146696803753,81.3236497495208,2.38781721851673
-3.8515905741873264,0.5633911803604832,-4.41498175454781
65.98956075724661,62.97492367972589,3.0146370775207174
79.601384091499,78.61256202387258,0.9888220676264154
73.06225202438219,69.32048163246334,3.7417703919188483
36.62886849767644,36.543066813643705,0.08580168403273802
36.40960520136061,42.919011463742144,-6.509406262381532
84.60778316513363,82.96085832576061,1.646924839373014
0.6491629101446548,3.4374532289001394,-2.7882903187554846
46.21595140394696,48.08283156296809,-1.8668801590211288
-1.0886218119624904,2.2541405827194154,-3.342762394681906
65.25258897055424,65.65231394455009,-0.39972497399584483
0.2501023172606436,-6.634860357276949,6.884962674537593
81.6708038672172,83.24329471363464,-1.5724908464174376
80.64936992414154,78.83892766527542,1.810442258866118
67.18025698068861,66.83679220285622,0.34346477783239493
12.048265277819345,12.461508804600228,-0.4132435267808834
67.30672700398162,69.81725680026705,-2.510529796285425
38.04129462323075,40.48322313722802,-2.4419285139972757
34.173200790973944,30.691634316296614,3.4815664746773294
48.24844839140467,45.692573650043755,2.555874741360917
29.08772033118312,30.56537723251364,-1.4776569013305192
75.01192685168311,72.30423693900238,2.707689912680735
48.28705981660114,46.54518856153299,1.7418712550681548
43.14575375329559,41.59040163917043,1.5553521141251565
56.8933855954522,52.88291203485617,4.010473560596033
61.61070231271492,53.826540751783284,7.784161560931636
60.90980764088729,59.68188458874981,1.227923052137477
54.502785147952935,53.54058101232688,0.9622041356260524
18.878755675517432,16.81674373543501,2.062011940082421
79.96082846245463,81.69815359026308,-1.7373251278084467
9.746426001759701,12.42157233156523,-2.6751463298055285
14.443319469145683,17.40009011236738,-2.956770643221697
48.278950193064766,51.667360379116104,-3.3884101860513383
37.02541369499556,33.856221408117975,3.169192286877582
64.29916143722318,60.08756015673547,4.211601280487706
-7.126524970413159,-8.004484788765822,0.8779598183526636
-4.008944703895796,-4.053720864050746,0.04477616015494945
55.74702155275837,55.33029887260084,0.4167226801575268
48.28807396092776,47.34899711110687,0.9390768498208928
47.1957017991702,42.76535562508816,4.43034617408204
-18.313597940145264,-20.866412469244153,2.552814529098889
11.348598339978384,15.175672991422488,-3.8270746514441036
-7.350926329278388,-12.175402359457692,4.824476030179304
37.99815160745816,39.54878047344497,-1.550628865986809
61.294738655222,57.583762611974564,3.7109760432474346
-9.88647126160208,-9.913212428338767,0.02674116673668614
69.29667886244226,72.61015635834342,-3.3134774959011537
27.13450409418757,21.659193424992722,5.475310669194847
58.682801588528314,59.385811008634974,-0.7030094201066603
42.241772732736464,41.131273480843,1.110499251893465
13.131939097179089,14.304838072829199,-1.17289897565011
71.83269599089286,70.01627085897653,1.8164251319163327
-4.150428372965642,-5.134015148648956,0.9835867756833139
67.68588542725546,75.85990061844174,-8.174015191186285
88.1841912723514,86.87874159395756,1.3054496783938419
36.849826085440846,38.84089559839626,-1.9910695129554128
1.5656641511602571,1.2997433201497586,0.26592083101049857
38.34157900895404,39.76375715825175,-1.4221781492977073
78.26163413037692,82.15623078966233,-3.894596659285412
73.64561240086245,76.68830689026832,-3.042694489405875
81.4671976054262,80.62849141873846,0.8387061866877303
12.988599589368604,10.664719597116402,2.323879992252202
42.035285538030756,41.86867934376647,0.1666061942642827
45.821888892829904,44.99437253756387,0.8275163552660345
35.59734229963652,34.09232135846409,1.5050209411724325
36.65871316674951,39.68717897536301,-3.028465808613504
63.4470967064296,64.37262290752767,-0.9255262010980729
46.75059980400382,44.197854443790405,2.5527453602134145
46.83302989621917,46.47123198058703,0.36179791563214536
39.14684324523038,36.99828291879187,2.1485603264385063
53.137593502762925,51.00527677388538,2.132316728877548
75.40792979334971,81.73867076245251,-6.330740969102806
56.29464941502872,54.58562101513254,1.7090283998961837
6.504197963792322,10.547745339382189,-4.043547375589867
67.03605855949185,67.05903358412289,-0.0229750246310374
56.00442701261086,53.979771007562384,2.0246560050484774
27.052149239412277,30.895816949521517,-3.8436677101092407
35.08127619713687,37.92595387283875,-2.844677675701874
53.18592699459661,56.35198779070572,-3.1660607961091074
36.36790693673295,34.48283299956276,1.8850739371701906
62.851592843251936,66.77627063897164,-3.9246777957197025
72.20372261888349,66.02702192630845,6.176700692575039
60.348388738689614,60.18580300435957,0.16258573433004386
34.6306852040131,38.53371817859856,-3.9030329745854644
50.22394152651034,51.23198771045346,-1.0080461839431223
63.994386533976176,67.2862097315548,-3.29182319757863
47.20689298873628,51.65126391522148,-4.444370926485199
-18.203162220059095,-19.379825197904694,1.1766629778455986
41.16603156963213,43.41672684319687,-2.2506952735647374
30.853114437767395,30.23407177691628,0.6190426608511146
54.45736500637462,53.032894621292385,1.4244703850822376
58.87211811566157,61.62335406613062,-2.751235950469045
60.41507699190629,59.1787186392924,1.236358352613891
52.10423007409589,54.91198529160153,-2.807755217505644
-5.838659214487024,-6.075189775200485,0.23653056071346068
51.000674967318936,49.89695575669762,1.103719210621314
65.37170978896188,68.0967457600475,-2.7250359710856173
69.83249192058841,70.51584083554161,-0.6833489149531999
74.26422542223293,73.68691118789317,0.5773142343397524
63.96604936180787,61.87094836483858,2.095100996969286
69.03337111583862,70.92958636674922,-1.8962152509106005
34.1293264190852,28.524718846561626,5.604607572523577
75.97259482150808,73.42181240000555,2.5507824215025323
44.13020265010422,42.56545283249473,1.5647498176094956
47.956286800985104,44.86731741686825,3.088969384116858
64.87388292709893,65.79340848701045,-0.91952555991152
54.22626262003594,55.019821972053975,-0.7935593520180362
55.82478347445345,54.1174152310737,1.7073682433797472
-7.573407505870422,-8.072746544010798,0.4993390381403753
81.16567126513316,81.66653063772686,-0.5008593725937089
47.26982992831237,47.829877312721244,-0.5600473844088754
36.720445720722566,37.580242598757536,-0.8597968780349703
57.69682705596473,55.765881789059954,1.9309452669047786
78.85491124606355,78.02259076828591,0.8323204777776425
51.95592901106355,52.376265856121506,-0.4203368450579532
37.02985490602176,42.091605496038184,-5.061750590016423
50.95994047418567,51.52791279148004,-0.5679723172943696
67.8913817468731,64.06399492353532,3.8273868233377755
54.44207226642498,56.743546690442244,-2.3014744240172647
60.540118654194664,61.45897890565097,-0.9188602514563087
46.61065430314537,48.7374435931773,-2.1267892900319296
43.71668151489605,46.02554351963334,-2.3088620047372856
57.3774473523762,53.12079182036039,4.256655532015813
11.23319182540457,8.703165689412643,2.5300261359919265
23.896494501802806,32.156341745956595,-8.25984724415379
49.10457111642802,52.389976522882876,-3.2854054064548563
39.34223034658032,37.58865562964744,1.7535747169328815
32.458152088370795,40.35949237129216,-7.9013402829213675
39.944493981894084,38.33015077079029,1.6143432111037939
61.51431205941793,61.6964702178366,-0.182158158418666
53.17157707287827,53.97221503336328,-0.8006379604850054
75.64287745656544,74.88248071786255,0.7603967387028945
79.35923472185905,78.63754713234037,0.7216875895186803
-2.0337491018985028,-1.3131196277345083,-0.7206294741639945
66.11322208298738,68.40081217256025,-2.2875900895728734
9.738349275838475,5.28893584461359,4.449413431224885
29.090260030947874,31.699913103486125,-2.6096530725382507
60.73314634840151,59.43602389688563,1.2971224515158823
50.75504380800659,45.41973010796161,5.335313700044978
23.102908123388428,22.62115977742785,0.4817483459605789
44.848333164616804,43.06544896380626,1.7828842008105426
65.11887390400018,65.7602301621624,-0.6413562581622188
39.45738301456987,43.03897393367371,-3.5815909191038386
15.55044408206225,16.03637138393823,-0.4859273018759822
37.481752140026835,38.21449977371843,-0.732747633691595
40.29492162306923,39.192001892170794,1.102919730898435
-15.294931007978324,-14.522940166037216,-0.7719908419411077
52.73846104249707,57.07872660399186,-4.340265561494789
21.598012646843227,21.016846902855093,0.5811657439881337
61.0546968316233,59.374005699976834,1.6806911316464692
35.691372550090534,33.870750436070566,1.8206221140199688
39.31751496715364,44.27374166295701,-4.956226695803366
40.210925171313086,38.74269157198181,1.4682335993312776
75.34356516228257,73.2433162226605,2.1002489396220767
11.362332159696297,6.494270435004395,4.868061724691902
48.33744667577017,51.493019201465664,-3.155572525695497
71.75109446665611,66.75993714803418,4.99115731862193
52.67688985718214,60.78007092885262,-8.103181071670484
47.97451905398481,48.01850840458814,-0.043989350603332866
32.07331062375225,30.707942103043678,1.3653685207085715
28.444519233859918,28.223818219627148,0.22070101423276967
42.279447051935804,44.558707109479606,-2.2792600575438016
65.92935968971007,63.68493593512153,2.2444237545885386
51.05829968195438,49.77774546805759,1.2805542138967922
53.995200352774596,57.215046947832036,-3.21984659505744
49.80088886434678,52.50102978175499,-2.7001409174082056
10.449737743133714,5.5657092457038,4.884028497429913
34.710851163255306,34.71103414684373,-0.00018298358842372409
68.26482816486933,67.30736122170097,0.957466943168356
55.7921053032942,53.560254009825535,2.231851293468665
26.793856542064464,23.414586615653107,3.3792699264113573
69.54979265182322,68.1588991535113,1.3908934983119252
73.29826333920201,69.48748912327619,3.810774215925818
39.90904422368785,41.03345549390145,-1.1244112702135993
-13.858583088769768,-12.672510859612359,-1.1860722291574088
55.8174623681627,52.965080552383085,2.8523818157796157
45.08523509542097,45.814748933317624,-0.7295138378966541
82.13221064538378,81.92205344158245,0.21015720380133018
47.40979261870489,46.98413548725925,0.42565713144563944
58.58952165681288,53.47839811874354,5.111123538069336
49.163977917319684,42.238137074298876,6.925840843020808
22.959972927324323,23.27600937866174,-0.31603645133741765
61.05821125395444,57.78808910410957,3.270122149844873
28.748473605105417,29.36212027031395,-0.6136466652085346
0.9106422147823965,3.089652911396783,-2.1790106966143865
40.58616794377199,40.150004878716054,0.43616306505593627
45.453408980587255,43.521498099881754,1.9319108807055017
62.48643019828648,60.191042779033765,2.2953874192527124
38.24844634556717,35.65964172146762,2.588804624099545
59.090713627396525,64.55384057570635,-5.463126948309821
53.56540540833521,52.20286805450916,1.362537353826049
18.521831737592713,13.57203847187914,4.9497932657135735
25.795857278494104,28.23234079586946,-2.4364835173753576
55.12935438767076,55.78316798117455,-0.6538135935037914
75.76470575126498,74.62155399957442,1.1431517516905672
37.949991081991655,35.29064283683367,2.659348245157986
28.47387377002494,33.05098921383491,-4.577115443809969
80.55254480036129,81.61808801546903,-1.0655432151077378
53.86111741778338,54.58883819578409,-0.7277207780007089
87.36538803193287,84.52375615063144,2.8416318813014243
38.00421122423577,37.54285851903704,0.4613527051987276
55.65325074060344,55.932202590942026,-0.2789518503385864
83.5987906674123,84.02852919380942,-0.4297385263971165
83.40120373515325,81.43354464360286,1.967659091550388
71.64520760045512,75.53321118776145,-3.8880035873063292
44.1915751129295,46.142294444863445,-1.9507193319339464
73.3017739927913,73.67231029625492,-0.37053630346362354
62.37364889119038,64.34985538865728,-1.9762064974668974
79.21720458653272,81.35388073302545,-2.136676146492732
46.8535168029197,44.77892095720766,2.0745958457120395
65.93382579826044,61.650559459363876,4.283266338896567
59.74670190481643,59.51890150207207,0.2278004027443643
12.372571645052576,13.012191029796284,-0.6396193847437086
21.344444289552218,22.10372515396496,-0.7592808644127409
40.89443426483865,38.39395048816302,2.5004837766756296
70.35961134060716,78.13876547522412,-7.7791541346169595
6.327578572996267,9.05912177086283,-2.7315431978665634
64.59600139988346,66.5779526640006,-1.9819512641171428
66.02856689304431,62.30323850952725,3.7253283835170663
14.887959293397236,16.248236315824343,-1.3602770224271072
62.46071553703619,63.46426799389721,-1.0035524568610228
84.77475785885679,79.88300972556434,4.891748133292452
47.20719048663929,43.65425689935844,3.5529335872808545
34.399227660640776,38.20211104717171,-3.8028833865309366
33.79561035022573,35.33794641787496,-1.5423360676492308
65.08947118219646,64.48783953004258,0.601631652153884
70.91851548121406,69.79917942937503,1.1193360518390278
62.52852062175816,65.4750985532207,-2.946577931462542
42.90117494809383,41.81849799149309,1.0826769566007428
21.834418276049533,21.6485618040154,0.18585647203413203
-8.291311426239828,-5.75584741148036,-2.5354640147594676
60.64723126985145,58.02864332710614,2.6185879427453145
50.46523027293853,51.15499447314501,-0.6897642002064828
37.45211592538905,38.53969372976422,-1.0875778043751652
20.91235003220654,19.76994611860357,1.1424039136029691
52.2713270638805,54.540032483220266,-2.268705419339767
40.13524444613502,39.63651107586321,0.49873337027180753
49.362519661962295,52.71805897751992,-3.355539315557621
56.79430108390925,56.606551958407834,0.1877491255014121
77.32168847210288,75.16587352481457,2.155814947288306
38.709968200198425,39.21004264735075,-0.500074447152322
49.41688986984404,49.171461796585064,0.24542807325897797
58.01944654627498,52.487682856876035,5.531763689398943
19.118667223019763,15.86925728897684,3.249409934042923
56.08638595892965,51.29383907856393,4.79254688036572
40.65216713357257,40.56515290067267,0.08701423289989663
87.0951500181819,83.57924359138403,3.5159064267978692
75.35093847532363,70.38943024021404,4.961508235109591
52.00637952274796,50.37768048277291,1.6286990399750536
27.698299113219502,27.336248803381835,0.3620503098376666
-16.805773731067998,-17.903241109869825,1.0974673788018272
40.02623787678665,39.710454594562975,0.315783282223677
16.799959507282303,19.256392784310847,-2.4564332770285446
45.276968327981976,40.58718248282424,4.689785845157736
62.76664696767371,64.06896907868347,-1.302322111009758
57.93943399542836,59.73710773015605,-1.797673734727688
34.81119238655603,34.77132780072341,0.03986458583261765
49.45042768200112,54.21063532571888,-4.760207643717763
43.548119365803934,41.436021817118885,2.1120975486850497
30.267418711683224,34.825797419026586,-4.558378707343362
41.109896878413956,35.31353022255978,5.796366655854179
37.958834423105436,34.729013857718996,3.22982056538644
21.833553766803675,25.223012523155916,-3.3894587563522407
41.32548208510111,43.85699320667588,-2.5315111215747734
68.80991489179388,69.49133466129905,-0.6814197695051689
64.35017984189973,61.83500609644286,2.5151737454568703
70.41213823175475,70.37962990287282,0.03250832888193145
50.842868002126494,49.44314657446766,1.3997214276588323
19.52334589803455,18.09789747410582,1.425448423928728
34.965706559843724,37.56516217638715,-2.5994556165434233
70.06373738912511,73.19423758721322,-3.1305001980881144
64.25025142561283,68.24277640675103,-3.992524981138203
40.73491092038777,40.74758365166679,-0.012672731279018024
56.07518609698489,56.906610397763615,-0.8314243007787212
71.43320699036043,70.83357794078522,0.5996290495752135
82.0524947185658,84.95504580444376,-2.9025510858779597
23.3661634871655,28.725915343786326,-5.359751856620825
44.87617690278447,44.59081836248945,0.2853585402950216
40.16068000299534,32.60794012868551,7.552739874309829
0.5069514829360244,3.8153985638500103,-3.308447080913986
20.178551640164798,23.063784168090805,-2.885232527926007
70.78477266554093,73.6068371035202,-2.8220644379792788
60.63761637687181,63.1756307945981,-2.5380144177262878
35.127391508789685,30.57851398192315,4.548877526866534
52.226090293012696,57.84547304030109,-5.619382747288391
47.922801956468795,46.77707766053213,1.1457242959366667
32.153238653599075,29.72496557114424,2.4282730824548366
40.69153112549997,40.11359115336642,0.5779399721335494
35.73260757369381,32.78876801437896,2.9438395593148527
51.31990441589896,49.8542206939918,1.465683721907162
-33.751898304894645,-32.59402148903318,-1.1578768158614636
7.209947116065222,9.960204008955984,-2.7502568928907616
46.77063614200912,46.807506623145066,-0.03687048113594926
28.73205319000525,29.884529452766117,-1.1524762627608673
24.116084418947015,29.61792165794111,-5.501837238994096
47.67685073596098,51.660947550102044,-3.9840968141410613
45.083764648748215,45.63279364137808,-0.5490289926298644
-7.642340838267019,-5.643971979672713,-1.998368858594306
-24.586133384177,-22.465998026208965,-2.120135357968035
54.66376475872013,58.0503247274649,-3.38655996874477
59.49833353522262,52.01683065382977,7.481502881392849
60.380965311224934,58.70806166681433,1.672903644410603
66.23218762006705,63.1085240504547,3.1236635696123543
44.84667374273301,37.708299201798226,7.138374540934784
75.56165386847104,79.97276180282628,-4.411107934355243
74.1508722900034,77.38246726168222,-3.231594971678817
25.433142684185956,26.975791257820546,-1.5426485736345903
18.1628140898382,19.78205511090991,-1.6192410210717085
-1.3552546005626525,4.6333319382136295,-5.988586538776282
54.82286941788316,58.86817268715018,-4.045303269267016
58.50268405970282,56.877939735459606,1.624744324243217
37.401186585581776,38.96634670968022,-1.5651601240984405
50.77575382124693,48.70439064138713,2.0713631798598016
-13.134362389721808,-13.226436659775658,0.09207427005384972
87.16270782626754,83.60965980574652,3.553048020521018
31.614957170334566,32.40127501721439,-0.7863178468798218
66.4446522306104,65.04654623400464,1.3981059966057643
-6.92188855595303,-0.870036229342972,-6.051852326610058
70.69834104304286,72.78522081289182,-2.086879769848963
55.38260536409541,59.2704179396398,-3.8878125755443875
74.56832921805393,70.79194981004594,3.7763794080079975
26.06908074783473,24.804480120553237,1.2646006272814923
73.5272488632395,69.863549459516,3.6636994037235127
22.32657423072063,22.789160339365225,-0.4625861086445937
41.946095210840745,35.71869936584474,6.227395844996003
64.42295776916366,66.85467210927776,-2.431714340114098
79.43812254253412,77.04227348899343,2.3958490535406867
59.6824086497747,55.66541723813634,4.016991411638358
9.91633278176481,8.477124279134216,1.4392085026305939
65.61235343572758,71.25138827680078,-5.639034841073197
16.29524398943634,18.393821034705,-2.0985770452686587
17.079108534886327,14.675088367521724,2.404020167364603
8.576280083964583,6.114724579344923,2.4615555046196604
40.97824616105427,38.27336458325408,2.704881577800194
82.54065310732366,81.66505718717447,0.8755959201491947
26.974783735242212,24.037835977934378,2.936947757307834
45.334354835866,36.30803653942971,9.026318296436294
76.62429648924798,70.99181858654441,5.63247790270357
47.32539023131255,44.3975090246107,2.927881206701848
35.34442807591658,39.98060960093341,-4.636181525016831
51.873028898400996,51.14933764782138,0.7236912505796127
-13.519454040669373,-9.021730740760646,-4.497723299908728
12.162128440467217,8.2711537391571,3.8909747013101175
46.10424144615135,47.34990098686807,-1.2456595407167228
34.9218946202572,32.52135494259937,2.400539677657825
49.05192989969278,53.25570081343212,-4.203770913739341
42.820036748675854,48.119195326316216,-5.2991585776403625
47.72772995898978,47.8760327696746,-0.1483028106848252
-16.219047896951654,-11.634859364319126,-4.584188532632528
39.25538617347179,41.001157670929636,-1.745771497457845
63.39752464412633,66.37273449161543,-2.975209847489104
54.61705338977809,51.932662108501916,2.684391281276177
37.495258740259,42.53123496701729,-5.035976226758294
15.810544385509825,11.709114530133945,4.10142985537588
50.77175293679788,45.783479573752864,4.988273363045018
84.59360072033017,81.41086204705188,3.182738673278294
73.2812283631483,75.12859413838964,-1.847365775241343
39.74305491018699,40.388493302501104,-0.6454383923141123
55.1913522952796,58.17250464545912,-2.9811523501795207
41.14017070970738,38.67508647044528,2.4650842392620973
30.230643510074376,34.4536775561278,-4.223034046053424
50.45774459813361,51.65971486422874,-1.201970266095131
25.860601343950357,24.60270701318403,1.2578943307663266
20.841143965596512,21.283963884430307,-0.4428199188337949
57.10138480985092,54.573440368486736,2.527944441364184
46.064007196701645,44.548228437834,1.515778758867647
10.700906398499836,8.94439226012085,1.7565141383789857
38.51318377114001,38.02734835228304,0.4858354188569649
61.97478257356936,60.87251378192202,1.1022687916473402
-5.24719597209579,-7.817688268269549,2.570492296173759
25.247868824627666,29.11615628492396,-3.868287460296294
25.481384267608924,22.095666288754558,3.385717978854366
57.59244980547818,59.04589068499428,-1.4534408795161013
43.96113178804427,42.723341529690536,1.2377902583537335
40.15741286832523,34.672140007932256,5.485272860392975
-4.959488668170758,-2.913762364867509,-2.0457263033032493
40.689804368218084,38.39985642540329,2.2899479428147913
57.11724519249667,56.91639715942206,0.20084803307460675
81.26718039388142,82.42140076996546,-1.1542203760840408
54.46826483238009,54.24621198597966,0.22205284640043033
44.20030976033904,45.36373384979679,-1.1634240894577488
49.94454780355003,50.02882695398853,-0.08427915043849765
27.442611926837934,27.197598066271468,0.24501386056646624
69.8576523884059,71.23491668461095,-1.3772642962050554
1.4982006629704472,-3.323458334075525,4.821658997045972
7.487457311710367,4.064898973504214,3.4225583382061533
57.57353202272349,66.69598021261073,-9.122448189887244
53.816082710758025,51.97529861021545,1.840784100542578
25.529787994734377,28.48310865145973,-2.953320656725353
26.422020217573348,23.724538434627632,2.697481782945715
-10.15223413155037,-7.674080226660664,-2.478153904889707
26.160240790737653,24.078029531280976,2.0822112594566775
45.851614927711005,46.74249034169577,-0.8908754139847659
75.94785538323626,75.62822767143597,0.3196277118002939
47.67187001013982,45.60742161205546,2.064448398084359
13.268452017749558,13.862726985982661,-0.594274968233103
38.37794824705826,40.61532857356705,-2.2373803265087915
40.49645054598881,43.04798629785698,-2.5515357518681725
52.884734469998506,57.15227262347667,-4.267538153478164
2.2355492880189365,6.523905938087566,-4.288356650068629
43.659342233946155,47.81635734834562,-4.157015114399464
63.873913268259074,65.49750885083219,-1.6235955825731168
39.18580709532417,35.48420897931459,3.7015981160095848
25.578347774549716,27.93215499529488,-2.353807220745164
48.56684736710177,48.81877435877795,-0.2519269916761786
23.82545785549746,27.53434555957324,-3.708887704075778
43.81883601410537,44.48604473844153,-0.667208724336156
-24.554914831691175,-23.95833343790565,-0.5965813937855238
29.582607161955345,30.057596564737807,-0.4749894027824624
61.81949374125714,63.90723685735399,-2.0877431160968527
25.59330110676321,21.514146120943252,4.079154985819958
82.99608465192081,83.1569547865927,-0.16087013467189593
44.86251647977622,45.451471538116905,-0.5889550583406873
55.2558209743372,50.285102345567665,4.970718628769532
68.02150272168784,65.44601944581021,2.5754832758776303
57.5566523598662,57.956449028719284,-0.3997966688530852
78.85448284001549,73.42855918345842,5.4259236565570745
75.3870588744709,78.15742000083236,-2.7703611263614647
74.56240426424972,74.6340683416773,-0.07166407742758452
50.808588647076704,54.869955351502064,-4.06136670442536
26.133833733178875,20.046126555985012,6.087707177193863
67.95927241567833,66.97993020578909,0.9793422098892393
36.581511822962675,34.2710953880418,2.3104164349208745
51.39350437459336,54.6092177561041,-3.2157133815107386
73.47407150213846,80.10073583284608,-6.6266643307076265
-4.002682496848156,-2.400850527470382,-1.6018319693777734
40.89012588035061,37.44909406550839,3.441031814842219
86.08633917479982,84.59282824270414,1.493510932095674
58.87982387779771,60.54388387411419,-1.6640599963164746
45.924984699147466,45.95146166221111,-0.026476963063643666
-11.088115856858275,-10.658111244868834,-0.43000461198944073
70.8195635583247,72.21209380570369,-1.3925302473789856
32.19744435695636,28.934846759725716,3.262597597230645
45.393513994143866,38.81414287645221,6.579371117691657
50.53963059997045,53.92493650618613,-3.3853059062156774
66.51297984990211,61.43174275046668,5.081237099435427
71.63617295555399,69.87854963513806,1.7576233204159308
58.78381365424426,59.30997648121111,-0.5261628269668464
30.585949637436514,32.17410055415881,-1.5881509167222987
22.632158344858343,21.51325321693136,1.1189051279269826
77.30225007449889,80.27621493621184,-2.9739648617129575
55.753429161388965,53.36654536878841,2.386883792600557
65.70643768386394,62.85404188007837,2.8523958037855692
43.815374884818866,46.065314551318615,-2.249939666499749
38.22048070101019,39.19246390196227,-0.9719832009520815
35.85119944377454,36.165295592338424,-0.314096148563884
54.80787610133114,56.52265961049594,-1.7147835091648034
-12.510176837157188,-9.393140382184725,-3.117036454972462
15.6437334587113,12.982169178675775,2.661564280035524
66.09187698828563,65.44271080902507,0.6491661792605612
-3.5967704137577154,-1.1271693996148429,-2.4696010141428726
67.37213492768605,70.54740521256088,-3.175270284874827
56.222170058791576,59.67101171554367,-3.4488416567520943
37.587821905270374,35.046263248472215,2.541558656798159
67.8765007586895,66.24415027418732,1.632350484502183
-6.015817186854166,-2.940065066705145,-3.075752120149021
48.41358691943534,44.17740082189028,4.236186097545058
5.575904163935605,2.488558938348092,3.087345225587513
-4.318360665897138,-2.2550592036930794,-2.063301462204058
51.137010382561186,52.19182125137966,-1.0548108688184712
33.756293273910934,31.57050508987321,2.185788184037726
50.78627118766337,53.55156352891213,-2.7652923412487667
26.584254455961933,29.305756512338647,-2.721502056376714
-21.65187498916388,-18.33473620246727,-3.31713878669661
52.24379051298244,50.122412795547156,2.121377717435287
25.38055193580261,24.295752524061243,1.0847994117413684
33.5452423451705,34.61997707644626,-1.0747347312757611
43.1823781286316,45.57586657058888,-2.393488441957281
73.41119610191487,68.34987212959524,5.061323972319627
73.13872945545302,68.52656366680496,4.612165788648056
70.49714605301749,66.1325175582648,4.364628494752694
63.70258042331643,62.47874336238947,1.2238370609269538
30.360411674884617,34.94718677962392,-4.586775104739303
65.58120468368811,63.45416547704284,2.1270392066452715
-7.1960362132456215,-5.16315220606117,-2.0328840071844514
26.36766623706176,26.223371895599513,0.1442943414622455
4.040515538544791,1.4245531503644884,2.6159623881803027
55.978318942807576,53.12080470243281,2.857514240374769
59.81713085046708,60.44259443837331,-0.625463587906232
6.164077871095385,7.267753117443547,-1.1036752463481623
-8.323936462215686,-7.721003555676361,-0.6029329065393245
-26.008828766138443,-26.67572448707149,0.6668957209330486
71.66333102034817,72.57714560698136,-0.9138145866331939
70.20791236015947,68.39231139691667,1.815600963242801
82.01087798964302,84.10325445765034,-2.0923764680073162
21.21672565808489,24.637115981206335,-3.4203903231214454
83.54277259101252,87.93990196139931,-4.397129370386793
68.3162053095139,64.83266010555992,3.4835452039539803
47.8258905838286,49.670211354831565,-1.8443207710029625
67.40089395741305,67.83091260870015,-0.4300186512870994
-1.584873320656392,-3.4681262889971123,1.8832529683407202
66.58911484744606,63.46954456602314,3.1195702814229165
8.166261536246278,9.588960693933089,-1.4226991576868109
38.154343429551254,37.894851935599476,0.25949149395177784
22.571020349920044,22.148100014562615,0.42292033535742846
49.189839340584456,50.590822203119515,-1.4009828625350593
6.5901873133469655,11.271793974055583,-4.681606660708618
67.14912835192513,66.942925761406,0.20620259051912626
31.305335816487982,31.31496677882322,-0.009630962335236859
17.893105009373595,17.275771426266957,0.6173335831066389
76.25835081909948,71.20391324777435,5.054437571325124
22.486878112006195,23.120815086235964,-0.6339369742297691
-10.155286813893264,-11.303674541215528,1.1483877273222642
83.43017462073375,86.45462962310195,-3.0244550023681995
27.929828509438643,22.115417377391935,5.814411132046708
31.672825734317918,34.53534382680627,-2.862518092488351
-3.201659611252433,-6.9081847398804115,3.7065251286279786
70.9822255833979,69.23792329731853,1.7443022860793747
19.579253869792282,14.99928444338795,4.5799694264043325
67.91355357019756,70.59002391199802,-2.676470341800453
96.93428564991285,90.26809398797428,6.666191661938569
38.34491817502531,38.35999109002284,-0.015072914997524833
61.86580062378918,58.99747870335215,2.868321920437026
16.138250916455604,17.58450663171999,-1.4462557152643853
82.65066941478898,82.74216368144809,-0.09149426665911164
66.00553397053534,66.46574313728797,-0.4602091667526338
84.97916099310832,85.67377301065841,-0.6946120175500852
-4.494360697405804,-4.518988424591797,0.02462772718599293
53.10879235344548,58.22189437046789,-5.113102017022413
49.98974206110308,49.807585491833336,0.18215656926974333
38.48384096704959,37.81550904406472,0.6683319229848692
55.08297668385452,51.65065940081538,3.43231728303914
41.36547715647792,35.33215132078432,6.033325835693603
53.718750626342384,56.329336186610476,-2.610585560268092
61.22324934253851,63.52518835667885,-2.301939014140345
37.06939099260418,37.25705479925685,-0.18766380665267235
54.98910366261024,57.48878467751439,-2.499681014904148
70.37969352448923,68.73306866006283,1.6466248644263999
33.203927054073944,34.02485148614748,-0.8209244320735394
78.47025153164114,82.96917206616502,-4.498920534523876
-16.023017880571622,-16.132140884208255,0.10912300363663263
64.34993282934208,67.71938677611715,-3.3694539467750673
-7.570165495710571,-11.863112837414207,4.292947341703636
49.432833647121704,49.855982002491906,-0.423148355370202
60.62907632926972,61.942039153803385,-1.3129628245336633
49.1349072428871,44.35791874086968,4.776988502017424
24.71602878955724,28.28209578338725,-3.5660669938300096
38.35086123090681,41.24951867432141,-2.8986574434145993
73.03936097467184,74.64664380228615,-1.6072828276143127
25.864033177039047,23.405085099941275,2.458948077097773
-0.5849647797448831,-5.0634072195246915,4.478442439779808
-18.17450466537569,-22.455677892808453,4.281173227432763
-15.091740678618997,-10.204573537525292,-4.887167141093705
87.67396894699526,91.37409079824505,-3.70012185124979
38.78383847076087,40.560883153263916,-1.7770446825030461
26.622722712470594,25.682747582315216,0.9399751301553785
63.47664719095389,59.04977895197713,4.426868238976759
27.51752575041599,19.433191746138363,8.084334004277629
64.44871379390372,61.65793782235625,2.7907759715474683
59.02126086227713,60.708622437460726,-1.6873615751835942
71.98290558272095,72.18702953522705,-0.2041239525061087
63.06582540519516,63.02725738604254,0.038568019152620536
53.74998128104483,51.80535999256588,1.9446212884789489
54.314032304000506,52.35777280506891,1.956259498931594
63.74215025280244,59.67477392360141,4.067376329201032
27.809832408104988,25.96494303052276,1.844889377582227
5.241600591887844,3.38853129809155,1.8530692937962936
65.38472218578993,67.88233492871294,-2.4976127429230104
41.01260622873967,38.51106352336158,2.5015427053780925
74.55368462812135,76.93605770724321,-2.3823730791218622
21.673397456363567,17.496488965674914,4.176908490688653
27.050075481472593,25.476074286958408,1.5740011945141852
19.774794824559567,20.674661228259595,-0.8998664037000275
31.234511634872987,35.02133671507258,-3.7868250801995913
36.160674881139684,33.290810909032004,2.86986397210768
65.28328304732922,66.52387299870168,-1.2405899513724563
-10.433416300767563,-12.386707206923774,1.9532909061562105
28.088593884577403,29.948375836066262,-1.8597819514888592
-20.99764333191014,-20.89934607031013,-0.09829726160000973
31.705058434314104,34.55443125814655,-2.8493728238324465
43.409655401834534,46.71616788457329,-3.3065124827387535
31.116986972710887,26.945048699599198,4.171938273111689
36.408033192666515,32.66816437720958,3.739868815456937
37.30297661527382,35.61916197276058,1.6838146425132408
7.541365384106962,2.6803552395521706,4.8610101445547915
64.6334921655083,65.74025167431098,-1.106759508802682
33.67925595669765,36.038956465262785,-2.3597005085651332
-18.699665436924732,-18.985804650878535,0.2861392139538026
68.25097283423447,66.04939016493537,2.2015826692991
48.865547187862596,48.494840580054664,0.3707066078079322
63.48016726324002,61.15939891442536,2.32076834881466
58.185715396381696,57.13618340290794,1.0495319934737566
65.85760565350266,62.82711016002101,3.030495493481652
27.423869794705475,23.91659760048546,3.5072721942200147
38.902532969865995,38.75421668542225,0.14831628444374445
33.18638873548352,35.811707765642055,-2.6253190301585363
34.792584280954514,28.01934305015837,6.773241230796145
41.08487452028958,35.97534561278137,5.1095289075082135
56.41004144082644,58.01680444003178,-1.606762999205337
41.08810813634746,45.88756216579102,-4.7994540294435595
63.77223477434154,52.81249889343189,10.959735880909648
17.868613909241972,23.231850075293224,-5.3632361660512515
-8.239495696386676,-6.430044371723497,-1.8094513246631792
43.440431398238644,40.297045372843996,3.1433860253946477
57.51424042084263,57.040367727383575,0.47387269345905736
9.266683268171725,10.009682175888273,-0.7429989077165473
27.069789296185878,25.33104055656723,1.7387487396186465
75.16762750421785,80.2492206682482,-5.081593164030352
65.18345636029598,63.24254221415083,1.940914146145147
52.65649254366046,51.663463674579276,0.9930288690811864
22.64902471781669,21.156325831801098,1.4926988860155923
7.439659733600586,7.107923495312789,0.33173623828779686
49.25797534977421,50.938571749447874,-1.6805963996736608
59.65049976536394,61.4848274697047,-1.8343277043407582
77.1016899239836,73.13513665405061,3.9665532699329873
34.26571541391318,35.835855032211285,-1.570139618298107
60.69975241694017,58.10544505356447,2.594307363375698
60.60044359411495,57.300668389855154,3.299775204259795
7.048749640562723,3.2927929539466874,3.7559566866160354
30.83552294633068,27.63334875644678,3.202174189883902
28.48223816251528,28.507043244103144,-0.02480508158786421
-5.5405928906661845,-13.891144084286609,8.350551193620424
57.54480450317294,59.81188342598708,-2.267078922814136
68.72081280334365,65.55921147290115,3.161601330442494
22.801645320760727,25.117988852230837,-2.3163435314701104
66.23898848628966,69.09544084899983,-2.856452362710172
55.78291229915287,52.64782394195451,3.135088357198356
85.64027058410962,80.67344354678238,4.966827037327235
37.346847573506096,37.918320202487024,-0.5714726289809278
78.43073131908909,74.33124711223506,4.099484206854029
-13.015669570918215,-15.474627137627238,2.4589575667090227
39.99304786541029,35.87918967115584,4.113858194254448
78.42853077483633,79.12299731953622,-0.6944665446998926
73.49185051083694,71.24067091222678,2.2511795986101646
34.03304441963066,31.56088125175505,2.472163167875614
100.14824778469057,98.04165190304383,2.10659588164674
3.4022801349039344,1.9991556451599735,1.403124489743961
-8.871921201131592,-4.938016904934301,-3.9339042961972908
60.53863233173389,56.935819039644635,3.602813292089259
51.22460389357832,53.64628577700194,-2.4216818834236236
88.1617933217036,87.91081523145168,0.25097809025191964
64.75372517546411,64.73467482413088,0.019050351333234516
29.858410156714392,27.980864467543043,1.877545689171349
21.166491693318275,22.527595467656866,-1.3611037743385914
99.28799268347926,95.21315031510476,4.0748423683745045
48.142483947353355,47.98358327190503,0.1589006754483222
20.85746471274824,20.749102976030102,0.10836173671813754
41.2542796088495,38.631189362309705,2.623090246539796
23.822902818444206,23.3486458055569,0.47425701288730693
70.20510210354037,70.88745432567421,-0.6823522221338436
57.170492402343015,53.081034555708335,4.08945784663468
5.9927453658471865,0.3244159021269013,5.668329463720285
60.81035892464199,57.72296242700502,3.0873964976369663
61.174640289738356,59.970498187663544,1.2041421020748118
69.78637970436041,74.71067502293394,-4.924295318573527
62.77915132889491,61.10270523965775,1.6764460892371602
33.270966070759,34.32095126788498,-1.0499851971259773
50.23371984753126,50.22025085013602,0.01346899739524332
73.34112599846618,76.91729773259149,-3.5761717341253103
15.39746023461564,15.105006745037812,0.29245348957782724
-12.280040529087042,-11.093338894914226,-1.1867016341728167
34.435389872192864,35.013353823158084,-0.5779639509652199
-2.4268612742712703,-7.345553197269098,4.918691922997827
81.81293780663904,86.37131342157697,-4.55837561493793
24.43572929541402,20.022911671397097,4.412817624016924
56.10831199908707,59.26055724995786,-3.1522452508707914
-3.5194034275665653,1.5563245635562168,-5.075727991122783
65.22611500100054,64.28356670114105,0.9425482998594816
-0.755555528592541,2.904873998194361,-3.6604295267869023
-23.178695056000198,-22.763016669771332,-0.41567838622886555
64.52480778991524,67.1508334213683,-2.626025631453061
40.38997872521831,36.94452788975477,3.4454508354635465
24.286432546522597,20.828860771991856,3.4575717745307415
73.06292004286718,69.35552451754575,3.707395525321431
77.44102578388363,71.96015426192054,5.4808715219630955
59.13482028914086,62.54705294918273,-3.412232660041866
30.271789154315123,26.426855860113577,3.844933294201546
2.7042086032480253,1.1810213180294937,1.5231872852185315
45.24575051241767,46.415727764807535,-1.169977252389863
65.78321820193462,62.914069176456756,2.86914902547786
56.926588686938665,57.65573305500821,-0.729144368069548
28.859461300782193,31.813490197922718,-2.9540288971405246
25.51951061416488,24.546965220748163,0.9725453934167163
58.399086181113894,55.40634166243,2.9927445186838924
46.024375348033445,49.37094164354188,-3.3465662955084383
48.961421665852214,50.05083039518379,-1.0894087293315735
58.4870466209832,59.015890264233356,-0.5288436432501555
69.09565155794854,66.58931765627963,2.50633390166891
43.31755327601877,48.65059798366434,-5.33304470764557
56.95218944338957,57.73300854474049,-0.7808191013509216
15.855505620718287,17.606461312518974,-1.7509556918006872
54.90708185369539,57.4168471146492,-2.509765260953813
32.60523790119221,29.997359930315497,2.6078779708767144
84.40419209097432,83.31171670983848,1.0924753811358414
-6.011411186912207,-3.340353683536847,-2.6710575033753603
27.454594726546436,26.601238982166407,0.8533557443800284
59.540740495950836,63.71905312852869,-4.178312632577857
50.81431240973819,47.83733457280097,2.9769778369372233
67.27956443023422,70.04287614507919,-2.763311714844974
42.76375574621331,41.9647094847347,0.7990462614786153
-19.87470657403834,-16.77652480879958,-3.0981817652387598
48.94459528160454,51.61519089315523,-2.670595611550688
26.895262061498386,27.66332008528154,-0.7680580237831549
69.65713976209052,66.62077658251602,3.036363179574508
70.91828773070533,71.69400212796201,-0.775714397256678
27.84603947470805,33.03865426237138,-5.192614787663331
44.731465134571366,47.77968041246362,-3.048215277892254
-20.651460278927424,-22.225778052787987,1.5743177738605638
87.79949794056064,86.96409738815665,0.8354005524039962
32.076555234036356,35.72683081789313,-3.650275583856775
53.375876776452586,50.25496202982719,3.1209147466253953
41.48842610196199,37.328324638619925,4.160101463342066
-8.911612568037505,-6.464340341445549,-2.4472722265919558
61.39708504830076,57.652108072856905,3.744976975443855
50.22618839337415,48.87310423015802,1.3530841632161312
74.63649204427854,75.16489858761639,-0.5284065433378515
31.985356296112528,35.08571904899665,-3.1003627528841236
44.329874342699036,45.84201430436581,-1.512139961666776
63.5383016450311,64.5646914020576,-1.0263897570265073
61.3307439522402,62.29026429347583,-0.9595203412356312
86.41655639301962,87.55517014027507,-1.138613747255448
-18.82427099982602,-14.293373904373368,-4.5308970954526515
24.680281813376855,27.020040428923252,-2.3397586155463976
40.891091648750866,45.48579152019152,-4.594699871440653
51.76957973842244,52.67216467146925,-0.9025849330468034
21.31055381435965,19.087773398197598,2.2227804161620526
85.51813480994767,86.57833041016133,-1.0601956002136603
56.59838951993963,54.656182506087866,1.942207013851764
22.65839465864851,21.57377479313817,1.0846198655103407
55.446146116479945,56.37524016077874,-0.9290940442987932
-37.007047090121574,-31.513060673272335,-5.493986416849239
63.561868453884,62.44373489189422,1.1181335619897794
47.0957335409622,46.62364186325937,0.4720916777028279
81.66070825857156,80.97874642411743,0.6819618344541283
40.615112018364485,40.85468997884915,-0.23957796048466662
47.972458531380326,49.00459744081216,-1.0321389094318363
49.25586276132952,47.26870263839082,1.9871601229386968
62.8860241275147,59.04623185655726,3.839792270957439
-11.25584770449612,-15.634098453416101,4.378250748919982
44.68603784982182,42.414096604881166,2.271941244940656
30.477192670321415,30.137826286297596,0.339366384023819
56.43389795161494,52.80556119177551,3.628336759839428
33.81243516460307,31.442828374072363,2.3696067905307103
41.88856746011399,37.8287648547206,4.059802605393386
55.64458339599943,52.756669237039574,2.887914158959859
29.95214923262406,35.15271473665335,-5.200565504029292
52.90979885854706,52.49964135930834,0.41015749923872136
47.60517998962848,48.97730557208126,-1.3721255824527745
15.780612314813512,17.157586662082693,-1.376974347269181
73.13372587466547,74.82590609796179,-1.6921802232963188
-11.460482330721398,-9.613512891858761,-1.8469694388626365
53.374524390479834,48.6680108408951,4.706513549584734
37.57022581733351,39.511257799648504,-1.9410319823149962
1.5288144244401032,-1.8246618576420701,3.3534762820821733
66.98793369877664,68.58967106069159,-1.6017373619149424
32.265721861654725,33.26375598355072,-0.9980341218959978
34.87177469244102,33.31330670597292,1.5584679864681021
-26.59540301025305,-27.68740345119643,1.0920004409433801
30.462035539411723,29.727577449580934,0.7344580898307882
42.61327079158435,38.927474880474236,3.6857959111101124
57.78053024544,55.40853996886637,2.3719902765736265
44.976364360568645,46.814023349794645,-1.837658989226
75.2920432775276,69.88526940340756,5.406773874120034
38.140697241983034,37.87543176461729,0.2652654773657446
77.02434366534331,73.41254735589808,3.611796309445225
46.45849486304089,44.96366176158275,1.4948331014581413
36.578790206424635,35.22300062234487,1.3557895840797656
-14.8135879717053,-18.575730963742075,3.7621429920367753
70.33257785126253,69.38815347531829,0.9444243759442372
74.38841346433897,74.34080973410818,0.04760373023079012
35.130587861154886,31.92724551714113,3.2033423440137554
22.45559114720882,17.896094493657557,4.559496653551264
83.35644225374249,81.77419326638132,1.5822489873611687
59.703338072945456,58.74055724392815,0.962780829017305
66.23423642945914,64.75695167561962,1.4772847538395268
66.46605048191974,67.49647385805983,-1.0304233761400923
24.263448213755485,21.795894512807862,2.4675537009476223
46.751828168497894,49.12129375035134,-2.369465581853447
58.48870862335823,51.15235779293907,7.336350830419157
66.66555849485638,66.32970898012215,0.3358495147342353
52.67509225854078,52.393067482606895,0.2820247759338841
11.263754456478809,11.309510966860941,-0.04575651038213202
92.72355650629468,88.8959823638753,3.8275741424193797
63.39643873394635,62.27343243150763,1.1230063024387178
45.253725512802355,42.524213095078345,2.7295124177240098
54.73364517681654,54.13542545110469,0.59821972571185
32.3075601115511,31.724823483695758,0.5827366278553399
23.14414035012163,24.742426402789846,-1.5982860526682146
23.89137973303034,18.65295930746261,5.238420425567732
51.90727282371937,53.55221941205262,-1.644946588333255
15.354210619123322,16.632217695441824,-1.2780070763185023
62.47516554214395,63.501528741406496,-1.0263631992625477
39.224340533086256,42.24093336533038,-3.016592832244122
69.7633043581679,70.63335237538311,-0.8700480172152112
30.050399760891587,29.50763063437924,0.5427691265123471
39.07374023244631,43.28672099706604,-4.212980764619729
69.05870289620186,68.3361284544282,0.7225744417736593
64.53923058481205,61.38338079229453,3.1558497925175146
46.13882480217761,51.28933826161427,-5.1505134594366595
38.23022131898541,35.83191298156743,2.39830833741798
64.80084430013306,63.95131759207869,0.8495267080543769
67.52604293972601,69.22324724071018,-1.6972043009841684
-0.16598084277054603,-3.3602278323364487,3.1942469895659027
-1.1455764772930936,-1.844015511945429,0.6984390346523353
74.78271612688427,75.53338683942476,-0.7506707125404972
67.9225825100646,68.2897153945413,-0.3671328844767032
84.18634073792273,79.58139653838296,4.604944199539773
51.70848955531377,53.37413903015727,-1.665649474843498
58.971176586535115,55.681927208859726,3.2892493776753895
70.38182665748701,65.16237017711433,5.219456480372685
27.346166614998353,28.20303024350447,-0.8568636285061189
24.855037090609855,22.90492503931027,1.950112051299584
-2.986395678590301,-3.85070529916284,0.8643096205725387
48.208859251860645,47.89994596897665,0.3089132828839922
70.30703286598111,68.75986433075646,1.5471685352246567
54.13822596564996,53.569255148511935,0.5689708171380232
-24.586448625801832,-23.796163885225994,-0.7902847405758386
49.101557524675584,47.76936603184458,1.332191492831008
39.76559983541517,35.57935799981331,4.186241835601862
35.60895801512987,32.99501032759892,2.6139476875309526
44.33370010460294,43.51964645024448,0.8140536543584602
51.321653953119466,51.655885205564616,-0.33423125244515006
21.93783864436115,19.84684959965226,2.0909890447088912
81.70565913878167,81.47431395985018,0.2313451789314911
23.689281530999132,24.235119710592286,-0.5458381795931544
-5.2283298605396515,-4.806627758653207,-0.42170210188644486
25.52074483222183,27.114556698089018,-1.5938118658671883
68.16267697970093,70.459314783862,-2.2966378041610653
36.09626019470653,35.58825689236633,0.5080033023401995
56.36466202504481,57.67355227804734,-1.3088902530025308
73.33859837994504,72.09953441540969,1.2390639645353474
46.09150006301864,45.47299715237597,0.6185029106426754
47.60354070551636,45.24114295496351,2.3623977505528515
53.69489739683275,54.023421146778084,-0.32852374994533307
93.56708240433454,91.90540300047569,1.6616794038588552
35.96976089428694,32.58138782179857,3.3883730724883705
48.58503892732094,47.14312844483426,1.4419104824866764
14.188885821397118,14.397323161473267,-0.20843734007614856
57.623956780194064,58.4877572552621,-0.8638004750680395
-0.5367652373714904,-3.1000046861684183,2.563239448796928
72.61359143542849,75.4748808258317,-2.861289390403215
57.484141638264525,54.59706670608901,2.8870749321755156
73.74302883723465,69.86982577428581,3.873203062948832
64.76942335960447,61.00584576876978,3.763577590834693
47.08831453233084,43.23558740423829,3.8527271280925532
76.05625023979687,75.20567892598923,0.8505713138076345
71.73174407752832,72.0482126688398,-0.31646859131147664
91.65236420415397,92.60589191348065,-0.9535277093266785
41.700196131227926,42.19422719297912,-0.49403106175119404
29.533981939855817,31.203168604521593,-1.6691866646657765
48.48823112068972,49.93028496631545,-1.442053845625729
28.349876677567966,30.27915908454743,-1.929282406979464
72.42821365727826,73.44642054672282,-1.0182068894445564
53.98097848872141,54.018881194693115,-0.0379027059717032
62.8167521476504,61.57654388612303,1.2402082615273713
73.68562326038183,77.1868615585172,-3.5012382981353625
12.350932520723315,8.873720811666374,3.4772117090569417
44.117681163396604,47.267684617484704,-3.1500034540881003
99.04947470580206,96.2565102030818,2.7929645027202525
16.09204835221339,17.298533655595676,-1.206485303382287
60.59437884190929,59.30499761225393,1.289381229655362
57.28617050950647,55.99994138722344,1.2862291222830322
79.46903006676543,80.22227305313058,-0.7532429863651515
71.97300811886235,68.37785903628247,3.59514908257988
39.627168025962995,39.68544049975326,-0.05827247379026801
-20.379396097733075,-24.484303781942927,4.104907684209852
34.18522314257214,29.62663464049065,4.558588502081491
52.722183453830425,51.15722118180363,1.564962272026797
57.14653538709056,57.809536910250614,-0.6630015231600552
29.744025673811883,24.537076329148576,5.2069493446633075
72.35433949471192,67.58245811543344,4.771881379278483
44.846408300671825,46.44668053622981,-1.6002722355579877
22.12314445798698,15.69085502669877,6.432289431288211
27.013985658167865,23.60309756174658,3.410888096421285
22.028635059814977,18.90078328364848,3.127851776166498
20.44748076095998,21.09889740130528,-0.6514166403452997
81.05206565122619,81.5962317834832,-0.5441661322570184
27.495383932792343,26.69044580517304,0.8049381276193017
48.668515438556334,43.36874846664578,5.29976697191055
80.49674105677126,78.31583426897859,2.180906787792665
26.31205891537716,27.161172506326764,-0.849113590949603
10.478856754251193,13.350299614681191,-2.8714428604299975
61.88024603972437,60.52575023257809,1.3544958071462787
5.422326715560143,0.035519135304596716,5.386807580255546
28.95644972938538,25.91740882824176,3.0390409011436184
8.08718877487409,6.012745265331745,2.074443509542345
36.42161944455841,32.999829587831314,3.421789856727095
33.85449845838986,34.339171044966875,-0.4846725865770125
54.567798148066196,55.63156275413472,-1.0637646060685242
81.47309649930475,79.42617285002657,2.0469236492781704
56.04930505834737,53.11069485485153,2.9386102034958412
35.68569231289649,38.35856221192735,-2.6728698990308573
-0.47535583466219977,2.0443383461054907,-2.5196941807676905
49.857081778786835,52.9306985694255,-3.073616790638667
-2.764656128683917,-3.064153930322945,0.29949780163902817
72.29087599737713,74.1409219412656,-1.8500459438884747
-23.601173365758477,-24.260824588460622,0.6596512227021449
57.51758542421298,58.462997568473654,-0.945412144260672
19.25148246586327,16.09188552635773,3.1595969395055405
57.02597391981363,56.149155423433086,0.8768184963805439
81.80429409015743,86.13511209040827,-4.330818000250844
47.17815694933724,40.97461107628015,6.203545873057095
76.40878535351388,76.14754919091736,0.26123616259651783
65.87256654635449,62.82759938705632,3.0449671592981744
39.63563746864626,39.95233651429035,-0.3166990456440928
20.988057092603956,22.537715849143083,-1.5496587565391273
16.247123670111037,9.093694255612803,7.153429414498234
35.559179424522064,36.663369003787,-1.1041895792649328
70.18127194078633,67.16760425998797,3.0136676807983633
27.127359017578847,32.436814222190165,-5.309455204611318
25.181355365580455,23.459154388710004,1.7222009768704503
6.770751472478596,6.079666673999284,0.691084798479312
61.89964189567605,64.23627897118756,-2.3366370755115113
36.07532175268763,32.69796948166977,3.3773522710178554
63.87782754119248,64.34779927696991,-0.46997173577742757
66.89020686263655,63.94541039683236,2.9447964658041883
19.61303028906222,17.915686433318115,1.697343855744105
46.030424273469606,43.14021310125167,2.8902111722179384
56.31697341124329,52.819450608839404,3.4975228024038856
46.44780204298941,47.18562431799655,-0.7378222750071401
52.43405860239215,52.39313186118909,0.040926741203058725
42.728379683513815,41.837336115846696,0.8910435676671185
78.11049444763533,78.60146036764992,-0.49096592001458816
53.53840657711648,53.9753382779315,-0.4369317008150162
68.67141956370452,70.38502170483711,-1.713602141132597
49.03247573920382,53.86075105710367,-4.828275317899852
30.836520079842355,26.962233412214204,3.8742866676281515
66.26474986907672,63.82561471088731,2.4391351581894156
87.50548212808228,88.54581357098571,-1.0403314429034367
-17.024574653910758,-16.900724258564182,-0.12385039534657594
47.63005537922855,43.93178145351163,3.6982739257169186
60.05471539038017,60.21690375878019,-0.16218836840002382
34.88216753253109,32.91103749672591,1.9711300358051815
54.913660637199996,54.34432012202315,0.5693405151768474
46.01819312964254,47.929995167486624,-1.9118020378440832
-6.999572074621933,-6.053565820382303,-0.9460062542396299
62.23307746494826,65.25357672926945,-3.020499264321195
56.464264080375656,50.62045761402821,5.843806466347445
83.58313360622444,78.65023329980689,4.932900306417551
28.2683077790319,26.56435538147379,1.703952397558112
5.481036688656503,7.465210343280006,-1.9841736546235031
34.23444198479509,31.79181674198746,2.4426252428076296
58.617317062105634,59.56299204827192,-0.9456749861662885
-15.326507461321576,-17.97064594374814,2.6441384824265626
44.177814528236986,45.8707854714551,-1.6929709432181141
29.75690652343011,30.4652229308347,-0.7083164074045882
45.81103929960102,50.40576592919188,-4.594726629590859
-3.942540433594236,-7.422089858458222,3.4795494248639858
69.57690669400705,73.23921130736528,-3.6623046133582307
49.26007854645746,47.65929932447326,1.6007792219841974
31.73514544551849,34.0513833333665,-2.316237887848011
78.01123653500012,75.93312529632517,2.07811123867495
65.65243862187629,57.70942334438657,7.943015277489714
39.86741104141731,33.22436364715077,6.643047394266546
31.813507071498325,32.694628929935575,-0.8811218584372504
83.98054158823561,82.27377171922052,1.7067698690150905
1.405745721668401,-2.0583745161622176,3.4641202378306186
55.00903047839942,57.83354111138134,-2.8245106329819194
48.49740996343667,50.21198243933916,-1.714572475902493
62.38861263127717,66.74865401057019,-4.360041379293023
61.44671866745581,62.26308731422664,-0.816368646770826
72.93291359130154,72.58839183840364,0.3445217528979043
-31.466418386031407,-28.529279321542262,-2.937139064489145
79.13772748635385,77.51621335856746,1.6215141277863978
30.522776981900183,31.4578042624737,-0.935027280573518
56.98839359542659,58.971760569455675,-1.9833669740290887
-2.530329477672092,-1.8240900993676519,-0.7062393783044403
-7.605651691314388,-7.455450034395284,-0.15020165691910403
46.87993743164162,43.507293924415194,3.372643507226428
49.52626622116676,49.991160294133635,-0.464894072966878
46.81954487856642,46.69665667441453,0.1228882041518915
13.368080877211419,15.53088671793138,-2.1628058407199617
90.6168949213902,83.71570954745287,6.901185373937324
49.81998084547517,49.143765394417926,0.6762154510572458
29.502246291253005,28.700977475286322,0.801268815966683
6.004654461002416,7.265032003872122,-1.2603775428697057
33.60573879487301,33.84068763503477,-0.23494884016175632
64.30219915919623,64.05123211352472,0.2509670456715156
50.4891485612987,49.29588341885225,1.1932651424464495
33.372582909319284,31.19462418021432,2.177958729104965
19.434671313801733,20.145649535929252,-0.7109782221275189
84.97583746958102,80.05709495128062,4.918742518300405
46.47463329975388,44.54681104029168,1.9278222594622036
70.83332916902654,65.18749872452898,5.645830444497562
52.41598041817225,50.723878473644184,1.6921019445280692
34.26669221893725,38.82991449905748,-4.563222280120229
-2.8677621835810427,-4.196248623241999,1.3284864396609564
23.519595175343206,25.545807357542643,-2.026212182199437
69.03014154621346,69.0004754934262,0.029666052787263197
-4.41370263757625,-5.416138125611354,1.002435488035104
41.057624531206244,34.112527655698784,6.94509687550746
64.28036084135941,64.42865981065157,-0.14829896929215636
38.74838368522875,30.99367958856743,7.754704096661321
56.971956788939046,61.00128071465964,-4.029323925720597
-8.333517851633868,-6.329634298235632,-2.0038835533982358
42.797372087810366,42.34035856520898,0.45701352260138606
59.634674802552965,58.77619633726047,0.8584784652924924
18.421268602168187,17.67156216304339,0.7497064391247967
75.69619917903786,74.02235950873866,1.673839670299202
-11.196004658515216,-11.458951657009507,0.26294699849429115
76.2958557612904,75.56378721147892,0.7320685498114727
47.83915768430164,44.66310008817576,3.1760575961258795
58.33136583762971,60.11541442091764,-1.7840485832879267
-1.0806194736336479,-1.557744736464457,0.47712526283080914
62.910285208457715,61.19160245463712,1.7186827538205947
50.1904461868116,54.548399415748555,-4.357953228936957
74.78225821923698,71.58094878983803,3.201309429398947
25.52186874248106,23.57602565258243,1.9458430898986308
46.689438155125615,43.5635017556635,3.1259363994621125
-6.740297309339155,-3.463546963725861,-3.2767503456132943
-7.377402312256389,-6.024198323763557,-1.3532039884928322
57.84455586692681,54.630323484952775,3.2142323819740355
73.66533993607034,71.12162377287999,2.5437161631903535
43.634991334237306,44.150910766469735,-0.5159194322324296
35.82268266439823,39.39149640853266,-3.568813744134431
46.52364555060328,43.87619775615535,2.6474477944479275
53.13788948323941,51.87853727394702,1.2593522092923948
-8.604065517849534,-9.004108721503684,0.4000432036541497
47.07408423223663,43.67324521259985,3.400839019636777
-8.657656570197403,-11.7049114948491,3.0472549246516962
79.43275296355671,80.82980080254417,-1.3970478389874614
72.42017183196728,70.8352392265895,1.5849326053777872
65.93063552819825,66.24198185030772,-0.3113463221094719
48.95646136182656,44.684310929477356,4.272150432349207
48.502752091809505,51.58120788559414,-3.0784557937846344
30.918043682165802,35.7737893765875,-4.8557456944216995
75.54749041908264,81.459300856071,-5.911810436988361
18.512508450560592,14.695366933345738,3.8171415172148535
33.00313422467508,32.95982073338496,0.043313491290120965
25.407267269542217,29.319938025508804,-3.9126707559665874
75.19469161695986,77.0701327522162,-1.875441135256338
39.869854918168315,31.56450417526085,8.305350742907464
1.4693259582591973,-2.4608754156855213,3.9302013739447186
15.510681913609481,18.779675466060525,-3.268993552451043
41.79738122401737,35.321826428300895,6.4755547957164765
32.28718637809406,33.195183463102694,-0.9079970850086312
80.94609167697894,73.92216757526032,7.02392410171862
85.92890505879211,82.57522754984333,3.3536775089487776
24.849812045618386,31.491962934764828,-6.642150889146443
72.93145305841925,73.92581126577527,-0.9943582073560151
49.28483749730324,48.43575753397387,0.8490799633293733
77.25282531536718,75.78758166588702,1.4652436494801577
63.39716250582014,64.01146863922155,-0.6143061334014064
54.31705910703082,50.74454777268797,3.572511334342849
66.64016242731365,66.25418762287589,0.38597480443776533
23.402392216620004,24.417959768022442,-1.0155675514024374
74.19316953011273,69.48158533070499,4.7115841994077385
17.299766950352144,18.054773978711623,-0.7550070283594792
17.431627137923627,10.03330231002657,7.398324827897056
62.49037164678488,60.97356669248192,1.5168049543029625
28.94022512151506,28.286911952517286,0.6533131689977729
52.83853018841263,53.12440692635222,-0.28587673793958857
34.783358422002905,37.94591284619931,-3.162554424196408
65.5093455949037,64.8262474032615,0.6830981916422019
9.1594511067647,12.391514683015757,-3.232063576251056
38.726871234325976,42.801671744063285,-4.074800509737308
45.34264354142459,45.073132310348115,0.26951123107647845
-5.277765700357498,-5.677840569750444,0.4000748693929461
28.601123823234776,27.43611068733344,1.1650131359013365
3.7208801638818496,5.416093875816799,-1.695213711934949
58.092478017949375,57.60354338140041,0.4889346365489686
31.141055091225297,26.27699994555212,4.864055145673177
59.981264176680526,62.077219399849206,-2.09595522316868
35.905199337962934,33.05577838373594,2.849420954226993
29.517193709910263,33.637534974308025,-4.120341264397762
75.21181492000716,74.22158783937047,0.9902270806366857
55.1024191526993,54.91721339814936,0.1852057545499406
85.4480664131678,90.16239157510239,-4.714325161934596
33.256107910966826,33.41018118049304,-0.15407326952621503
36.875717883128495,38.46821346554356,-1.5924955824150686
-3.350546017473205,-1.6740488554236492,-1.676497162049556
16.23449338344534,15.210776641653268,1.0237167417920716
62.05748861212535,59.828780113543495,2.2287084985818524
58.23290312685398,57.774700489240395,0.4582026376135815
60.298878061179344,57.20192614102093,3.0969519201584177
54.85121204676922,54.91578868462945,-0.06457663786022749
44.665874024202246,42.94952239843991,1.7163516257623357
58.7795341564178,63.54980794831837,-4.770273791900564
41.602924920259156,46.06801259622312,-4.465087675963964
21.356142487278635,21.95743198171384,-0.6012894944352034
16.03789683605163,16.547782562261204,-0.5098857262095748
42.41137046492598,37.78050300377892,4.630867461147062
59.07827715102673,59.15707994227414,-0.07880279124740497
31.82462083059107,31.4489430501864,0.3756777804046685
32.49729903579991,34.43342583200102,-1.9361267962011084
-1.997876202095593,-3.6990343151825726,1.7011581130869797
84.7342091671035,85.34685991352181,-0.6126507464183106
22.776523342361532,22.201214061983123,0.5753092803784092
37.97088894474407,33.03222058239163,4.938668362352438
37.366458810945915,40.843019555272214,-3.4765607443262994
47.7430583746537,43.91805136056699,3.825007014086708
68.66727500957695,69.05251287204305,-0.3852378624660986
6.240956154870181,5.13143591489964,1.109520239970541
36.19680835594896,41.0845580575621,-4.887749701613139
75.83718247545885,79.38226289304353,-3.5450804175846855
34.20360865752015,39.873999865650056,-5.670391208129907
21.778702179656307,25.96308643205252,-4.184384252396214
45.53738744717468,41.782001564658074,3.755385882516606
42.40520475421462,45.46243315609659,-3.0572284018819644
-2.336334952934826,-1.1640227048619636,-1.1723122480728625
60.33964514590486,61.08783346687711,-0.7481883209722469
51.759540885740236,50.54290653082258,1.2166343549176588
32.21039033029412,31.551328248978578,0.6590620813155397
21.22587060961725,20.881228525239266,0.34464208437798405
4.254258366255843,4.404401710654497,-0.1501433443986544
22.39557561120632,23.511888885315344,-1.1163132741090251
22.982306567191962,23.05347095087727,-0.07116438368530709
32.42207178151958,28.464909868996074,3.957161912523503
65.51912310228963,65.19439250892852,0.3247305933611102
33.45172303259607,32.41184051447189,1.0398825181241804
34.474430067099334,39.94399907905721,-5.469569011957873
-12.550369433588333,-16.437034971587664,3.886665537999331
19.71676023212,16.257222700099092,3.4595375320209065
47.00284957746505,41.319359826872414,5.683489750592635
28.94561272908948,29.099825149692833,-0.15421242060335416
50.82853977232612,55.820653394187715,-4.9921136218615985
71.39781203086828,73.06837091344337,-1.6705588825750937
30.7248845079887,29.433171357675633,1.2917131503130683
65.76781821642045,64.63624201119475,1.1315762052256986
54.22382209302809,53.224868775309886,0.998953317718204
58.375669917650434,58.397131689028775,-0.021461771378341155
8.17247040946214,11.086700376191288,-2.914229966729149
29.893472220746986,32.929073784228436,-3.0356015634814497
39.8493697210235,38.1703911860047,1.6789785350187998
67.48973767066722,66.75963509858326,0.7301025720839647
3.3756202810330693,9.411593102660675,-6.035972821627605
76.9838420418997,72.07313654005603,4.91070550184368
38.61507684702234,36.937864036102326,1.677212810920011
28.4081083168848,24.861470688325213,3.546637628559587
38.39254390481777,37.98650470889969,0.40603919591808335
48.223442115547556,49.304339503127885,-1.080897387580329
37.182399753960226,38.07777450467391,-0.8953747507136853
34.394684050833725,35.38384815674628,-0.9891641059125575
25.574977257883248,25.145497923399574,0.42947933448367337
26.78245379236044,25.32096879798327,1.4614849943771695
66.4308072318845,60.4764805790899,5.954326652794599
36.77372266200251,37.43929778719594,-0.6655751251934277
-17.478955608638152,-19.162632562746396,1.6836769541082433
58.608029296129274,64.04470938717944,-5.436680091050164
55.79514085590426,54.27162164840551,1.523519207498751
56.37250307488994,61.35728343213902,-4.984780357249079
36.76503008177919,36.71784023854751,0.04718984323167774
26.467845838912815,28.477550879169314,-2.009705040256499
63.90823142038713,66.0278131000631,-2.1195816796759672
67.12462551249631,66.37970185927564,0.7449236532206669
74.63754281390963,70.34345749922318,4.2940853146864555
33.2251890016906,34.7359838776177,-1.5107948759270968
68.8520230606866,63.135529190025565,5.71649387066104
50.54103366159764,54.37777524016068,-3.8367415785630428
58.20941874002258,57.77758627816479,0.43183246185778756
92.06880938277119,93.28536595352217,-1.2165565707509813
41.746424525259926,42.1971512340226,-0.45072670876267296
49.300661495777774,55.50724917473694,-6.206587678959167
57.03035216822879,57.672875014055954,-0.6425228458271661
2.296126275542797,2.5075917059059947,-0.21146543036319754
-19.315321093284027,-23.1280328448768,3.812711751592772
62.22444784589466,59.44767879893524,2.7767690469594157
57.22850664066974,56.046974432018615,1.1815322086511273
92.36212402269813,94.16698200625936,-1.8048579835612344
58.37281672823435,54.183018796197466,4.189797932036882
43.20221098142382,44.13080382137831,-0.92859283995449
42.71478346826831,41.79789859116222,0.9168848771060851
53.45773523754974,52.587502228774284,0.8702330087754575
25.935720938161822,30.704410301141465,-4.768689362979643
58.10430919905065,59.19127752580183,-1.0869683267511832
52.526308259119325,48.56130089743998,3.9650073616793478
23.057883675660005,24.39268613683477,-1.334802461174764
69.23878582353603,69.9658672764042,-0.7270814528681626
85.73389866259271,86.30615905539642,-0.5722603928037131
28.8845275725456,30.851621231120546,-1.967093658574946
13.512139870583834,14.383715184102144,-0.87157531351831
84.15352723095435,83.05798706806762,1.095540162886735
41.573958665763364,44.71099614304758,-3.137037477284217
83.35411348628139,80.72010570871734,2.634007777564051
44.68577493679213,40.40462530335756,4.281149633434566
77.90571215169645,76.73297582836094,1.1727363233355135
5.613670517620265,5.937396931240173,-0.32372641361990784
59.669309762720665,58.72380149616276,0.9455082665579084
64.68019833765388,60.405632196455656,4.274566141198221
71.6168679170945,72.11245855691764,-0.4955906398231491
49.06907618990134,53.68537866515894,-4.616302475257605
66.26882013367316,62.758204095015124,3.5106160386580356
70.40657846201564,67.13866880017115,3.2679096618444987
42.737571873140105,41.0709159151218,1.6666559580183034
54.24251756122271,55.847665224620776,-1.6051476633980641
20.629409346401356,25.30121312831473,-4.671803781913372
53.382662221595986,53.585890603102435,-0.20322838150644884
63.79825076495362,62.25747417152854,1.540776593425079
71.72904221645133,70.93334186960978,0.7957003468415564
9.25416802496631,11.452503066758567,-2.198335041792257
65.24599049850772,64.53789874412641,0.7080917543813143
22.7274982094294,23.42537141370019,-0.6978732042707918
56.68413445473444,51.4161413060927,5.267993148641743
6.832278856027848,4.305250513265335,2.527028342762513
42.700941795443086,39.36256929757833,3.3383724978647535
78.39142980746684,77.94200158710227,0.44942822036456676
43.128698962509965,43.54307842347215,-0.4143794609621878
54.90693364232471,51.30551901432424,3.6014146280004695
30.478629707060474,35.20974886996913,-4.731119162908659
63.82959721035982,65.92107553455712,-2.091478324197297
59.06174841382833,58.906088781533015,0.15565963229531832
64.91506692654055,66.16896556775274,-1.2538986412121886
1.4512421227630707,0.07788826108914293,1.3733538616739278
39.631990894499154,37.26030134215196,2.371689552347192
38.00490966972045,37.882109043875246,0.12280062584520124
12.860164659436427,11.672334354433119,1.1878303050033079
75.12955584698597,72.6840213641825,2.445534482803467
50.131678276456064,50.769946856418414,-0.6382685799623502
28.30122220781393,32.41470712121459,-4.1134849134006615
44.50815035766872,43.32707919539816,1.1810711622705554
59.14118287929487,58.857605911742056,0.28357696755281125
29.401608841138533,28.717642155601496,0.6839666855370368
25.40371222836057,23.790782642351147,1.6129295860094217
50.2367239932005,46.31295484366319,3.923769149537307
75.28788682914563,72.15141019460026,3.1364766345453745
53.040548608029304,59.06735010613701,-6.026801498107709
4.4600485166851715,1.8140846442956615,2.64596387238951
51.674074007415626,58.9989548482064,-7.324880840790776
62.087977736073015,62.25703877503702,-0.16906103896400282
26.887523860189443,21.935738925723854,4.951784934465589
49.12962413351441,48.965486612716006,0.1641375207984055
26.188380920956124,26.4807216389884,-0.2923407180322748
67.99727367060753,72.10061264373552,-4.10333897312799
53.241765396625574,50.764857251451296,2.476908145174278
42.57348787285514,42.484984622224395,0.08850325063074393
45.73404412726839,43.99972703128563,1.7343170959827603
64.00975863384429,61.46430390444021,2.545454729404078
54.68383740698243,53.89804378858729,0.7857936183951395
22.7378169668111,21.08214328400939,1.6556736828017087
59.32834620176214,59.896305568985134,-0.567959367222997
-7.684209267322637,-15.25570288556068,7.571493618238043
50.69984231063092,48.3436921607502,2.356150149880719
23.68736173530848,18.720271637627135,4.967090097681346
19.300702954385656,10.083281835690443,9.217421118695214
60.87896080967728,56.41700086839004,4.46195994128724
-18.387151206569236,-14.399048216449415,-3.9881029901198204
59.941185863612645,57.083295328623876,2.857890534988769
48.976744581281146,50.50257819115105,-1.5258336098699061
8.751688130785599,9.45805015957032,-0.7063620287847208
17.412832617281534,16.330710344679602,1.0821222726019322
69.24405583118829,69.00660194749418,0.23745388369411558
45.895699940969486,44.836013680776944,1.0596862601925423
76.3720385693329,70.81682376406104,5.555214805271859
77.18187186793591,79.82796344883336,-2.6460915808974477
-18.970864314238966,-16.57813391325604,-2.392730400982927
42.47895555184193,45.94021532947935,-3.461259777637423
24.21527796844867,25.637385318024542,-1.422107349575871
33.58483168718065,32.86385549343366,0.7209761937469921
-5.392362790830535,-3.2373151838094003,-2.1550476070211344
24.586751864443492,26.147115387869377,-1.5603635234258846
41.507017217327295,44.944825697064736,-3.4378084797374413
30.330986927158946,28.909443199313273,1.4215437278456733
1.3330355724287672,0.43927223726073805,0.8937633351680292
78.6422021359024,75.98704220377806,2.6551599321243344
80.38794034958283,81.2640238068069,-0.8760834572240697
24.486386895944698,23.356897729110827,1.1294891668338707
51.740327806366466,51.37099550957921,0.3693322967872561
37.87266841676181,38.946894158513494,-1.0742257417516825
43.15396353163361,41.91378938973959,1.2401741418940162
8.41169744137829,6.728560617535408,1.683136823842883
55.208890992548284,58.245684724141704,-3.03679373159342
75.73444789294943,74.51913798728062,1.2153099056688177
48.21115925811842,48.07829617778831,0.13286308033011096
35.33521399482979,35.03075411636074,0.30445987846905354
14.891333601124574,17.535269889978238,-2.6439362888536646
-3.3549580715499703,-8.140132056527293,4.785173984977322
-7.079853888103057,-6.9118227335257245,-0.1680311545773323
55.18498000852834,58.48895230123255,-3.3039722927042092
-26.36127740661772,-25.263485930646226,-1.0977914759714942
25.843273983928892,26.997756492484626,-1.1544825085557342
59.87842418327474,57.24339035873938,2.6350338245353555
-9.154370079900316,-7.204846098682495,-1.949523981217821
70.46138121472858,68.48126866427687,1.9801125504517074
66.90695914428059,68.18720752846386,-1.2802483841832668
23.166863668180365,22.19724300701563,0.9696206611647362
84.88826043166843,80.99808545984556,3.890174971822873
80.10929143464713,82.93450086704506,-2.8252094323979264
19.67530343085878,20.18975332913277,-0.5144498982739911
38.98130995558816,41.35107265122458,-2.3697626956364175
-23.36728522328376,-27.88684809334889,4.51956287006513
51.91515956429265,53.26984693876005,-1.354687374467396
17.823094961509803,19.317444867456587,-1.494349905946784
71.01860817301159,69.98946359451801,1.0291445784935718
65.06356609166417,69.09625848321136,-4.032692391547187
9.343260238912773,11.88589263769336,-2.5426323987805866
60.42356386083182,59.699499233994956,0.7240646268368636
79.45586403748125,72.26582902926413,7.190035008217123
8.67572903477346,10.36135432554046,-1.6856252907670015
60.89216368055923,61.43910140341593,-0.5469377228567041
48.25576811935606,51.199820841438026,-2.9440527220819632
57.92111554876953,55.01254289009703,2.9085726586724974
-22.126317801393185,-22.855835224132846,0.7295174227396615
35.37102637311046,33.7767705603264,1.5942558127840627
91.325519643547,89.05693041648074,2.2685892270662578
39.30771421849526,37.47064345979424,1.8370707587010244
9.32328972732034,13.478741333800272,-4.155451606479932
3.8636176402443496,7.1753680086196,-3.3117503683752503
12.349886120713682,11.934097015901727,0.41578910481195486
49.12515514568899,45.88221706780094,3.2429380778880557
40.097918066332966,36.4728957768542,3.625022289478764
44.59130771221298,46.931654342482,-2.3403466302690177
48.508443864893955,48.788954983988546,-0.2805111190945908
62.097944428382434,60.44676934605003,1.6511750823324007
52.02863579655985,50.7956994078356,1.232936388724248
26.82340426819012,28.36455348070841,-1.5411492125182882
58.30376100365456,59.58614916815105,-1.2823881644964956
1.7652269614816136,-5.871239977204553,7.6364669386861666
55.34125909894965,49.91335649261636,5.427902606333291
59.67339981302741,55.31135947306204,4.362040339965368
78.40371932478116,82.41262552210031,-4.008906197319149
29.378477457426435,27.364450093912836,2.0140273635135983
38.445775383447966,37.973809670904565,0.47196571254340114
79.40274445215466,78.51982684521663,0.8829176069380367
73.56014497846454,72.75081287091706,0.8093321075474762
75.60589020945709,77.57508585964183,-1.9691956501847443
59.17764119884855,62.86017201003926,-3.682530811190709
-1.1351578488709633,-0.2531293533690189,-0.8820284955019444
62.64670211552872,63.93612156079955,-1.2894194452708305
68.89451914878495,66.86355941674765,2.030959732037303
62.17287341438294,62.191725777476876,-0.018852363093934343
60.727989843157296,60.500213733933,0.22777610922429403
46.267350970333155,45.538484294836984,0.728866675496171
45.30761513315126,47.642573322551996,-2.334958189400737
74.38474884587977,71.22857976106975,3.156169084810017
72.9978448479352,67.27138605071966,5.7264587972155425
75.89123243060709,71.643905421439,4.247327009168089
45.51053905348104,47.85853963975691,-2.348000586275873
59.13717571928286,59.07918989504757,0.05798582423528842
10.947999212719862,12.374553337896415,-1.426554125176553
73.63862260300812,74.19931145917299,-0.5606888561648731
9.053385150852934,5.059977869280502,3.9934072815724324
-12.270168904433538,-11.521115983727498,-0.7490529207060401
6.773338623803598,5.41266289182326,1.3606757319803382
-9.094104206594082,-1.3233012823778125,-7.7708029242162695
47.88428359429897,46.96210451433611,0.9221790799628593
41.82941561779384,47.03801302670068,-5.20859740890684
71.99897975353268,73.31599848284026,-1.317018729307577
85.16150646736979,82.10024845063509,3.0612580167346977
78.36375694387671,83.28504960271154,-4.92129265883483
24.215447476019513,25.07250380415185,-0.8570563281323373
41.81085097250204,40.26898208109572,1.5418688914063168
36.737239196808744,32.16999100336136,4.567248193447384
65.92830111256637,71.22301715367396,-5.294716041107591
9.354330519852176,12.27411590886328,-2.9197853890111034
18.48831824535337,25.834631449466443,-7.346313204113073
70.13648855277869,66.12808882933328,4.008399723445407
45.662192350884624,44.97547612224587,0.6867162286387511
22.521934788440852,22.904091045757596,-0.3821562573167441
62.52385016909891,63.78199507379124,-1.2581449046923296
46.90095921413685,42.90947730804529,3.9914819060915576
38.599230883317844,38.82667703142918,-0.22744614811133346
27.04192713978737,26.54628700849439,0.4956401312929799
44.088986656763,44.62687706196271,-0.5378904051997111
50.31305149728286,44.572969533215996,5.740081964066867
44.28839171500453,46.5334771569388,-2.245085441934272
58.51911947379668,57.78222047457141,0.7368989992252679
49.48835585278337,48.290647062411274,1.197708790372097
39.84769217069329,42.18613129642864,-2.3384391257353485
63.74678923784672,63.42218949893274,0.32459973891398164
65.02487404635852,64.8904927336503,0.1343813127082143
26.718176861414214,31.088209534700482,-4.370032673286268
44.40946119914076,46.03265364206239,-1.623192442921635
60.554500393708786,59.862879067089764,0.6916213266190212
47.382953658883224,44.15558374438651,3.2273699144967125
46.99421583186939,44.07416635337337,2.9200494784960185
37.65114668709551,37.74408168150613,-0.09293499441061925
42.00147264992263,40.99520431157618,1.0062683383464517
39.857549179476784,41.199350132633604,-1.3418009531568202
10.387664903544188,11.035095984295083,-0.647431080750895
83.23369470144917,79.08582222362847,4.147872477820698
63.42642483759611,67.03823690677748,-3.6118120691813758
28.30426629295366,25.368403826382618,2.9358624665710416
20.71419031064468,20.968078587915443,-0.25388827727076446
74.5320064125248,70.5819406371165,3.950065775408291
54.408407908626835,54.499910790333175,-0.09150288170634013
39.38865660164038,44.09593776780254,-4.707281166162161
49.85264313197223,46.887709205461256,2.964933926510973
57.86963627106591,55.240699799689736,2.6289364713761714
-3.0385612126485806,0.659808100143394,-3.6983693127919746
60.25286194191887,58.22514285890785,2.0277190830110214
26.952098681419677,31.996495893927005,-5.044397212507327
34.6509968747246,33.85815344817078,0.7928434265538158
62.254249591955414,60.38090922822438,1.8733403637310317
60.86258941797227,59.73564570502085,1.126943712951423
68.70084475085977,70.93483866656685,-2.2339939157070745
63.35526865308092,58.64797257392859,4.707296079152329
-10.450565286179259,-9.215365997476212,-1.235199288703047
47.89133487836284,43.882734353808296,4.008600524554545
45.09686654267585,45.94288053435794,-0.8460139916820921
62.14964150890821,62.00356165025246,0.14607985865575301
41.10549647407858,36.892233506785956,4.213262967292621
45.37203900421682,48.014524504259086,-2.6424855000422625
81.19739098924006,84.1223505410213,-2.9249595517812423
65.51409969130903,66.32163053628834,-0.8075308449793113
53.54366715853887,49.64260728707908,3.901059871459786
54.788320536613305,52.80576782850804,1.982552708105267
49.77804938067818,51.7890360758085,-2.0109866951303133
61.53901177637685,64.58340012943539,-3.0443883530585367
86.15835001680814,85.69831827150787,0.46003174530027025
77.5292537134286,71.71386302375899,5.815390689669613
68.82343726575401,65.5196679740165,3.3037692917375097
52.93311289509222,51.0163302778823,1.9167826172099254
66.4646333316738,64.07342047980792,2.3912128518658733
78.20687602485462,75.14473546798425,3.062140556870375
53.73690849706147,50.65176391093087,3.0851445861306033
85.63061114273694,83.88769360140374,1.742917541333199
70.83526761897502,68.63156335907983,2.20370425989519
46.96465129325089,50.47828071647243,-3.513629423221545
12.757746828593975,10.286680944046296,2.471065884547679
42.16639865789561,41.57045790081665,0.5959407570789637
34.61294528529766,35.06946864442159,-0.4565233591239277
62.99205803322012,66.45199410132898,-3.45993606810886
74.65656404585482,72.36930525344023,2.2872587924145904
40.211241457929425,41.259147616310365,-1.0479061583809397
64.98281136482606,58.678244038969595,6.304567325856468
7.854434108423779,8.991567424601882,-1.1371333161781036
39.945422630647485,41.84394653589333,-1.8985239052458454
21.969528692879784,21.81529807367177,0.15423061920801473
22.38056888731599,23.77359485370404,-1.3930259663880484
49.268880084368206,52.7302453946965,-3.461365310328297
70.92010177286765,68.23600132218792,2.684100450679736
60.13368156565973,62.72085364264168,-2.5871720769819504
68.29273593286963,66.90334235654136,1.389393576328274
-32.180204797553785,-27.731449361835033,-4.448755435718752
56.042486435672515,52.736374977240004,3.306111458432511
53.79190788797174,54.49760082083656,-0.7056929328648209
56.62875740574726,56.75674142861409,-0.1279840228668334
44.345011254083104,48.71129340382347,-4.366282149740364
70.4182771015942,70.91727802822264,-0.4990009266284403
43.35203954034766,38.40845592987135,4.94358361047631
61.04798544082944,58.493093420268615,2.5548920205608283
22.998060898749006,21.730676089023888,1.2673848097251188
46.83736657825102,41.772514736332184,5.064851841918838
42.87052509487499,45.27368260185775,-2.403157506982758
58.85523983407167,63.352438863524604,-4.497199029452936
50.989958486636915,47.49561127955684,3.494347207080075
39.97610400417627,39.2363178232208,0.7397861809554698
47.19166925283666,50.14263942872827,-2.9509701758916123
15.03578579302001,15.621833633933576,-0.586047840913567
51.161174908074436,55.27677909685329,-4.115604188778853
70.35011948729574,67.35253860963186,2.9975808776638786
83.37301138675173,84.22530363105147,-0.8522922442997469
77.14411388713226,80.6169269993566,-3.4728131122243298
7.714581847251229,5.841990965759166,1.872590881492063
31.331809485329295,35.190125221909696,-3.8583157365804013
30.704513878016837,30.254858449716096,0.44965542830074057
77.51244925570774,78.19473299544067,-0.682283739732938
52.262238370604244,52.98726284644153,-0.7250244758372872
25.97341530071174,27.91289264111613,-1.939477340404391
70.0133325248697,71.28426134067998,-1.2709288158102794
25.68168256977389,22.63170885093713,3.0499737188367604
-20.951191132150353,-22.09598043265983,1.1447893005094762
53.540562494045986,55.03789306000838,-1.4973305659623932
7.380440574290983,5.378006277131405,2.002434297159578
99.16463543820775,92.23584083810697,6.928794600100787
61.84952030410691,58.14335896754575,3.706161336561159
44.87373173636227,40.95773061774678,3.9160011186154833
72.79935153919006,69.98035010619911,2.8190014329909445
55.667395901869824,57.63757832650903,-1.970182424639205
62.026091685850844,61.59733021608191,0.42876146976893637
49.215231684075505,46.33698006062974,2.878251623445763
79.06746016754266,76.02157398237142,3.0458861851712413
40.09761915262682,35.222438535302274,4.8751806173245456
50.928043161706974,53.41088298162677,-2.4828398199197963
30.82699624983155,30.897389443514328,-0.0703931936827793
33.796138596632396,34.10083763203288,-0.30469903540048193
77.60477475633282,73.8429298795154,3.7618448768174204
34.79495090489384,37.38498664472295,-2.590035739829112
5.39989499000516,9.382219137793413,-3.982324147788253
39.879013382743935,35.526238979198595,4.3527744035453395
37.16996940975038,36.783815210532566,0.38615419921781324
35.23879058268586,32.937289906791236,2.301500675894623
53.185809267702936,54.33046588784394,-1.1446566201410064
35.990205592955384,37.946556156932765,-1.9563505639773808
50.092583847462535,52.453777378243316,-2.361193530780781
55.73505804281357,57.31461603763555,-1.5795579948219824
33.34202743539798,31.405968641036694,1.936058794361287
76.96910867440951,78.73509087438545,-1.7659821999759373
35.740884837383526,34.01210578551381,1.728779051869715
-2.3077081215372557,-5.103665240809434,2.7959571192721784
12.273479254546276,10.69082998727798,1.5826492672682964
71.24414179513352,69.26264642126422,1.9814953738692935
54.82061913121639,57.870760671213205,-3.0501415399968153
68.1338528921494,71.7498675056722,-3.6160146135227933
-9.17160050042324,-8.637292327465772,-0.5343081729574681
68.99221564783024,66.52840534203584,2.4638103057943965
-5.10123724253605,-8.064641899720286,2.9634046571842356
30.799769853645557,31.092113402045754,-0.29234354840019705
30.946219098681034,34.295073100762295,-3.3488540020812607
22.990157860458066,23.532458661679684,-0.542300801221618
5.419822659637031,4.013908877667433,1.4059137819695984
58.06520492051795,59.45624231861526,-1.3910373980973105
-15.153356653370345,-19.3059656716147,4.152609018244355
87.38419784051243,88.31701777784309,-0.9328199373306632
66.05688711463367,63.282148672954875,2.7747384416787924
-23.328490265138587,-26.437095005166384,3.108604740027797
47.76844367851977,50.336162988915916,-2.567719310396143
58.87042714732646,58.767077012009786,0.10335013531667414
23.773002477228157,26.16703777824121,-2.3940353010130515
34.38484512762263,32.41438450630109,1.9704606213215428
23.875557379843837,24.00554323167667,-0.1299858518328314
41.584694418354744,45.18295480250726,-3.5982603841525176
61.98191135401599,60.38284372170489,1.5990676323111046
38.27054013881622,35.92345301744287,2.347087121373356
22.929817594907316,24.051815688152956,-1.1219980932456401
74.00575267667585,70.0601233353206,3.9456293413552572
-10.276851022103207,-9.672688755417724,-0.6041622666854831
9.918423870951528,13.94081706835452,-4.022393197402991
59.74821567403333,59.44606653962675,0.30214913440658364
70.78420477755252,66.770410069675,4.013794707877523
11.21540099291192,4.7181959313548845,6.497205061557036
67.08157789237768,69.43484534171856,-2.3532674493408763
82.95534673359741,77.97036913057254,4.984977603024873
0.9067258900728044,-0.255069983537382,1.1617958736101863
70.78288633898673,70.21783637564864,0.5650499633380832
59.201260906315206,62.14041258594194,-2.9391516796267325
72.72920834628243,71.17969578176465,1.5495125645177836
50.48750816293941,44.759507973187524,5.728000189751889
62.029875420495294,61.54848551586158,0.48138990463371556
60.607405154101826,55.70222411032935,4.90518104377248
70.13007339037104,78.32373717808412,-8.193663787713078
66.19822143720864,65.35716156032416,0.8410598768844864
32.07056516838848,32.43012776561473,-0.35956259722625106
36.23733434334074,40.90141109106417,-4.664076747723428
41.00059455182163,46.61719768881143,-5.616603136989802
-3.710699810083111,-3.9615122036754826,0.25081239359237184
1.3184480695905825,3.133683215413768,-1.8152351458231857
57.48604684127296,52.198658138875,5.287388702397962
39.869158547649306,37.28221694377123,2.586941603878074
32.94656374176787,28.118376091888337,4.828187649879531
46.827563800796575,47.089917795889335,-0.26235399509275936
36.68979175938834,37.49463587630298,-0.8048441169146372
52.716055478650055,54.221988788155976,-1.5059333095059202
18.865665893355455,24.280133217066094,-5.414467323710639
36.86108874057023,37.11222139836853,-0.2511326577983013
50.90081534230093,47.25038468204285,3.650430660258081
56.88557344185664,53.46256272958041,3.4230107122762305
67.49156902034292,69.06389615919298,-1.5723271388500564
-1.7955083889470025,-4.555350818260166,2.7598424293131636
54.75183455581663,55.092914740081085,-0.34108018426445597
2.4129488126706633,6.7705875815980505,-4.357638768927387
35.33354046880946,35.41495889769463,-0.08141842888517203
55.701028082649856,56.50529066589091,-0.804262583241055
61.39507166214212,61.5075321854263,-0.11246052328417733
31.27306521100888,37.789149364193136,-6.516084153184256
41.07940038675776,45.9046803755971,-4.825279988839341
52.863626201737745,48.97007211029778,3.8935540914399667
57.065107582874795,54.83227328411928,2.232834298755513
73.93648629693531,82.7020980104979,-8.765611713562592
38.13866828280723,42.10164924126469,-3.9629809584574573
39.21862090721264,39.81511796365716,-0.5964970564445196
71.12112312609119,67.0811027492501,4.040020376841085
28.138747691714865,25.442624738862406,2.696122952852459
69.21342970386006,74.66398579277273,-5.450556088912677
73.73907031950515,67.21204275366549,6.52702756583966
20.286362695475223,19.97203887701866,0.3143238184565611
59.32616549137429,60.3937233465372,-1.0675578551629101
19.122648552638537,20.774994014928026,-1.6523454622894889
15.180074526582501,17.004293057753216,-1.8242185311707146
80.60417794724438,82.52209595366966,-1.9179180064252819
65.24711105191179,72.78823478363915,-7.541123731727367
8.271655283092175,8.721935177895347,-0.4502798948031721
-3.5838095691614877,-4.893467790064392,1.3096582209029042
78.45788064942677,76.2475413374689,2.210339311957867
46.627032413068946,50.849235947577135,-4.222203534508189
31.938031090118574,34.17389900786891,-2.235867917750337
-8.969996440376743,-9.234309862854559,0.26431342247781586
76.16560243033226,72.50187061165644,3.6637318186758137
-18.986396662427207,-20.170913101400984,1.1845164389737768
32.6707388213275,28.504018179332462,4.166720641995035
65.32796670866423,68.44512008248552,-3.1171533738212815
-22.07008188593155,-21.92439155311203,-0.1456903328195196
60.03376812089905,58.54926786172706,1.4845002591719876
-11.280630740558998,-15.047671026915054,3.767040286356057
93.08101765760254,91.15591583307663,1.9251018245259104
14.764210262179738,9.998983586678207,4.7652266755015305
-22.959495731908664,-21.881094798502943,-1.078400933405721
8.773969501474111,9.539091833390472,-0.7651223319163609
64.57024662132564,63.610386394447005,0.9598602268786323
64.1428278176787,67.11577653512245,-2.9729487174437565
77.06227755186589,75.99869688865269,1.0635806632132017
78.6901376633835,77.28838847702019,1.401749186363304
53.94500117233583,53.207214350892045,0.7377868214437839
70.86728107151022,66.7367684675349,4.130512603975319
61.34270426105603,54.98101488220179,6.361689378854237
17.476940477714304,17.619897113562857,-0.14295663584855234
61.54843064940188,57.024197858318495,4.524232791083385
-9.754395731379029,-9.805660626487537,0.05126489510850796
88.93176880531364,85.87545107415386,3.05631773115978
61.36021228962953,63.45546849165693,-2.0952562020274
-2.879474541712174,-3.0532706527563818,0.1737961110442079
57.08571150597445,60.16069168402038,-3.0749801780459265
59.18252400650832,62.35234000078623,-3.1698159942779114
57.34386218902192,56.28362946805937,1.0602327209625528
62.69086252814467,65.4226553102886,-2.731792782143934
45.55635812243382,45.87256262242547,-0.3162044999916489
11.556630989744509,6.003954699761351,5.552676289983157
2.130941699215869,-0.6125903395403896,2.7435320387562587
69.56495913477279,70.89444126597235,-1.3294821311995548
51.55210459812608,52.78072140143352,-1.228616803307439
50.36109493040202,56.008700808287415,-5.647605877885397
64.14145846080636,66.59483568302443,-2.453377222218066
-10.298080715292203,-13.049042315043366,2.7509615997511627
61.26677603556374,61.600798192587916,-0.3340221570241795
73.90587959121613,73.89816548058079,0.007714110635347993
84.7231847755913,82.79395794512261,1.9292268304686928
7.3619508677969385,10.774501154177372,-3.4125502863804336
15.305841927198735,13.945935813053822,1.3599061141449127
16.607918928210996,17.134308543681925,-0.5263896154709293
73.14777958390297,69.15575051593811,3.9920290679648645
-7.644641881369537,-4.786370095813254,-2.8582717855562834
23.069681854050362,24.347090334542997,-1.2774084804926353
63.03834582776,66.75399340445158,-3.7156475766915804
36.666005274043286,32.52529561706757,4.140709656975716
69.03483938206807,63.450657514246615,5.5841818678214565
49.543484833298635,48.65020251458096,0.8932823187176737
47.27455773016515,46.15924318937273,1.1153145407924185
6.054752669962151,4.927804870797615,1.1269477991645358
71.47918468285374,75.46617004014527,-3.9869853572915304
11.552973254335129,9.268725372718123,2.2842478816170058
42.18596801926033,40.185557344735756,2.0004106745245736
41.51183105394458,39.840798388377344,1.671032665567239
41.930008474865986,42.1687766967454,-0.23876822187941116
17.532152009498326,14.426462472584717,3.1056895369136086
38.189462558828566,43.26608465485546,-5.076622096026895
89.99054058221238,85.20981872851966,4.780721853692711
74.36406024016988,75.74187466370796,-1.3778144235380836
60.40471648083046,62.778677550611654,-2.3739610697811955
6.928287021178955,7.719070851007132,-0.7907838298281771
26.112804266785304,30.216482322687,-4.103678055901696
69.6705600233764,69.99102571571899,-0.32046569234259437
29.683838391727267,29.299230725427435,0.3846076662998321
12.102266371064914,7.862899289023957,4.239367082040957
50.32696814859012,55.61882468995359,-5.291856541363472
25.170841254717658,20.65416233660474,4.516678918112916
9.385766706918556,6.466125852936713,2.919640853981843
8.985725682061368,11.567436007581506,-2.581710325520138
-6.924683167163734,-7.402658175251091,0.4779750080873564
28.908957189742537,27.575219159644803,1.3337380300977344
82.0674544572714,78.26629334630262,3.8011611109687777
58.541576831625534,56.16380997277092,2.3777668588546135
40.79507367776835,41.8677340457426,-1.072660367974251
83.35447135942985,81.4968217232882,1.8576496361416446
69.82633631405649,68.14889249197341,1.6774438220830774
81.44927434565528,83.13987994035762,-1.6906055947023333
36.88966053038973,34.69875153978313,2.1909089906066015
33.15137549246591,32.33347718120358,0.8178983112623328
18.4749286521144,17.932626508036734,0.5423021440776665
65.33160335569352,59.782293703171256,5.549309652522261
56.07928967159907,60.32129315228942,-4.24200348069035
42.609606455833266,38.93508923280642,3.6745172230268466
27.186609413828418,31.314107135270234,-4.1274977214418165
43.82733201556065,41.4179660770014,2.4093659385592474
52.82657143641921,50.00279092830252,2.823780508116691
35.43322065848264,33.772914461280266,1.6603061972023738
38.09538777318321,40.47875154343865,-2.3833637702554356
34.67181668825962,33.60512539234112,1.0666912959184955
-3.5501261618491826,-6.710675327534034,3.1605491656848512
-13.246674685048985,-17.60653671388195,4.359862028832966
73.36636830726835,70.50795397402112,2.858414333247225
41.4736096232766,45.57322388433507,-4.09961426105847
49.994421429713555,51.37739087356495,-1.382969443851394
68.84516955364909,66.25970882747319,2.5854607261758957
31.28577224225778,34.40058257166942,-3.114810329411636
80.0549076923346,78.60284225114923,1.4520654411853684
55.04253890408329,52.4225958330879,2.61994307099539
58.80656749830314,59.205496594220406,-0.3989290959172678
83.30447681287204,80.43627452069181,2.8682022921802286
65.07037226276853,58.47915784612377,6.59121441664476
77.41825829973999,70.98671348385072,6.431544815889268
58.820887011491706,52.10567973126818,6.715207280223524
39.05637265347593,39.10741737530734,-0.051044721831409845
17.443672655474916,15.536096076899867,1.9075765785750498
50.47335513926615,46.52394975173749,3.9494053875286568
35.895754894413706,35.397378147840456,0.4983767465732498
77.55461658788556,76.05901399841048,1.4956025894750837
24.457743053744167,27.005728408949622,-2.547985355205455
42.800721960432966,38.368719359773564,4.432002600659402
14.47286423611943,20.679781561348676,-6.206917325229247
71.89922914242467,67.59376474046921,4.3054644019554615
58.19396341606093,57.08631040122992,1.1076530148310084
65.44496624772721,67.68029362724647,-2.235327379519262
56.116837169619075,54.29097277018725,1.825864399431822
34.80637939809117,30.1972323004416,4.6091470976495685
40.88517310304779,43.94489313412985,-3.0597200310820583
31.404928269471405,29.217996132190734,2.186932137280671
48.798032360265154,46.1921432594536,2.6058891008115523
67.24911500330658,67.6785999047908,-0.4294849014842157
56.803686357633794,64.00574820132823,-7.2020618436944375
72.64686124835949,67.20921066124092,5.4376505871185685
32.865110916604046,34.87288312373035,-2.007772207126301
7.966486803973616,10.524839776925546,-2.55835297295193
48.228387129762446,47.87086206334253,0.35752506641991744
49.79093400071636,53.606420656248126,-3.815486655531764
47.64146331228534,43.41560004849966,4.225863263785676
42.03448395203655,48.429643498257555,-6.395159546221002
69.61483075779483,70.61415289162886,-0.9993221338340277
64.5139612583081,63.00457303522823,1.509388223079867
50.08088722906971,51.80536162588136,-1.724474396811651
-14.583788531784808,-15.58149047622635,0.9977019444415411
54.85773046181037,53.93420681627812,0.9235236455322493
72.37757935452882,76.12311811998242,-3.7455387654536025
16.81703571788073,17.7228482257228,-0.905812507842068
75.7710925018674,72.82162979046149,2.949462711405914
46.117368264274106,48.94669996914036,-2.829331704866256
65.16446908212544,67.30808626297774,-2.143617180852303
34.142319509026656,33.92294686761949,0.21937264140716906
31.009231729811635,30.884505670139376,0.12472605967225903
69.66966389742058,65.95205397316113,3.717609924259449
44.63910612858353,46.13580435876492,-1.4966982301813943
-3.379386329744457,-7.7120308500685155,4.332644520324059
10.901851739548185,10.252385361827876,0.6494663777203087
-19.249891101811052,-13.465100045463728,-5.7847910563473235
52.217494847012276,49.19600923446326,3.0214856125490144
58.11911280938309,62.164832159050846,-4.045719349667756
20.4100575274138,24.369178283651053,-3.959120756237251
41.421436314479266,39.42583185900577,1.9956044554734973
82.12146539466802,85.61318163925611,-3.4917162445880905
65.36793236039162,64.92781431022348,0.4401180501681381
54.60348004339091,53.15010071154915,1.4533793318417594
40.24978763727665,38.05846304280533,2.191324594471318
66.28218389811549,63.79093302406863,2.4912508740468624
1.4783278441562424,-2.01706879403136,3.4953966381876023
61.01978746455644,60.374887747656174,0.6448997169002624
18.988448440247385,20.57897882830065,-1.5905303880532635
40.35991251868331,42.74430532276979,-2.384392804086481
49.61931719732673,50.4689068279437,-0.8495896306169683
-17.263315895424153,-20.856823094699777,3.5935071992756242
1.299029379888291,4.558025490083253,-3.258996110194962
-1.610162712416108,-0.04562821877004808,-1.56453449364606
58.17638009286703,57.3771677956577,0.7992122972093298
75.76285322492862,74.06311260851322,1.6997406164153972
84.57766769219872,86.19530027905923,-1.617632586860509
82.16098298646337,82.23406233051125,-0.07307934404788341
28.753213157667805,28.56386249384846,0.18935066381934362
43.71157618219057,43.78967099195627,-0.07809480976570171
75.55369631973898,74.9664554425452,0.5872408771937785
24.653838846635885,22.94202881019997,1.7118100364359137
9.257644437662398,10.848142033831365,-1.5904975961689676
21.487991837749036,22.38623462562117,-0.8982427878721353
30.998470556902394,30.615331868082265,0.3831386888201287
41.29831819911119,42.60723812733354,-1.3089199282223447
41.52024599659569,41.38027650366089,0.13996949293480299
60.397721659164915,66.38576526049165,-5.988043601326737
27.229756639356953,23.335132007254998,3.894624632101955
77.18342851820378,74.97299944310578,2.2104290750980056
28.359593979938428,29.57843369873892,-1.218839718800492
40.605301981627534,45.21638179793625,-4.611079816308717
40.28525737801987,34.0980685632946,6.187188814725268
86.10192821103952,79.4761546741003,6.625773536939221
44.979051232951065,50.64358534664206,-5.664534113690998
60.578508359377636,58.07369513355539,2.5048132258222466
75.4315173456564,76.68178183476056,-1.250264489104154
64.07043045778794,65.06116687539628,-0.9907364176083462
66.24874522180727,70.72283509934555,-4.474089877538276
14.036142066401478,17.489871505898464,-3.4537294394969855
-14.865035685243994,-13.810979199555803,-1.054056485688191
59.99895885651806,57.341312121967036,2.6576467345510224
-6.6725776445488885,-4.339897138905485,-2.3326805056434035
41.89820570704902,42.50411283830032,-0.6059071312512998
71.435507251207,74.86013955020489,-3.424632298997892
60.86425384410141,60.85825555866373,0.005998285437684103
36.81197237522357,33.721254926872135,3.090717448351434
43.67440498869544,38.88596949070401,4.788435497991436
10.551375299216996,7.419040453991286,3.13233484522571
65.7308915932325,62.807147007035184,2.9237445861973157
70.78949938299652,67.36138512105855,3.428114261937978
56.75902624195353,54.95403871148922,1.8049875304643095
58.72247508344232,62.80115067707486,-4.078675593632539
82.06862362932259,80.62406267220038,1.4445609571222064
56.89818328356067,49.68496478482912,7.21321849873155
73.01726464655707,73.45154270191743,-0.434278055360366
48.95190973280883,46.93465481358068,2.017254919228151
40.050491821897424,37.26893857607625,2.781553245821172
51.1486879872416,49.230658417641294,1.9180295696003071
53.096398398837046,56.91764367048148,-3.821245271644436
58.45015366030571,62.74264107456684,-4.292487414261132
20.686188987326613,19.291057315254605,1.395131672072008
-20.392729687647165,-23.44974563321479,3.057015945567624
41.771584926068186,47.028133984133724,-5.256549058065538
51.101996008640555,51.674379733769264,-0.5723837251287094
43.07818661124818,42.69251712923034,0.385669482017839
20.538765092973897,15.838267297311347,4.7004977956625495
58.76184693820332,62.20842503339793,-3.44657809519461
-33.44114597643654,-31.86821650966634,-1.5729294667701978
15.543312001799226,17.88679455416043,-2.3434825523612055
77.30583276044364,72.13601587299834,5.169816887445293
47.742601644969824,47.39716061034012,0.345441034629701
27.6916983461615,21.761731249191868,5.92996709696963
49.21499011024262,47.26531661475977,1.9496734954828483
43.392562331966424,41.703735960145785,1.6888263718206389
-15.356683281051652,-16.657976462376126,1.3012931813244748
47.644083981973466,48.09425074485851,-0.450166762885047
67.36239826562449,72.54284114472588,-5.180442879101392
29.19234530733104,32.28274663000528,-3.0904013226742393
-8.967584192768582,-8.130693391283046,-0.8368908014855361
65.45691138438684,66.64426699290573,-1.1873556085188852
57.262355033941766,57.04926185304116,0.21309318090060714
55.4314459592545,53.243263812928234,2.1881821463262696
66.1498569649962,65.60314464733992,0.5467123176562865
49.091025753163564,51.079818693268216,-1.988792940104652
34.89953653916446,35.89146818746538,-0.9919316483009197
84.05392436267307,84.4736735719448,-0.4197492092717283
-11.908261476486548,-9.782138671149667,-2.1261228053368804
40.98958682351959,37.70323326293543,3.2863535605841605
58.98863926504215,57.49725484852099,1.4913844165211643
27.977255948614438,31.24838326328411,-3.2711273146696733
6.835895558034843,5.302105636887589,1.533789921147254
88.58997203254386,87.66244166143252,0.927530371111331
-31.5280030931946,-24.01671691035881,-7.511286182835789
46.101392165291394,51.72736034299017,-5.625968177698773
19.720565206088914,19.734830010782034,-0.01426480469311997
79.8725742886279,74.4905627817206,5.382011506907304
66.32693804226157,66.38209820571649,-0.05516016345491437
83.72825841155752,79.32168648792471,4.406571923632811
45.97072412615371,49.79416460008245,-3.8234404739287413
53.21567388705598,55.453643466938225,-2.2379695798822468
42.44909515970964,42.59270049925128,-0.14360533954163657
48.96952433979955,42.138585214200816,6.830939125598732
37.09386043769409,35.556650650289754,1.5372097874043362
75.82277930606804,75.8446813813748,-0.021902075306755364
56.8409880050839,60.451956383582775,-3.6109683784988746
44.271173627179515,45.489814234300056,-1.2186406071205411
-7.860248096646494,-10.982437836190456,3.1221897395439626
74.40063649468485,73.51113202589184,0.8895044687930067
45.485467846295265,39.46276494051348,6.0227029057817845
66.7736895090479,66.61291216365728,0.1607773453906134
-19.18444002124017,-16.621538833608952,-2.562901187631219
3.131180510461965,3.0002854917081834,0.13089501875378184
53.34977828973918,51.58011656073272,1.769661729006458
17.609744204352946,19.305803605693555,-1.6960594013406087
52.72780196918009,50.11551650333327,2.612285465846824
50.36553851840555,47.62770481223976,2.7378337061657874
32.940238854594405,31.14678481384111,1.7934540407532964
50.72303910730728,47.65191254684832,3.071126560458957
28.932928821215327,32.5376542005784,-3.6047253793630745
63.492371184256356,65.95058810570661,-2.4582169214502585
49.39614294006317,47.64279820445153,1.7533447356116412
31.473189026311566,34.461986474944865,-2.9887974486332993
43.16594671380069,37.03456127114673,6.131385442653965
-2.817589296534724,-2.4872690551142824,-0.33032024142044136
74.89501632615024,75.41263145906676,-0.517615132916518
48.79717193088873,44.409612530540144,4.387559400348586
-7.154353792026529,-9.573185535686662,2.4188317436601325
-2.9315230503879635,-2.403009869172351,-0.5285131812156125
-13.542378026028157,-12.913515743691505,-0.6288622823366516
-9.52877313227049,-6.627718218613239,-2.9010549136572514
-8.053704466503632,-11.175983791735362,3.1222793252317302
24.058005080329913,23.112564422000233,0.9454406583296802
36.45592768600737,35.58225484654831,0.8736728394590614
66.62167971353234,64.97990994168097,1.6417697718513722
13.27513377681969,10.90241099857137,2.3727227782483205
43.95360229037968,42.60623870612797,1.3473635842517098
8.361360717691909,5.553465654956838,2.8078950627350707
75.69898045645563,69.92425254009328,5.774727916362352
58.95371017465852,57.08006460894398,1.8736455657145399
28.087885226253704,23.2994028803556,4.788482345898103
66.49565944986506,67.98392252527276,-1.4882630754077013
67.8844951059179,69.644744080437,-1.7602489745190866
53.01023106407381,57.078696598306095,-4.068465534232288
48.506540074371,52.976068852792324,-4.469528778421321
67.23606627420871,68.31830001420522,-1.0822337399965107
68.57460577266473,67.14814840616157,1.4264573665031577
23.5914761053848,25.056973563674106,-1.465497458289306
52.966099835535275,55.95513770864051,-2.9890378731052323
62.30320310624111,62.45545518256144,-0.15225207632033033
51.62606871614045,52.1022629419855,-0.4761942258450489
-6.899432806977554,-5.7563928655558385,-1.1430399414217156
52.115530070274374,50.040977035808844,2.0745530344655307
16.301628894906926,21.170847200368726,-4.8692183054618
54.7025797171343,55.97981904419079,-1.277239327056492
45.95357875371661,48.563347909496855,-2.609769155780242
71.22676481197996,75.17360532116146,-3.9468405091814986
-18.253256705555994,-17.52215599257279,-0.7311007129832028
50.79852122538263,49.538704584401884,1.2598166409807448
2.1404429187284197,3.8714141699528994,-1.7309712512244797
65.49609887873439,62.79106353276705,2.705035345967339
69.62802306713665,66.60734934271095,3.0206737244257056
47.27480288538469,45.85394109720593,1.4208617881787546
72.49076181120819,69.32218981589725,3.1685719953109412
44.43847241196391,42.15043824406936,2.288034167894544
70.80863180358591,70.85686499535757,-0.04823319177165786
-28.22263588280402,-28.583574325111854,0.3609384423078339
70.19326774834836,69.8371548681312,0.356112880217168
30.569087329441647,32.966588114958725,-2.397500785517078
31.188360140313865,31.55701369411058,-0.36865355379671527
54.37433816672611,57.64935512521269,-3.2750169584865816
69.37204911617123,66.5370210882887,2.8350280278825295
22.580030812699444,21.770909330862466,0.8091214818369785
5.707371603231751,-1.3785374190365332,7.085909022268284
67.1265494183688,67.30809681541223,-0.18154739704343115
12.176584357282293,14.492273389104767,-2.3156890318224743
43.8590071936318,45.00194114624293,-1.1429339526111306
77.43777757791318,78.57291136135991,-1.135133783446733
22.442550568179353,22.015914651283083,0.4266359168962701
65.42076110998366,67.16222648228833,-1.741465372304674
13.615330270809109,11.93803259976751,1.6772976710415985
37.9358456945687,36.93088040617408,1.0049652883946152
34.38727093530334,31.51092358557638,2.876347349726963
44.606509580065136,44.987386685072245,-0.3808771050071087
24.737398135678564,27.245641704995847,-2.5082435693172833
82.66153728613686,81.43746586732466,1.2240714188122013
70.4596841182279,70.45302863244828,0.00665548577961772
80.35275114230981,77.17280152047405,3.1799496218357604
24.498040068800353,28.912961737822855,-4.414921669022501
39.302086077499354,33.68793207495246,5.614154002546897
45.26901178403807,46.38083272092751,-1.111820936889437
-8.079113723126586,-5.56938602477905,-2.509727698347536
66.97731079808888,70.43545277009652,-3.4581419720076383
51.49857181998334,53.06011366712121,-1.5615418471378675
19.47793685514636,16.841828708031542,2.6361081471148182
15.92612802326128,18.70891184435311,-2.782783821091831
35.515602481581126,37.90193806076388,-2.386335579182756
73.27117467235362,71.63381631727836,1.6373583550752642
57.94563059378045,55.38333441070188,2.5622961830785727
36.66895989921829,38.50983003825519,-1.8408701390369018
-0.0031272053379933773,2.5913469821727375,-2.594474187510731
69.98804318165534,71.03374265197434,-1.0456994703189935
62.43169059276253,65.24566894319484,-2.813978350432315
-29.707917995453357,-28.15930536095722,-1.5486126344961377
24.049652499196156,27.702355362076815,-3.652702862880659
53.26224385966864,53.858670423811034,-0.5964265641423978
43.51527373191736,43.53736469547384,-0.022090963556479437
-24.493252011478173,-23.326711574007547,-1.1665404374706263
34.91201653950935,30.16366500672244,4.748351532786913
37.63131675616076,36.247693512571416,1.3836232435893407
51.31453519034281,48.52273843581756,2.791796754525251
27.741295394192527,24.15725604188586,3.584039352306668
46.54141400263792,42.742808770059085,3.7986052325788364
-28.268278675941858,-30.51685561464329,2.248576938701433
33.224032919735436,35.01460294085118,-1.790570021115741
91.40709651232503,87.6214648809791,3.7856316313459217
62.380869183244315,65.81978687074405,-3.438917687499739
52.340793582063014,51.49445746587753,0.8463361161854834
58.93457453007567,59.71708277763533,-0.7825082475596616
40.220471566230714,40.400995090424146,-0.18052352419343265
30.74826960941892,28.833727696614133,1.9145419128047863
61.69894963343634,61.322393891946334,0.3765557414900087
39.00791822684336,48.30605354383022,-9.298135316986858
22.69844648797119,20.65525502344839,2.043191464522799
57.28513536162787,57.73719129960239,-0.4520559379745137
-23.170005629482006,-20.670436211594662,-2.4995694178873435
68.18173320467609,70.44614504024605,-2.264411835569959
85.5455824803816,82.1547782140878,3.3908042662937987
62.927259436211465,57.2341926544312,5.693066781780267
37.43139019280801,36.82896517949341,0.6024250133146012
18.187244262666844,24.17037998883923,-5.983135726172385
43.27987662897806,46.93479070278008,-3.6549140738020185
67.890905401148,66.33224015440898,1.5586652467390252
56.127415707841756,58.54731883747463,-2.4199031296328712
51.20129852720252,53.93650376691912,-2.735205239716599
-7.012788598779987,1.3837762791699362,-8.396564877949924
51.720313598474796,45.210468961163286,6.5098446373115095
28.9295795566741,30.60523424264352,-1.6756546859694197
39.02758614947461,42.632553709705554,-3.6049675602309463
50.35726914895726,52.672583950035346,-2.315314801078088
7.011633574675063,4.756065590550051,2.255567984125012
28.803861907405132,32.97065583874371,-4.166793931338578
34.23467168645164,37.49106387793103,-3.2563921914793923
35.56255158197846,32.36982599181704,3.192725590161423
66.76670194352113,65.83883050031142,0.9278714432097104
35.6824969999872,40.833949247988535,-5.151452248001334
53.14090404376116,55.81625859115975,-2.675354547398591
62.97759668292042,62.58271600064905,0.39488068227137063
67.62833905005095,69.28664594820528,-1.658306898154322
47.933469137666215,49.2918483686119,-1.3583792309456868
30.40277393825018,30.088558490170172,0.31421544808000945
73.87453361705418,68.97878311176662,4.895750505287566
74.46459116984124,75.87790935862712,-1.4133181887858797
63.1768978899863,62.95217520572844,0.22472268425786268
33.056771914832375,36.821862443257416,-3.7650905284250413
60.70707249252304,55.505600906409434,5.201471586113605
58.934236869806746,58.168561924474474,0.7656749453322718
63.42469287553109,66.18764456319536,-2.7629516876642697
62.68176870213368,61.01073207930246,1.671036622831224
16.458198825177618,14.308824911442969,2.1493739137346495
-3.6998220920339033,-7.550298389525153,3.85047629749125
46.629774515738745,45.76643593363237,0.8633385821063726
47.09041327703496,45.641612202561674,1.4488010744732875
51.82198283433076,46.18171871452397,5.640264119806794
17.643642286759764,12.623462723878035,5.020179562881729
-13.971857985163775,-6.816438008551572,-7.155419976612203
57.68808487200909,57.83466094462808,-0.1465760726189842
72.64426628501037,74.00701463906714,-1.3627483540567624
30.715832814232147,31.697574420009815,-0.9817416057776676
27.116373559575823,31.897635787394478,-4.7812622278186545
22.02134064058089,21.51401840803942,0.507322232541469
65.82666107513398,60.027570978594085,5.799090096539899
54.96482465679057,55.134063482958254,-0.16923882616768537
56.69481688682979,54.698731724952964,1.9960851618768274
64.16728704467252,67.5182223914478,-3.350935346775273
31.09060152886433,30.58521244880356,0.5053890800607697
51.209605604658606,53.24060429357698,-2.0309986889183733
33.78581797617125,31.56382248070335,2.221995495467901
29.47841341980475,29.88496880714385,-0.40655538733910035
52.459526033397154,48.05635002112379,4.403176012273363
74.14169000977417,73.85005952396712,0.29163048580704753
4.705793127865965,4.297253276008419,0.4085398518575456
55.14876226598423,61.56480771276665,-6.4160454467824195
20.196717189537445,21.737758580077653,-1.541041390540208
-26.103941771716215,-28.1073130795089,2.0033713077926834
52.46204359929045,55.77241886867508,-3.310375269384629
65.60677501201535,62.37675759430553,3.230017417709817
49.384974076690995,49.918757108192054,-0.5337830315010592
18.024681309987514,10.412696595312624,7.61198471467489
52.866607429358396,52.54760518647287,0.31900224288552437
80.2667260687729,78.09233347103414,2.174392597738759
45.242753591738634,48.26960157865155,-3.0268479869129195
59.77947211913184,61.392283575561756,-1.6128114564299167
20.61436274805441,17.77729889975656,2.837063848297852
76.66878483829974,74.19934673239945,2.469438105900295
65.49558633411063,61.54285603860664,3.95273029550399
-10.9682650246226,-8.164717958960779,-2.803547065661821
75.55344960927692,71.17260582162598,4.380843787650946
63.035167041143026,68.39086038421715,-5.3556933430741225
53.85614468805761,54.10835288551894,-0.2522081974613286
41.46389869419907,39.213382111041426,2.2505165831576406
43.96207730106046,46.85377198639247,-2.8916946853320127
18.397540362004037,22.184004770653104,-3.786464408649067
9.883976196769558,7.9466018556907585,1.9373743410787991
51.81019514073702,52.98917586174795,-1.1789807210109302
30.204044088757573,37.52706524612926,-7.323021157371688
33.61842570710541,34.97641482694307,-1.3579891198376615
62.621116022178825,58.87456184728525,3.746554174893575
52.78639879190362,47.96465072013108,4.821748071772539
44.70257367037667,46.443098153797756,-1.7405244834210833
56.513643102579564,52.2324320358436,4.281211066735963
35.67795127012317,39.87592528420901,-4.197974014085844
55.3099768249559,52.0481664174219,3.261810407534
55.57267527700677,50.56648376810381,5.006191508902965
58.06647257389839,60.70054565053835,-2.6340730766399645
52.56393409110756,53.922185487029836,-1.3582513959222737
50.286089972084014,48.182266494337604,2.1038234777464098
15.414726329575712,19.382124695686258,-3.9673983661105456
46.106514840439985,43.43744615252716,2.6690686879128265
53.941458343888605,50.828010405247994,3.1134479386406113
61.73215598091563,60.04342834566855,1.6887276352470764
42.71306504231,46.17603048687319,-3.4629654445631886
65.61570837123041,67.77006335701807,-2.1543549857876627
40.41391676030685,40.63576624831655,-0.2218494880097026
54.855379355277144,53.053888929710794,1.8014904255663495
69.87572946857891,74.47109775696505,-4.59536828838614
-12.726078330232458,-9.618631750742352,-3.107446579490105
0.3226984081999156,-7.912055491982528,8.234753900182444
14.063368176577468,14.427005284546553,-0.363637107969085
0.1826238543306471,-1.979998332488492,2.162622186819139
45.76009211472802,48.06393622406314,-2.303844109335124
42.960331485420056,44.496627416788506,-1.5362959313684499
1.7785958647350735,-1.4711352001919238,3.2497310649269973
45.5789248845239,47.2219183081338,-1.6429934236099015
59.757018409366935,60.70616081603917,-0.9491424066722374
69.97936977096084,73.41067875898837,-3.4313089880275243
40.369079315724356,39.67749334108111,0.691585974643246
45.79601074343293,44.09554272645964,1.7004680169732893
60.338204457416964,64.63272261353589,-4.294518156118926
74.2568382796148,74.46681122953163,-0.2099729499168319
40.58693391238499,36.93983130925929,3.6471026031257026
40.047796251283,44.00146810207419,-3.9536718507911885
12.014236016980778,7.723870255669439,4.290365761311339
52.36889977799983,51.2079287974641,1.1609709805357298
38.33132441820558,38.934095449325824,-0.6027710311202412
82.42763698111447,80.8793844864395,1.5482524946749692
46.76129404845779,48.130948134615835,-1.369654086158043
41.05522715711705,39.638422058779916,1.4168050983371359
75.56533875531477,78.12443407449072,-2.5590953191759525
-18.543615270062183,-19.090953875916682,0.5473386058544989
34.341597563966566,37.68429484085705,-3.3426972768904832
50.89207712097872,53.254862844808976,-2.3627857238302568
4.63449259052158,-2.37413750493441,7.00863009545599
69.11592261954011,69.65365175363185,-0.5377291340917338
65.34125350107361,61.0642156542082,4.2770378468654116
76.0354999145645,72.02324992633277,4.01224998823173
15.958995949194053,16.037347344071932,-0.07835139487787934
38.40472034931116,39.4346421182649,-1.0299217689537343
52.85466497191476,60.546512407595046,-7.6918474356802875
70.29613617639525,71.20682366171872,-0.9106874853234643
34.28381139413567,39.88541686107542,-5.601605466939752
45.69858993299983,44.4972646761537,1.2013252568461326
37.81310884732149,36.452903382720635,1.3602054646008526
45.008865614703595,43.98798654106812,1.0208790736354771
51.90799067575954,49.90857258877332,1.9994180869862248
25.51440943781885,23.892842294970905,1.621567142847944
37.9138964033515,38.78609157316808,-0.8721951698165782
41.81905002079751,46.69073934438747,-4.871689323589955
58.946620025296866,59.55477721090021,-0.6081571856033463
29.9907919654651,31.718113246709365,-1.727321281244265
33.711180107396416,32.09193740904092,1.6192426983554924
-3.1549453863615633,-5.726055123080357,2.571109736718794
66.75618272759834,64.52152659377214,2.2346561338262063
6.5522630769328085,10.470752815734627,-3.918489738801819
0.12688933991608708,-1.8738944043485333,2.0007837442646204
24.332579218107078,20.553345893087197,3.779233325019881
55.23258418501589,60.798170899796446,-5.565586714780558
45.16912505451992,38.470420991921635,6.698704062598281
56.41988364117816,57.77015131526166,-1.3502676740834971
56.4713502847217,57.00845952821412,-0.5371092434924165
48.86578808281599,47.648427904486674,1.217360178329315
2.5581174749665996,3.6363282453248473,-1.0782107703582477
73.07899235637893,78.55316846787326,-5.47417611149433
77.61132510480725,75.60183993117647,2.009485173630779
20.230006483451,16.305778947529248,3.9242275359217516
58.51746733325655,55.58583457951155,2.9316327537449993
71.67780114724407,73.79647742151829,-2.118676274274222
-13.310574629866348,-9.698688256863477,-3.6118863730028714
27.847365987298428,26.77001591020526,1.0773500770931683
45.61005880057968,48.87778920647499,-3.267730405895314
59.077642826086745,58.73024938524795,0.3473934408387933
60.85249505806533,62.79299472236694,-1.940499664301612
52.26570168579977,51.34486518799634,0.9208364978034282
66.488083782616,67.17278959772958,-0.6847058151135741
30.171687882234355,29.97727571534628,0.19441216688807472
8.367780702655889,3.893603493381079,4.47417720927481
76.60884404651202,73.13261579955254,3.4762282469594794
65.71017081470674,67.25975136255438,-1.5495805478476399
63.28894987385037,62.175618282586285,1.1133315912640853
23.62271870187415,22.202304140002383,1.420414561871766
53.67801560422353,53.604559270133535,0.07345633408999674
33.0448342388561,40.015346240860914,-6.970512002004817
36.74154318291086,37.46330350720417,-0.7217603242933066
58.130659396042866,59.402250884059605,-1.271591488016739
81.86424370871234,86.67283564070709,-4.808591931994755
14.178303557183284,10.170481121460284,4.007822435723
60.08508022318994,60.6150426596979,-0.529962436507958
68.95908892173303,67.06219428137817,1.8968946403548586
64.45872028096856,67.03181697821388,-2.573096697245319
41.29391685243714,45.91760048126325,-4.623683628826107
-2.4921767683923934,-0.0991844859015032,-2.3929922824908902
20.67941663121691,21.10471293481183,-0.4252963035949193
52.30262306077656,52.182012126171244,0.1206109346053168
4.687999567784639,-0.26198739813507643,4.949986965919716
46.377125948465235,46.970047113473456,-0.5929211650082209
74.84670628373999,76.01017119826281,-1.1634649145228195
31.474783419354914,36.397777734485615,-4.922994315130701
55.454743149613265,55.72501304661645,-0.27026989700318893
32.73912909901361,32.92585397330309,-0.1867248742894816
33.94819211269724,29.51179660106044,4.436395511636803
3.9807555047865573,1.3617691676469263,2.618986337139631
63.80456770526378,62.21592395243087,1.5886437528329083
64.05495917277487,62.60375945550971,1.4511997172651618
6.071288390437452,8.451201556437596,-2.3799131660001436
66.6288475939302,65.04391763136351,1.5849299625666902
11.264320964659602,10.238502320885829,1.025818643773773
45.77432777458582,44.76423940166817,1.0100883729176502
53.161811547109856,55.326641905068016,-2.1648303579581594
-24.361878923859006,-22.512251469015595,-1.8496274548434108
61.69394299241122,54.89235153409453,6.801591458316693
37.04737696051208,40.07161882337418,-3.024241862862098
29.710019886844346,26.38384485020761,3.3261750366367373
61.749205121445776,60.83281395649525,0.9163911649505252
19.832092688471718,20.604929154809,-0.7728364663372815
60.34038340342811,59.9562409937406,0.384142409687513
67.28819872014779,69.77416637790911,-2.4859676577613214
62.587486017097675,65.72590895027355,-3.1384229331758746
72.68032930944614,72.07221480921743,0.6081145002287087
47.882307231923235,49.438918531684294,-1.5566112997610588
72.39779937701272,73.94477150466928,-1.5469721276565593
52.40478265531871,54.59188997558756,-2.1871073202688507
51.24142636459723,51.41256257399484,-0.1711362093976092
51.171358469596164,52.51736393041177,-1.3460054608156042
45.00481356561907,53.27656811555021,-8.271754549931146
36.33809052149227,36.203367228179445,0.13472329331282396
77.87787407297525,77.56604807758794,0.31182599538730926
36.60365144865949,38.798578697393,-2.1949272487335065
34.86550470535874,35.858566556061376,-0.9930618507026381
47.550954183336465,44.53955208183997,3.0114021014964933
48.442232870510296,46.82121860514023,1.6210142653700643
47.093298626102836,42.33690285330114,4.756395772801696
50.31776654820892,49.64244666164239,0.675319886566534
-11.848120560513859,-13.652691425206413,1.804570864692554
51.85171559694241,44.704187157029736,7.147528439912676
-9.981060088840238,-9.941111663970801,-0.039948424869436394
-31.6809762009731,-30.637318388018357,-1.0436578129547414
28.24819848841882,28.424715302594166,-0.17651681417534704
21.38506839855458,23.19932963922129,-1.8142612406667098
49.152836187249626,51.61015596290746,-2.4573197756578367
8.771080484777341,5.37917626446945,3.3919042203078913
62.58434429944498,61.38832643749578,1.1960178619492012
25.610573932711475,21.979696791782033,3.6308771409294422
56.5569856611121,53.995680578011324,2.561305083100777
59.05956226593818,59.151137340242165,-0.09157507430398226
21.63799637100582,22.61576345542713,-0.9777670844213091
35.60325761818957,37.55792156098998,-1.9546639428004084
55.582453285644135,57.37369789436875,-1.791244608724618
55.43380004758779,53.28301690659592,2.1507831409918694
35.78972166380348,37.8615561301365,-2.0718344663330157
-0.9642163195093372,0.32800316529453255,-1.2922194848038697
30.468497322832935,33.57634414824696,-3.1078468254140255
68.77193492305994,66.6330181459961,2.138916777063841
-5.181460369719117,-1.4176392125759492,-3.763821157143168
39.186507826201066,41.82340008264852,-2.636892256447453
59.00764446048911,61.130176038576735,-2.1225315780876244
28.189901320126726,28.704302518807935,-0.5144011986812096
60.28321598530474,57.71147978900722,2.571736196297522
41.67971738395992,42.59247946814032,-0.9127620841804003
83.96842103894154,88.0788286654433,-4.110407626501754
42.41594575481261,46.16974201557558,-3.753796260762968
50.84847603702502,53.90036500116443,-3.0518889641394082
60.58406622239252,60.63073994033369,-0.046673717941168036
29.859087677808077,28.00313629684912,1.855951380958956
27.989919644146802,30.75218048093852,-2.762260836791718
37.22486036227211,38.70137699537024,-1.4765166330981288
32.10487840038901,33.16738887921264,-1.0625104788236257
44.81255204624682,47.42451739297499,-2.6119653467281694
46.813694583058904,47.326956878560054,-0.5132622955011499
70.8468382804716,70.11396276927528,0.7328755111963261
8.297432604876384,8.415157935038735,-0.11772533016235087
68.14490663935749,66.01019323208124,2.1347134072762515
47.86382569752482,50.965517387353344,-3.1016916898285274
53.87262564909616,55.02850821925599,-1.1558825701598323
42.70191839232658,44.7957045703244,-2.0937861779978206
-2.087499308288588,0.058041723551582436,-2.1455410318401706
43.00878826234924,44.56136152577441,-1.5525732634251668
42.74569396215021,42.13780759893483,0.6078863632153855
16.658509498853686,16.11956912730963,0.5389403715440544
56.520472356670034,55.34622041589688,1.1742519407731535
69.52997561608487,71.42555202686458,-1.8955764107797108
33.39641931273514,34.71308954179584,-1.3166702290606977
52.42260947030936,50.978879739327,1.443729730982362
78.89890253463831,81.77940621781951,-2.880503683181203
39.417403801697,36.94256282612788,2.4748409755691156
58.09579576248061,57.17093637922812,0.9248593832524961
-21.60941877321942,-18.657051825014122,-2.9523669482052988
33.58672493347293,34.95902090672605,-1.3722959732531237
56.83746514790198,52.39614559587697,4.441319552025007
58.23921607819754,60.55003634590899,-2.310820267711449
47.200394429643715,49.90935727855867,-2.7089628489149575
68.35891083322706,67.21190624788059,1.1470045853464654
30.59118425920058,31.447778947353655,-0.8565946881530735
73.14046130646759,71.23906972629428,1.9013915801733106
49.3025377740429,47.09907021323478,2.2034675608081145
52.98269745625435,53.38384511917606,-0.40114766292170856
43.095000818822264,44.627869465703824,-1.5328686468815604
8.331222764442074,13.617610147996018,-5.286387383553944
3.197508688030495,5.3295407759512585,-2.1320320879207637
65.34467370015142,67.87966369470453,-2.534989994553115
-2.312085467875098,-3.7982119374799765,1.4861264696048786
74.1640002029406,71.65872162197813,2.505278580962468
39.322536909315644,40.83008880239924,-1.507551893083594
53.262337078920666,54.12857019894203,-0.8662331200213629
31.814761307144504,34.97085254023416,-3.1560912330896578
79.34420541425965,78.64964994334835,0.6945554709112969
46.637557354119586,53.49219719361429,-6.854639839494702
12.406016345345861,13.912924068940342,-1.5069077235944803
6.2712980949460455,10.32756805829382,-4.056269963347775
72.52540045603577,74.46850882728492,-1.9431083712491528
-18.816360030844567,-21.54874899386641,2.732388963021844
-5.052603509278359,-1.647635601813576,-3.4049679074647834
50.02435481950361,45.02261098736914,5.001743832134466
38.50733843537364,40.7923831107159,-2.285044675342263
36.26690594245511,31.631296173134004,4.635609769321107
18.368947793741775,18.134364446854917,0.23458334688685767
32.11919299999555,37.982054956491325,-5.862861956495777
40.74572500439356,41.53327737230154,-0.7875523679079777
24.015568362776968,19.96765469146311,4.047913671313857
23.839178802700413,21.34976907861956,2.489409724080854
36.68595470069833,40.03249443880903,-3.3465397381106996
67.47554483390402,71.45818455155161,-3.9826397176475865
17.78080966542431,20.08013074877755,-2.299321083353238
-7.994405070191411,-6.8228437328069305,-1.1715613373844809
27.57514989534938,29.062863760570167,-1.4877138652207869
75.3311179362626,75.33198769088821,-0.0008697546256115629
60.10456084015385,59.82476080308856,0.2798000370652929
61.08974371429347,61.11774669039997,-0.02800297610649949
10.368956079493348,8.892002490158603,1.4769535893347445
66.67015711532537,70.74717126874,-4.077014153414638
55.72240699056185,55.08774070029372,0.6346662902681288
28.884315990552565,31.310527366772092,-2.426211376219527
12.362175357520949,15.853801829543457,-3.4916264720225083
61.118477968290684,61.05697363200562,0.061504336285061356
34.217244723041276,33.018681045046705,1.1985636779945708
5.526577324987272,3.366766409169756,2.1598109158175163
78.25850719775384,80.79195743799522,-2.533450240241379
65.89408517163722,64.17287044177147,1.7212147298657499
61.21074814509098,62.38102830036046,-1.1702801552694808
67.06186804889008,68.6612896845463,-1.5994216356562276
26.641364776275758,24.718394317287462,1.9229704589882957
50.324758104856386,51.445546064752946,-1.1207879598965604
69.16281914180475,65.77231270648227,3.3905064353224788
74.1239680446193,75.32598729681138,-1.2020192521920734
52.548532103384,53.70557514974718,-1.1570430463631851
0.16125164946770987,-3.9721067603987876,4.1333584098664975
67.00488467766414,72.38568829403515,-5.380803616371011
9.259893561585116,9.423171047539384,-0.16327748595426783
-6.119213467716067,-6.499123700989486,0.379910233273419
63.880822444735934,67.2654135608636,-3.384591116127673
18.76512660461559,20.934875286587143,-2.169748681971555
22.211355460223274,23.82942192953641,-1.6180664693131348
52.141467420267375,51.32626214954469,0.8152052707226858
54.579797462652294,49.147885166119764,5.431912296532531
48.585314419609986,48.67861469482015,-0.09330027521016149
36.391853606761146,34.65041162753397,1.7414419792271758
45.72181217658611,47.544929146294365,-1.823116969708252
21.842127762199667,24.917456530299816,-3.0753287681001495
46.22594011685143,44.66714731080223,1.5587928060492047
-9.622505084800546,-4.473689040730946,-5.1488160440696
31.907805219824425,31.20923151332066,0.6985737065037654
-10.590219629517295,-7.947984495596899,-2.642235133920396
49.89888185780423,46.3766545694968,3.522227288307427
54.294319615733464,52.92243812969853,1.3718814860349369
21.21195538859662,25.30339548741415,-4.091440098817529
66.27116180001131,64.71342269466561,1.5577391053457035
46.296412913722754,51.83459305697387,-5.538180143251118
2.521909435370328,0.7665044630103779,1.7554049723599503
56.14480679840922,61.865393489036784,-5.720586690627563
43.92885566266705,49.01905449449357,-5.09019883182652
14.727577402903483,15.907082260182804,-1.179504857279321
47.1274630093395,47.78376165942523,-0.6562986500857306
89.12984762331388,86.48076071234429,2.6490869109695865
72.31184334048372,72.01259508673968,0.2992482537440395
-19.48333544066542,-22.89251359127259,3.4091781506071683
66.60126826121342,64.7608999740037,1.8403682872097136
72.07409445597388,75.67882396319982,-3.60472950722594
88.13147591702095,86.35543901580559,1.7760369012153632
35.63456577857682,33.163132013630005,2.4714337649468163
59.68194604260951,57.39865331945168,2.283292723157828
34.1853396178236,35.0749680885848,-0.8896284707611954
54.62492864933145,49.581180403991,5.043748245340453
23.141729758036448,30.14691302725639,-7.005183269219941
70.37145461965241,72.13091610579616,-1.7594614861437492
79.9411790956018,79.83850656010871,0.10267253549308464
37.380584597179016,38.76392095397228,-1.383336356793265
28.657967571170836,28.39565272683801,0.2623148443328276
21.553034492470125,20.528827945666563,1.024206546803562
67.31907041213312,63.556823759924626,3.762246652208489
17.561134806939858,23.703061747191512,-6.141926940251654
38.928225039019985,42.02800994978527,-3.099784910765287
33.39054222037204,34.30442214667991,-0.913879926307871
-19.896103026391728,-21.0143156042179,1.1182125778261707
8.109837746111324,9.556390392273656,-1.4465526461623313
6.985181093000152,9.299002166262923,-2.313821073262771
52.99458990630832,60.97274242891007,-7.9781525226017465
83.8029986151173,82.98230410176168,0.8206945133556189
49.30943501801312,52.53620466775597,-3.226769649742849
25.06046124907572,27.491290398098116,-2.430829149022397
2.0933452901108707,-2.044013700761454,4.1373589908723245
51.712285135300256,47.48645171919796,4.225833416102297
-20.285142209765,-26.766454615675357,6.481312405910359
30.445322326810853,27.790056985391757,2.6552653414190956
71.14184412256965,73.62106160806825,-2.4792174854985944
50.98360250690642,49.900372087129604,1.083230419776818
49.218777792579964,49.48336661295724,-0.26458882037727705
79.0069494030038,75.41218907098626,3.594760332017543
61.572494428015766,63.259375292665425,-1.686880864649659
48.184374526176896,46.36678576388101,1.817588762295884
24.381917984227933,24.699101725452067,-0.3171837412241345
47.85328351081613,49.99684332965257,-2.1435598188364438
31.304968345113476,35.726026680276306,-4.421058335162829
37.37626020716474,35.11097642375047,2.2652837834142687
33.264940211350925,31.528329105531128,1.7366111058197973
76.64524099806347,70.37888197680984,6.266359021253635
61.28699144671878,59.72082804967355,1.56616339704523
26.40984597627632,25.95320422935781,0.45664174691851045
15.038983375555274,16.65049504607859,-1.6115116705233152
-12.315223586601297,-13.92382230962933,1.6085987230280328
6.6602229643426085,6.928222816589781,-0.26799985224717204
50.17521104923306,48.535554435092294,1.639656614140769
56.56845518972216,59.18550631794932,-2.6170511282271605
65.1808687248725,66.72751834301451,-1.5466496181420126
52.62476475112848,55.40891829333715,-2.7841535422086707
42.35054299555265,39.76746452187608,2.583078473676572
60.511078179578064,62.53888543371329,-2.027807254135226
61.35835699177713,63.792767257139396,-2.434410265362267
63.05968067628921,59.27382072907983,3.7858599472093815
37.81658963957501,35.73734589069082,2.0792437488841884
77.1960135808762,78.72626047410574,-1.5302468932295454
-2.3057042610125666,-3.525341936223242,1.2196376752106755
-10.003594934756915,-8.890861625541277,-1.1127333092156384
52.03657707815567,54.76847686607534,-2.731899787919666
22.324145755748173,26.015893046184047,-3.691747290435874
60.657077557533555,58.8777874513695,1.779290106164055
67.12303240743937,68.39439184312994,-1.2713594356905702
54.35762084414936,55.40113359294783,-1.0435127487984701
-20.49674021550264,-16.749192668245286,-3.747547547257355
67.35078849732014,68.82220965695404,-1.4714211596339055
46.2360537095874,44.84608802987927,1.3899656797081335
82.92802185338229,85.69890378183628,-2.7708819284539885
-7.391761272452506,-4.365890754993828,-3.025870517458678
44.37333910235853,43.63083809164104,0.7425010107174899
33.32613567690261,38.638196101355874,-5.312060424453264
25.349061566071153,25.096924753370914,0.2521368127002397
53.13912889535938,53.52824565384899,-0.3891167584896138
52.1475144028021,47.74767260300137,4.399841799800733
-24.771070694195863,-25.489084363850083,0.7180136696542192
39.287551061289946,40.92014871134381,-1.6325976500538673
18.87746948739555,17.77801289842526,1.0994565889702912
69.68438916901759,72.3356788516866,-2.6512896826690024
83.6775399327198,82.88597320408503,0.7915667286347627
40.54946821115393,38.928121758269725,1.6213464528842039
84.48190326063923,88.95155238120684,-4.46964912056761
57.638458165894896,57.0805315155869,0.5579266503079978
-20.262654923883417,-22.47615273458507,2.2134978107016536
19.428659402693885,17.78831148156428,1.6403479211296066
77.82404997275839,76.32457263967152,1.4994773330868725
55.53848788843803,54.69768637308502,0.8408015153530073
41.63390293534957,37.94599298100068,3.687909954348889
62.73525780825861,64.39589391765762,-1.6606361093990074
64.0228863291961,63.497201120136836,0.5256852090592616
30.04663921869908,28.25407959001049,1.7925596286885899
-31.107459754069925,-31.885230720911423,0.7777709668414978
33.763538125620485,34.566800961327516,-0.8032628357070308
69.57959787720054,70.34111567703249,-0.7615177998319496
39.787625267875136,42.22238997354407,-2.4347647056689325
36.9956946769814,34.48790323368749,2.507791443293911
-1.880553800042418,-3.2601484775856306,1.3795946775432126
57.99821089771804,58.98282005951005,-0.9846091617920081
50.21743043999435,50.57506267029588,-0.357632230301526
46.82092539354974,44.771855615331475,2.049069778218268
46.30138460431761,50.139704195261885,-3.8383195909442733
50.69387205993615,52.37649017667874,-1.6826181167425958
-9.743082274809554,-8.213835230328527,-1.5292470444810267
32.184176117127386,28.23031494286512,3.953861174262265
47.71666839469017,46.91535802413227,0.8013103705578999
60.93597681852259,61.70550009603589,-0.7695232775133007
86.76607696899671,84.70062437048549,2.0654525985112286
48.20681014850562,51.15390906715999,-2.947098918654369
57.60455110801749,52.0325668261649,5.571984281852586
55.593971567018045,59.89992268573597,-4.305951118717928
17.05523919412759,17.712981595802802,-0.6577424016752111
68.81236103865317,65.3081364046254,3.5042246340277643
63.67136229059916,67.9505394864353,-4.279177195836141
53.13887916415674,51.404346234120965,1.7345329300357761
70.673082395224,68.59889872057268,2.074183674651323
35.0325513752692,38.66500885917107,-3.6324574839018666
23.57514739622683,26.13077218758474,-2.5556247913579107
73.73967383963904,70.6209323278156,3.118741511823444
-12.408003257425447,-9.096860465860132,-3.311142791565315
-2.653425919131373,-0.6660405223322243,-1.9873853967991488
49.945950147338294,49.90651833771834,0.039431809619955516
51.50331349039395,52.224740926669796,-0.7214274362758459
70.31073280044318,71.22348497719834,-0.9127521767551627
52.74243768781606,47.86553553606919,4.876902151746869
36.72082022856487,39.14443138802506,-2.4236111594601937
66.97770797467909,65.44976609850647,1.5279418761726191
1.5451940775846182,4.327122186413973,-2.781928108829355
51.963726272432915,51.277066756801574,0.6866595156313409
79.38042462345169,76.3606246410416,3.019799982410092
60.83981331038119,56.92403780145239,3.915775508928796
60.315465032862306,56.539024915818146,3.77644011704416
36.27094326103855,36.64800847724487,-0.3770652162063186
44.879614830990256,46.923402389517115,-2.0437875585268586
9.606736634095615,10.400494289205312,-0.7937576551096974
52.716613229322434,50.57832485502086,2.138288374301574
28.874213985254762,25.079083098034218,3.7951308872205445
62.173098038222115,58.78618738397792,3.386910654244197
66.89984907145501,68.16294130386217,-1.2630922324071605
21.629903594882787,20.48024904598401,1.149654548898777
63.22423098559787,64.27191426404218,-1.0476832784443104
38.69927758487283,40.14884616829953,-1.4495685834266965
85.14100405919821,82.03768724713433,3.1033168120638805
87.78197223611987,83.17722827913983,4.604743956980045
64.39199462677107,62.97559970823007,1.4163949185409948
66.001218453694,57.84240403593226,8.158814417761732
58.612086519002375,60.07357653318469,-1.461490014182317
28.089573627014353,31.107054873543277,-3.0174812465289236
43.601338114014524,46.78856567101464,-3.1872275570001136
47.49599901948736,46.77481896732826,0.7211800521590988
26.740233892331915,31.424093591376973,-4.683859699045058
37.1883818115309,35.34633970508851,1.842042106442392
12.749816714610956,12.933079313168648,-0.18326259855769145
45.053566715808785,44.67436385433395,0.3792028614748375
49.26582360588471,50.43890394272957,-1.1730803368448548
49.678359837001246,49.96811347277303,-0.28975363577178115
44.077114949755895,47.1167488401154,-3.0396338903595037
26.204225057001636,28.864088490047692,-2.6598634330460555
-31.362801893420528,-28.766821855098684,-2.5959800383218443
20.770750357853004,21.3427796663465,-0.572029308493498
56.22099064344212,53.50143460531843,2.7195560381236916
41.561970384588086,41.79875120011714,-0.23678081552905184
45.18532046471256,44.96956948101199,0.21575098370057333
61.82074927302284,62.895931871872946,-1.0751825988501054
36.80204768569778,37.42910281986968,-0.6270551341718971
-26.322417877076063,-23.114962633832874,-3.2074552432431886
54.10074642302216,53.257581300511276,0.8431651225108823
44.82138550710239,45.72795412564852,-0.9065686185461317
-1.9505503616711497,-5.280494249436927,3.3299438877657774
60.223698119355944,57.69930265827167,2.524395461084275
70.41400924403055,66.78297853539586,3.6310307086346967
11.487658748040925,8.39628532511584,3.091373422925084
27.949906094724557,28.69812017927066,-0.7482140845461025
77.28940388589643,79.61029053277156,-2.320886646875124
-13.877570839528353,-14.531988710165592,0.6544178706372392
29.869981818341824,29.567284920060203,0.3026968982816207
50.20092093915134,49.870473905570584,0.33044703358075367
90.22291169694275,90.20282370334677,0.020087993595979015
60.260166800028806,58.673782158877934,1.5863846411508717
27.946642597233666,31.37494209924384,-3.428299502010173
-25.60923903768395,-22.41273447384573,-3.196504563838218
61.19502864452326,62.32333371419645,-1.128305069673189
67.89449628588113,65.81394296687341,2.08055331900772
45.97144545974676,46.282882621789504,-0.3114371620427434
59.70412059124712,59.47912613263937,0.22499445860774614
36.53717985228222,34.847812401902544,1.6893674503796774
55.67570180109211,60.04729693365982,-4.3715951325677125
35.25022502467206,42.54464964438508,-7.29442461971302
56.44035346507422,61.23316540225827,-4.792811937184055
70.48051110542801,75.46319645259484,-4.982685347166836
44.40845347124119,43.1184141508309,1.290039320410287
41.44684999657476,41.047006407010855,0.39984358956390764
2.715836996301612,0.06341465695031445,2.6524223393512973
40.058814966245855,38.11515262606919,1.9436623401766653
-0.9839184688457441,1.6741206408065494,-2.6580391096522935
37.86917852524206,38.282930371554855,-0.4137518463127918
68.49207984767395,69.94411945589303,-1.4520396082190814
-4.877218327726304,-3.600613799341076,-1.2766045283852279
43.8908675123504,40.86535195645795,3.025515555892447
74.02132450154494,78.02494328447207,-4.003618782927134
28.283542760237765,32.60163653699537,-4.318093776757607
25.239138858854197,22.334550259653867,2.9045885992003306
64.6392486279117,63.15166110968419,1.4875875182275067
75.58490758268134,77.98832655752238,-2.4034189748410455
44.29669101747287,44.110211561965585,0.18647945550728195
47.25212156026796,46.637933034805194,0.6141885254627653
38.46345078239307,39.163193745007455,-0.699742962614387
26.453363025204105,22.28077306352148,4.172589961682625
5.414147601659913,12.489253214708015,-7.075105613048102
