indice_sueno_salud_mental,indice_actividad_corporal,indice_habitos_saludables,indice_contexto_socioambiental,indice_carga_clinica,valor_real,valor_predicho,residuo
-1.3443,-0.2897,0.617,-0.3447,-0.8474,16.0116,17.7671,-1.7555
-0.0044,1.044,-0.2156,0.3374,0.4271,60.1917,60.5958,-0.4042
-0.0913,0.0889,0.2347,-0.0813,0.4271,52.5241,49.4797,3.0445
0.2206,-0.0468,0.8809,0.059,0.4271,55.4598,57.2429,-1.7831
-0.1062,0.0434,-0.4158,0.3002,0.4271,51.1704,46.4556,4.7149
-0.226,1.0473,0.3821,0.4472,0.4271,67.0725,63.6208,3.4517
0.5801,0.9567,0.0798,0.2593,0.4271,72.7011,67.6078,5.0932
-0.0932,-0.2588,-0.4552,0.0082,0.4271,37.353,40.865,-3.5121
0.8033,1.2951,0.7889,0.0335,0.4271,80.6466,77.6904,2.9562
-0.7253,0.1892,0.6924,0.3849,0.4271,48.4927,50.5764,-2.0837
-0.3894,0.245,-0.7033,-0.4452,0.4271,42.4499,38.2959,4.154
-0.7303,-0.2813,-0.4558,-0.1976,-1.1097,10.0023,14.0926,-4.0904
-1.6478,-1.107,-0.1202,-0.3826,-2.3842,-23.4335,-18.8668,-4.5666
-0.9297,-0.4534,0.2003,-0.288,-2.3842,-5.0648,-0.702,-4.3628
-0.4398,-0.9136,0.0575,0.0741,0.4271,36.9589,34.1905,2.7684
-0.4775,-0.5358,-0.1456,-0.8702,0.4271,21.2274,29.9083,-8.6809
0.1892,-1.3571,-0.3427,0.1602,-2.3842,-9.963,0.0637,-10.0267
-0.2462,0.4393,0.1387,-0.0721,0.4271,46.88,51.0861,-4.206
0.0577,0.4548,-0.25,-0.0061,0.4271,57.8177,51.9854,5.8323
0.3813,1.1656,-0.0592,0.8826,0.4271,66.3223,71.0898,-4.7674
0.5447,-0.6909,0.0285,-0.3152,0.4271,38.4209,44.3129,-5.892
0.2571,-0.6047,0.371,-0.3058,-2.3842,10.1772,11.503,-1.3258
0.1199,-0.8539,-0.0611,-0.1702,0.4271,38.7582,38.2478,0.5104
-1.2009,-0.9511,0.0287,-0.8172,-2.3842,-16.3634,-14.2013,-2.1621
-0.777,0.0342,-0.9443,0.2312,0.4271,39.797,34.6194,5.1776
0.0572,0.8577,-0.1094,-0.2318,0.4271,51.0324,56.0224,-4.99
-0.2939,-0.6895,0.6032,-0.0716,0.4271,38.4023,41.4587,-3.0564
0.8094,0.2236,0.5701,0.3958,0.4271,63.7851,66.5406,-2.7555
1.6455,0.8951,0.0586,0.9464,0.4271,83.1777,82.9425,0.2352
0.8008,1.5168,0.7389,-0.2093,0.4271,77.5379,78.084,-0.546
0.3491,-0.3543,0.3592,0.1673,0.4271,54.3975,51.9013,2.4962
-0.1931,-0.8638,-0.5896,0.3529,-0.8474,11.0852,19.2122,-8.127
-0.0509,0.2924,-0.6893,-0.0261,0.4271,47.4506,45.4759,1.9747
-0.3881,-0.591,-0.169,0.0142,-2.3842,-0.9081,2.814,-3.7221
-0.707,-0.9468,-1.3213,-0.2606,0.4271,13.8027,18.0203,-4.2176
-1.4153,-1.0081,-0.2024,-0.0439,0.4271,12.6615,19.8575,-7.196
0.7683,0.8879,-0.1555,0.9198,0.4271,73.5485,71.6314,1.9171
0.3639,-0.4432,-0.0391,0.2307,0.4271,48.1109,48.436,-0.3252
-0.2355,-0.1544,0.2563,0.3917,-0.8474,35.6768,33.5125,2.1643
-1.6111,-0.689,-1.8697,-0.7628,0.4271,7.9153,3.5229,4.3924
1.1393,0.1829,-0.0611,0.2649,0.4271,61.1633,63.8522,-2.6889
-0.7898,-0.0905,-1.3148,0.0949,0.4271,40.255,29.2829,10.9721
-0.5857,0.0009,-0.0327,-0.0676,0.4271,25.787,41.233,-15.446
0.4756,1.3338,0.3929,-0.8431,0.4271,66.2123,65.4746,0.7376
1.1728,0.5227,-0.25,-0.3262,0.4271,59.3687,62.4705,-3.1017
0.4132,0.3839,-0.1811,0.4343,0.4271,60.9956,58.5883,2.4073
1.086,1.5318,-0.0562,0.3502,0.4271,77.4606,79.0798,-1.6193
-0.7921,-1.5389,-0.362,-0.0307,0.4271,18.5657,19.4285,-0.8628
-0.0536,0.7208,0.1694,-0.2154,0.4271,57.3832,55.5557,1.8276
-0.0189,0.3095,0.5274,0.3335,0.4271,58.462,57.8727,0.5893
-1.7674,-0.5228,0.4376,-0.4333,0.4271,34.5785,23.7577,10.8208
0.1697,0.8878,-0.0184,0.1919,0.4271,64.4117,61.212,3.1996
0.8134,0.3372,-0.0873,0.1886,0.4271,64.9227,61.3636,3.559
1.2651,1.2068,1.0835,0.3243,0.4271,83.9165,85.9322,-2.0157
-0.0814,0.35,-0.1635,0.3076,0.4271,46.0908,52.1627,-6.0719
-0.4518,-0.0241,0.101,0.3965,0.4271,44.1485,46.6397,-2.4912
-1.784,-1.1476,0.5687,0.0141,0.4271,22.3876,20.6728,1.7148
0.5963,1.1702,0.3708,0.1604,0.4271,72.0592,71.7327,0.3265
-1.2161,-0.2111,0.3521,0.1396,-2.3842,10.173,3.0956,7.0774
1.4757,1.8427,0.5916,0.7162,0.4271,95.7788,94.2795,1.4993
0.5438,1.0658,0.2766,-0.2819,0.4271,63.957,66.1975,-2.2405
-0.1611,0.243,0.0064,0.5436,0.4271,55.9888,53.0516,2.9373
1.1748,-0.0632,0.9184,-0.0826,0.4271,64.5836,66.5858,-2.0022
-1.1376,-0.3376,0.0502,-0.5101,-0.8474,19.7263,13.9326,5.7938
-0.4574,-0.8474,-0.0363,0.1342,-0.8474,22.7318,19.3015,3.4303
0.2847,-0.2251,0.1253,0.1044,0.4271,53.755,50.427,3.3281
-1.6622,-1.4009,0.5304,-0.9583,0.4271,6.9262,12.0768,-5.1505
-0.4181,0.3432,0.1866,0.2688,0.4271,44.6569,50.9012,-6.2443
0.2165,-0.5279,0.8732,0.4197,0.4271,52.7856,54.2366,-1.451
0.5253,0.7472,1.0675,0.0354,0.4271,75.6919,70.7068,4.9851
1.0925,-0.5633,0.7979,0.2215,0.4271,68.7727,61.2672,7.5054
-0.6708,-1.021,0.4732,-0.0679,-0.8474,11.3309,17.5774,-6.2466
0.9698,1.6278,0.0454,0.4908,0.4271,79.2916,80.673,-1.3814
-0.4389,1.0787,0.3062,0.6008,0.4271,71.2083,62.1776,9.0307
-1.3586,-1.5623,-1.0733,-0.173,-0.8474,-11.9403,-8.5069,-3.4335
-1.2462,-0.2671,-0.1627,-0.3635,0.4271,36.1966,28.0842,8.1123
0.3813,-0.9428,0.3846,-0.5284,0.4271,43.75,40.9879,2.7621
0.4808,-0.0146,0.0135,1.2639,0.4271,52.1896,62.0938,-9.9042
0.9458,0.5759,0.2933,0.0355,0.4271,69.7405,67.3299,2.4106
0.5964,0.9762,-0.6409,-0.3032,0.4271,56.0264,58.5465,-2.5201
0.7561,-0.1208,0.6374,-0.3638,0.4271,62.2641,57.3357,4.9284
-0.2056,0.2602,-0.2374,0.1426,0.4271,51.4404,48.1062,3.3342
-0.6556,-0.6565,-0.0935,-0.9273,0.4271,23.7664,26.6463,-2.8799
0.4581,-0.2621,0.2969,-0.1182,0.4271,57.1223,51.6425,5.4798
-1.7118,-1.2005,-1.2445,-0.4207,-2.3842,-29.9339,-29.5186,-0.4153
0.1696,-0.1753,-0.4368,-0.7692,0.4271,29.1806,39.3572,-10.1766
-1.4844,-0.6284,-0.4957,-0.7003,-0.8474,-3.9668,1.4258,-5.3926
1.1382,1.2135,0.403,0.4842,0.4271,81.0879,80.524,0.5639
-0.1298,0.1793,-0.1855,0.1184,0.4271,44.9982,48.2396,-3.2414
-0.9655,0.2554,0.2295,0.2267,0.4271,38.0627,44.0875,-6.0247
0.1289,0.7831,-0.9833,-0.5573,0.4271,49.7026,46.9657,2.7369
1.659,-0.0285,0.0355,0.2852,0.4271,63.2037,67.9273,-4.7236
0.3782,-0.1111,-1.0476,0.6258,0.4271,46.5333,47.3107,-0.7774
-0.3739,0.2518,0.5128,-0.4835,0.4271,59.6132,47.6268,11.9865
-0.4335,0.1505,0.5539,-0.1362,0.4271,55.6055,48.5816,7.0239
1.1623,1.3561,0.308,-0.1979,0.4271,73.6933,76.9139,-3.2206
-0.7737,-0.6141,-0.8388,-0.238,-0.8474,14.5484,9.7741,4.7743
1.5573,1.3325,0.4655,0.8274,0.4271,88.7841,89.2191,-0.435
0.8813,0.3143,-0.816,0.3678,0.4271,55.6134,57.4736,-1.8602
0.6169,0.9726,0.7217,0.0301,0.4271,68.3656,71.5254,-3.1598
-0.3561,0.7247,-0.4587,-0.1977,0.4271,33.775,47.6485,-13.8735
-0.1074,1.1252,-0.1162,1.0809,0.4271,66.9985,66.3393,0.6593
-0.6446,-1.1319,-0.2639,-0.117,-2.3842,-7.3558,-7.6589,0.3031
-0.2628,-0.8266,-0.5732,0.2308,-0.8474,21.6779,18.161,3.5169
-0.8964,-0.6327,1.0678,-0.44,-2.3842,3.2462,3.2568,-0.0106
1.3085,1.898,0.4136,-0.1125,0.4271,87.0844,85.9798,1.1046
0.0357,0.3845,-0.1207,-0.8271,0.4271,43.6705,46.2458,-2.5753
1.0761,0.3498,0.5682,0.6784,0.4271,61.6574,72.768,-11.1106
-0.032,0.4613,0.1608,-0.6924,0.4271,51.3624,49.4868,1.8756
1.1955,1.7112,0.8035,0.4845,0.4271,78.4743,89.8176,-11.3433
-0.5326,-0.6051,0.0597,-0.5641,-0.8474,32.6043,17.1041,15.5002
0.7548,-0.0729,0.4662,-0.1421,0.4271,57.9372,58.085,-0.1478
-1.6128,-1.1922,0.086,0.338,-2.3842,-7.9388,-12.8552,4.9164
-0.2209,0.3332,-0.4017,0.0712,0.4271,49.0523,47.0029,2.0494
1.4998,0.0981,0.0964,0.6496,0.4271,74.9248,70.6459,4.2789
-0.2473,-0.3692,0.1197,0.1018,0.4271,45.887,43.0456,2.8414
-0.6529,-1.1563,-0.617,-0.7826,-0.8474,5.2413,2.893,2.3483
-0.5394,-0.36,0.4543,-0.1739,0.4271,26.7618,40.677,-13.9152
1.4836,1.2339,0.5382,0.0893,0.4271,83.5661,82.7495,0.8165
1.0989,0.2229,-0.049,0.4068,0.4271,64.2898,64.9496,-0.6597
0.4087,-0.0424,0.9752,-0.2644,0.4271,54.301,57.7854,-3.4844
-1.0708,-0.9085,-0.182,-0.5988,-2.3842,-21.2178,-12.4316,-8.7862
-0.1062,0.114,-0.078,0.1797,0.4271,50.8819,49.0116,1.8703
-0.8656,0.1614,1.0835,-0.3637,0.4271,44.1627,46.5673,-2.4046
-0.4596,0.2017,-0.5074,-0.0691,0.4271,41.0263,41.1773,-0.1509
-0.0139,0.8399,0.6218,-0.0251,0.4271,65.223,62.1229,3.1001
-0.4294,0.8001,-0.0895,-0.0969,0.4271,44.2291,51.252,-7.0229
0.1466,-0.4864,0.6074,0.5338,0.4271,52.7283,52.7033,0.025
0.6084,0.4686,0.1124,0.2536,0.4271,67.8133,62.6332,5.18
-1.6668,-0.792,-1.8474,-0.7351,-0.8474,-6.9641,-13.0088,6.0447
-0.237,-0.9398,-0.935,-0.4768,0.4271,15.7662,24.6032,-8.837
0.9098,-0.0999,0.1386,0.5079,0.4271,62.1784,61.4388,0.7396
-0.5774,0.0113,0.4723,-0.095,0.4271,52.5048,45.1327,7.3721
-1.3541,-0.3055,-0.6083,-0.1337,-0.8474,0.1031,9.5242,-9.4211
0.835,0.559,-0.48,0.4573,0.4271,60.6109,62.9355,-2.3246
-1.3873,1.1605,0.8004,-0.475,0.4271,52.6878,49.2604,3.4273
0.8242,-0.1248,0.4459,-0.0423,0.4271,69.7555,58.781,10.9745
-0.9326,-1.1215,-0.0378,-0.3029,0.4271,31.1162,23.2183,7.8979
-0.0521,0.5196,-0.8255,-0.2909,0.4271,43.8609,45.1286,-1.2676
0.884,0.8585,0.6658,0.2677,-0.8474,50.2798,59.1851,-8.9052
0.7375,0.5147,0.5646,-0.1668,0.4271,66.0223,65.0918,0.9304
-0.681,1.1939,-0.1929,-0.1866,0.4271,42.0445,51.5658,-9.5213
0.2542,0.1155,0.0522,-0.2386,0.4271,55.0144,50.9829,4.0315
1.3066,1.6366,0.5049,0.2884,0.4271,88.8769,86.5096,2.3674
-0.5599,-0.316,-0.5938,0.3309,0.4271,36.4295,36.3976,0.0319
-0.1378,-0.3544,-0.1114,-0.8435,0.4271,41.6262,36.0366,5.5896
0.2248,-0.0874,-0.214,-0.4586,0.4271,46.369,44.8095,1.5596
1.0742,0.571,0.7911,0.0377,0.4271,77.9767,72.4961,5.4805
-1.6837,0.2317,-1.464,-0.335,-0.8474,4.6758,4.0518,0.6239
0.3147,-0.2574,-0.6127,-0.6259,0.4271,41.4124,39.6311,1.7813
0.8955,-0.0848,0.9091,0.2823,0.4271,64.6437,65.815,-1.1712
-0.1956,-0.4026,0.3195,-0.0216,0.4271,46.9195,43.9026,3.0169
0.1899,-0.0871,-0.5631,0.2988,0.4271,45.6066,47.018,-1.4114
-0.8825,-0.9558,0.1413,-0.6654,0.4271,21.1912,24.4767,-3.2854
0.2537,-0.2599,0.3065,0.5147,0.4271,59.9791,53.9503,6.0288
-1.6994,-0.7236,0.4382,-0.8773,0.4271,10.1142,19.1477,-9.0335
-0.2082,-0.2209,-0.555,0.3343,0.4271,44.2662,41.5579,2.7083
0.8689,-0.3619,-0.0853,0.6173,0.4271,59.6101,57.0936,2.5165
1.3598,0.8288,0.228,0.3079,0.4271,79.0465,76.0007,3.0458
0.5472,0.052,0.9268,-0.0453,0.4271,67.3179,61.4812,5.8367
0.8189,1.3288,-1.534,0.6646,0.4271,64.9091,64.7522,0.1569
0.6759,-0.3349,0.0991,0.1716,0.4271,48.1475,53.6489,-5.5014
-1.2577,-0.6179,-1.0606,0.1176,-2.3842,-16.4108,-12.9466,-3.4642
-0.1206,-0.3399,-0.8423,0.6397,0.4271,47.8422,41.071,6.7713
1.1639,-0.2642,0.3353,0.323,0.4271,65.8369,62.5427,3.2943
1.6068,0.7745,-0.2117,0.9269,0.4271,85.4852,78.9568,6.5284
-0.5489,-0.5443,0.2927,0.0739,0.4271,44.9564,38.9816,5.9748
-0.5769,-0.3982,0.2115,-0.2909,0.4271,38.1359,37.1655,0.9704
1.3846,0.509,0.3205,-0.397,0.4271,66.7403,68.4818,-1.7416
0.6972,2.0653,0.4272,1.1543,0.4271,84.2868,90.2208,-5.934
-0.0745,-0.3994,-0.0365,-0.2747,0.4271,48.0151,40.7386,7.2765
0.7058,-0.1123,1.0835,0.4648,0.4271,73.2474,66.0842,7.1632
0.5029,-0.126,0.6298,-0.973,-2.3842,13.4431,16.8718,-3.4287
1.2339,1.0047,0.1116,0.1834,0.4271,77.8639,74.8686,2.9952
-1.4093,0.7159,0.1738,-0.449,0.4271,39.546,39.3853,0.1606
0.2825,0.4313,-0.2973,-0.0277,0.4271,52.6908,53.6154,-0.9246
1.5034,1.2264,0.3288,0.7423,0.4271,87.8206,85.8054,2.0151
0.5413,-0.0949,0.2029,0.1504,0.4271,61.3571,55.5556,5.8015
0.5727,0.6532,-0.7142,0.5098,0.4271,52.0868,59.7481,-7.6613
2.0486,2.5406,0.9632,1.0857,0.4271,99.1307,113.6921,-14.5614
-0.7424,-1.5241,-1.2517,-0.5123,0.4271,9.1744,9.936,-0.7616
-0.4265,-0.6945,-0.1037,-0.4517,0.4271,41.3312,31.9018,9.4293
0.7583,0.2375,-0.0202,-0.6831,0.4271,59.7814,54.1096,5.6718
0.3713,0.8929,-0.1719,-0.8406,0.4271,54.497,55.0704,-0.5734
-0.2781,0.6434,-0.1575,-0.1662,0.4271,50.9557,50.1064,0.8493
-0.2701,-1.0729,0.6258,0.0215,0.4271,38.0368,38.2236,-0.1868
0.1919,0.8625,0.0973,0.2779,0.4271,67.1167,62.6535,4.4633
-0.3951,-0.9501,-1.2385,-0.2552,0.4271,26.176,21.998,4.178
0.5967,0.4756,-1.2269,0.0384,0.4271,50.3241,50.7873,-0.4632
0.6329,-0.0235,0.0706,0.8594,0.4271,61.905,61.2516,0.6533
1.1458,-0.0439,0.8414,-0.6555,-2.3842,20.492,28.5183,-8.0263
0.1483,0.7648,0.5444,-0.2961,0.4271,60.2353,60.537,-0.3017
0.2451,-0.1208,-0.0327,-0.9228,0.4271,38.5715,42.8195,-4.248
-0.7507,-1.1443,-0.5849,-0.5134,-2.3842,-10.8554,-14.1596,3.3042
-0.8047,0.4329,-0.0221,0.0977,0.4271,47.7169,44.9739,2.743
-0.2497,-0.0905,0.5256,-0.2714,0.4271,57.3264,46.6827,10.6437
1.5121,1.3734,0.3879,1.0292,0.4271,83.1815,90.0009,-6.8194
0.825,0.0724,-0.49,0.1131,-2.3842,20.0083,21.4884,-1.4801
-0.5571,0.427,0.8458,-0.978,0.4271,52.0909,46.7594,5.3314
-1.8634,-0.5987,-0.187,-0.0755,0.4271,23.5952,19.5578,4.0374
1.5457,0.6433,1.0835,-0.0775,0.4271,79.417,79.8094,-0.3924
-0.9558,-0.1803,-0.156,0.3994,0.4271,36.8553,37.5253,-0.6701
0.1124,0.1934,0.2301,-0.7235,0.4271,50.4041,48.338,2.0661
0.0411,0.1067,0.2922,0.0135,0.4271,49.4006,52.1993,-2.7987
0.1008,-0.4172,-0.8278,-0.0298,0.4271,34.3865,38.0311,-3.6446
0.4682,0.9498,0.0809,0.6599,0.4271,70.8526,69.1249,1.7277
-0.1406,0.3856,-0.4034,0.3854,0.4271,50.1589,50.624,-0.4651
-0.5461,0.2036,-0.6962,0.2913,0.4271,39.589,41.326,-1.737
-0.2204,0.0044,-0.1143,0.3453,0.4271,46.55,47.4267,-0.8767
0.3755,-0.6062,0.4096,0.3649,0.4271,47.3597,51.1113,-3.7516
1.0437,0.8347,0.1911,1.0895,0.4271,71.2958,77.8291,-6.5333
-0.4856,0.4655,0.0496,-0.7526,0.4271,52.6885,43.4001,9.2883
0.5546,0.7485,0.5985,0.0502,0.4271,68.4113,67.5309,0.8805
0.8733,0.0849,0.0809,-0.5167,0.4271,52.9433,55.5596,-2.6163
-1.5587,-0.8097,-0.8418,-0.8011,-2.3842,-15.774,-23.0306,7.2566
-0.3399,0.5331,-0.4943,0.1113,0.4271,49.3254,47.5425,1.7828
-0.232,-0.0397,-0.32,-0.1335,0.4271,48.2051,41.8963,6.3088
-0.1103,0.6496,0.4459,-0.441,0.4271,58.3007,54.7054,3.5953
0.8368,0.3638,-0.3857,-0.059,0.4271,69.9957,57.8965,12.0992
-0.2137,-1.2088,0.0032,0.128,-1.1097,16.6905,14.9918,1.6987
0.2883,0.6011,-1.247,-0.1094,0.4271,48.9144,47.712,1.2024
-1.3725,-1.5161,-1.059,-0.1872,-2.3842,-27.2726,-26.3818,-0.8908
1.0033,0.9771,0.2138,-0.7245,0.4271,65.287,66.5642,-1.2772
-0.3361,0.6892,0.069,-0.0092,0.4271,50.0729,52.8333,-2.7604
-0.6967,-0.6141,-0.5211,0.4804,0.4271,34.0084,33.1782,0.8302
0.3253,0.3369,-0.1299,-0.1819,0.4271,56.4158,53.2281,3.1877
0.5426,0.4438,0.3914,0.6018,0.4271,70.2518,66.2166,4.0352
1.1701,0.1261,0.3057,0.3435,0.4271,63.3393,66.9123,-3.573
0.5694,0.9197,-0.4772,0.3861,0.4271,71.7862,63.6731,8.1131
-1.3184,-0.5903,0.3094,-0.2935,0.4271,27.938,27.796,0.142
0.0563,0.5845,-0.034,-0.7349,0.4271,42.3346,50.0241,-7.6895
0.5612,0.7813,-0.3094,0.1884,0.4271,61.0444,61.9461,-0.9017
-0.1839,0.7883,-0.0597,0.0489,0.4271,59.8542,54.9932,4.861
1.151,0.3819,0.7644,-0.2075,0.4271,68.4367,69.2822,-0.8455
0.7459,0.2966,0.5371,-0.1281,0.4271,67.0841,62.7864,4.2977
0.6027,0.8947,-0.1478,-0.3536,0.4271,54.2382,61.1406,-6.9023
0.5595,1.235,-0.7119,-0.4014,0.4271,57.653,59.833,-2.18
1.311,0.1835,0.451,0.7748,0.4271,75.1802,73.1817,1.9986
-0.0531,-0.7379,-0.1497,-0.3158,0.4271,28.573,36.0045,-7.4315
0.507,0.4423,0.988,0.0432,0.4271,75.1275,66.5246,8.6029
1.0206,-0.1037,0.2966,-0.1356,-0.8474,53.0922,44.1849,8.9073
0.3438,0.567,-0.0541,0.2769,0.4271,59.5379,59.7862,-0.2483
-0.0972,-0.0049,-0.1496,0.3639,0.4271,52.5888,48.5007,4.0881
-0.6465,0.8859,-1.864,0.1091,0.4271,48.8725,37.6716,11.2009
-0.5604,0.3438,0.0635,-0.2519,0.4271,58.0553,44.8181,13.2371
0.492,0.4457,-0.0413,0.1161,0.4271,69.0139,58.9906,10.0233
0.138,-0.8627,0.2347,0.3758,0.4271,31.9187,44.4132,-12.4945
0.8381,0.0124,0.5928,0.0531,0.4271,64.7561,62.2671,2.489
-0.2191,-1.0487,0.0234,0.1092,0.4271,35.736,35.0169,0.7191
-0.5164,-1.0076,-0.4756,0.1763,-0.8474,16.1781,13.7797,2.3984
0.4771,0.3546,0.7155,0.0347,0.4271,71.1884,63.0617,8.1267
-0.3095,-0.4778,-0.3971,-0.0861,0.4271,45.4851,35.8755,9.6097
-1.6316,-1.1829,-0.2068,0.1905,0.4271,12.2855,17.1688,-4.8832
-1.771,-1.2603,-0.015,-0.0048,-2.3842,-12.7297,-18.4758,5.7461
-1.2025,0.5646,0.4726,-0.5537,-2.3842,-2.7392,8.0706,-10.8098
-1.4171,-1.17,0.1129,-0.981,-2.3842,-15.6208,-19.4713,3.8505
-0.833,-1.005,0.0556,-1.0643,0.4271,12.9001,21.0223,-8.1221
-1.5701,-0.6087,-0.635,-0.21,-2.3842,-18.5886,-15.1928,-3.3959
1.312,1.1893,0.558,1.4596,0.4271,85.8965,90.0877,-4.1912
-0.1747,0.096,-0.1359,-0.4922,0.4271,40.7919,42.9591,-2.1671
0.4341,1.0109,0.6684,0.3233,0.4271,64.8804,71.6257,-6.7453
-1.6333,-0.5693,-0.7891,0.1559,0.4271,9.5296,19.3307,-9.8011
1.4861,1.778,0.3011,1.5861,0.4271,83.6988,97.4749,-13.7761
0.9698,1.2648,-0.2903,0.1147,0.4271,69.6101,71.3955,-1.7853
-0.8581,0.0634,-0.5645,-0.0382,0.4271,43.644,35.129,8.515
-0.1591,0.1737,0.0048,0.3464,0.4271,54.5119,50.9113,3.6006
-0.6015,-1.0804,0.5925,0.2829,-0.8474,18.796,21.0073,-2.2114
0.2128,-0.8945,-0.8966,-0.0393,0.4271,25.4808,33.2697,-7.7889
-0.7423,-0.7184,0.466,-0.3279,0.4271,28.2971,33.4922,-5.1951
-0.5485,0.0545,-1.0426,0.6839,0.4271,37.2879,39.6873,-2.3993
-0.2801,0.4287,-0.9136,-0.3706,0.4271,38.1684,40.4329,-2.2645
1.294,0.6708,0.543,0.133,0.4271,83.5106,74.7276,8.783
0.6749,1.109,-0.3266,0.4184,0.4271,62.8743,68.3144,-5.4401
0.3872,0.1338,-0.5175,-0.1208,0.4271,54.4312,49.0493,5.3819
-0.5028,0.0316,-0.1595,-1.0224,0.4271,34.6312,34.8531,-0.2219
0.4796,0.7881,0.6224,-0.2238,0.4271,68.3492,65.4499,2.8993
-0.1831,0.3722,-0.0693,-0.1348,0.4271,54.6457,48.9727,5.6729
-0.4143,-0.5996,0.21,-0.6302,0.4271,36.8333,34.272,2.5613
1.1064,0.7196,-0.0482,0.2777,0.4271,64.5996,69.7237,-5.1242
0.5219,0.8553,-0.0006,0.3437,0.4271,62.0966,65.8119,-3.7152
-1.6167,-1.3734,-0.1034,-0.4603,0.4271,5.3127,11.458,-6.1454
0.6179,-0.327,-0.093,0.0016,0.4271,55.075,50.4571,4.6179
-0.7779,-0.7223,-0.3005,0.1692,-0.8474,17.3949,15.4847,1.9101
-1.4222,-0.5143,-0.9591,-0.3273,-2.3842,-14.6852,-15.8565,1.1713
-0.0734,0.28,0.1646,-0.4577,0.4271,50.3299,48.6644,1.6654
-0.7005,-0.6734,-0.5448,0.1571,0.4271,23.5935,30.0404,-6.4469
-0.3608,-0.3766,0.3748,-0.7882,-0.8474,16.9199,22.3816,-5.4617
-0.1465,0.4035,1.0835,0.0092,0.4271,64.064,59.5862,4.4777
1.2468,-0.0506,0.3977,0.1346,0.4271,75.8126,65.0028,10.8098
0.6833,0.4904,-0.4421,0.296,0.4271,58.4423,59.7091,-1.2668
0.1188,0.2101,0.5278,0.4893,0.4271,69.6537,59.3158,10.3379
0.2496,1.0071,0.8386,0.0838,0.4271,67.1082,69.2506,-2.1425
0.315,0.5232,0.5371,0.4871,0.4271,62.7532,64.994,-2.2408
-0.4448,0.8508,0.0827,0.2084,0.4271,46.8305,55.1042,-8.2737
-1.2925,-0.8583,1.0835,-0.8078,-2.3842,-11.2369,-5.9587,-5.2782
-0.3374,-0.5343,0.5895,-0.259,-2.3842,7.0324,7.9315,-0.8991
0.4927,-0.0305,0.9525,-0.5763,0.4271,56.9693,56.4762,0.4932
0.0031,-0.4494,-0.3465,0.1622,0.4271,42.4223,41.6599,0.7625
1.0699,0.8436,0.8162,-0.0985,0.4271,72.3375,74.762,-2.4245
-1.5799,-1.8914,-1.2755,-0.449,-1.1097,-24.3694,-21.1692,-3.2002
0.9242,0.082,0.6842,0.8216,0.4271,72.6126,70.0171,2.5955
-0.2217,-0.462,0.1462,-0.298,0.4271,33.8785,39.7007,-5.8222
-0.3657,-0.3845,0.2808,-0.1365,-2.3842,9.197,7.79,1.407
0.6793,0.4359,-0.0091,0.3148,0.4271,52.6534,62.515,-9.8616
0.8309,1.2205,0.3605,0.9315,0.4271,86.1609,80.0931,6.0678
-0.044,0.9097,0.8285,-0.2224,0.4271,70.3363,62.8033,7.533
-0.1501,-0.5375,0.3295,0.2557,-2.3842,22.8011,11.4794,11.3217
-0.6673,0.8606,0.2846,-0.3456,0.4271,60.1183,50.5333,9.585
-0.4355,-0.3449,0.3699,-0.8516,0.4271,37.2057,36.6003,0.6055
-0.6762,0.5923,-0.4802,-0.0201,0.4271,48.0037,43.8002,4.2036
-0.6637,-0.5982,-0.8349,0.0112,0.4271,30.8867,28.0364,2.8503
-1.5225,-0.3061,0.012,-0.4595,0.4271,25.2963,25.3623,-0.066
0.3335,1.2505,0.4974,0.3986,0.4271,79.1554,72.4504,6.7049
0.0921,-0.4517,0.964,0.1404,0.4271,57.1412,52.5172,4.6239
1.1614,1.1915,0.6821,0.9319,0.4271,83.9911,85.785,-1.7938
0.748,0.9607,0.5386,0.4071,0.4271,74.8199,74.0077,0.8122
-0.0053,0.993,-0.8347,-0.1056,0.4271,57.4881,52.1711,5.317
0.4404,-0.4968,0.3427,0.1998,0.4271,51.9109,51.3763,0.5345
1.175,0.8242,0.1386,0.6573,0.4271,74.3069,75.7106,-1.4037
1.0569,0.758,0.4502,-0.5406,0.4271,74.3384,67.7712,6.5672
-0.5581,-1.0691,0.3887,0.1673,0.4271,33.0506,34.3714,-1.3209
1.0086,0.8265,-0.0158,0.9702,0.4271,68.8401,74.9406,-6.1005
0.5141,0.6491,0.519,0.2264,0.4271,74.3073,66.5915,7.7159
-0.1407,0.7199,0.403,0.2596,0.4271,61.5106,59.7095,1.8011
-0.2943,-0.6634,0.7623,-0.509,0.4271,41.949,39.9324,2.0166
0.4894,0.7249,-0.8767,0.838,0.4271,65.2742,60.6934,4.5808
-0.3548,-0.9145,0.3743,0.1984,0.4271,37.9935,38.3931,-0.3996
0.2804,-0.8994,0.6534,0.061,0.4271,38.7316,46.5597,-7.8281
-0.2208,-0.5035,0.1004,0.0908,0.4271,38.2887,41.5942,-3.3055
-1.4304,0.1498,0.1238,0.0388,-2.3842,10.3712,2.4003,7.971
-0.4029,-0.3989,-0.928,0.2121,0.4271,35.475,33.7512,1.7237
-0.2871,0.5375,0.1593,0.0285,0.4271,54.3988,52.6103,1.7885
0.1427,-0.2009,-0.396,-0.1733,0.4271,49.2187,43.2366,5.9822
-0.6758,-0.4928,0.3704,-0.6187,0.4271,35.5968,33.9851,1.6117
-0.7811,-0.7451,0.2345,-0.1439,-2.3842,-1.4525,-1.1239,-0.3285
0.5285,0.325,0.4566,0.0747,0.4271,64.134,61.5665,2.5675
1.2332,-0.4249,-0.0937,-0.6606,0.4271,51.9953,51.3389,0.6564
-0.9386,0.1565,-0.4999,0.2072,0.4271,34.8748,37.5152,-2.6404
-0.3147,-1.2684,-0.5049,-0.409,-2.3842,-11.8836,-9.543,-2.3406
-0.3186,-0.6606,-0.4636,0.3358,0.4271,33.8601,36.1431,-2.283
0.0522,0.4171,0.6627,0.3295,0.4271,65.7163,60.8565,4.8598
-0.3986,0.0488,-0.0666,-0.4092,0.4271,44.9601,41.1399,3.8202
0.5108,-0.8857,0.2808,0.0721,0.4271,41.7982,46.393,-4.5948
-0.0261,-0.4579,0.4808,0.1629,0.4271,50.031,47.62,2.4109
-0.2992,-0.3689,-0.0656,-0.1128,-0.8474,22.4197,24.4343,-2.0146
-0.2526,-0.2975,-0.9098,-0.3759,0.4271,23.8624,32.5534,-8.691
-0.5853,0.3063,0.8099,-0.065,0.4271,42.6021,51.1703,-8.5682
0.2862,0.7709,0.4911,0.0495,0.4271,67.4496,64.075,3.3746
-0.1449,0.9443,-0.6754,1.0794,0.4271,56.7137,59.5909,-2.8771
-0.8941,-0.6981,-0.996,0.2896,0.4271,36.463,25.139,11.3241
1.3061,0.4995,1.0054,-0.0202,0.4271,79.4139,75.4229,3.991
1.1462,0.8719,0.0666,0.0205,0.4271,74.6828,70.9572,3.7256
0.5773,-0.0032,0.0516,-0.4554,0.4271,51.2591,51.5978,-0.3387
-0.8172,-0.4993,-1.0058,1.0748,0.4271,39.7738,33.5809,6.1929
0.1506,0.1058,0.5775,0.5313,0.4271,58.1602,59.1566,-0.9964
0.1063,0.5174,-0.0993,0.074,0.4271,49.3697,54.9246,-5.5549
1.2184,1.1286,-0.1336,0.1293,0.4271,69.0897,73.8336,-4.7438
-0.2903,0.7111,0.0766,-0.5247,0.4271,60.2498,50.0454,10.2043
-0.0496,0.0674,0.1686,-0.8729,0.4271,39.0524,43.6736,-4.6211
-0.5919,-0.7627,-1.0815,0.001,0.4271,21.5085,24.9863,-3.4778
-0.3549,0.7456,-0.2574,0.5912,0.4271,59.9575,54.9295,5.028
-1.0437,-1.2497,-0.8656,-0.4777,0.4271,13.3924,13.0032,0.3891
0.8412,0.1317,0.7399,-0.5936,0.4271,63.6345,60.2782,3.3563
-0.2308,0.0736,-0.8501,0.4532,0.4271,34.4432,43.1829,-8.7397
-0.7578,0.735,0.6974,-0.6741,0.4271,55.0454,49.0427,6.0027
-0.0046,1.1151,-0.2443,0.2936,0.4271,60.4441,60.8687,-0.4246
0.6845,1.432,0.5585,-0.3827,0.4271,67.0714,73.2911,-6.2197
-0.1087,0.8069,0.8334,0.0599,0.4271,67.0524,62.9553,4.0971
1.2318,0.7046,0.3393,-0.0961,0.4271,61.8326,71.2805,-9.4479
0.7494,0.9834,0.4524,-0.1285,0.4271,66.6408,69.8933,-3.2525
-0.4334,-0.6199,0.5414,-0.5657,-2.3842,8.3254,3.4385,4.8869
0.5561,0.8719,-0.1366,-0.5886,0.4271,52.3654,58.8381,-6.4727
0.9146,0.9379,0.0411,0.2308,0.4271,71.2328,70.4843,0.7485
0.7785,0.6322,0.4098,0.0379,0.4271,66.7403,67.0839,-0.3436
-0.6267,-0.9333,0.3474,-0.7853,-2.3842,-3.7262,-5.1759,1.4497
0.2368,0.2998,0.3553,0.2878,0.4271,53.9225,58.8596,-4.9371
-0.5586,-1.1764,-1.3085,0.011,0.4271,23.7321,19.0149,4.7173
0.587,0.809,-0.4206,-0.0484,0.4271,52.1288,60.0317,-7.9029
-0.1538,0.3991,0.5084,-0.1331,-2.3842,22.6728,20.6452,2.0276
-0.849,-1.0695,-0.5316,0.3995,0.4271,24.6281,25.7834,-1.1553
0.6288,-0.7554,0.4977,-0.2882,0.4271,54.0635,48.2868,5.7767
-1.0629,-0.3181,-0.097,0.1834,-0.8474,17.0361,18.6403,-1.6042
0.4297,0.311,0.7485,0.1282,0.4271,59.9826,62.9685,-2.986
-0.6334,0.6715,-1.1341,0.2018,0.4271,43.263,41.66,1.603
1.1232,-0.7618,0.0669,-0.0134,0.4271,58.6492,52.1073,6.5419
0.8168,1.5344,0.7357,0.587,0.4271,83.6664,83.9638,-0.2974
1.0977,1.1331,1.0835,0.4834,0.4271,84.1417,84.416,-0.2743
1.3557,1.1499,0.1856,0.869,0.4271,76.9606,83.1425,-6.1818
-0.6401,0.2422,-1.5055,-0.8627,0.4271,21.1668,26.504,-5.3371
-0.0794,0.1229,-1.0082,1.1567,0.4271,38.4192,49.0334,-10.6142
-0.3311,-0.4413,0.1233,-0.2234,0.4271,41.9827,39.1042,2.8785
-1.1963,0.1191,-0.5441,-0.0826,-2.3842,-2.1328,-1.4189,-0.7139
0.6001,-0.1941,1.0347,-0.0179,0.4271,67.5368,60.301,7.2358
0.7274,1.486,0.8982,-0.4062,0.4271,79.3547,76.8076,2.5471
1.2023,1.2197,1.0595,1.2617,0.4271,95.7363,91.7357,4.0007
-0.3941,-1.275,-0.8128,-0.2786,-2.3842,-13.3482,-11.9298,-1.4184
-0.1633,0.3521,0.4224,-0.5524,0.4271,44.4051,49.8374,-5.4322
0.5467,-0.7392,0.3676,-0.46,-0.8474,34.5066,30.2523,4.2544
0.2988,0.0027,0.3656,0.2052,0.4271,62.1343,55.6893,6.445
-1.1389,-0.8114,0.4995,-1.2562,-2.3842,-5.4176,-11.396,5.9784
0.2359,-0.1659,0.3041,0.2528,0.4271,53.4073,52.9764,0.431
-1.79,-0.4092,0.2943,-0.7665,0.4271,11.012,21.3757,-10.3637
1.0364,-0.5538,0.2877,-0.0377,0.4271,51.419,55.0456,-3.6266
-0.4381,-0.6992,0.0001,-0.7684,0.4271,19.2213,30.3208,-11.0994
-0.3046,-0.7858,-0.2191,-0.18,0.4271,27.0271,33.181,-6.1539
0.4048,-0.3266,-0.258,0.0985,0.4271,46.5727,47.5814,-1.0087
-0.1009,-0.5539,0.0888,-0.0771,0.4271,36.048,41.0555,-5.0076
-0.3619,-0.9732,0.7192,-0.3374,-2.3842,-2.4541,3.1864,-5.6405
-0.2608,-0.0483,0.1142,-0.3336,0.4271,40.4786,43.4412,-2.9625
1.3012,0.7421,0.5608,0.6052,0.4271,78.8471,79.0249,-0.1778
0.2111,0.4424,0.2888,0.0374,0.4271,59.3906,57.937,1.4536
0.4937,0.1687,1.0277,0.2032,0.4271,57.8995,64.723,-6.8235
-1.5984,-1.2895,0.1681,-0.7231,-2.3842,-16.4906,-20.5397,4.0492
-0.674,-0.93,0.4027,-0.3106,-2.3842,-1.3887,-1.9201,0.5314
0.0951,-1.1715,0.0138,0.9461,-0.8474,29.0675,27.6059,1.4616
-0.709,-1.2497,-1.6227,-0.9157,0.4271,12.3859,7.7205,4.6654
-1.6578,-0.8625,-1.8757,-0.7406,-2.3842,-30.1189,-32.2204,2.1015
-0.4515,0.2247,0.3189,0.2126,0.4271,50.8956,49.8381,1.0575
0.2,1.4098,0.1721,0.9702,0.4271,70.6967,74.2822,-3.5855
-0.6397,-0.1721,-0.0242,0.3628,0.4271,45.7887,41.764,4.0247
-0.3816,-0.1692,-0.2547,-0.116,0.4271,36.5582,39.4605,-2.9023
-0.4432,-0.7784,-0.7851,-0.5369,0.4271,20.2409,24.9453,-4.7045
-1.7437,-0.7719,0.0491,-0.6905,0.4271,18.0156,16.4344,1.5812
0.9198,0.6886,0.7484,0.13,0.4271,75.3293,72.4782,2.8511
-0.4799,0.8586,-0.1619,-0.1446,0.4271,48.068,50.4809,-2.4129
-1.892,-1.6458,0.5886,-0.9089,-0.8474,-3.7911,-7.4902,3.6991
-0.5419,0.6996,-0.5701,0.0367,0.4271,49.8954,46.1477,3.7476
0.8274,0.2787,0.0956,0.0188,0.4271,57.1741,61.0829,-3.9088
-1.2545,-0.4509,0.4986,-0.7429,0.4271,21.7705,28.3797,-6.6091
-0.9429,0.2624,0.5818,-0.5006,0.4271,39.1486,42.0627,-2.9141
-0.4369,-0.7479,0.046,-0.0759,0.4271,28.816,34.9535,-6.1375
-0.123,-0.1677,0.5698,-0.016,0.4271,53.6144,49.2881,4.3263
0.582,0.1809,0.1353,-0.5254,0.4271,58.671,53.8777,4.7933
0.3714,-0.0367,0.0775,0.2119,0.4271,46.5104,53.853,-7.3426
-0.4459,-0.3921,-0.0643,-0.2525,0.4271,36.8729,36.7824,0.0905
-0.3568,-0.1712,0.494,0.6311,0.4271,41.6733,50.6571,-8.9838
-0.3902,-0.2994,-0.577,0.3664,0.4271,46.4237,38.7784,7.6452
1.2805,1.3476,0.6062,0.3261,0.4271,85.8764,84.0215,1.8549
-0.0631,0.3224,-0.4611,-0.0243,0.4271,44.4956,47.4511,-2.9554
-1.189,-1.2344,0.4161,0.0149,-2.3842,-19.608,-8.4963,-11.1118
0.9107,0.3116,0.3396,0.352,0.4271,60.8135,66.5391,-5.7256
-1.0087,-1.6646,-1.0065,-1.0557,-2.3842,-30.6998,-29.7878,-0.912
0.4482,0.7947,-0.3065,-0.1237,0.4271,52.0018,58.7383,-6.7365
-1.0125,-0.3976,-0.7188,0.2315,0.4271,27.6988,28.9778,-1.2789
0.667,0.4999,0.3452,0.2078,-0.8474,56.4752,49.9443,6.531
1.1441,0.8227,0.7567,0.1025,0.4271,78.8789,76.2612,2.6177
-0.247,-0.3579,0.4119,-0.7337,-2.3842,-4.3559,6.217,-10.5728
-0.1841,-0.7171,-0.3946,-0.0862,-2.3842,-0.1207,1.1476,-1.2683
1.1016,-0.4837,0.0641,0.2598,-2.3842,33.616,23.4811,10.1349
1.4597,0.2716,1.0636,0.6613,0.4271,88.8391,79.6903,9.1488
-0.9917,-0.5062,-0.5803,-0.1015,-2.3842,2.8002,-6.6687,9.4689
-0.2832,0.274,-1.2868,0.5453,0.4271,42.8641,42.1555,0.7086
-0.4203,0.2558,0.7091,-0.1052,0.4271,48.9357,51.316,-2.3803
0.448,-0.0402,0.2395,0.8363,0.4271,62.9027,60.2205,2.6822
0.8954,1.5814,0.3949,0.1371,0.4271,78.0363,79.5853,-1.549
0.3168,0.5436,0.3153,0.8466,0.4271,66.7044,66.0356,0.6688
-0.5061,-1.6623,-0.4187,-0.3264,-0.8474,1.0232,3.4725,-2.4493
-0.5922,-0.3638,0.588,0.1783,0.4271,46.6954,43.545,3.1505
-0.2992,-0.2503,0.1734,-0.6742,0.4271,34.9945,38.845,-3.8505
-1.4132,-0.7074,0.8365,-0.5442,-0.8474,19.0675,12.6338,6.4338
-0.2186,-0.15,0.391,0.5499,0.4271,50.0535,51.0197,-0.9661
-0.1583,0.2378,0.2548,0.0585,0.4271,50.1558,51.5627,-1.407
-0.5104,-0.3502,0.5531,-0.1032,0.4271,46.1395,42.35,3.7895
0.2436,-0.0684,0.1505,-0.3904,0.4271,50.1606,48.5036,1.6569
-0.8342,0.7761,0.3439,-0.1438,0.4271,54.6073,49.6543,4.953
0.1802,-0.2472,-0.4769,-0.8803,0.4271,43.4577,37.5824,5.8754
0.9811,-0.0674,0.3979,-0.2358,-0.8474,42.5275,44.2521,-1.7246
0.5741,1.2296,1.0572,-0.2589,0.4271,86.4587,74.5299,11.9288
-0.5112,-0.989,0.131,-0.7984,0.4271,27.9214,27.0775,0.8439
-1.436,-0.3954,0.747,-0.4583,-2.3842,-3.3092,-2.4509,-0.8583
-0.2196,-0.1056,-1.1005,-0.1093,0.4271,34.048,35.4516,-1.4037
0.5093,0.9827,1.0498,0.047,0.4271,69.7855,73.128,-3.3426
0.2095,0.0307,-0.213,-0.0773,0.4271,43.7014,48.6319,-4.9305
0.2853,-0.2848,0.065,0.0149,0.4271,52.3165,48.6766,3.6399
0.1378,-0.5841,0.176,0.0528,0.4271,43.441,44.8467,-1.4057
-0.6679,-0.4202,0.6329,0.1602,-2.3842,9.1713,8.9221,0.2492
0.0419,-0.0551,0.1283,-0.703,0.4271,51.9634,44.1485,7.815
1.0083,0.0634,-0.4103,0.3466,0.4271,60.89,58.9877,1.9023
-0.1705,0.5777,-0.3952,-0.0354,0.4271,49.8561,49.6011,0.255
-0.3608,1.1684,-0.5149,-0.5439,0.4271,42.357,49.7478,-7.3907
-1.1121,-0.6392,1.0191,-0.3191,-0.8474,21.9985,19.5963,2.4022
-0.0972,0.1763,0.39,0.3909,0.4271,55.9391,54.8768,1.0624
0.2822,-0.5104,0.5396,0.0183,0.4271,51.4537,49.7817,1.6721
-0.5092,-0.0185,-0.3798,-0.3366,0.4271,45.5618,37.2929,8.2689
0.9086,1.1867,0.6165,1.0415,0.4271,89.7218,83.2796,6.4422
0.1383,-0.8987,-0.6347,0.2029,0.4271,40.3951,36.1213,4.2739
1.1938,0.4733,-0.071,0.0531,0.4271,67.9251,66.153,1.7721
-1.9133,-0.6965,0.6114,0.106,-0.8474,10.9946,10.1867,0.808
-0.6523,-0.7264,-0.4829,-0.0078,-2.3842,-3.537,-4.1085,0.5714
-0.5899,-0.6666,-0.3043,-0.0816,0.4271,29.629,31.4931,-1.8642
0.3068,0.6091,0.1263,0.3887,0.4271,64.1349,62.0274,2.1075
-0.5214,-0.4781,0.1129,0.1244,0.4271,34.463,38.989,-4.526
0.3818,-0.1027,0.4618,0.9694,0.4271,65.1073,61.4449,3.6624
0.1611,0.5741,0.4518,-0.3897,0.4271,51.4676,57.1663,-5.6987
-0.8823,0.5526,-0.896,0.2669,0.4271,50.1393,39.9402,10.1991
-1.595,-0.5714,0.8399,-0.6197,0.4271,28.132,26.859,1.2731
0.1281,0.0845,-0.0684,0.2798,0.4271,54.2336,51.9592,2.2744
-1.362,-0.6232,-0.2192,-0.2989,0.4271,20.8859,22.8544,-1.9686
0.929,0.2212,0.6712,0.5627,0.4271,64.0859,69.7338,-5.6479
-1.522,-1.6044,0.3879,-0.6119,0.4271,8.1263,12.6014,-4.4752
-0.5325,-0.4394,0.2657,-0.8526,0.4271,37.9403,33.6901,4.2502
1.1121,2.0211,-0.7422,0.9485,0.4271,72.9547,83.7419,-10.7872
-0.6472,-0.928,-0.5824,-0.3823,-2.3842,-13.5919,-9.688,-3.904
0.8235,0.2133,0.5166,1.1618,0.4271,67.0525,71.4894,-4.4369
-1.5285,0.0426,-0.3501,-0.6418,-0.8474,-1.8749,10.0258,-11.9007
1.3595,1.6405,1.0835,0.0273,0.4271,86.0959,89.7564,-3.6604
0.2543,0.8242,0.5732,0.1405,0.4271,65.1839,65.5978,-0.4138
-1.3483,-1.3067,0.1759,-0.4634,-2.3842,-20.663,-16.1879,-4.4751
0.5402,-0.0108,0.4675,0.4069,0.4271,52.4507,60.3092,-7.8585
0.2729,0.2864,0.6536,0.3782,0.4271,61.2655,62.02,-0.7545
-0.8197,0.4029,0.7283,-0.263,0.4271,51.861,47.7413,4.1197
0.2041,-0.0333,-0.395,-0.9373,0.4271,48.6496,40.4769,8.1727
0.8412,0.3219,1.0072,-0.2805,0.4271,64.9173,66.6497,-1.7323
1.2626,-0.0312,-0.2537,0.2559,0.4271,57.7453,61.2212,-3.476
0.8605,0.3452,0.3748,0.4206,0.4271,58.1114,67.1265,-9.0151
-1.5962,-1.1079,-0.5252,-0.3426,-2.3842,-17.9121,-21.1623,3.2502
-0.6382,0.2981,0.5276,0.003,0.4271,41.7721,48.8122,-7.0401
-0.5387,0.0882,-0.2131,-0.8256,0.4271,38.5123,36.0601,2.4522
0.1335,-0.6665,0.237,-0.373,0.4271,43.2951,41.3843,1.9108
-0.0178,-0.7944,-0.081,0.4519,0.4271,36.4573,41.6119,-5.1546
-0.2745,-0.99,-0.1091,-0.6171,0.4271,25.7111,29.0158,-3.3047
0.4224,0.7826,-0.4735,0.0682,0.4271,55.0317,58.3752,-3.3435
-0.5075,0.3108,0.6013,-0.1604,0.4271,50.358,49.7871,0.5709
-0.4587,0.1266,0.3506,-1.14,0.4271,42.4915,39.4995,2.992
0.164,-0.1476,0.709,0.3028,0.4271,61.8757,55.8751,6.0006
0.3818,0.9996,0.1227,-0.4998,0.4271,54.3233,61.0187,-6.6954
-1.0038,-1.8109,-0.0533,0.3045,0.4271,17.7029,18.8061,-1.1032
0.6648,0.1001,0.5344,0.6538,0.4271,70.1056,65.1225,4.9831
-0.3022,-0.9492,-0.1564,0.9427,0.4271,33.4888,39.6559,-6.167
0.617,0.1099,0.0671,-0.0706,0.4271,56.6058,56.089,0.5168
-0.4955,-0.622,0.0987,-0.351,0.4271,38.7016,34.2338,4.4678
-0.7752,-0.412,-0.6834,0.1338,0.4271,34.3736,30.9519,3.4217
0.2047,-0.1749,-0.1173,0.2083,0.4271,48.614,48.9907,-0.3767
0.3817,0.915,0.4996,0.8152,0.4271,73.4355,72.1061,1.3294
-0.1153,-0.6103,0.7341,0.2972,0.4271,44.2935,47.8335,-3.5401
-0.6546,-0.022,-0.1366,0.0254,-0.8474,19.2297,24.9409,-5.7111
-0.5651,-0.6089,0.6622,-0.0524,-2.3842,12.071,6.6484,5.4227
-1.9244,-0.054,0.661,-0.188,0.4271,24.3734,30.7718,-6.3984
-0.2831,-1.2124,-1.2203,0.6242,-2.3842,-4.5513,-6.8967,2.3455
1.6886,1.3346,0.5219,0.7987,0.4271,90.7759,90.8837,-0.1078
-1.0062,0.0661,-0.3496,-0.3951,0.4271,36.7378,32.7458,3.992
0.2196,0.4836,0.616,0.3419,0.4271,65.014,63.1234,1.8906
-1.0076,-0.3445,-0.0189,-0.0429,0.4271,33.1165,33.1058,0.0106
1.4483,1.4478,0.233,0.2664,0.4271,78.9494,83.6593,-4.7098
-0.5351,-0.4092,0.7456,-0.1991,0.4271,44.8184,42.2361,2.5823
-0.3734,0.112,0.585,-0.213,0.4271,42.3218,48.4976,-6.1759
-0.2546,-0.6735,-1.3394,0.5506,0.4271,29.3651,31.4405,-2.0754
0.7782,0.3328,1.0155,0.2303,0.4271,69.289,69.7115,-0.4225
2.0278,2.225,-0.0928,0.8455,0.4271,91.8821,100.1264,-8.2444
-0.4284,0.2999,-1.5759,0.1711,0.4271,38.8769,36.0651,2.8117
-0.362,-0.5747,0.0274,-0.3519,0.4271,43.2142,35.6425,7.5717
0.5203,0.7151,0.239,0.0912,0.4271,64.5689,64.306,0.2628
0.1973,0.3975,-0.6277,-0.607,0.4271,49.8472,45.7531,4.0942
-0.6728,-0.9119,0.6439,-0.4384,-2.3842,3.5934,-0.7368,4.3302
0.4872,0.5098,0.3848,0.1592,0.4271,67.9684,63.2383,4.7301
0.3777,-0.8185,0.4085,0.1897,-2.3842,14.865,14.1235,0.7414
0.4764,-0.2715,-0.1715,-1.056,0.4271,44.3721,41.6091,2.763
0.1114,-0.3222,0.534,0.3826,0.4271,56.8711,52.5565,4.3146
-0.7011,-1.0645,-0.9722,0.1366,-2.3842,-2.6198,-11.1919,8.5722
0.0354,0.4255,-0.5166,-1.0513,0.4271,45.0438,42.0998,2.9439
-0.5199,0.6743,0.3966,0.1149,0.4271,53.4307,54.0805,-0.6498
-0.2624,0.3549,0.0002,0.0285,0.4271,49.0612,49.5982,-0.537
0.9358,0.6101,0.1481,-0.0324,0.4271,58.7727,66.0194,-7.2467
-0.2491,-1.285,0.1929,-0.5579,0.4271,20.3437,28.7066,-8.3629
-1.3856,-0.7155,-1.2453,-0.3964,-2.3842,-21.3563,-20.4087,-0.9476
0.9568,0.3027,0.6524,-0.3507,0.4271,65.7661,64.454,1.312
-0.4139,-0.1462,-0.2121,-0.6854,0.4271,41.3971,35.7431,5.654
-0.443,-0.2694,0.7813,0.3391,0.4271,54.9814,48.8097,6.1716
-0.1778,0.182,-0.0724,0.3702,0.4271,50.6321,50.3761,0.256
0.8807,0.6447,0.3613,-0.0519,0.4271,67.9249,67.3224,0.6024
0.2652,0.5036,-0.3695,0.3007,0.4271,48.5835,55.9704,-7.387
1.1351,1.2377,-0.7068,0.7065,0.4271,75.8335,73.7698,2.0636
-0.3098,-1.0854,0.0317,0.6929,0.4271,32.3603,37.7542,-5.3939
1.4972,0.265,0.1352,0.6882,0.4271,72.6399,73.0625,-0.4226
-1.6842,-1.0265,0.0216,-0.3103,0.4271,8.719,16.6398,-7.9208
-0.6972,0.2554,0.376,-0.4479,0.4271,51.9625,43.399,8.5635
-0.9104,-0.4865,0.0624,-0.72,-2.3842,-4.0502,-4.9299,0.8797
0.3403,0.3375,0.561,1.0683,0.4271,67.388,67.401,-0.013
-0.7096,-0.8043,-1.0022,0.1945,0.4271,22.0317,25.2126,-3.1809
0.0221,1.3562,1.05,-0.305,0.4271,69.5302,69.6625,-0.1323
0.0758,-0.5662,-0.3851,-0.108,0.4271,39.5756,38.9503,0.6252
-0.0277,0.3244,-1.0138,0.5276,0.4271,40.8109,47.437,-6.6261
0.1053,-0.8107,-0.1336,-0.0578,-0.8474,29.1188,23.6597,5.4592
-0.3906,-1.6739,-0.2334,-1.0033,-2.3842,-13.809,-16.9576,3.1487
0.3135,-0.5952,0.2067,0.6038,0.4271,53.4796,50.671,2.8085
1.0601,0.1532,0.1635,-0.1165,0.4271,58.8727,61.746,-2.8732
-0.2952,-0.4939,-0.1909,0.3673,0.4271,31.6342,40.5856,-8.9513
-1.2008,0.2637,0.9776,0.2511,0.4271,42.5295,47.5845,-5.055
-1.2818,-0.1343,-0.9916,0.1877,0.4271,20.8681,26.6504,-5.7823
-0.33,-0.4031,0.3931,0.0805,0.4271,35.8083,43.7338,-7.9255
0.6437,0.3142,0.8054,-0.6483,0.4271,68.2234,60.3378,7.8856
0.4365,0.5707,0.6069,0.8429,0.4271,73.7311,69.8402,3.8909
-1.1102,0.3001,0.3289,-0.2924,0.4271,35.5133,40.1955,-4.6822
0.3027,-0.8649,0.5749,-0.438,0.4271,38.7262,43.1137,-4.3875
-0.2901,-0.0193,-1.4366,0.4645,-2.3842,11.5495,3.6708,7.8787
-0.2308,0.2145,0.3978,-0.2769,0.4271,47.0038,49.2929,-2.2891
-0.6558,-0.1301,-0.1228,-1.0525,0.4271,41.4078,31.4674,9.9404
-0.6736,0.4992,-0.1841,-0.1712,0.4271,53.6775,44.0092,9.6684
0.3878,-0.3833,-0.4267,0.1007,0.4271,44.242,45.4808,-1.2388
-0.538,-0.7592,0.4678,0.0599,0.4271,31.375,37.9322,-6.5572
-0.4384,0.211,0.2058,0.1921,0.4271,49.4386,48.8117,0.6269
-0.3349,-0.1586,-0.6884,-0.4852,0.4271,31.5371,34.1772,-2.6401
1.0841,0.6457,-1.188,0.1737,0.4271,65.6487,59.1613,6.4875
1.0548,1.3271,-0.1943,0.1468,0.4271,71.0496,73.9677,-2.9181
-1.3101,0.3527,-0.5262,0.1846,0.4271,33.0666,35.3828,-2.3162
0.7226,0.044,0.7587,0.459,0.4271,70.4673,65.4822,4.9851
-0.3191,0.3976,-0.5333,-0.7537,0.4271,26.2586,39.929,-13.6704
-1.7549,-1.0299,0.2104,-0.2117,-2.3842,-14.8514,-15.4175,0.5661
-0.7429,-0.157,-0.5179,-0.5164,-2.3842,-9.7559,-2.4802,-7.2757
0.1861,0.1837,0.6087,0.7227,0.4271,68.2117,61.9845,6.2272
-0.8573,-0.4352,0.7277,-0.6908,-0.8474,17.9269,19.7949,-1.868
0.7202,0.6083,0.2264,0.5914,0.4271,65.7801,68.6274,-2.8472
-0.5014,0.7783,-0.0847,-0.4638,0.4271,45.0748,47.7223,-2.6475
-0.1798,0.7826,0.0757,-0.8321,0.4271,56.0239,49.8903,6.1336
-0.8732,-0.3552,0.0199,-0.0324,0.4271,23.2755,34.7965,-11.5211
-0.2722,-0.2698,-0.1332,0.306,0.4271,45.2187,43.3706,1.8481
-0.1651,0.1387,-0.3786,0.422,0.4271,46.2341,48.0293,-1.7951
0.6766,0.5437,-1.0085,0.1622,0.4271,67.4575,54.9504,12.507
-0.1808,0.539,-0.1104,0.0718,0.4271,48.0061,51.9912,-3.985
-0.8699,0.4139,-0.3796,-0.6953,0.4271,21.8508,35.799,-13.9482
0.9394,0.4951,0.9011,0.0358,0.4271,70.1678,71.0315,-0.8637
0.5702,0.2546,-0.621,-0.1974,0.4271,48.095,51.0398,-2.9447
-0.6355,-0.1263,0.2142,0.3213,0.4271,43.5453,43.8707,-0.3255
-1.1331,-0.3111,0.0261,-0.8396,-2.3842,4.6648,-6.4558,11.1206
0.5303,1.0972,0.1427,-0.1698,0.4271,63.7883,66.1559,-2.3676
-1.1966,-0.6188,0.7098,-0.591,-2.3842,-4.5362,-3.6057,-0.9305
1.4721,1.1917,0.6861,0.5584,0.4271,78.8006,86.5498,-7.7493
0.2404,-0.0431,-0.8166,-0.7208,0.4271,38.3009,39.0154,-0.7145
-0.3908,-0.3584,-0.8931,-0.1615,0.4271,39.6563,32.0068,7.6495
0.6969,-0.2438,0.2697,0.0027,-0.8474,43.0684,39.8951,3.1733
-0.6115,0.0737,0.3589,-0.1831,0.4271,48.8294,43.9835,4.846
-0.3954,-0.2296,-0.2246,-0.5181,-2.3842,-0.0962,2.6722,-2.7684
0.9082,-0.2821,0.4736,0.7384,0.4271,67.183,63.5524,3.6306
-1.7672,-0.0469,0.2304,0.1704,0.4271,42.8514,31.7135,11.1379
0.3247,-0.5453,-0.2087,-0.087,-2.3842,10.4279,9.9551,0.4727
-1.7257,-0.7741,-0.2213,0.0474,0.4271,15.2183,19.6521,-4.4338
0.0736,0.8924,0.1606,-0.2045,0.4271,62.2531,58.8557,3.3975
-0.3308,-0.2293,-0.5008,0.2531,0.4271,55.3496,40.0021,15.3475
0.4513,-0.8766,0.3354,0.1537,-1.1097,24.6253,28.5865,-3.9612
-0.0904,-0.401,0.2696,-0.8829,0.4271,39.4458,38.6778,0.7681
0.7815,0.5794,0.5514,-0.3118,0.4271,63.937,65.1814,-1.2444
-0.1889,0.3323,-0.4231,0.7079,0.4271,53.8239,51.5963,2.2276
0.0354,-0.1352,0.4883,-0.3859,0.4271,60.3203,48.152,12.1682
0.519,0.5498,0.7533,0.5184,0.4271,68.1407,69.3603,-1.2196
1.5258,1.2849,0.0213,1.1048,0.4271,85.695,86.8572,-1.1622
1.151,0.326,0.7536,0.7472,0.4271,69.2377,75.2073,-5.9696
0.4822,0.0524,0.3641,0.2833,0.4271,60.0375,58.7435,1.2939
0.8257,0.8993,0.3382,0.2003,0.4271,73.8448,71.1718,2.673
-0.7015,-0.111,0.4868,-0.0216,0.4271,47.979,43.0487,4.9303
0.6811,-0.2912,0.6221,0.1193,0.4271,66.5296,57.8568,8.6728
-0.2528,-0.6897,0.2455,0.2816,0.4271,35.8947,41.6007,-5.706
1.0337,0.0076,0.3802,0.1751,0.4271,64.9522,63.5212,1.4311
1.2702,2.2876,0.0521,0.4131,0.4271,92.724,90.8225,1.9014
1.4752,1.0049,0.1088,0.9908,0.4271,75.7819,83.0472,-7.2653
-0.3744,0.7454,0.3558,-0.0569,0.4271,51.9451,54.9305,-2.9854
0.5341,-0.1012,0.3583,-0.0089,0.4271,56.921,55.4973,1.4237
-0.5383,-1.3532,-0.7116,0.0494,0.4271,19.8772,22.102,-2.2248
-0.3687,-0.8557,0.1271,-0.5742,0.4271,26.0569,31.6323,-5.5755
0.9667,0.3025,-0.8323,1.2172,0.4271,66.8447,64.0342,2.8104
-0.6868,-1.4156,-0.1567,0.502,0.4271,27.9684,27.226,0.7424
-1.7047,-1.1644,0.6518,0.0699,-2.3842,-17.3845,-11.0375,-6.3469
0.9505,-0.1815,-0.2102,0.3047,0.4271,55.0375,56.862,-1.8245
-0.1179,-0.1853,0.1097,0.3773,0.4271,48.4375,48.3384,0.0991
0.2706,-1.1581,0.3126,0.0894,-2.3842,14.9598,7.721,7.2388
0.0231,-0.0013,0.646,0.304,0.4271,61.763,55.535,6.228
0.781,0.3461,0.729,-0.9483,-0.8474,44.6182,44.3528,0.2654
-0.736,-0.6359,0.4639,-0.6651,0.4271,27.5529,32.1285,-4.5756
0.039,-0.9257,0.0904,-0.0967,0.4271,31.9939,38.2491,-6.2552
-1.3949,-0.2077,-0.7511,-0.8593,0.4271,25.86,19.1856,6.6745
-1.4696,-0.6189,-0.9027,-0.9314,0.4271,10.7955,12.0947,-1.2992
0.6514,0.8298,-0.3119,0.7104,0.4271,54.5429,67.0665,-12.5236
0.894,1.0863,0.0853,-0.0842,0.4271,75.6557,70.0823,5.5734
-0.0898,-0.2747,0.4182,-0.5043,0.4271,43.6942,43.8791,-0.1849
0.4247,0.9886,-1.1015,0.0082,0.4271,59.1667,55.4678,3.6989
-0.1824,-0.5295,0.3247,-0.3229,0.4271,38.1239,40.5637,-2.4398
-1.3628,-0.2795,0.5615,-0.0404,0.4271,37.2892,34.5134,2.7758
0.6436,1.0471,-0.7215,0.4812,0.4271,68.0983,64.6816,3.4167
0.0811,1.9387,0.1335,0.0585,0.4271,75.2138,72.3212,2.8927
0.2454,-0.0242,-0.0177,0.0049,0.4271,58.0033,50.4741,7.5292
0.1889,0.0292,0.2998,0.1015,0.4271,49.9475,53.5819,-3.6344
-0.1641,0.7918,0.7227,-0.8688,0.4271,60.8652,54.8856,5.9796
0.1398,-0.783,0.4583,0.3572,0.4271,41.289,46.9207,-5.6317
1.633,0.9253,-0.3726,-0.0323,0.4271,76.0257,73.0277,2.998
0.5156,-0.1492,-1.1446,0.2713,0.4271,33.2384,45.1444,-11.906
-1.4837,-1.6893,-0.9455,-0.4201,-1.1097,-24.0197,-15.1265,-8.8932
0.6855,-0.0617,-0.2102,0.3973,0.4271,49.2713,56.013,-6.7416
-0.8443,-0.7747,-0.6948,-0.1088,0.4271,15.8471,24.3589,-8.5118
-0.7358,0.1113,0.0572,-0.6167,0.4271,35.8014,37.7393,-1.9379
-1.1865,-0.9798,0.8862,-0.9379,0.4271,22.5366,24.7873,-2.2507
-0.2718,-0.3466,-0.4989,0.2384,0.4271,39.8115,39.227,0.5845
-0.2665,0.2504,0.8564,-0.4248,0.4271,54.8163,51.8143,3.002
0.1196,0.0973,0.0838,0.7372,-0.8474,38.6497,41.2218,-2.5721
1.0924,1.9822,0.8029,0.142,0.4271,92.2316,89.3756,2.856
-0.9033,0.5614,-0.3513,0.086,0.4271,42.1094,42.7482,-0.6387
-0.0905,-0.0039,0.6502,-0.5905,0.4271,44.2281,48.1021,-3.8739
1.1963,1.5482,1.0211,-0.0291,0.4271,80.42,86.0984,-5.6784
-0.7051,-0.0635,0.5305,-0.9582,0.4271,34.3084,37.37,-3.0616
-0.8401,-1.3274,-1.1649,0.3764,-2.3842,-9.2035,-15.4537,6.2501
-0.5773,-0.8231,0.6149,-0.1079,-2.3842,1.5993,3.3594,-1.7601
1.5529,1.1546,0.0923,1.2207,0.4271,87.774,87.0346,0.7394
0.9143,0.4246,-0.3204,0.7341,0.4271,64.221,65.4268,-1.2058
1.3498,1.218,0.8694,-0.1418,0.4271,81.9196,82.0784,-0.1588
0.4003,1.1549,0.1698,-0.2476,0.4271,62.0249,65.078,-3.0531
1.2475,1.0866,0.6062,-0.0076,0.4271,75.8235,78.4124,-2.5889
0.229,0.3774,-0.351,0.477,0.4271,48.1226,55.5308,-7.4082
-0.1551,-0.077,-0.6531,-0.1256,0.4271,39.6627,39.7933,-0.1306
0.1581,-0.1267,0.8618,0.1022,0.4271,66.8802,55.8285,11.0517
-1.3018,-0.6966,0.4391,-0.1405,-2.3842,2.4317,-4.5593,6.9911
-0.0333,0.321,-0.4066,0.5123,0.4271,53.0949,51.9045,1.1904
-0.9752,-0.0001,0.1378,0.0995,0.4271,44.2724,39.5199,4.7525
1.2562,1.5462,0.2841,0.1,0.4271,70.9281,81.9447,-11.0166
-0.0711,0.1342,0.1238,0.033,0.4271,61.2846,50.146,11.1386
0.09,-0.3969,0.0994,-0.2871,0.4271,34.7271,43.4889,-8.7619
0.0335,0.5167,-0.3265,-0.226,0.4271,57.5301,50.3043,7.2258
-0.3427,0.4655,0.4586,0.3208,0.4271,53.5149,55.5389,-2.0241
-1.5732,-0.4576,0.0703,-0.3034,0.4271,33.7163,24.6487,9.0676
-0.144,1.0133,-1.0521,0.01,0.4271,46.8094,50.0436,-3.2342
0.0246,0.4126,0.2581,0.0161,0.4271,59.3318,55.2191,4.1126
0.6822,0.3492,0.6154,0.2023,0.4271,65.6812,65.5946,0.0865
0.5213,-0.7022,0.376,-0.2028,-2.3842,11.8141,13.9915,-2.1774
-0.7918,0.0172,0.3046,-0.6347,0.4271,30.9196,37.8594,-6.9398
-0.6993,-0.1465,-0.8596,0.3866,0.4271,30.7767,35.1514,-4.3746
-0.4918,-0.7398,-1.8739,-0.7101,0.4271,14.0313,15.2782,-1.2469
0.0927,-1.2889,0.1877,1.1245,0.4271,41.2137,43.9794,-2.7657
0.9821,-0.8295,0.7213,0.916,0.4271,60.6592,61.3289,-0.6697
-0.0428,-0.0633,-1.4678,-0.4523,0.4271,26.3966,32.6115,-6.215
-0.1962,0.7427,0.5743,0.1011,0.4271,60.2057,59.5887,0.617
-0.894,-0.9433,-0.5972,-0.541,0.4271,22.0308,19.6789,2.3519
0.458,0.9328,0.621,0.1723,0.4271,71.2461,69.5903,1.6558
0.6185,-0.5532,0.3034,-0.1501,0.4271,52.6432,49.9144,2.7288
-0.1319,-1.4431,-0.4746,-0.0015,0.4271,22.9014,26.9157,-4.0144
-1.1123,0.443,0.4596,-0.0544,0.4271,40.6655,44.4394,-3.7739
-1.4814,-0.3987,-0.0306,-0.7249,0.4271,11.5508,22.5896,-11.0388
-1.0095,-1.1801,-0.7444,-0.7778,0.4271,10.3399,12.9996,-2.6597
0.6842,0.5347,0.291,0.043,0.4271,72.0104,64.0983,7.9121
-0.9187,0.6605,-0.1809,-0.9191,0.4271,49.3444,38.0221,11.3222
0.6001,0.7556,-0.7332,1.1195,0.4271,65.6625,65.2848,0.3777
1.3205,0.9189,0.8332,-0.1421,0.4271,77.8285,78.1214,-0.2929
-0.9808,-0.6616,0.7497,-0.862,-2.3842,-5.4098,-3.3517,-2.058
1.1476,0.8224,0.4968,-0.072,0.4271,71.7618,73.083,-1.3212
0.2997,-0.906,-0.3577,0.4131,0.4271,39.3924,41.3612,-1.9688
1.1529,0.6574,0.1374,0.2599,0.4271,70.1321,70.826,-0.6939
0.5734,-0.5269,0.0207,-0.2188,-2.3842,13.1104,13.6753,-0.5649
1.5764,1.3656,-0.5974,1.2814,0.4271,83.8812,84.7743,-0.8931
0.5448,0.6546,0.5171,0.4807,0.4271,72.4348,68.7348,3.7001
0.6746,-0.3238,0.0467,0.1719,-2.3842,16.8949,19.959,-3.0641
0.0595,1.0927,0.7651,0.2029,0.4271,70.1628,68.4396,1.7232
0.7255,0.5129,0.1349,0.3004,0.4271,60.5573,64.8841,-4.3268
0.3398,0.028,0.4495,0.4493,0.4271,57.4499,58.7542,-1.3044
-0.9104,0.409,-0.4736,-0.5799,0.4271,33.0888,35.3884,-2.2996
-0.0597,0.5486,0.5625,0.6717,0.4271,62.2569,62.744,-0.4871
0.6842,-0.3984,-0.1913,0.3301,0.4271,54.9095,51.8915,3.018
0.9371,0.832,0.0773,-0.0713,0.4271,58.4234,67.713,-9.2895
0.4678,0.6392,-0.3935,-0.5202,0.4271,56.9226,53.7752,3.1473
-0.4205,0.0387,-0.2719,-0.2726,0.4271,49.6372,40.1615,9.4758
-1.4747,-0.0104,-0.0971,-0.6896,-2.3842,-10.7235,-6.6389,-4.0846
0.5656,-0.1641,-0.1226,-0.0227,0.4271,60.433,51.3306,9.1024
0.0223,0.8352,-0.022,0.1084,0.4271,65.7917,58.432,7.3596
-0.7239,-1.0593,-0.8377,-0.2638,-0.8474,6.1811,5.1316,1.0495
1.2558,0.8545,-0.1412,0.0571,0.4271,76.1983,70.592,5.6063
-0.2695,0.5616,0.0435,0.3315,0.4271,49.7559,54.2846,-4.5286
0.2357,1.8223,0.1795,0.05,0.4271,72.7291,72.9633,-0.2342
-0.5814,-1.8854,-1.4092,-0.8174,-2.3842,-25.1554,-29.1339,3.9786
-0.4301,-0.1794,0.0269,-0.9501,0.4271,36.6337,35.1958,1.4379
0.3909,0.1755,-0.0789,0.4527,0.4271,59.2735,56.9196,2.3539
0.6885,0.4475,0.2369,0.2711,0.4271,67.9211,64.3334,3.5877
0.3212,0.2611,0.4609,1.2421,0.4271,71.1523,66.7752,4.377
1.1668,-0.3895,0.3908,0.4269,0.4271,67.8171,62.3129,5.5042
0.1785,1.0105,-0.6762,0.5297,0.4271,60.5882,59.974,0.6141
0.8299,0.67,0.0265,0.5463,0.4271,69.6086,68.6442,0.9644
0.8178,-0.3195,-0.2693,0.5147,-1.1097,49.5208,36.6362,12.8846
-0.7745,-0.0457,0.1367,0.3309,0.4271,42.246,42.7579,-0.5119
0.151,1.8262,0.2882,0.588,0.4271,74.5883,76.6752,-2.0868
-0.1447,0.6148,-0.0522,-0.0,0.4271,57.4109,53.1794,4.2314
0.2591,0.6344,0.7268,0.6731,0.4271,74.6575,68.3979,6.2596
0.4641,-0.568,-0.3274,-0.7512,-0.8474,18.9377,23.9218,-4.9842
-0.3472,0.9972,0.2334,-0.7354,0.4271,50.3416,52.3954,-2.0538
-0.1598,0.9718,0.9906,-0.1472,0.4271,67.6192,64.0309,3.5884
0.5187,0.6752,0.5438,-0.1939,0.4271,71.1706,64.2037,6.9669
0.5405,0.3398,0.2108,0.1701,0.4271,59.4635,60.6335,-1.17
0.7084,0.9918,0.7217,0.1709,0.4271,64.519,73.7002,-9.1812
-0.2198,0.6771,-0.5843,0.5341,0.4271,46.6227,52.6936,-6.0708
-0.0197,-0.8564,-0.5464,0.202,0.4271,27.132,35.5775,-8.4455
-0.0473,-0.9781,0.0106,0.1606,0.4271,34.4755,37.9103,-3.4348
0.036,0.8182,0.8491,0.1881,0.4271,61.1147,65.6441,-4.5294
-0.8212,-0.0298,-0.1118,-0.0704,0.4271,38.5675,37.7357,0.8318
0.2193,0.4778,0.1035,0.1573,0.4271,56.3628,57.8293,-1.4665
1.4132,-0.2741,0.8303,0.2764,-2.3842,26.8444,35.1863,-8.3419
0.0552,-0.1631,0.3795,-0.3689,0.4271,38.2585,47.3315,-9.073
0.8872,-0.5653,0.2326,-0.4665,-2.3842,23.8087,16.5144,7.2943
0.4431,-0.391,-0.8698,-0.1366,0.4271,39.8009,40.9274,-1.1265
0.6581,-0.3365,0.5384,-0.136,0.4271,43.9483,54.683,-10.7347
1.3384,1.4886,0.76,0.2091,0.4271,77.2381,86.5979,-9.3598
-1.5122,-1.9164,0.1324,-1.0904,-0.8474,-14.0145,-11.235,-2.7794
-0.1718,-0.697,0.014,0.2151,0.4271,48.1471,40.1416,8.0055
1.5427,0.7902,0.3619,0.5524,0.4271,79.5398,80.2565,-0.7168
0.3051,-0.4761,0.2642,-0.1583,0.4271,44.5896,47.0659,-2.4763
1.0926,1.2819,0.8243,0.1691,0.4271,86.594,81.8572,4.7368
-0.1128,0.0057,-0.2302,-0.0755,0.4271,37.7164,44.7776,-7.0613
-0.1147,0.4638,-0.0793,-0.1992,0.4271,48.6641,50.2101,-1.546
0.3863,0.2884,0.2305,0.1798,0.4271,51.9491,58.6229,-6.6738
-0.1074,0.047,0.172,0.9894,0.4271,62.8008,55.7957,7.005
-0.3104,-0.8936,-0.3734,1.1676,-2.3842,0.069,6.6881,-6.6191
1.0383,-0.1762,0.6624,-0.1305,0.4271,56.7637,61.5501,-4.7865
1.0824,1.1715,0.2493,0.1172,0.4271,75.6036,75.7209,-0.1173
-0.1716,1.6412,0.8043,0.3329,0.4271,69.0507,73.3361,-4.2855
-0.625,-1.1072,-0.7341,0.0223,0.4271,25.8903,23.5786,2.3117
0.911,1.0904,1.015,0.2949,0.4271,82.431,80.0992,2.3318
0.7327,0.2367,0.0409,-0.3453,0.4271,55.4196,56.6445,-1.2248
-1.0901,-1.4502,-0.5897,0.3981,0.4271,23.0196,18.4618,4.5578
-0.2704,-0.2827,-0.0384,0.0879,0.4271,33.4122,42.4585,-9.0464
1.0274,0.9539,0.2267,1.2215,0.4271,81.7509,80.1868,1.5641
0.5439,0.6548,0.2971,0.0075,0.4271,67.8426,63.747,4.0956
0.5825,-0.3813,-0.2142,-0.2303,-2.3842,24.3087,13.5227,10.786
0.2861,0.1619,0.2611,0.0517,0.4271,58.296,55.472,2.8239
0.993,0.7492,0.5466,0.4876,0.4271,74.1765,74.876,-0.6996
-1.6256,-1.3204,-1.3775,-0.5469,0.4271,-4.832,1.554,-6.386
0.7891,0.0906,0.6072,-0.139,0.4271,60.3635,61.396,-1.0325
0.0743,0.4397,-0.4333,-0.2419,0.4271,45.3016,48.9426,-3.641
-0.1734,-0.5551,-0.5407,-0.6957,0.4271,32.1222,31.1233,0.9989
0.6598,0.7981,-0.1318,0.423,0.4271,65.4166,66.1878,-0.7712
0.9677,0.4454,-0.2508,-0.0881,0.4271,62.6625,61.0532,1.6093
-1.5299,-0.3702,0.3909,-0.6557,0.4271,26.6694,26.1137,0.5557
0.3128,0.9457,-1.0741,1.2523,0.4271,60.5859,62.644,-2.0581
-0.8393,-0.393,0.1786,-0.2223,0.4271,38.1144,34.6351,3.4793
-0.3578,-0.2703,-0.4482,-0.1661,0.4271,38.6433,36.743,1.9003
-0.9935,-0.7408,0.2692,0.085,-2.3842,4.8562,-1.4948,6.351
-1.3824,-0.2281,-0.7004,0.2034,0.4271,18.5794,26.8688,-8.2895
1.1725,2.2484,0.6043,0.9077,0.4271,85.5686,97.0203,-11.4517
0.2508,-0.2638,-0.1626,0.1186,0.4271,52.5806,47.5121,5.0685
0.4314,0.1534,0.078,0.035,0.4271,46.9561,55.4078,-8.4517
-0.4723,-0.3301,0.1816,0.3989,0.4271,40.084,43.6161,-3.5321
0.1177,1.3708,-0.4639,0.1333,0.4271,65.2948,62.2508,3.0439
0.7318,0.8725,0.3675,-0.0062,0.4271,61.448,68.6551,-7.2071
-1.0294,-1.3243,-0.9849,0.7877,-2.3842,-7.8394,-13.2037,5.3644
-0.3401,0.7424,0.3437,0.1453,0.4271,58.6146,56.5764,2.0382
0.3628,0.0527,-0.6381,-0.3475,0.4271,37.2122,45.373,-8.1608
-0.1812,-0.9507,-0.0481,-0.5629,-2.3842,-0.3995,-2.0953,1.6958
-0.6704,-1.5159,-0.1549,-1.0011,0.4271,13.848,15.8402,-1.9922
0.4959,0.6945,0.0964,0.497,0.4271,54.4048,65.5369,-11.1321
0.2319,0.1334,0.4404,0.435,-2.3842,27.0392,25.2162,1.8229
-0.4498,-0.7031,-0.0362,0.4146,0.4271,39.4862,38.0964,1.3898
-1.0711,-1.3791,-1.2588,0.2126,0.4271,14.0299,13.0278,1.0021
-0.1801,-0.6184,-0.5989,-0.004,0.4271,41.7374,34.7,7.0374
1.0291,1.6485,0.4866,-0.0106,0.4271,80.0233,81.4502,-1.4269
-1.7024,-0.6021,-0.824,-0.7905,0.4271,1.4274,11.3742,-9.9468
-0.2771,-0.5744,0.5,-0.2646,0.4271,40.2017,40.797,-0.5953
0.8544,0.9185,0.3933,-0.2978,0.4271,69.3141,68.6565,0.6575
1.1603,1.427,0.8077,0.7455,0.4271,91.6676,88.0916,3.576
1.326,0.7586,0.7697,0.3269,0.4271,78.9485,79.1486,-0.2001
0.6027,1.1054,0.5732,0.1841,0.4271,70.3244,72.795,-2.4705
0.2703,-0.8988,-0.0375,0.6715,0.4271,35.2142,45.3865,-10.1723
0.8598,1.7602,0.5163,0.628,0.4271,87.7998,85.5609,2.2389
0.4722,-0.7991,-0.4945,0.7689,0.4271,42.7648,45.8324,-3.0676
0.3902,-0.1149,-0.3667,-0.0686,0.4271,50.8458,47.8083,3.0374
1.6631,1.4041,0.699,0.3266,0.4271,88.4082,89.4729,-1.0647
0.7349,-0.4708,-0.8722,0.1594,0.4271,51.2358,45.1959,6.0399
-0.9966,-0.7504,0.3428,-0.7187,-0.8474,16.4613,11.603,4.8583
0.7081,0.1904,0.4185,-0.2297,0.4271,57.6456,59.5677,-1.9221
1.5495,1.1245,0.5286,0.5981,0.4271,87.6325,85.6882,1.9443
0.686,0.1004,0.249,-0.3579,0.4271,57.5988,56.1254,1.4734
-1.3481,-0.8203,0.9839,-0.217,-0.8474,11.6428,15.4704,-3.8277
-0.6747,-1.3228,-0.912,-0.8295,0.4271,9.5566,13.3333,-3.7767
0.3086,0.9382,0.7778,0.0699,0.4271,72.5717,68.5435,4.0283
-0.5992,0.0475,0.0327,-0.5451,0.4271,35.085,38.7953,-3.7103
0.7458,0.2256,0.2607,0.008,-0.8474,51.8253,45.6652,6.1601
0.3226,-0.0884,0.3263,-0.2591,0.4271,50.6445,51.3897,-0.7452
-1.6241,-0.7502,0.1538,-0.0967,0.4271,23.1965,22.8923,0.3041
-0.7011,-0.1723,-0.6391,-0.9721,0.4271,39.1385,27.0963,12.0422
0.2296,0.9472,0.5791,0.4054,0.4271,74.2076,68.6022,5.6055
-0.0953,-0.8285,0.1185,0.0196,0.4271,43.8856,38.9292,4.9564
0.545,0.6235,0.2866,-0.2176,0.4271,70.6607,61.7608,8.9
0.2219,0.3817,0.4539,0.5246,0.4271,64.8481,62.0263,2.8218
-0.8024,-0.4352,0.5282,0.343,0.4271,50.7853,41.1765,9.6088
-0.9974,-0.3763,-0.1315,-0.994,-2.3842,-13.1314,-8.0187,-5.1127
0.1397,-0.2498,0.2541,-0.0073,0.4271,46.0829,48.8109,-2.7279
-0.225,-1.2385,0.3076,0.3512,0.4271,32.5865,36.6886,-4.1022
-0.5142,-0.3602,0.383,-0.8547,-0.8474,16.4704,20.5235,-4.053
1.0289,0.8823,0.3871,-0.0401,0.4271,74.4814,71.862,2.6193
1.2861,0.5453,-0.6339,0.6021,0.4271,68.2409,67.4365,0.8044
0.3041,-0.2984,-0.0759,0.2192,0.4271,46.3837,49.0609,-2.6773
-0.3188,0.6189,-0.7787,-0.2714,0.4271,46.5048,43.8843,2.6204
1.2486,0.1112,-0.5345,0.8758,0.4271,57.137,64.822,-7.6849
-1.4062,-1.0743,0.1444,-0.7032,0.4271,17.04,17.2955,-0.2555
-0.8313,0.582,-0.2328,0.277,0.4271,51.6776,45.9905,5.6871
-0.5541,-0.1208,-0.7969,-0.1235,-0.8474,13.4055,18.7921,-5.3866
0.5334,1.498,1.0835,0.6154,0.4271,83.841,83.3921,0.4489
-0.2011,-0.5407,-0.587,0.0272,0.4271,44.0521,35.6561,8.396
0.9158,1.2678,-0.0763,-0.1345,0.4271,69.7131,70.765,-1.052
-0.2477,-0.6672,0.6202,0.0082,0.4271,38.7248,42.8904,-4.1657
0.0838,0.5432,0.3467,-0.086,0.4271,57.8057,57.2931,0.5126
-0.635,-1.2433,0.2504,-0.3789,0.4271,22.959,26.7274,-3.7683
0.7832,0.0176,-0.2029,-0.3108,0.4271,50.5722,53.0869,-2.5148
0.8684,0.6231,0.282,0.2661,0.4271,74.6745,68.5481,6.1264
0.3157,-0.7532,0.1264,0.8395,0.4271,46.2457,49.9394,-3.6936
0.3966,0.5539,0.8546,0.1053,0.4271,72.9342,66.0026,6.9315
-0.724,-0.7045,-2.633,-0.2984,-2.3842,-22.6719,-23.1909,0.519
1.4111,-0.1236,0.1641,0.5612,-2.3842,41.8071,33.7099,8.0973
1.8951,1.4826,0.3812,0.5211,0.4271,89.0848,91.7483,-2.6635
0.4278,0.0788,0.1218,-0.6238,0.4271,54.2528,50.2889,3.9638
-0.8155,-0.2794,0.3376,-0.121,0.4271,44.503,38.0956,6.4074
0.3672,0.476,0.0399,0.1868,0.4271,67.1368,59.1101,8.0267
0.2447,-0.1916,0.1146,-0.5741,0.4271,42.7694,45.5765,-2.8072
1.209,0.4147,-0.6513,0.7084,0.4271,59.9427,65.7471,-5.8044
-0.4169,0.4548,-0.2583,0.1019,0.4271,44.1016,47.5869,-3.4853
-0.0015,0.7181,-0.2463,0.0167,0.4271,61.4825,54.4984,6.9841
0.0515,0.9304,0.3496,-0.195,0.4271,66.4231,60.5663,5.8568
-0.0751,-0.2743,0.2965,0.3149,0.4271,43.0781,48.7996,-5.7215
-0.1484,1.1869,0.8886,-0.3011,0.4271,57.0477,64.7182,-7.6705
-1.8112,-1.396,-0.4741,-0.1934,-2.3842,-30.4467,-25.2762,-5.1706
-0.1806,-1.0059,0.6742,0.179,0.4271,48.4384,41.4026,7.0358
-0.3106,-0.0635,-0.571,0.7698,0.4271,38.5696,45.1341,-6.5645
0.8948,-0.2925,0.4572,0.1864,0.4271,58.5361,59.3295,-0.7934
0.3814,0.0922,0.2778,-0.6543,0.4271,60.6499,50.9298,9.7201
0.0478,0.014,-0.6581,0.1227,0.4271,52.1245,44.6772,7.4473
0.0371,0.9077,-0.038,-0.449,0.4271,65.4372,55.4094,10.0279
-1.483,-0.5512,-0.4798,0.4164,0.4271,25.7994,25.3345,0.4649
-0.4711,-0.8729,-0.849,0.3559,0.4271,27.9669,29.2977,-1.3308
0.0029,-0.6867,0.9489,0.2938,0.4271,47.7949,49.8706,-2.0757
-0.3212,-0.9102,-0.8351,-0.7306,0.4271,16.9269,23.0384,-6.1115
0.2149,-0.1426,0.2081,0.7107,0.4271,64.4621,55.4586,9.0035
1.5585,1.3055,0.2842,1.6075,0.4271,89.8537,92.9563,-3.1026
1.3218,0.5955,-0.0865,-0.0019,0.4271,68.5784,68.3981,0.1803
-1.7635,-0.0494,0.1839,-0.1502,0.4271,17.1822,29.1397,-11.9575
0.8705,-0.1498,-0.7582,0.022,0.4271,60.6944,50.1793,10.5151
-0.23,-0.2868,0.5782,0.1278,0.4271,49.3212,47.8652,1.456
-1.769,0.7438,-0.1963,-0.5821,0.4271,21.8333,32.072,-10.2387
-1.62,-0.826,0.6466,-0.2318,-0.8474,11.5815,9.7958,1.7857
0.2349,-0.2147,0.3515,-0.9434,0.4271,47.7552,44.4671,3.2881
-1.7057,-0.5985,-0.2858,-0.8178,0.4271,11.9755,15.3295,-3.3539
0.8704,-0.2775,0.2868,0.3434,0.4271,51.7823,59.0165,-7.2342
-0.6586,-0.953,-1.1895,-0.4256,0.4271,7.7908,18.336,-10.5452
0.453,0.8441,0.5109,0.6887,0.4271,71.9116,71.2811,0.6305
-1.4495,-1.1576,-0.8118,-0.002,-0.8474,0.3338,-1.7297,2.0635
-1.5754,-1.1891,0.3668,-0.5762,0.4271,14.4957,16.7858,-2.2901
0.3384,-0.682,0.5624,-0.5022,0.4271,46.5881,45.0121,1.576
0.572,0.3543,0.3822,0.1115,0.4271,65.7658,62.0455,3.7203
-0.0532,0.9274,-0.2323,0.0477,0.4271,64.1639,56.6205,7.5434
-0.6991,-0.5707,0.2353,-0.9891,0.4271,25.9074,29.2452,-3.3378
-0.7585,-1.5628,-1.1517,-0.8836,-0.8474,-8.6284,-7.626,-1.0024
-0.6651,-0.2292,-0.1663,0.2454,-0.8474,34.3927,23.7994,10.5932
-1.3226,0.4007,-0.4643,0.0126,0.4271,31.8021,35.069,-3.2669
0.3422,0.8352,0.2445,0.2227,0.4271,63.1588,64.7057,-1.5469
-0.541,-0.4395,-0.2141,0.1761,0.4271,44.5691,37.0573,7.5117
0.2774,-0.8126,-0.282,0.1307,0.4271,37.0927,40.792,-3.6993
0.3291,-0.5368,0.435,-0.3721,0.4271,50.0534,46.4671,3.5862
-1.2264,-1.1922,-0.5931,-0.6733,-2.3842,-24.8198,-20.9696,-3.8502
0.6826,-1.1601,-0.7419,-0.0905,-2.3842,-8.0247,2.7504,-10.7751
0.7278,0.0789,0.4341,0.0898,0.4271,70.704,60.8675,9.8366
-1.4156,-0.6603,0.7211,0.3196,0.4271,30.8332,33.3957,-2.5624
-0.0886,-0.3919,-0.1139,-0.2859,0.4271,35.4253,39.9983,-4.573
0.1815,0.4482,0.2055,0.0431,0.4271,54.7159,57.0839,-2.3681
0.2263,-0.0916,0.1513,0.5533,0.4271,55.4936,54.6233,0.8704
0.639,0.0129,0.0647,0.201,0.4271,58.6831,57.1039,1.5792
0.525,-0.3304,0.7052,-0.3743,0.4271,53.6487,52.9517,0.697
0.7967,0.1679,0.1762,0.6431,0.4271,63.4368,64.467,-1.0302
0.104,-0.0116,-0.2911,0.617,0.4271,50.9616,51.2508,-0.2893
1.1177,-0.0678,0.3645,0.6836,0.4271,74.9,66.9871,7.9129
0.3884,-0.1994,-0.7449,-0.1045,0.4271,39.3761,43.6808,-4.3047
-0.0891,-0.3339,-0.2214,-0.4876,0.4271,34.6877,38.4158,-3.728
-0.087,-0.7614,-0.7915,-0.016,0.4271,26.007,32.5248,-6.5178
0.1392,0.0564,0.8336,-0.0919,0.4271,56.6031,56.1178,0.4853
0.5208,0.761,0.6452,-0.7102,0.4271,63.3318,62.3824,0.9494
1.1276,0.3479,-0.3912,0.4568,-0.8474,62.6827,49.2351,13.4476
-0.9117,-0.5511,-0.9559,0.1104,0.4271,24.471,25.666,-1.195
0.2603,-0.4244,-0.6689,0.9617,0.4271,49.8858,47.7735,2.1123
-0.576,-0.934,-0.8632,-0.4796,-2.3842,-1.6762,-11.8303,10.1541
-0.4295,-0.4083,0.3807,-0.3379,0.4271,36.1492,39.6053,-3.4561
0.9665,0.6645,0.3054,0.1643,0.4271,72.5568,69.5361,3.0207
0.4038,-0.3548,0.5506,-0.4159,-0.8474,42.1269,34.7589,7.368
0.0695,-1.3194,0.1839,0.5666,0.4271,31.3228,39.4796,-8.1568
0.0481,0.8691,0.3781,-0.4434,0.4271,53.5191,58.3336,-4.8145
0.3565,0.6297,0.3723,-0.6566,0.4271,55.5745,57.4195,-1.8451
-0.353,-0.5505,-0.0704,-0.7222,0.4271,37.1437,32.6835,4.4603
1.0189,0.3011,0.2861,0.4112,0.4271,65.8256,67.579,-1.7534
-0.4507,-0.491,-0.0728,-0.0319,0.4271,40.4764,37.0864,3.3901
1.042,0.9082,0.3088,0.0933,0.4271,68.587,72.6186,-4.0316
0.3489,-0.2248,-0.1186,-0.2086,0.4271,47.8837,47.0656,0.8182
-1.4961,-0.8557,-1.3138,-0.7261,0.4271,-5.607,7.4128,-13.0198
0.2514,0.9358,0.1128,0.1651,0.4271,62.7881,63.45,-0.6619
-1.2832,-1.2887,0.9728,-0.058,-2.3842,-6.6007,-6.3388,-0.2619
-0.0716,-0.1138,0.0525,-0.2917,0.4271,34.1534,44.5481,-10.3946
0.5776,1.2808,-0.6795,-0.027,0.4271,61.4295,63.3936,-1.9641
1.0806,0.8395,-0.0066,0.0794,0.4271,69.3906,69.7362,-0.3456
1.5239,0.4264,0.8147,1.0715,0.4271,88.6417,83.0554,5.5863
0.3392,-0.8813,0.2482,-0.1601,-2.3842,0.8209,9.34,-8.5191
-0.1753,-0.8582,0.3435,-0.2154,0.4271,33.0442,37.8362,-4.792
-0.8052,-0.2859,0.2662,0.2715,0.4271,45.9154,40.3114,5.604
-0.5547,-0.9586,-0.0305,-0.1683,0.4271,26.0519,30.0914,-4.0394
0.8708,0.7309,-0.3094,-0.0554,0.4271,62.7827,63.0017,-0.219
-1.0779,-0.4498,0.1867,-0.5589,-2.3842,-6.6945,-4.236,-2.4585
-0.3826,-0.7901,0.0937,-0.3534,0.4271,33.4735,33.499,-0.0255
-0.8236,-1.4313,-0.2751,-0.2665,0.4271,11.4256,19.331,-7.9054
-0.1492,-0.8545,0.0431,0.3916,0.4271,35.1833,40.0647,-4.8814
-0.7148,-1.0314,-0.633,-0.9471,0.4271,12.7116,17.5087,-4.7971
0.2587,0.9896,0.1287,0.1329,0.4271,70.5405,64.031,6.5095
-0.8943,-0.8341,-0.3218,-0.1035,0.4271,19.1046,26.0629,-6.9583
0.7585,-0.2479,0.4638,0.6342,0.4271,62.9494,61.5337,1.4156
1.4039,1.2672,0.597,0.2404,0.4271,83.66,83.7728,-0.1128
-0.2297,-0.7941,0.7061,-0.2101,0.4271,44.3161,40.799,3.5171
1.083,0.2539,-0.0088,0.6372,0.4271,71.1778,67.0383,4.1395
0.2698,0.6649,-0.2939,-0.453,0.4271,54.7776,53.1755,1.6021
0.8739,0.9601,0.5175,0.5262,0.4271,71.145,76.0168,-4.8718
0.7962,0.116,0.2169,0.0877,0.4271,58.3177,60.3306,-2.0129
-0.8593,0.1059,0.7523,-0.1121,0.4271,42.1995,45.2118,-3.0123
-0.8142,-0.2795,-0.0314,0.4283,0.4271,36.2822,39.0873,-2.8051
-0.0027,0.4417,-0.2088,-0.6535,0.4271,39.8991,47.0062,-7.1071
-0.0205,-0.5691,-0.0872,-0.3196,0.4271,48.1873,38.7075,9.4798
-0.2377,-0.1598,1.0603,-0.4088,0.4271,48.1294,49.1909,-1.0615
-0.289,-0.3118,0.2128,0.1953,0.4271,44.369,44.6095,-0.2405
-1.4668,-1.166,0.4132,-0.6369,-2.3842,-16.7547,-15.2554,-1.4993
0.2835,0.1544,-0.1983,0.0094,0.4271,40.2177,51.5308,-11.3131
-0.3807,-0.4849,0.2148,-0.6592,0.4271,31.846,35.7572,-3.9112
-0.6394,-0.8832,0.4061,-0.6505,-2.3842,0.1669,-3.3602,3.5271
-1.5647,-1.022,-0.1023,-0.996,-0.8474,-8.5184,-2.8903,-5.6281
-0.2031,-1.1716,0.0795,0.3208,0.4271,36.9934,35.7092,1.2842
1.0485,0.3414,1.0153,-0.0999,0.4271,69.5071,70.4071,-0.9
0.7679,-0.3177,-0.2584,0.3675,-2.3842,15.4406,20.0404,-4.5998
-0.4876,-0.2713,0.1792,0.0594,0.4271,43.6815,41.7356,1.9459
-0.6288,0.5636,0.1508,-0.2356,0.4271,47.0339,47.3418,-0.3079
-0.5329,0.028,-0.0903,0.0291,-2.3842,8.2427,8.9319,-0.6891
-1.0472,-0.6472,-0.4539,-0.2907,0.4271,31.0741,24.2082,6.8659
1.3898,1.3641,0.4778,0.2041,0.4271,81.4161,83.5414,-2.1253
0.2743,1.2409,0.1687,0.5429,0.4271,65.9258,70.1833,-4.2576
0.0925,0.514,-0.5115,-0.0411,0.4271,54.0941,50.7688,3.3254
1.3137,0.511,-0.2839,0.2524,0.4271,62.0096,67.6091,-5.5995
-0.9144,-0.6687,0.7116,-0.8052,0.4271,22.7321,30.7791,-8.0469
-0.0832,0.9402,-0.0212,-0.5765,0.4271,50.3325,53.7285,-3.396
-0.6248,-0.6664,-0.4519,-0.4434,0.4271,39.028,27.4722,11.5558
-1.1198,-1.7389,0.168,-0.0535,0.4271,10.2372,17.5879,-7.3506
0.8112,0.9482,-0.5344,0.2252,0.4271,69.837,65.0253,4.8116
-0.1772,-0.6885,0.7506,-0.0782,-0.8474,23.1463,28.6673,-5.521
0.3438,-0.3063,-0.1315,0.2632,0.4271,46.8697,49.2758,-2.4061
0.2083,0.7653,0.3482,0.2102,0.4271,60.4326,63.1956,-2.763
1.3483,-0.2381,0.4889,0.2084,0.4271,79.8115,65.1968,14.6147
-0.1885,-0.5623,-0.2776,0.2365,0.4271,49.7001,39.384,10.3161
-0.4888,-0.8688,0.2931,-0.7848,-2.3842,-3.5612,-3.3877,-0.1734
-0.7281,-0.4846,-0.5291,-1.092,0.4271,23.646,23.3069,0.3391
-0.0655,-0.2204,-0.4506,0.3597,0.4271,42.3219,44.0719,-1.75
-0.3241,-0.3233,0.2892,-0.0363,0.4271,41.2148,43.0824,-1.8676
0.0324,-1.3852,0.6995,-0.301,0.4271,33.9736,36.2782,-2.3045
0.7973,-0.0289,-0.9218,0.6741,0.4271,60.8579,54.0295,6.8284
-0.0871,0.7766,-0.2498,-0.0176,0.4271,53.4119,53.9726,-0.5607
0.2403,-0.384,-0.3353,0.4483,0.4271,36.4753,47.01,-10.5347
0.1379,-0.8214,-1.2523,0.7039,-0.8474,21.9562,20.5754,1.3808
0.501,0.1143,0.4301,0.3956,0.4271,50.9263,60.9295,-10.0033
-0.7949,-0.6916,-0.5268,-0.1288,0.4271,28.3636,26.9771,1.3865
-0.5576,-0.4157,-0.221,0.0494,0.4271,41.5332,36.2117,5.3215
-0.1796,-0.3868,0.9128,-0.4991,0.4271,41.8831,45.4969,-3.6138
1.0399,1.0741,0.9149,0.1843,0.4271,77.4021,79.7575,-2.3554
0.4933,-0.7088,-0.3671,-0.6649,0.4271,37.0252,38.0862,-1.061
-0.507,-1.1934,0.3474,-0.0878,0.4271,36.6103,31.4287,5.1817
-0.9695,-0.6829,-0.048,-0.5435,0.4271,34.3712,26.0044,8.3668
0.5044,0.7807,0.3908,0.8848,0.4271,68.0328,71.5578,-3.5251
0.1084,-0.7278,0.555,0.3273,-2.3842,14.0988,14.3413,-0.2426
0.9442,0.328,-0.1722,0.8397,0.4271,61.5155,66.5348,-5.0193
0.485,1.4535,-0.5911,0.693,0.4271,68.0298,70.0281,-1.9982
-0.4413,0.4984,0.4974,0.5606,0.4271,64.6912,56.8181,7.8731
1.2252,-0.6921,0.0742,-0.1365,-2.3842,30.544,19.7855,10.7585
-0.4863,-0.8206,-0.2011,-0.0834,-0.8474,6.787,16.5132,-9.7262
-0.8697,0.4984,-0.4834,0.5768,0.4271,49.2161,44.7951,4.421
0.5744,0.0452,0.419,-0.4449,0.4271,57.353,55.0121,2.3409
0.0148,-0.6749,0.4312,0.1914,0.4271,47.7428,45.4364,2.3064
0.1179,0.589,0.4953,0.4281,0.4271,62.5721,62.8913,-0.3192
-0.3639,-1.0211,0.8098,-0.4793,0.4271,40.1349,35.7365,4.3984
-0.6767,-1.4863,0.0529,-0.1268,0.4271,23.1162,23.7808,-0.6646
1.2715,-0.192,0.0615,0.1979,0.4271,64.9714,61.5312,3.4402
0.7942,0.4619,0.444,0.2046,0.4271,63.4197,66.7595,-3.3397
0.1856,1.1429,0.5992,0.2461,0.4271,69.487,69.3785,0.1086
0.8573,0.7794,0.4977,0.4665,0.4271,76.1749,73.2399,2.935
-0.768,-1.0534,-1.1046,0.1676,-0.8474,9.944,5.6706,4.2734
0.5277,0.9333,-0.1794,0.6424,0.4271,74.5135,67.4517,7.0617
0.1213,0.3744,0.38,0.1622,0.4271,64.308,57.7784,6.5296
0.447,-0.4642,0.0543,0.0058,0.4271,51.3305,48.2452,3.0854
-0.218,0.4705,0.5777,0.1078,-0.8474,29.2642,41.2259,-11.9617
1.3348,0.4541,0.5362,0.232,0.4271,74.7994,73.3628,1.4366
-0.041,0.2632,0.3116,-0.3932,0.4271,50.3649,50.4032,-0.0383
-0.1972,0.547,0.4093,-0.2962,0.4271,59.8055,53.3457,6.4599
0.9003,0.05,0.1541,-0.5587,0.4271,47.0694,55.7279,-8.6585
0.1671,0.784,-0.3886,-0.7762,0.4271,53.73,50.4387,3.2913
-1.7597,-1.4521,-2.4745,-0.4895,-2.3842,-38.4873,-42.8021,4.3148
1.1976,0.2154,0.0614,0.3938,0.4271,67.3122,66.681,0.6312
-0.1878,-0.0273,0.7876,-0.2568,0.4271,44.0106,50.1739,-6.1633
-0.0351,-0.4332,0.67,0.0722,0.4271,54.7048,48.6271,6.0778
0.9008,0.7815,0.3467,-0.4174,0.4271,65.1789,66.4231,-1.2441
0.5876,1.8073,0.3948,0.2999,0.4271,77.4576,79.9587,-2.5012
-1.1418,-0.2944,-0.9135,-0.362,0.4271,17.4819,23.1307,-5.6488
0.9659,0.3907,1.0135,0.1797,0.4271,70.8991,72.0066,-1.1075
0.6716,-0.6498,0.7464,-0.687,0.4271,46.9043,49.0729,-2.1686
1.0419,0.163,0.4958,-0.2476,0.4271,57.9724,63.3072,-5.3348
-0.3082,0.3493,-0.5085,-0.4102,0.4271,38.2796,42.0805,-3.8008
0.9473,0.5807,-1.0655,0.1792,0.4271,68.4449,57.9446,10.5003
0.0608,0.5688,-0.3557,0.2096,0.4271,57.6668,53.9867,3.6801
-1.6799,-1.4162,-1.1321,-0.1845,-2.3842,-28.361,-29.0951,0.7341
0.171,-0.3679,0.299,-0.7883,0.4271,49.1464,42.7345,6.4119
-0.3428,-0.3165,-0.7804,0.2277,-0.8474,18.9552,21.4241,-2.4688
0.6074,0.974,-0.4842,-0.6141,0.4271,58.1448,57.6855,0.4593
1.2085,0.7621,0.556,0.7105,0.4271,69.6936,78.9523,-9.2587
-0.3157,0.1331,-1.1635,0.3607,0.4271,48.6337,39.8883,8.7454
0.5428,-1.0063,-0.4712,0.4586,0.4271,38.2058,42.2801,-4.0744
-0.3306,-0.3728,-0.0502,-0.109,0.4271,44.9781,39.3399,5.6382
0.2594,-0.0157,0.218,0.0852,0.4271,50.5898,53.0907,-2.501
-0.3848,-0.574,-0.3934,0.1935,0.4271,43.6225,35.9594,7.663
-0.2147,0.8568,0.1844,-0.0776,0.4271,62.5488,56.4314,6.1174
-0.4756,-0.4089,-0.0934,0.5056,0.4271,45.0887,41.3198,3.7689
0.0068,0.9011,-0.1798,0.3607,0.4271,58.0004,59.5477,-1.5473
-0.5205,0.3458,1.0732,-0.1486,0.4271,55.6844,53.7531,1.9313
-1.1599,-1.6316,0.1795,-0.8781,-1.1097,1.4601,-5.5366,6.9967
1.7678,1.9962,0.3255,1.4244,0.4271,90.7749,102.0098,-11.2349
-0.472,-0.3165,-0.2679,-0.5,0.4271,36.8882,34.0664,2.8218
-1.1053,-0.8687,0.6724,0.5011,-0.8474,23.4924,20.1221,3.3702
0.8532,0.1849,-0.1943,-0.4342,0.4271,59.2412,54.9264,4.3148
0.9656,0.6769,-0.377,-0.0405,0.4271,65.4598,62.9916,2.4682
0.6465,0.0077,0.0465,0.3095,0.4271,59.2023,57.7392,1.4631
0.1015,-0.6686,0.2081,0.879,-0.8474,42.2648,34.3577,7.9071
-0.0228,-0.9107,-0.9439,-0.6327,-1.1097,-2.2347,7.8165,-10.0512
0.879,-0.5857,-0.0615,0.2178,0.4271,48.2702,52.0906,-3.8204
-0.4805,-0.7216,0.2821,-0.8755,-1.1097,13.2099,12.782,0.4279
0.4665,-0.3974,-0.4279,-0.3049,-2.3842,4.8468,9.9362,-5.0894
-1.5752,-1.0111,-0.8352,-0.859,-2.3842,-27.4323,-25.8231,-1.6092
1.068,0.3018,0.1653,0.6929,0.4271,73.9824,69.1419,4.8405
-0.458,-1.2649,0.1147,-0.2555,0.4271,19.8497,28.1936,-8.3439
-0.0078,0.4577,-0.6454,0.0613,0.4271,54.5012,48.7416,5.7595
-1.2983,-0.2541,-0.3158,-1.0966,0.4271,10.525,21.3984,-10.8734
-1.5813,-0.8771,-0.5162,-0.5247,0.4271,13.1508,13.7956,-0.6448
-0.2789,-0.3648,-1.1901,-0.0148,-0.8474,25.9707,16.7281,9.2426
-0.3276,-0.4534,0.2678,-0.3303,0.4271,41.0028,39.3732,1.6296
0.6371,0.7888,-0.9557,0.3527,0.4271,55.8457,59.0118,-3.1661
-1.2605,-0.7857,0.5915,-0.5333,-2.3842,-7.6283,-6.6774,-0.9509
0.7489,0.0731,0.7962,0.0694,0.4271,63.0605,63.6717,-0.6113
0.9886,0.6095,-0.5259,0.57,0.4271,62.3764,65.5795,-3.2032
0.3651,-0.0767,0.241,-0.6068,0.4271,42.1037,48.9042,-6.8005
0.1249,-0.3547,0.599,-0.1604,0.4271,52.206,49.0613,3.1448
1.3921,1.1333,0.456,1.0176,0.4271,88.6818,86.4588,2.2231
-0.0168,-1.0469,-0.6998,0.2799,0.4271,44.0744,32.8279,11.2465
-0.8936,-1.4347,0.4143,-0.1099,0.4271,25.4347,24.9351,0.4996
-1.5834,-0.8781,-0.4312,-0.4659,0.4271,9.7907,14.8242,-5.0335
0.638,-0.1589,-0.7399,0.294,0.4271,56.8159,49.6184,7.1975
-0.5747,-1.2484,-0.5743,0.2674,0.4271,17.8665,25.4643,-7.5978
0.3652,0.5839,-0.2119,0.6407,0.4271,61.1921,61.52,-0.3279
1.5508,1.0167,0.9078,1.1419,0.4271,89.8522,91.1864,-1.3342
-0.3342,0.7814,-0.0031,0.4,0.4271,63.7789,56.1802,7.5987
0.236,-0.419,0.1188,0.3043,0.4271,44.0162,49.0641,-5.0479
-1.1032,-0.2991,-0.9337,0.1904,-2.3842,-5.788,-6.2233,0.4353
-1.2057,-1.0374,0.1484,-0.7724,-2.3842,-19.0202,-13.9923,-5.028
0.7751,-0.3756,-0.1372,0.1255,0.4271,48.7224,52.117,-3.3946
-1.6577,-0.4653,-0.1999,0.2507,-2.3842,-3.5503,-7.9695,4.4192
0.4584,-0.006,-0.2492,-0.7307,0.4271,57.8758,46.0652,11.8106
0.104,0.0878,0.2055,0.1658,0.4271,55.8463,53.0534,2.7929
-0.0985,-1.4686,0.4191,0.4278,-2.3842,-3.1894,3.4467,-6.636
0.2094,-0.4395,0.1985,0.0138,0.4271,43.7488,47.1424,-3.3936
-0.5274,0.17,-0.1969,0.3322,0.4271,44.4552,45.2734,-0.8183
0.921,0.9252,0.6323,0.3505,0.4271,84.1435,75.7901,8.3534
-0.7271,0.1414,-0.394,-0.5955,0.4271,33.7004,34.8479,-1.1476
-0.8606,-0.186,0.4168,-0.0315,0.4271,39.1946,39.8932,-0.6986
0.5534,0.0626,-0.1687,0.033,0.4271,54.26,53.7827,0.4773
-1.5181,-1.2292,-0.0051,0.3926,-0.8474,5.295,5.6795,-0.3844
-0.6011,-0.1514,-0.8896,-0.8881,0.4271,22.8297,27.0572,-4.2275
0.5076,-0.9702,-0.2554,-0.9002,0.4271,30.9941,34.5255,-3.5315
-0.0368,-0.2762,0.1544,-0.1532,0.4271,36.4917,44.8414,-8.3498
0.8877,1.0241,0.3901,-0.3461,0.4271,70.532,69.8407,0.6913
0.4831,-1.0791,-0.3923,0.197,-1.1097,16.6889,21.3531,-4.6642
0.154,0.6097,-0.429,0.26,0.4271,63.2818,55.2314,8.0503
0.1095,0.08,-1.2646,0.5851,0.4271,41.6459,44.6282,-2.9823
0.0867,0.3269,0.093,-1.1484,0.4271,46.8603,45.5551,1.3052
-0.7054,-0.5738,-1.2933,0.2929,0.4271,27.8723,26.2941,1.5782
0.7539,0.1962,0.1888,-0.2482,0.4271,43.5973,58.2288,-14.6315
-0.9231,-0.6252,-0.1466,-0.4241,0.4271,25.1581,27.2225,-2.0644
-0.0665,-0.2873,-0.8578,-0.1194,0.4271,24.3341,36.8463,-12.5123
0.3363,-0.0821,-1.1314,-0.083,0.4271,45.347,41.6163,3.7306
0.3159,0.6956,-0.3334,-0.0765,0.4271,53.8599,56.3281,-2.4682
-0.3222,-0.6963,0.2923,-0.7917,-0.8474,7.1721,18.5409,-11.3688
0.4255,0.1261,-0.62,-0.297,0.4271,53.6136,47.3603,6.2533
0.1364,-1.0617,0.2312,-0.1594,0.4271,37.4509,38.412,-0.9611
-0.2482,0.2566,0.3359,0.4087,0.4271,50.8303,53.869,-3.0387
-0.668,-1.1855,-0.7805,-0.1294,-2.3842,-7.0145,-12.5736,5.5591
0.5097,0.0904,0.1568,0.005,0.4271,61.3279,55.9366,5.3913
-0.1603,-0.1485,-0.2224,-0.7836,0.4271,41.7416,37.6722,4.0694
-0.4302,0.206,-0.4277,0.2777,0.4271,53.4752,44.5657,8.9095
1.1689,1.4518,0.828,-0.0568,0.4271,75.8606,83.0419,-7.1812
0.6783,0.4867,0.1578,-1.0722,0.4271,52.7253,54.719,-1.9937
-0.3666,0.4707,-1.6562,-0.25,0.4271,33.7645,35.1031,-1.3386
0.6406,0.9776,0.4515,-0.0211,0.4271,58.9201,69.4012,-10.4811
0.1592,-0.1198,0.6409,0.4931,0.4271,59.6237,56.9348,2.6888
-0.623,-0.1523,-0.8542,0.6902,0.4271,36.995,38.0562,-1.0612
-0.0869,0.168,0.741,-0.6525,0.4271,51.6324,50.341,1.2914
-0.7179,0.2457,0.2628,-0.2317,0.4271,37.6428,43.7004,-6.0576
0.7998,0.5192,0.6054,0.0571,0.4271,72.8749,67.6802,5.1947
1.3324,1.654,0.6345,-0.1747,0.4271,81.4701,84.7584,-3.2883
-0.7244,-0.3495,0.3237,-0.0535,0.4271,44.773,38.6458,6.1272
-1.4374,-1.3913,-0.5431,-0.0428,-0.8474,-3.3313,-2.4445,-0.8868
0.6621,0.573,0.7851,-0.87,0.4271,57.8858,61.7486,-3.8628
-0.3444,-0.6264,0.5202,0.456,0.4271,44.4791,44.6566,-0.1776
-0.3829,-1.3673,-1.076,-0.3717,0.4271,13.5338,17.8797,-4.3458
-0.351,-0.4049,0.7221,-0.5281,0.4271,44.1666,41.7901,2.3765
0.3207,1.3618,0.0437,0.2785,0.4271,63.4233,69.2401,-5.8167
-1.2883,0.2187,0.4254,-0.8588,0.4271,34.7405,34.1779,0.5626
1.2028,1.5499,0.7879,0.9466,0.4271,91.4331,91.1747,0.2584
-0.5294,-0.6527,0.9779,-0.1621,-0.8474,28.366,26.4627,1.9033
-0.5995,-1.2041,-0.3711,-0.4306,-0.8474,6.8609,7.2666,-0.4057
-1.4594,-0.3116,-0.9356,-0.0365,-2.3842,-20.3933,-11.7726,-8.6207
-0.0467,0.9542,0.7541,0.5099,0.4271,66.0842,67.7941,-1.7099
-0.113,-0.4555,0.3395,-0.865,0.4271,39.0879,38.4849,0.603
1.1695,0.9697,0.8371,0.6025,0.4271,83.6447,82.28,1.3648
-0.852,-0.3289,-1.0188,-0.1566,-0.8474,13.3061,11.3231,1.983
-0.1415,-0.1602,-0.5656,-0.0303,0.4271,48.997,40.3377,8.6593
-0.2373,-0.6067,-0.3306,0.1322,0.4271,45.5632,37.2289,8.3343
0.2231,-0.2178,-0.4696,-0.752,0.4271,39.6471,39.3193,0.3278
-0.3359,-0.3412,-1.0248,-0.2389,0.4271,38.2869,31.2372,7.0497
0.9327,0.4637,0.6412,0.299,0.4271,67.85,70.4374,-2.5873
0.7166,0.3417,1.0835,0.0111,0.4271,78.6647,68.1516,10.5132
-0.2556,0.7854,-0.4594,-0.0646,0.4271,40.8773,50.3283,-9.451
0.8732,1.7676,-0.5476,0.285,0.4271,65.6963,75.2176,-9.5213
-0.7039,-0.8526,-0.2048,-0.6841,0.4271,19.0183,24.7584,-5.7401
0.8873,-0.6113,0.2814,-0.1324,0.4271,43.7442,52.0955,-8.3513
1.375,0.5426,0.2018,0.1724,0.4271,69.7124,71.8015,-2.0891
-0.8025,-0.9767,0.1447,0.3247,0.4271,35.3907,32.0075,3.3832
0.8822,-0.5076,0.3626,0.0726,-2.3842,15.9052,21.8564,-5.9512
-0.624,-0.7202,-0.6578,0.1681,-0.8474,18.4454,14.4009,4.0445
-0.3562,-1.4262,-0.8179,0.1792,-2.3842,-10.7331,-10.0804,-0.6527
-0.2968,-0.8895,-0.1214,-0.241,0.4271,27.7799,32.4275,-4.6475
-0.2559,-0.2757,-0.7364,-0.9968,0.4271,31.2705,29.7813,1.4891
0.4014,-0.3503,-0.1757,-0.1062,0.4271,39.6642,46.49,-6.8258
-0.5271,-0.8775,-0.4146,-0.4997,0.4271,23.7852,26.0406,-2.2554
1.0177,1.592,0.7797,0.6363,0.4271,86.1549,87.4445,-1.2896
-0.2879,-1.4128,0.7459,-1.2417,-2.3842,-11.1287,-7.0457,-4.083
-1.5006,-1.5299,-0.5722,-0.1539,-2.3842,-22.5168,-23.934,1.4173
0.8261,0.5622,0.3056,-0.1266,0.4271,71.972,64.8615,7.1105
0.1229,0.0736,-0.4041,0.3669,-0.8474,34.3863,34.6621,-0.2758
0.7362,0.8213,0.7734,0.7595,0.4271,71.0129,76.5694,-5.5566
-0.2805,-0.6406,-0.2589,-0.276,0.4271,36.2927,34.0993,2.1934
-0.9981,-1.8483,-0.9315,0.1427,-0.8474,-4.146,-4.5747,0.4287
1.0119,1.2127,0.8237,-0.2442,0.4271,75.1023,77.3349,-2.2326
1.3845,1.2994,-0.0044,0.405,0.4271,76.9387,80.4444,-3.5056
0.0602,-0.5333,0.5371,0.0008,0.4271,42.7061,47.0031,-4.297
0.0002,-0.3264,-0.837,-0.0223,0.4271,35.4065,37.9559,-2.5494
-1.8113,-0.4782,0.2068,-0.7063,0.4271,25.8209,20.1166,5.7043
0.9448,0.4152,0.2507,0.7047,0.4271,70.0963,69.8367,0.2596
-0.3757,-0.3592,0.1369,-0.2083,0.4271,40.1989,39.7595,0.4394
-0.7042,-1.3569,-0.6683,0.1785,-2.3842,-16.8325,-11.8842,-4.9484
-0.3475,-0.4326,0.0162,-0.1527,0.4271,53.2985,38.6937,14.6047
0.3612,0.5219,-0.0031,0.6986,0.4271,63.1483,62.7892,0.3591
-0.9605,0.1159,0.7959,0.0448,-0.8474,31.4754,30.524,0.9514
0.8844,1.1957,0.3188,0.8576,0.4271,74.47,79.5536,-5.0836
1.1422,-0.1941,0.1736,0.0109,0.4271,58.5713,59.6857,-1.1144
0.9385,0.4048,-0.2114,0.8944,0.4271,69.7217,67.4166,2.3051
0.8318,0.8325,0.0625,0.483,0.4271,67.5012,70.3286,-2.8274
1.3283,0.8596,0.1865,0.6218,0.4271,74.224,77.8721,-3.6481
-0.2447,-1.0525,0.219,-0.4684,-2.3842,5.496,-1.2094,6.7054
-0.3773,-1.4734,-1.5127,-0.6767,-2.3842,-20.5797,-22.1328,1.5531
0.2613,0.5665,0.3169,-0.0101,0.4271,61.5153,59.7553,1.7601
-1.3614,-1.3534,-0.7273,-0.3989,-2.3842,-22.402,-23.3544,0.9523
-0.6537,-0.9621,-0.0276,-0.3637,0.4271,29.0363,27.6557,1.3806
0.3983,0.1813,-0.208,0.2938,0.4271,56.2606,54.9667,1.2939
0.4596,-0.4788,0.2864,-0.4596,-0.8474,22.9459,31.6255,-8.6795
-0.2593,-0.8985,-1.2513,-0.6379,-0.8474,9.5932,6.1345,3.4587
1.1773,-0.2959,0.925,0.1243,0.4271,64.2818,65.4855,-1.2037
-0.5022,-0.8593,-0.6508,-0.5501,-0.8474,18.6185,9.203,9.4155
0.2946,0.5329,-0.4529,0.0851,0.4271,58.4309,54.4739,3.9571
0.0221,-0.7757,0.1036,-0.5062,-2.3842,0.9737,3.6125,-2.6388
-0.3486,-0.1641,0.2758,0.1066,0.4271,51.355,45.5011,5.854
-0.4731,0.4923,0.2635,0.3548,0.4271,57.1204,53.1784,3.942
1.2966,0.9114,0.4251,-0.0376,0.4271,76.1668,75.3671,0.7997
0.3126,-0.4401,0.1164,0.2654,0.4271,54.4869,49.3592,5.1277
0.185,0.1054,0.1044,-0.1685,0.4271,38.7719,51.0181,-12.2462
1.671,1.4401,0.6516,0.7353,0.4271,89.8138,92.4383,-2.6244
1.4189,1.5945,0.2254,0.1852,0.4271,88.0149,84.3723,3.6425
0.5685,-0.488,-0.2302,0.2373,0.4271,41.5623,48.6997,-7.1374
-0.1754,-0.269,0.0594,-0.3637,0.4271,49.9952,41.2423,8.7529
0.4906,-0.9289,0.5807,-0.0864,-2.3842,16.3615,13.4962,2.8653
0.473,-1.1309,-0.2609,-0.8934,-2.3842,1.8888,-1.0471,2.9359
-0.8258,-0.2904,0.1018,0.2925,0.4271,35.8327,38.9201,-3.0874
0.1939,-0.1256,0.2302,0.2393,0.4271,57.2995,52.3173,4.9822
0.6493,0.0409,0.2757,0.426,0.4271,65.5638,60.7171,4.8467
1.1829,0.867,0.55,0.4242,0.4271,79.2284,77.8201,1.4083
0.7831,1.0145,0.7732,0.7609,0.4271,79.923,79.2533,0.6697
0.3023,-0.8046,-0.1333,-0.6965,-0.8474,17.7868,21.4015,-3.6146
-0.6358,-1.4627,0.204,-0.0338,-2.3842,0.2556,-7.1063,7.3619
-0.2462,-0.832,0.5765,0.0525,0.4271,39.7819,41.0253,-1.2434
0.9161,0.5082,0.1331,1.4699,0.4271,73.9292,74.9894,-1.0602
-1.1976,0.4659,0.4367,-0.5513,0.4271,43.7815,40.1531,3.6284
-0.3433,0.0307,-0.0809,0.2141,0.4271,46.6282,45.7505,0.8777
-0.0333,-0.3115,-1.5401,-0.2084,0.4271,25.4924,31.0619,-5.5696
-0.9833,-0.9105,0.6471,-0.5774,-1.1097,12.3421,10.1517,2.1904
-0.546,-0.1981,-1.6467,-0.3799,0.4271,23.5115,24.8315,-1.32
0.6581,0.1564,0.165,0.1396,0.4271,52.098,59.2671,-7.1691
-0.347,0.0059,-0.2033,-0.0356,0.4271,42.015,42.7553,-0.7403
1.1898,-0.0209,0.366,0.235,-2.3842,36.1727,31.781,4.3916
-1.5993,-1.4595,-0.7635,0.2937,-2.3842,-19.7189,-22.5602,2.8413
-0.6115,0.5738,0.0613,-0.7928,0.4271,44.8974,43.0797,1.8176
-0.2847,-0.5927,0.3338,-0.5354,-0.8474,26.044,22.2077,3.8364
1.027,0.8152,0.4884,0.0307,0.4271,78.0219,72.3598,5.6621
-0.2137,-0.9206,0.2398,-0.6923,-2.3842,0.7015,-0.791,1.4925
-0.6839,-0.6257,-0.879,-0.1059,-2.3842,-3.0023,-7.0428,4.0405
-1.6055,-0.5592,-0.6406,-0.558,0.4271,22.8203,15.922,6.8984
0.2251,-0.1938,0.4717,-0.1846,0.4271,45.004,50.7964,-5.7925
1.2252,0.9416,0.247,0.2981,0.4271,66.1403,75.9042,-9.7639
-1.1068,-0.6283,-0.7976,0.455,-0.8474,2.4647,11.1806,-8.7159
0.0303,0.5238,-0.3722,-0.6115,0.4271,47.8416,47.3187,0.5229
1.2625,0.8947,-0.0841,0.7926,0.4271,79.5022,76.6677,2.8345
0.4174,-0.2799,-0.1521,-0.049,0.4271,52.2677,48.0316,4.2361
-0.0681,-0.944,-0.6894,-1.0944,-2.3842,-6.9466,-9.4371,2.4904
1.0772,0.352,0.9581,0.4489,0.4271,81.3716,74.2092,7.1624
-0.5514,-0.5913,0.8667,-0.6164,0.4271,41.7277,38.0443,3.6834
-0.3344,0.5966,1.0162,-0.2596,0.4271,62.8272,57.3583,5.4689
-0.5063,-0.963,-1.6653,0.1171,-2.3842,-11.9136,-13.4323,1.5187
-0.6014,0.2345,-0.5687,-0.2606,0.4271,40.7313,38.2248,2.5065
-1.5056,-1.1924,0.3566,0.3595,-1.1097,0.9689,5.6629,-4.6941
0.485,1.0456,0.0435,0.3595,0.4271,63.7926,68.0054,-4.2128
-0.2713,-0.7169,0.2014,0.388,0.4271,44.456,41.4971,2.9588
0.4901,-0.3391,0.9942,-0.1462,0.4271,56.9667,56.2891,0.6776
0.1823,-0.0804,-1.2144,0.4294,0.4271,45.3079,42.9095,2.3984
1.0818,0.9144,0.111,0.1773,0.4271,73.0116,72.1774,0.8342
1.3653,0.4123,0.4821,0.0696,0.4271,69.6074,71.6747,-2.0673
-1.6242,-1.6755,-0.5841,0.071,-2.3842,-27.906,-25.4234,-2.4826
-0.3277,-0.5714,0.2668,-0.0534,0.4271,40.3988,39.9632,0.4357
-0.0163,0.7485,-0.9736,0.0368,0.4271,37.7435,49.2268,-11.4833
-0.3214,-0.0449,1.0835,0.3352,0.4271,48.8289,54.9369,-6.1079
-0.7322,-0.6541,-1.2652,-0.7704,0.4271,21.1896,17.93,3.2596
0.4529,0.8417,-1.0079,1.196,0.4271,62.3656,63.0945,-0.7288
0.449,1.2576,-1.0691,-0.4532,0.4271,72.5952,55.7946,16.8005
0.6884,-0.2278,0.3754,-1.0728,0.4271,47.156,48.4626,-1.3066
-0.6939,-0.209,-0.3078,0.4058,0.4271,31.9008,38.8861,-6.9854
-0.1516,-0.7742,-1.0141,-0.1497,-0.8474,10.8522,13.9035,-3.0513
-0.4033,0.4949,-0.6438,-0.6182,0.4271,40.2044,40.2125,-0.0081
1.6422,-0.1517,0.02,0.8337,0.4271,71.3972,70.056,1.3412
0.8781,0.4461,0.5516,-0.2318,0.4271,74.4549,65.2743,9.1806
1.4549,0.9949,0.8201,0.4232,0.4271,82.4339,84.2449,-1.811
0.7558,0.6586,0.7908,0.2197,0.4271,75.0762,71.3326,3.7436
0.6481,0.3758,0.5283,-0.5341,0.4271,60.6987,59.739,0.9597
0.9214,0.9196,0.5181,0.1417,0.4271,63.7071,73.4024,-9.6953
-1.9011,-1.1813,0.3284,-0.109,0.4271,8.3746,16.3356,-7.961
-1.2208,-1.0564,0.4695,0.5723,-2.3842,-2.9276,-2.5499,-0.3777
0.7539,0.0472,-1.2674,0.5442,0.4271,45.4853,50.8576,-5.3723
0.8721,0.5515,-0.5895,0.1313,0.4271,63.5662,60.14,3.4262
-1.6811,-1.1212,-0.4745,-0.1713,0.4271,14.4901,12.7579,1.7322
-0.8787,-0.8442,-2.1081,-1.0901,0.4271,13.4827,5.5153,7.9674
-0.1916,-0.4342,-0.1406,0.0573,0.4271,33.7872,40.5996,-6.8124
-0.4176,0.5283,-0.5214,-0.0419,0.4271,47.6353,45.3827,2.2526
-0.2458,0.6009,-0.3353,-0.1164,0.4271,52.7661,48.9521,3.814
0.8948,0.7243,0.2938,0.2456,0.4271,67.7797,69.9156,-2.1359
0.7615,0.9767,0.1183,0.3584,0.4271,66.5391,70.7609,-4.2218
1.1006,1.1059,0.1812,0.1213,0.4271,71.1122,74.6823,-3.5701
-0.5456,-0.6312,-0.3435,-0.1044,0.4271,40.1511,31.9062,8.2449
-0.199,-0.3766,0.2876,0.3852,0.4271,54.9432,46.7417,8.2016
-0.9912,-1.548,-0.3648,-0.4901,0.4271,13.0862,13.9779,-0.8917
0.4986,1.0778,-0.4407,-0.1111,0.4271,60.9371,61.5179,-0.5808
0.5403,0.8697,0.0999,-0.0696,0.4271,61.1529,64.0715,-2.9185
1.3305,1.23,0.4082,0.6001,0.4271,85.7744,83.6155,2.1589
-0.6506,-0.7813,-0.1574,0.2831,0.4271,33.5447,33.2198,0.3248
1.6442,1.03,1.0469,1.0873,0.4271,85.8166,93.0285,-7.2119
-0.9056,-1.6031,-1.4346,0.215,-2.3842,-15.2211,-22.4524,7.2313
-0.0649,-0.9462,-1.4254,0.3854,-2.3842,-7.7741,-4.8034,-2.9707
0.6076,-0.2109,0.3113,0.6121,0.4271,55.1883,59.0068,-3.8185
0.49,0.1447,0.2858,-0.1002,0.4271,64.9948,56.5974,8.3974
-0.2938,0.0036,0.4617,-0.2315,0.4271,49.2474,47.0539,2.1935
1.4253,0.8692,0.2612,-1.4501,0.4271,74.072,65.1932,8.8788
-1.6098,-1.1667,-1.0101,-0.7192,-0.8474,-3.3744,-10.0601,6.6858
0.368,0.3433,0.1244,0.2812,0.4271,59.1239,58.9332,0.1907
-1.0402,-1.1693,-0.3666,-0.8968,-2.3842,-18.6461,-18.5293,-0.1168
-0.4548,-0.6058,-0.743,-0.8185,-2.3842,-7.6185,-8.2716,0.6532
1.0336,-0.4189,0.0627,0.2826,0.4271,51.9662,57.0288,-5.0625
0.1681,0.9899,0.4785,0.0511,0.4271,67.0274,65.1864,1.841
1.4198,1.6408,0.6742,0.6533,0.4271,96.791,91.6076,5.1834
-1.6332,0.0402,-0.0095,-0.5553,0.4271,33.0975,27.239,5.8586
0.3539,-0.6122,0.5239,0.227,-0.8474,41.0276,35.5924,5.4352
0.3462,-0.8286,0.5717,-0.5914,-2.3842,14.816,9.4975,5.3185
0.4983,0.0782,-1.1062,0.7759,0.4271,53.9429,51.318,2.6249
-1.6408,-1.0462,-0.0427,-0.6883,0.4271,8.5294,13.7615,-5.2321
-0.619,-0.4208,0.0519,-0.4438,-2.3842,11.4578,0.7706,10.6872
-0.3992,1.178,-0.4844,-0.2133,0.4271,51.8811,51.979,-0.0979
0.4513,-0.4407,-0.2137,0.3347,0.4271,48.7039,48.7811,-0.0772
-0.8249,-0.7499,0.8903,-0.0565,0.4271,39.1453,37.4039,1.7414
1.3138,1.1369,0.3356,0.3765,0.4271,78.7801,80.2776,-1.4975
1.1605,1.1036,0.1658,0.1583,0.4271,68.4967,75.4369,-6.9402
-0.3982,-0.847,-0.2516,0.1053,0.4271,35.5086,33.2232,2.2854
-0.3045,-0.618,-1.1944,0.1942,-0.8474,7.9519,15.0256,-7.0737
0.3156,-0.936,0.197,0.2266,-2.3842,10.4534,10.765,-0.3117
0.6396,0.4641,0.6002,0.0946,0.4271,65.717,65.5641,0.153
-0.6954,-0.5993,-0.0234,0.2194,0.4271,31.7162,35.3735,-3.6574
-0.1232,-0.0285,-0.2775,0.1704,0.4271,51.7513,45.6276,6.1237
0.7465,-0.111,0.2946,0.9286,0.4271,68.6556,63.6886,4.9669
0.4792,0.6525,0.2309,0.1348,0.4271,64.1046,63.4026,0.702
-0.9055,0.0604,0.1925,-0.6056,0.4271,37.7148,36.4678,1.247
-0.6415,-1.0966,-1.257,0.0076,0.4271,12.9388,19.3968,-6.458
-0.0283,0.3223,-0.7135,0.007,0.4271,61.798,46.0994,15.6985
1.0245,0.4498,0.5395,0.2837,0.4271,63.0656,70.3752,-7.3096
0.0905,0.5692,0.5115,-0.185,0.4271,63.5465,58.238,5.3085
-1.6545,-0.1045,0.4167,-0.1898,-2.3842,-7.3813,-2.1956,-5.1858
-1.0735,-0.5219,-0.5096,-0.7404,-0.8474,6.7,6.6399,0.0601
-0.6925,-0.5733,-0.5768,0.2885,0.4271,30.8986,31.9211,-1.0224
0.6013,0.5532,-0.3818,0.5458,0.4271,67.7448,61.7369,6.0079
0.2122,0.5976,0.8495,-0.5022,0.4271,63.1399,60.256,2.8839
-1.3327,-1.334,-0.7786,-0.8255,-2.3842,-22.659,-26.1889,3.5299
-0.5088,-1.3782,-1.5225,-0.2041,0.4271,8.9357,14.1375,-5.2019
-0.2696,-0.5175,-1.051,-0.2102,0.4271,21.9812,29.9635,-7.9823
-0.5738,0.162,0.8067,-0.3828,0.4271,50.3153,47.4379,2.8774
0.4067,0.161,0.4021,-0.1661,-2.3842,16.1666,22.9252,-6.7586
-0.0611,0.8815,0.6014,0.2087,0.4271,68.8245,63.5524,5.2721
-1.3996,-1.3868,-1.406,-0.7693,-2.3842,-29.7642,-31.9344,2.1702
-0.5437,-1.3866,-0.1737,0.1726,-2.3842,-2.5623,-6.7352,4.1729
-0.6824,-1.0214,-1.1989,-0.8485,-0.8474,2.7907,-0.8416,3.6322
-0.1439,0.5115,-0.0077,-0.4771,0.4271,44.5385,49.052,-4.5135
0.4953,1.4453,-0.1073,-0.1878,0.4271,66.6956,67.6456,-0.9499
-0.773,-0.226,-0.0271,0.0162,-2.3842,7.5467,3.9002,3.6466
0.7116,0.5214,0.0083,0.0324,0.4271,62.9595,61.9951,0.9644
-0.4666,-1.2121,0.0155,-0.4828,0.4271,25.2775,26.3518,-1.0743
-0.1377,0.2901,0.3501,0.6979,0.4271,64.0518,57.5494,6.5024
0.2841,0.4579,0.5858,-0.2237,0.4271,59.7306,59.3623,0.3684
-1.0102,-0.7413,0.1581,0.1315,-2.3842,2.2172,-2.2091,4.4263
-0.1117,-0.7846,0.3018,0.4661,0.4271,33.5833,43.7609,-10.1776
0.8411,1.2242,0.3326,0.1212,0.4271,70.1101,74.3963,-4.2861
-0.3991,0.6946,0.2416,-0.6589,0.4271,56.043,49.0306,7.0124
1.0919,0.217,0.2738,0.2216,0.4271,74.5795,66.0033,8.5763
0.724,0.6825,-0.8249,0.5025,0.4271,71.7186,60.7959,10.9227
0.3106,-1.0058,0.2689,-0.1227,-2.3842,9.1784,8.0521,1.1263
-0.5781,-0.7753,0.1512,-0.6279,0.4271,26.2388,30.1048,-3.866
-1.0123,-0.1644,-0.3651,-0.1292,0.4271,41.7777,31.8172,9.9604
1.0519,1.6132,-0.3884,0.2073,0.4271,68.3409,76.0809,-7.74
0.7883,-0.482,-0.6971,-0.1409,0.4271,37.6873,44.9016,-7.2143
0.7227,-0.2078,0.3081,0.3702,0.4271,53.9342,58.5677,-4.6335
0.4124,0.0869,-0.3504,0.2258,0.4271,64.7481,52.4879,12.2602
1.0829,1.1399,0.405,0.8214,0.4271,82.455,81.4639,0.9911
-0.7545,-1.5167,-0.3838,-0.3208,0.4271,15.1731,17.8979,-2.7248
-0.4396,-0.3352,-0.6529,-0.0133,-0.8474,27.7451,19.4816,8.2635
0.2217,0.8573,0.2458,0.2666,0.4271,64.652,63.9781,0.6739
0.1712,0.2567,0.0649,0.2085,0.4271,47.3979,54.8877,-7.4898
1.0692,1.8517,0.9643,1.1598,0.4271,95.2894,95.9756,-0.6863
0.0453,0.6707,-0.0372,-0.1611,0.4271,58.086,54.8398,3.2461
-1.2982,-0.3607,0.8318,-0.094,0.4271,32.3118,36.0002,-3.6884
0.2291,1.153,0.1689,-0.4352,0.4271,56.1637,61.9117,-5.748
-1.0483,-1.0429,-0.0848,-0.6115,-2.3842,-13.8364,-13.0422,-0.7942
-0.6671,-0.7874,0.4167,-0.6335,-2.3842,-5.3659,-2.3794,-2.9866
0.6771,-0.3332,0.7019,0.7574,-0.8474,55.6835,47.2482,8.4353
-0.2214,-0.244,-0.1321,0.1599,0.4271,41.7545,43.1982,-1.4437
-1.5173,0.7169,-1.3194,-0.3994,-0.8474,12.0259,11.9553,0.0706
-0.7342,-1.0802,-1.5396,-0.4557,0.4271,20.5362,13.1932,7.3429
1.5847,0.7375,-0.1966,0.838,0.4271,83.846,77.8027,6.0433
0.8614,1.0452,1.0809,-0.0005,0.4271,82.6966,77.5119,5.1847
0.54,-0.2263,-0.5205,0.3715,0.4271,53.0581,50.0378,3.0204
0.1176,0.106,-0.2216,0.4642,0.4271,53.5365,52.1921,1.3443
1.3359,-0.2454,-0.0236,0.2722,0.4271,67.6581,61.4822,6.1759
1.1216,1.0519,0.8607,0.3993,0.4271,82.5161,81.4599,1.0562
1.5028,1.2544,0.2019,-0.1264,0.4271,74.6341,79.0994,-4.4653
0.3716,0.6369,0.0234,0.5994,0.4271,72.1331,63.7079,8.4252
-0.4968,-0.106,0.5962,0.1721,0.4271,48.5159,47.4871,1.0288
-1.2871,-0.4371,0.443,-0.4301,-2.3842,-0.6089,-3.4672,2.8583
1.8294,1.4058,0.5132,0.7409,0.4271,91.8756,92.7245,-0.8489
-0.8051,-0.6299,-0.6883,-0.0225,0.4271,28.523,27.0573,1.4657
0.9593,0.4886,-0.4411,-0.0452,0.4271,65.2365,60.2817,4.9548
1.3352,1.5939,-0.9572,0.4383,0.4271,77.4591,76.1292,1.3299
0.4413,-0.2266,0.326,-0.1173,0.4271,46.3592,52.0904,-5.7312
-0.4316,-0.6508,0.1997,-0.1206,0.4271,31.7795,36.9744,-5.1948
0.9948,0.5588,0.3761,0.3388,0.4271,73.0156,70.4073,2.6082
-0.7354,-0.174,0.2543,-0.0355,-0.8474,30.0737,24.951,5.1227
-0.1646,0.6824,1.0111,0.4815,0.4271,68.434,65.2538,3.1803
0.5447,-0.1665,0.4896,0.8283,0.4271,66.1613,61.7069,4.4544
0.6217,0.7452,0.1705,1.0809,0.4271,74.7135,72.0833,2.6302
-0.1012,-0.2459,-0.2938,0.8499,-1.1097,34.5415,29.7577,4.7838
1.2072,0.0668,0.1834,1.0812,0.4271,73.377,70.8301,2.547
0.1407,-0.2352,0.417,-0.3329,0.4271,42.5801,47.976,-5.3959
1.2455,-0.1008,0.6053,-0.041,0.4271,59.4647,64.8002,-5.3355
0.777,-0.1672,0.4216,-0.3268,0.4271,50.2684,55.6343,-5.3659
0.1689,-0.1068,0.4431,-0.2675,0.4271,57.9465,50.3765,7.5701
-1.5634,-0.6194,0.1465,-0.8471,-0.8474,5.8048,4.6013,1.2035
0.7505,-0.9417,-0.4591,0.0028,-2.3842,7.6317,8.7571,-1.1253
0.5139,-0.7838,-0.876,-0.1767,-2.3842,2.2558,3.5433,-1.2875
0.8082,0.3157,0.374,0.3172,0.4271,63.0124,65.5087,-2.4963
-0.6139,-1.0745,0.1483,-0.8952,-2.3842,-7.7048,-8.9227,1.218
1.2442,0.5937,0.359,0.2635,0.4271,76.9989,72.8181,4.1808
0.5513,-0.3567,0.0082,0.021,0.4271,44.5335,50.3232,-5.7897
0.2925,-0.3249,-1.3636,1.1009,0.4271,40.8522,44.8603,-4.0081
-0.2326,0.1516,-0.3949,-0.2547,0.4271,38.633,42.6228,-3.9897
-0.5267,0.1786,-0.1417,-1.0388,0.4271,40.3827,36.2722,4.1105
-0.2443,0.4628,-0.5224,-0.5202,0.4271,50.9285,43.1698,7.7587
0.361,0.0427,0.6413,0.3555,0.4271,59.6008,59.972,-0.3713
-0.1035,0.4405,0.3723,0.1769,0.4271,68.271,56.1569,12.1141
0.8851,0.7601,0.2141,-0.4098,0.4271,67.8983,65.0465,2.8518
-0.3947,-1.1154,-0.1223,-0.1686,0.4271,25.0091,29.3331,-4.324
-0.3628,-0.8768,0.293,-0.4751,0.4271,46.1951,33.4239,12.7712
0.396,0.8856,-0.2759,0.0834,0.4271,62.6786,60.8766,1.802
-0.3776,-1.0258,-1.7007,-0.9365,0.4271,9.7061,13.0437,-3.3376
1.1072,0.5896,0.7449,-0.1798,0.4271,71.351,71.1925,0.1585
-0.5731,0.3944,-0.3388,0.3657,0.4271,41.3431,46.4475,-5.1043
0.057,1.3034,0.1144,-0.0957,0.4271,69.114,63.7008,5.4132
-1.3859,-1.2076,0.1911,-0.0886,0.4271,15.9611,20.6439,-4.6828
-0.8454,-0.7564,-0.8479,-0.2903,-2.3842,-13.31,-11.2838,-2.0262
-0.8047,-1.231,0.5771,-0.494,0.4271,22.4628,26.7604,-4.2976
-0.1842,-1.2226,-0.0356,-0.7755,-2.3842,-4.7768,-6.5668,1.79
-0.0625,0.8688,0.2122,0.325,0.4271,56.7806,61.2096,-4.429
0.0796,-0.3857,0.2035,-0.3004,0.4271,46.9123,44.2107,2.7016
-1.634,-0.6788,-0.276,-0.6529,-2.3842,-13.7126,-16.9819,3.2693
0.2703,-0.0197,0.6172,0.0743,0.4271,45.9077,56.158,-10.2503
0.0549,-0.034,-0.363,-0.9344,0.4271,46.9222,39.1368,7.7854
0.1344,-0.6982,-0.4906,-0.8093,0.4271,37.2813,32.4061,4.8752
0.1456,0.9475,0.3085,0.3336,0.4271,68.6681,65.1241,3.544
0.3386,-0.1351,0.7412,0.2953,0.4271,55.975,58.0813,-2.1063
0.8184,1.0977,0.7057,-0.0974,0.4271,73.8598,74.0817,-0.222
0.6867,0.7246,0.1839,1.1737,0.4271,77.9939,73.2962,4.6977
-0.4814,-1.1523,0.0763,-0.3178,-0.8474,19.35,13.3401,6.0099
0.1929,-0.1803,0.0403,0.2356,0.4271,49.5003,50.2062,-0.7058
0.1646,0.3873,-0.6007,-0.5323,0.4271,49.5643,46.0152,3.5491
0.7812,-0.4694,-0.2138,0.3274,0.4271,54.1712,51.9401,2.231
0.4042,0.7998,-0.3454,-0.0838,0.4271,64.3843,58.3028,6.0815
-0.5108,0.0383,0.0269,-0.527,-0.8474,20.4209,24.5786,-4.1576
-1.3131,-0.7229,0.8288,-0.6827,-0.8474,10.7482,12.5105,-1.7623
0.5431,0.5354,0.2913,0.2801,0.4271,68.7531,64.2453,4.5078
0.8032,0.7947,-0.9043,0.4793,0.4271,66.3659,62.1342,4.2318
-0.4111,0.5788,0.3189,0.0615,0.4271,46.6343,53.2024,-6.5681
-0.8909,-1.0106,0.1626,-0.5496,0.4271,27.2609,24.739,2.522
0.1954,-0.6995,-1.0026,0.4179,0.4271,42.0514,37.6378,4.4135
0.7149,-0.2966,0.656,-0.7343,0.4271,48.3559,52.4845,-4.1286
-0.3172,0.624,0.4117,-0.5609,0.4271,59.1635,51.105,8.0585
1.1151,0.9034,0.8377,0.553,0.4271,86.2604,80.6128,5.6476
0.0319,-0.5234,0.0789,0.478,0.4271,41.5789,46.6036,-5.0247
1.3709,0.2257,0.5736,-0.0571,0.4271,71.6563,69.4601,2.1962
-1.2912,-0.8092,-0.0666,-0.8498,-2.3842,-8.5251,-14.5336,6.0085
-0.1689,-0.4218,-1.0046,-0.9718,-0.8474,14.6284,12.0401,2.5883
0.332,0.8403,-0.6537,0.028,-0.8474,44.718,41.2485,3.4695
1.1588,1.8566,0.0676,0.3098,0.4271,82.8704,84.1841,-1.3137
-0.1857,0.2964,-0.1108,0.1248,0.4271,49.1949,49.5765,-0.3816
0.2195,-0.2295,0.7283,-0.2063,0.4271,56.2534,52.1582,4.0952
1.3366,0.9361,0.7089,1.1394,0.4271,84.9344,86.4387,-1.5044
-1.2791,-1.428,0.4105,-0.9691,-2.3842,-13.777,-18.5205,4.7435
0.8541,0.8024,0.7832,-0.0639,0.4271,70.3224,71.9738,-1.6513
0.0315,-0.6981,0.3988,-0.1387,-2.3842,15.6736,9.4105,6.2631
-1.2303,-0.3529,-1.2381,-0.0982,-2.3842,-3.3431,-12.5395,9.1963
1.0426,0.5299,0.123,0.1918,0.4271,77.6387,67.6262,10.0124
0.9877,-0.0354,0.085,-0.1097,0.4271,64.4298,58.293,6.1368
1.7803,0.7609,0.7466,0.4668,0.4271,78.3627,84.837,-6.4743
-0.256,0.8297,0.6654,0.8207,0.4271,62.9983,65.629,-2.6307
-1.3116,0.143,0.3515,-0.4597,-0.8474,21.0065,20.1406,0.8659
-1.5151,-1.5395,-1.1213,-0.3603,-2.3842,-31.0259,-29.8565,-1.1694
-0.2727,0.8346,0.4966,0.2869,0.4271,63.1305,60.496,2.6345
0.0314,0.4747,-0.3831,-0.6117,0.4271,50.1576,46.6931,3.4646
0.0502,0.303,-0.7505,0.0755,0.4271,45.0247,46.9138,-1.8892
-1.1885,-0.4828,-0.5473,0.6037,0.4271,18.8672,30.0415,-11.1742
-0.8588,-0.8132,-0.7975,-0.3631,0.4271,28.9695,21.213,7.7565
-1.284,-1.1506,0.6558,0.0562,-2.3842,-6.444,-6.441,-0.0031
0.7542,0.7427,-1.1023,-0.0889,0.4271,48.3882,55.5514,-7.1632
0.7277,0.9839,-0.0542,0.1805,0.4271,61.7723,67.9161,-6.1438
-0.9941,-0.7539,-0.3097,-0.1852,-2.3842,-5.0801,-7.9801,2.9
0.4098,0.1021,-0.5041,-0.2764,0.4271,44.1243,47.9564,-3.832
0.2616,0.4689,0.1864,0.1636,0.4271,60.4622,58.8649,1.5973
-0.7166,-0.7528,-0.8477,0.4862,0.4271,23.5677,28.9335,-5.3658
-0.4234,0.4352,0.2551,0.4927,0.4271,56.5231,53.9627,2.5604
1.1282,1.0454,0.3398,-0.8499,0.4271,70.9912,68.7683,2.2229
0.4816,0.7898,-0.3496,0.571,0.4271,62.5771,63.538,-0.9609
-1.084,-0.3829,0.4047,0.5525,-0.8474,31.8987,24.1114,7.7873
-0.3027,0.0668,-0.8297,-0.3416,0.4271,41.6316,36.9677,4.6639
-0.2616,-0.0232,0.237,-0.5141,0.4271,40.9883,43.4046,-2.4163
-0.4106,-0.6348,0.755,-0.1996,-0.8474,22.1199,25.9601,-3.8402
-0.4304,-0.9122,0.2168,-0.0785,0.4271,39.0015,34.4712,4.5304
0.1468,0.4171,-0.0771,-0.3271,0.4271,61.7583,51.6141,10.1442
-0.3868,0.1518,-0.0605,0.188,0.4271,49.2534,46.621,2.6324
1.0301,-1.0872,0.2686,0.0338,-2.3842,13.7196,15.9308,-2.2112
-0.5882,-1.3849,-0.9769,0.0377,-1.1097,3.2723,0.8318,2.4404
-0.6088,0.4255,-0.6416,-0.6573,0.4271,34.0367,36.9746,-2.9379
1.145,0.8996,-1.0721,0.6899,0.4271,73.1541,67.1477,6.0065
0.6194,0.0943,0.0927,0.1309,0.4271,65.9257,57.5371,8.3886
-0.7185,-0.8702,-0.071,-0.0996,-2.3842,2.181,-3.9023,6.0833
-0.0305,-0.7906,-1.2945,-0.9328,-0.8474,5.4546,7.4172,-1.9626
0.9089,1.071,-0.5513,0.7822,0.4271,72.7713,71.1953,1.576
-0.1424,0.7268,-0.395,-0.419,0.4271,52.3812,48.9138,3.4674
-0.2666,0.3622,-0.197,0.0913,0.4271,50.4236,48.5535,1.8701
-0.6339,-0.0742,-0.268,-0.2078,-0.8474,22.8176,21.9445,0.8731
0.235,0.1045,-0.3491,0.0478,0.4271,45.1727,49.557,-4.3843
0.1059,0.3067,-0.2755,0.2414,0.4271,56.5589,52.3601,4.1989
-1.015,-1.3375,-0.3501,0.4134,-2.3842,-16.5966,-10.9158,-5.6808
0.1385,0.3466,0.5717,0.35,0.4271,63.4718,60.4301,3.0417
1.0273,-0.3788,0.4128,0.6573,0.4271,58.7136,62.7096,-3.996
-1.1875,-0.4244,-0.9605,-0.4086,-2.3842,-3.7078,-12.906,9.1981
-0.2688,-0.6597,0.1849,0.2932,0.4271,53.5793,41.381,12.1983
-0.7192,-0.8397,-0.1346,-0.5923,0.4271,23.0198,25.917,-2.8973
0.6814,0.9412,0.5339,0.4494,0.4271,71.8428,73.3337,-1.4909
0.436,-0.5317,-0.6216,-0.1218,-2.3842,8.1845,7.8824,0.3021
0.3982,-0.5553,0.0562,0.1367,0.4271,44.4954,47.6221,-3.1267
-1.5373,-1.1091,-0.9881,0.0999,-2.3842,-16.3807,-21.0307,4.65
-1.4847,-0.2522,0.0319,-0.9796,0.4271,25.835,22.9116,2.9234
-0.3847,0.4385,0.7542,0.9172,0.4271,61.7438,61.2055,0.5383
-0.0382,-0.2836,0.5828,0.0625,0.4271,48.8953,49.5368,-0.6415
-1.2735,-1.4758,0.0961,0.4735,-2.3842,-9.057,-11.3892,2.3322
1.2839,1.2521,0.6381,0.8094,0.4271,83.9665,86.5875,-2.621
-0.4164,-0.1033,-0.5606,-0.2469,0.4271,41.1771,36.5657,4.6114
1.2087,0.479,0.6022,0.966,0.4271,75.5875,77.9024,-2.3149
0.699,1.1007,0.0699,0.3871,0.4271,67.5335,71.3126,-3.7791
-0.9503,-1.0118,-0.3623,0.1556,-2.3842,-1.049,-8.4457,7.3967
0.0993,0.8202,0.5438,0.5143,0.4271,67.1177,66.2642,0.8535
1.3701,1.8069,-0.1576,-0.1699,0.4271,69.3452,80.822,-11.4768
-0.1807,-1.019,0.1689,-0.2922,0.4271,38.4635,34.0917,4.3718
0.4925,1.066,0.2813,0.3147,0.4271,72.5966,69.8334,2.7632
1.2244,0.0216,-0.0408,0.378,0.4271,62.809,63.8925,-1.0834
-0.0873,0.0399,-0.8245,0.2958,0.4271,46.4664,43.4445,3.0219
0.5863,1.9465,-0.9713,1.0304,0.4271,70.0992,76.0762,-5.977
-0.7739,-0.852,-0.0248,-0.994,0.4271,16.6132,23.2458,-6.6326
-1.834,-0.3629,-2.865,-0.8004,-0.8474,-15.6984,-18.2586,2.5603
1.4888,1.401,0.5127,-0.1637,0.4271,82.7153,82.7294,-0.0141
0.1447,0.1342,-0.8886,0.3102,0.4271,46.5073,46.5976,-0.0903
0.265,0.0814,0.8887,0.0249,0.4271,55.1371,58.9824,-3.8453
-0.2208,-0.6318,-0.9004,0.0141,0.4271,35.6442,31.9194,3.7249
0.8853,0.5868,0.502,0.4305,0.4271,75.2877,71.1568,4.1309
-1.5459,-0.5583,-0.4338,-0.5849,0.4271,22.209,17.9746,4.2344
0.7751,0.0578,0.7403,-0.296,-0.8474,49.403,45.6699,3.7331
-0.7279,-1.2611,-0.993,-0.4714,-0.8474,4.3674,0.1812,4.1862
0.9367,0.2563,0.0841,0.9397,0.4271,66.018,68.3148,-2.2967
0.5245,1.2604,-0.1758,-0.4328,0.4271,62.937,63.6501,-0.7132
-0.7716,-0.1618,-0.3881,-0.3047,0.4271,35.0017,33.0284,1.9733
-0.192,0.3413,0.0613,0.1292,0.4271,58.2128,51.3687,6.8441
1.5597,0.716,0.416,0.6498,0.4271,77.7852,80.6967,-2.9115
1.0418,0.1383,-0.0375,0.8636,0.4271,73.7277,66.6496,7.0781
-0.3056,-0.5346,0.2465,-0.44,0.4271,36.3492,37.7698,-1.4206
-0.3415,-1.506,0.0342,-0.1455,-2.3842,-6.7192,-6.5231,-0.1961
-0.9225,-0.6428,-1.2224,0.1888,0.4271,24.5404,23.0142,1.5261
-0.6696,-0.3051,-0.3449,-0.3354,0.4271,32.0072,32.6286,-0.6214
0.8002,-0.0869,-0.196,-0.0017,0.4271,44.5318,54.2948,-9.7629
0.8002,0.9976,0.9401,1.4014,0.4271,80.0246,84.9828,-4.9582
0.3553,0.6817,-0.6185,-0.3573,0.4271,63.1325,52.4477,10.6847
1.2796,0.3473,0.6406,0.2142,0.4271,82.8515,72.2506,10.6009
-1.4036,-0.4729,-1.1364,-0.3966,-2.3842,-22.5909,-17.0365,-5.5544
-0.3239,0.1533,-0.3956,-0.209,0.4271,53.461,41.9754,11.4856
0.4116,0.9228,-0.3228,-0.4668,0.4271,53.759,57.2771,-3.518
-0.0124,-0.5569,0.4687,0.155,-0.8474,39.2214,31.3652,7.8562
-0.6375,-1.489,0.1345,-0.0691,-2.3842,-19.1343,-8.1998,-10.9345
-1.3458,-1.0708,0.1077,-0.5531,-2.3842,-12.8433,-14.6564,1.8131
0.1943,-0.3082,0.6293,0.6123,0.4271,57.5089,55.9323,1.5766
1.1814,0.1761,0.2381,0.3303,0.4271,73.033,66.9839,6.0492
-0.6493,-1.1306,0.0587,-0.8449,0.4271,23.6004,23.1283,0.472
0.9144,0.8599,-0.3084,-0.7354,0.4271,59.7828,60.2009,-0.4181
-1.2481,-0.5884,0.1699,-0.3695,0.4271,14.1179,26.9681,-12.8502
-1.3788,-0.6279,-0.2683,-0.5829,-2.3842,-14.4846,-13.13,-1.3545
-0.3997,0.521,-0.0134,0.1445,0.4271,50.1647,50.6961,-0.5313
0.7108,1.361,-0.409,0.9877,0.4271,66.0038,74.8558,-8.852
0.3625,1.0075,0.0908,-0.5094,0.4271,58.4421,60.5898,-2.1476
-0.6631,0.1649,0.2334,0.0489,0.4271,55.9772,45.1038,10.8735
0.8468,0.4774,0.2652,0.4359,-0.8474,49.0735,52.5882,-3.5146
0.4329,0.6325,-0.442,0.1038,0.4271,64.0584,57.2891,6.7692
-1.2406,0.0301,-0.5502,0.0609,0.4271,22.9158,31.4551,-8.5394
-0.0369,-0.1487,0.3147,-0.0384,0.4271,53.4344,48.3046,5.1298
0.7107,0.7714,0.3617,0.1668,0.4271,67.8211,68.4473,-0.6262
-0.4088,0.5584,-0.1308,0.4725,0.4271,45.3177,52.3958,-7.0781
0.4946,0.4061,0.3369,-0.0216,0.4271,57.2666,60.5255,-3.2589
-1.7555,-0.571,0.1311,-0.266,0.4271,23.564,22.1487,1.4152
-0.2797,0.532,0.563,0.0267,0.4271,61.861,55.7202,6.1407
-1.7223,-1.0285,-1.3678,0.2964,-2.3842,-19.2763,-23.6612,4.3849
-1.4387,-0.6295,0.1384,-0.2798,-0.8474,8.6354,9.7039,-1.0685
-0.308,0.1106,-0.2118,0.2655,0.4271,48.7041,46.3776,2.3265
-0.5406,-0.9728,-1.0642,0.4181,0.4271,25.9951,26.2056,-0.2105
0.8489,-0.6202,0.7357,0.5004,-0.8474,48.557,44.3359,4.221
1.2646,1.1486,0.3863,0.0894,0.4271,71.156,78.2753,-7.1193
0.7247,-0.9709,-0.1935,0.6615,0.4271,50.1991,48.1741,2.025
-0.4452,0.4592,0.2468,-0.8026,0.4271,51.6094,44.9321,6.6773
-0.3205,-0.2686,-0.2814,-0.1487,0.4271,39.5215,38.5643,0.9572
-0.0299,-0.035,0.1733,-0.832,-0.8474,23.4626,27.9132,-4.4506
0.6442,0.6003,0.5951,-0.4747,0.4271,60.7335,63.1492,-2.4157
-0.1425,-0.813,0.384,-0.1396,0.4271,43.3388,39.5342,3.8046
-0.3301,1.4346,0.4116,-0.0129,0.4271,65.3131,63.8896,1.4235
0.5067,-0.2691,0.1741,0.2021,0.4271,55.4339,53.3656,2.0683
-1.0607,-0.6441,0.1648,-0.7458,-2.3842,-1.376,-7.705,6.329
1.4136,1.0738,0.5864,-0.1328,0.4271,82.1212,79.0263,3.0949
-0.5208,0.8091,-1.1615,-0.4077,0.4271,43.6391,39.9672,3.6719
0.3783,0.1303,0.4805,-0.0537,0.4271,57.4199,57.0599,0.36
0.8873,0.3892,0.3471,0.212,0.4271,67.1991,66.2447,0.9544
-1.4918,-0.7641,0.6099,-0.7069,-2.3842,-17.2347,-9.9775,-7.2572
1.2605,1.1001,0.8701,0.0661,0.4271,82.7846,81.2464,1.5382
-0.2464,0.0694,-0.5968,0.5934,-0.8474,28.7763,30.7499,-1.9736
-1.0555,-0.6249,0.2345,-0.2397,0.4271,34.0921,30.0211,4.071
0.8984,-0.2608,-0.7464,0.1439,0.4271,52.8647,50.1679,2.6968
-1.5637,-2.0317,0.2491,-0.8462,-2.3842,-32.2397,-28.7453,-3.4944
0.6753,0.55,0.1968,-0.2285,0.4271,63.8745,61.5633,2.3112
-0.3519,-0.3665,0.1327,0.1827,0.4271,40.9365,42.6179,-1.6814
0.329,0.6745,-0.8411,-0.2154,0.4271,57.3629,51.3595,6.0035
-0.4178,-1.4116,0.1321,-0.0074,-2.3842,-6.0557,-4.5656,-1.4901
-1.7717,-1.1032,0.1432,-0.3775,0.4271,9.6172,15.3088,-5.6917
-1.503,-0.4128,-0.0572,-0.9104,0.4271,11.3697,20.7057,-9.336
-1.4428,-1.3957,-0.546,-0.5167,-2.3842,-27.0467,-24.125,-2.9217
-0.7389,0.3055,-0.1396,0.3352,0.4271,43.9797,44.9935,-1.0138
0.8684,0.423,0.4211,0.5616,0.4271,71.9402,69.4212,2.519
-0.5348,-0.3708,-0.5538,0.1309,0.4271,36.2428,34.9678,1.275
-0.5146,-1.3119,0.5451,-0.1451,-2.3842,0.0181,-2.261,2.279
-0.4673,-0.7172,0.2187,-1.207,0.4271,29.6409,28.4398,1.2011
0.7733,-0.0057,0.0108,0.2162,0.4271,55.143,58.0255,-2.8824
0.0106,0.4396,-1.394,0.4004,0.4271,46.9313,45.3332,1.5981
-0.6057,-0.6138,-0.8649,-0.6538,-0.8474,13.5181,8.4862,5.0319
1.2572,0.2579,0.6918,1.1212,0.4271,70.8569,77.7038,-6.847
-0.348,0.6598,0.0759,-0.8327,0.4271,46.8841,46.7053,0.1788
0.915,1.1294,-0.6122,0.4249,0.4271,64.0754,68.9651,-4.8897
0.3861,0.2736,0.5952,0.1507,0.4271,53.2833,61.0571,-7.7738
-0.6983,-1.3166,-0.0255,-0.365,0.4271,22.0259,23.1982,-1.1723
1.0544,0.965,0.3616,0.6309,0.4271,69.4321,77.5333,-8.1012
0.619,0.2676,0.6243,0.7812,0.4271,66.7356,68.092,-1.3564
0.6778,0.1417,0.7518,0.3652,0.4271,64.2199,65.3955,-1.1756
-1.4788,-0.4516,0.0484,-0.5308,0.4271,18.6076,23.9787,-5.3711
1.0319,-0.1106,0.4437,0.168,0.4271,70.7193,62.6107,8.1086
0.6784,-0.3215,0.2917,0.2302,0.4271,56.0098,55.7151,0.2947
0.6656,0.6347,0.3574,0.8494,0.4271,70.8084,71.1392,-0.3308
-0.3199,0.1679,-0.7105,-0.321,0.4271,33.1349,38.9812,-5.8463
0.64,0.3838,0.9717,0.3457,0.4271,70.9579,69.2699,1.6881
-0.3825,0.4382,-0.55,0.5307,0.4271,45.1706,48.5059,-3.3352
-0.4852,-0.3526,-0.1126,0.3505,0.4271,47.6728,40.625,7.0477
-0.0331,-0.7132,-0.668,0.2287,0.4271,44.7663,36.2941,8.4722
0.1664,-0.0473,0.3451,0.2312,0.4271,59.1823,53.7318,5.4505
-0.7479,-0.4132,0.0194,-0.0451,-2.3842,-3.06,1.9948,-5.0548
-1.732,-1.8957,-0.5778,-0.9517,-1.1097,-19.1209,-20.9738,1.8529
0.8152,-0.0714,0.5902,-0.4979,-2.3842,23.0959,23.8284,-0.7325
1.5373,-0.668,-0.0208,0.7907,0.4271,58.433,62.5124,-4.0794
-0.0414,0.314,-0.1733,-0.0409,0.4271,53.4459,49.6882,3.7578
0.9866,1.4016,0.7982,0.1762,0.4271,85.4838,81.9147,3.569
0.8153,-0.2789,0.1947,-0.1728,0.4271,47.5859,54.1142,-6.5283
0.0138,-0.2302,0.3729,0.3241,0.4271,55.3294,50.899,4.4303
0.515,1.0007,0.525,-0.0283,0.4271,67.5044,68.8299,-1.3256
-0.692,-1.0617,-1.2404,-0.9177,-2.3842,-19.6554,-20.4558,0.8004
-0.2058,-1.3424,-0.26,-0.4418,-2.3842,-17.7547,-7.5518,-10.2029
-1.4496,-0.0371,0.6402,-0.0524,0.4271,34.5425,36.8316,-2.2891
0.7253,0.503,0.2198,-0.6987,0.4271,56.4473,58.4797,-2.0324
0.9937,1.2611,0.6462,0.5295,0.4271,88.3155,81.6968,6.6188
-0.5327,-0.3507,0.1956,0.2165,-0.8474,22.6733,26.4344,-3.7611
-0.0203,-0.0084,0.6552,-0.0566,0.4271,59.8958,52.5523,7.3435
0.6859,0.8015,0.3189,0.0846,0.4271,64.9837,67.6209,-2.6371
-0.4517,-1.6311,-0.4767,0.0243,-2.3842,-8.7074,-11.86,3.1526
-0.1396,0.8672,-0.1398,0.6695,0.4271,52.3024,60.0522,-7.7498
0.3577,0.4608,0.5298,0.1448,0.4271,62.8647,62.3154,0.5492
-0.1993,0.2821,0.2945,0.1764,0.4271,52.3777,52.7475,-0.3698
0.6848,0.8052,-0.3398,-0.687,0.4271,50.0587,57.2189,-7.1601
-0.2183,0.8718,-0.709,0.3425,0.4271,54.1497,52.6078,1.5419
-0.1114,-1.0533,-0.0929,-0.5044,-2.3842,-1.4923,-2.4405,0.9482
0.5531,0.0702,-0.4584,-0.0451,0.4271,58.0302,51.0926,6.9376
0.716,-0.3882,0.2724,0.0855,0.4271,48.2616,54.2149,-5.9533
-0.379,-0.9135,0.2801,0.3791,0.4271,34.9642,38.6754,-3.7112
0.4808,0.1962,1.0835,0.0115,0.4271,62.5474,63.9918,-1.4444
0.0391,0.0167,0.1378,0.0214,0.4271,51.1478,50.0343,1.1135
1.0701,1.4929,-0.5855,0.4018,0.4271,81.7803,74.7585,7.0218
0.8757,1.6398,0.3675,0.4251,0.4271,73.6246,81.822,-8.1974
0.7352,0.1721,0.457,-0.1693,0.4271,62.6837,60.3691,2.3146
-1.1057,-0.6588,-0.2591,-0.4496,0.4271,35.7134,23.8442,11.8692
0.9785,0.0765,-0.0705,0.3562,0.4271,64.5207,61.4955,3.0252
-1.2688,-0.8338,0.0582,0.2129,-0.8474,14.0996,12.0345,2.0651
-1.2496,-0.6239,-0.4913,-0.918,0.4271,16.0748,17.6548,-1.58
-0.0399,0.3146,-0.3943,-0.2572,0.4271,47.7049,46.5072,1.1978
-0.6335,-0.3222,-0.2051,0.1716,0.4271,32.4751,37.4227,-4.9476
-0.2858,-0.8689,0.1658,-1.259,0.4271,26.0977,27.9091,-1.8114
-0.104,0.7316,0.37,0.0552,0.4271,63.2307,58.5603,4.6704
0.5763,1.4705,-0.2457,0.0912,0.4271,71.1345,69.672,1.4625
-0.7169,-0.1833,-0.6639,-0.8779,0.4271,40.6244,27.266,13.3584
-1.7176,-0.6463,1.0835,-0.0714,0.4271,25.7108,30.3888,-4.678
1.2116,0.1607,0.2533,-0.3204,0.4271,58.5202,62.7273,-4.2071
-1.5203,-0.4545,0.3659,0.0553,-2.3842,10.3064,-3.3817,13.6882
-0.7923,-0.7194,-0.5028,0.3999,-0.8474,10.9421,15.4108,-4.4687
0.2054,-0.3803,0.548,-0.1587,0.4271,46.55,49.2549,-2.7049
0.6219,0.3991,0.6203,-0.343,0.4271,63.6999,61.7568,1.943
-0.4311,-0.3042,-0.4486,0.135,0.4271,32.5629,37.6664,-5.1036
0.9777,-0.4641,-0.2153,0.3815,-2.3842,30.6911,21.0713,9.6198
0.6891,0.3051,-0.7815,-0.0441,0.4271,47.0835,52.7132,-5.6298
-0.0778,-0.2093,0.8715,-0.0105,0.4271,51.662,51.6624,-0.0004
-0.195,-0.4353,0.3277,-0.6871,-1.1097,8.3537,20.7203,-12.3665
0.4795,0.889,0.4987,0.2565,0.4271,63.8088,68.9705,-5.1617
0.1058,-0.2011,0.6234,-0.2532,0.4271,51.6144,50.127,1.4874
0.4862,-0.0675,0.9669,-0.2235,0.4271,55.8373,58.5536,-2.7162
0.7861,-0.0117,-0.7007,0.1561,0.4271,55.184,52.204,2.98
0.8292,0.2292,0.2911,0.4892,0.4271,68.9733,65.3202,3.6531
0.7581,0.5775,0.2116,0.7984,0.4271,69.0391,70.0116,-0.9724
-0.0254,0.2321,-0.0552,-0.8747,0.4271,43.3727,44.0521,-0.6794
1.3651,0.037,0.3678,0.0879,-1.1097,51.2349,48.4427,2.7922
-1.3224,0.0385,-0.4871,0.054,0.4271,27.5196,31.1108,-3.5912
-0.9437,-0.1895,-0.1637,-0.4336,0.4271,40.6278,31.7024,8.9254
-0.6716,0.9798,-0.8936,-0.5733,0.4271,38.8595,41.1796,-2.3201
-1.4621,-0.6028,-0.3829,-0.1491,0.4271,16.5101,21.7925,-5.2824
1.4682,1.0191,0.9516,0.3659,0.4271,83.7007,85.2724,-1.5717
-0.8056,1.1458,-0.4696,-0.0417,0.4271,49.7922,48.5691,1.2231
0.5443,-0.1598,0.9899,-0.1146,0.4271,55.9302,59.0726,-3.1425
-0.7716,-1.0151,-0.8061,-0.057,0.4271,35.3908,21.9382,13.4526
1.2915,0.0411,0.1977,-0.4893,0.4271,59.9649,60.6369,-0.672
-0.3608,1.1388,-1.324,-0.8645,0.4271,38.7478,40.9633,-2.2155
0.7864,0.3392,0.4966,0.6551,0.4271,65.0542,68.8326,-3.7784
-0.2217,0.6724,-1.5377,-0.0229,0.4271,35.3101,41.4148,-6.1047
1.1066,0.6775,0.5793,-0.6413,0.4271,69.6988,67.6914,2.0074
-1.5084,-0.9857,0.3634,-0.7463,-2.3842,-14.9385,-14.8166,-0.1219
0.1399,-0.6156,0.1384,0.4251,0.4271,52.584,46.8135,5.7705
-0.4109,1.0402,-1.2627,-0.9292,0.4271,35.4781,39.3384,-3.8603
0.6584,0.5622,0.0762,-0.2923,0.4271,58.6265,60.1488,-1.5222
-1.6176,-1.2585,0.0271,-0.0836,0.4271,21.1438,16.363,4.7809
1.009,1.4216,-0.0114,0.6289,0.4271,76.2802,79.2982,-3.0181
1.0532,-0.162,0.3394,-0.1146,-2.3842,20.7831,26.0965,-5.3134
1.3593,0.4387,0.1224,-0.5004,0.4271,69.5676,65.1777,4.3899
-1.5425,-1.3967,-1.4579,0.0815,-0.8474,-15.1503,-9.8046,-5.3457
1.0718,0.8042,0.1138,-0.1668,0.4271,56.8438,68.4601,-11.6162
-1.5747,-0.1744,0.5412,-0.3181,-0.8474,25.8912,16.1971,9.694
0.5691,0.6251,0.4503,0.4095,0.4271,76.9642,67.6555,9.3087
-0.2789,-0.3146,-0.2757,0.7594,0.4271,51.2666,44.8494,6.4173
-0.4616,0.5175,-0.9979,0.5537,0.4271,39.0507,45.2632,-6.2125
-0.3649,-0.6057,0.4817,0.2058,0.4271,46.3817,42.6353,3.7463
1.1054,0.3313,-0.2366,0.9802,0.4271,57.6928,68.7804,-11.0876
-0.5519,-1.2704,-0.6416,-0.1142,0.4271,20.606,22.2902,-1.6842
-0.0712,-0.0854,-0.3072,-0.7192,0.4271,26.9341,39.1324,-12.1982
-0.728,-0.8655,-1.1616,0.0655,-0.8474,12.3146,7.0629,5.2516
1.1237,0.564,0.6108,0.3252,0.4271,72.9158,73.5598,-0.6439
0.3861,-1.3582,-0.3109,-0.453,-2.3842,-5.4451,-1.8582,-3.5869
-0.4197,-0.2668,-0.2738,0.1856,0.4271,33.5449,39.9053,-6.3605
-1.3246,-0.9991,-0.773,-1.2002,-2.3842,-30.1099,-24.8965,-5.2133
-1.5543,-0.6282,-0.6058,-0.4307,0.4271,6.7133,16.847,-10.1337
0.8583,0.1627,0.459,-0.3211,0.4271,58.939,60.5427,-1.6036
0.2021,0.1193,-0.0403,-0.1433,0.4271,55.8614,50.4191,5.4423
-0.3906,-0.4922,-0.0698,-0.0599,0.4271,42.8202,37.5455,5.2747
0.5862,1.0487,0.2081,0.3615,0.4271,61.7506,70.4045,-8.6539
-1.0946,-0.8699,-0.8532,-0.7571,-2.3842,-8.4737,-18.5159,10.0422
0.9831,1.177,-0.0787,0.3426,0.4271,56.213,73.7623,-17.5493
-1.3693,-0.9515,0.4691,-0.7364,0.4271,29.8936,21.3381,8.5555
-1.1759,0.0767,0.2622,-0.2568,-2.3842,3.1347,3.315,-0.1803
-0.2406,-0.2194,-0.2209,-0.0735,-0.8474,24.6356,25.8212,-1.1857
0.1142,0.0514,0.9028,-0.2005,0.4271,63.4336,55.5714,7.8623
0.4131,-0.9959,0.6246,-0.29,-2.3842,3.2039,10.8347,-7.6308
0.7642,0.3396,0.0391,-0.181,0.4271,48.732,59.2675,-10.5356
-1.511,0.0246,-0.76,-0.4102,0.4271,19.6514,23.6079,-3.9565
1.1239,1.5427,0.6515,0.7009,0.4271,81.7285,87.4914,-5.7628
0.4915,1.2736,-1.2011,-1.0281,-0.8474,25.7942,36.2768,-10.4826
-0.2637,-0.9773,0.2987,-0.3789,0.4271,31.0154,34.0676,-3.0522
0.072,-0.0773,-0.7323,0.1205,0.4271,56.6832,43.3239,13.3593
0.1796,0.2819,0.0484,0.4131,0.4271,55.8467,56.5565,-0.7098
1.1073,0.8797,0.8007,-0.032,0.4271,72.2496,75.9115,-3.6618
-0.0169,0.08,0.4774,0.169,0.4271,55.3625,53.7845,1.578
0.5713,0.1576,0.2195,0.0077,0.4271,51.6646,57.8533,-6.1887
-0.4123,-1.1521,0.5315,0.0379,0.4271,38.4484,35.1979,3.2504
0.0822,-0.2215,0.8795,0.08,0.4271,57.7427,53.9315,3.8112
0.5374,0.6225,0.1792,-0.1645,0.4271,59.2652,61.2116,-1.9464
-0.0919,0.1176,0.1627,-0.1696,0.4271,51.6866,48.6287,3.0578
-0.4773,-0.4061,0.2327,-0.5458,-2.3842,-5.4149,3.1354,-8.5503
0.9211,1.5379,0.8917,0.659,0.4271,79.5036,86.8213,-7.3177
0.1531,-0.0012,0.3174,0.0472,0.4271,55.2339,52.6142,2.6197
0.6852,-0.468,-0.3485,-0.0246,0.4271,42.1237,47.4451,-5.3214
-0.705,-0.0462,0.5033,-0.4759,0.4271,41.7317,40.7103,1.0215
-0.7626,0.2833,-0.8883,0.4281,0.4271,29.3138,39.3736,-10.0598
1.0076,-0.0145,0.7634,-0.1141,0.4271,65.7286,63.9301,1.7985
-1.6093,-1.9952,-0.2725,0.0508,0.4271,3.2432,6.7972,-3.5541
0.6554,-0.0407,0.0655,-0.3637,0.4271,59.1289,52.7578,6.3711
-0.8131,-0.2346,0.6932,0.1316,-2.3842,7.5062,9.7167,-2.2105
1.0685,0.7901,0.751,0.4957,0.4271,80.3495,77.7737,2.5758
0.4262,-1.0616,-0.6873,0.4331,0.4271,36.4663,38.5698,-2.1035
1.2056,-0.8766,-0.1842,0.9869,0.4271,57.8927,56.7211,1.1716
-1.1641,0.1217,0.2798,-0.9973,0.4271,32.7606,32.3356,0.425
0.1927,0.151,0.445,0.0674,0.4271,61.6248,55.8724,5.7524
0.8766,0.733,0.2599,0.3922,0.4271,75.9998,70.5768,5.423
0.7424,0.2708,0.0804,0.7056,0.4271,64.6933,64.7398,-0.0465
1.734,1.4187,0.363,1.155,0.4271,94.0798,93.5701,0.5097
-0.6821,-1.2023,0.3719,0.1868,-2.3842,7.2334,-1.8494,9.0829
0.3345,0.0644,-0.3621,-0.7063,0.4271,40.1466,44.8302,-4.6836
0.4899,0.7128,-0.254,0.2213,0.4271,73.5605,61.0656,12.495
-0.0537,0.0983,-1.2308,-0.3255,0.4271,39.3206,37.017,2.3036
0.9724,0.6991,-0.7642,0.144,0.4271,64.1342,61.619,2.5151
-0.506,-0.0773,-0.0657,-0.0555,0.4271,38.0108,41.0365,-3.0257
-1.5139,-1.1141,-0.3083,-0.7509,-0.8474,-7.1527,-3.2616,-3.891
1.3817,1.0206,0.4731,0.3578,0.4271,76.891,80.6254,-3.7344
-0.0181,-0.7061,-0.0407,-0.4148,0.4271,27.845,36.8882,-9.0431
1.3766,1.4562,0.8168,0.0067,0.4271,82.3009,85.6715,-3.3706
-0.4714,-0.7362,-0.4651,0.0651,0.4271,31.7316,31.7636,-0.032
0.4415,0.6013,0.0514,-0.0275,0.4271,56.8615,59.9132,-3.0518
-0.1562,-0.8814,0.0519,-0.1812,0.4271,27.5039,35.773,-8.2692
0.0713,0.4191,-0.4134,-0.1809,0.4271,47.7535,49.2563,-1.5029
-0.5785,-0.9608,-0.4722,-0.5331,-2.3842,-10.3127,-9.5223,-0.7904
0.2946,0.1463,0.3671,-0.7406,0.4271,50.8096,50.6957,0.1139
0.3916,0.634,0.6002,0.9201,0.4271,75.1877,70.5562,4.6314
-0.3113,-1.3685,0.0477,-0.0619,-2.3842,-5.8653,-3.9694,-1.896
0.7109,0.5605,-0.2373,0.3893,0.4271,63.8477,63.0177,0.8299
-1.4362,-0.8078,0.734,-0.303,0.4271,27.2225,27.2889,-0.0664
0.9351,0.8925,-0.7181,0.7219,0.4271,65.8236,67.7664,-1.9428
0.7879,0.0501,0.6001,0.0658,0.4271,66.5022,62.2972,4.205
-0.7436,-1.0679,-0.2987,0.6488,0.4271,33.4038,30.4552,2.9486
-0.4682,0.2237,-0.6464,0.1406,0.4271,42.4679,41.7221,0.7458
1.7118,0.9726,0.3394,0.1756,0.4271,87.4366,81.327,6.1096
0.7228,0.995,0.3425,0.0042,0.4271,72.664,69.815,2.849
-0.0324,-0.5466,-0.01,-0.2497,0.4271,45.4761,39.9124,5.5637
-0.3891,-0.8883,0.3643,-0.2128,0.4271,23.5795,35.3844,-11.8049
1.1959,0.546,0.2021,0.1555,0.4271,69.0648,69.8061,-0.7413
0.8987,-0.764,0.0613,-0.1262,-2.3842,19.2871,15.4521,3.8351
-0.1166,0.5372,-0.2481,0.5316,0.4271,50.9047,54.7956,-3.8909
-0.2362,-0.0158,0.6171,0.1197,0.4271,53.5837,51.0887,2.495
-1.2692,-0.6071,-0.4355,0.1369,-0.8474,16.5258,10.2527,6.2731
-0.5445,-0.6403,0.5282,-0.2962,0.4271,39.4764,37.1892,2.2872
0.7072,1.0101,0.3896,0.7804,0.4271,75.0121,75.5761,-0.564
1.2989,1.7524,-0.596,1.0684,0.4271,81.7409,84.6815,-2.9406
1.3488,0.4437,0.6846,0.5238,0.4271,71.5307,76.5655,-5.0348
0.9151,-0.0836,0.3206,0.3875,0.4271,55.7556,62.2425,-6.4869
0.9,0.8623,0.4201,0.5905,0.4271,64.8095,74.8935,-10.0839
1.0005,-0.0834,0.7821,0.5747,0.4271,66.0551,68.0107,-1.9555
-1.6,0.5298,0.1355,-0.8312,0.4271,23.6536,32.2986,-8.6449
-0.5907,-0.9001,-0.9188,-0.5386,-0.8474,-1.1483,5.8136,-6.9619
-1.6609,0.2137,-0.192,-0.4975,0.4271,35.2034,27.8905,7.3129
0.6689,1.068,0.5386,-0.1215,0.4271,66.2996,70.6937,-4.394
-0.6637,0.8546,-0.6401,-0.6874,0.4271,40.1933,41.014,-0.8207
0.9591,0.6616,0.9269,0.0013,0.4271,70.9356,73.0738,-2.1382
-1.3034,-1.3392,0.1027,-0.1193,-2.3842,-18.957,-14.2436,-4.7134
-0.6288,0.4381,-0.1178,-0.7063,0.4271,38.1258,40.592,-2.4662
-0.278,1.1523,0.117,-0.8486,0.4271,56.4463,53.1991,3.2472
-0.4234,-0.7631,-0.8623,-0.0358,-0.8474,15.6211,13.0769,2.5442
1.4756,2.0293,0.2437,1.1646,0.4271,87.2616,96.8161,-9.5545
-0.4532,-0.1535,-0.8009,-0.1137,0.4271,33.49,34.6843,-1.1943
-1.3339,-0.909,-0.4548,-0.9507,-0.8474,-8.0958,-1.543,-6.5527
0.287,0.416,-0.7471,0.9029,0.4271,61.7689,56.4983,5.2706
-0.7462,-1.2632,0.4111,-0.6007,0.4271,23.2227,25.0068,-1.7841
-0.7242,-1.2966,-0.3552,-0.8346,-2.3842,-8.3159,-16.0539,7.738
0.687,0.1548,0.0312,-0.0376,0.4271,69.0003,57.2976,11.7028
-1.2749,-0.6798,-0.06,-1.0746,-2.3842,-12.6519,-14.4155,1.7636
-0.3402,-0.6188,-0.8166,-0.0141,0.4271,37.634,31.2349,6.3991
-0.4664,-0.3762,-0.4102,-0.1053,-0.8474,18.4882,19.9612,-1.473
-1.136,0.0675,0.8449,0.5739,0.4271,42.5014,47.2955,-4.7941
1.2892,1.7917,0.15,0.2981,0.4271,77.1663,85.4046,-8.2383
0.507,1.549,-0.3152,0.7091,0.4271,68.1431,73.5717,-5.4286
0.6407,2.0292,0.2471,0.5892,0.4271,76.769,83.8963,-7.1274
-0.0751,-1.1578,-0.9151,0.4988,-2.3842,3.1805,-2.5783,5.7589
-0.1465,0.1438,0.1488,0.889,0.4271,57.2917,55.5903,1.7013
-0.3448,-0.0438,0.2691,-0.0991,0.4271,41.4665,45.4129,-3.9464
-0.7587,0.7058,-0.7937,0.121,0.4271,41.5559,42.7612,-1.2053
-0.2596,-1.2617,-0.4157,-0.0905,0.4271,27.6264,27.4219,0.2044
0.3941,0.1234,0.338,0.2101,0.4271,62.2072,57.8883,4.3189
-0.8875,-1.102,-0.4061,0.2771,0.4271,27.2108,25.1195,2.0913
-0.2178,0.9503,0.3822,0.6394,0.4271,59.4389,63.9548,-4.5159
0.6019,0.9479,-0.0804,-0.3822,0.4271,68.1464,62.0509,6.0955
-0.3102,-0.1946,0.0535,-0.239,0.4271,43.6358,41.4572,2.1786
0.3748,1.6377,0.6274,0.3957,0.4271,76.2056,78.2267,-2.0211
-0.5632,-0.4387,-0.5105,-0.3226,0.4271,34.585,31.0821,3.5028
-0.4141,-0.1633,-0.812,0.564,0.4271,44.5658,39.6186,4.9472
-0.2181,-0.797,0.6682,0.5109,0.4271,43.6524,45.6114,-1.959
0.274,-0.9206,0.292,0.0778,-0.8474,22.6805,28.4472,-5.7667
0.8739,1.3225,0.6075,0.3034,0.4271,72.6715,79.2352,-6.5637
0.0906,0.1734,-0.213,-0.4706,0.4271,47.7779,46.2291,1.5488
-1.0636,-0.8648,0.329,-0.1921,-0.8474,12.7614,13.1527,-0.3913
-0.2362,-1.6607,-0.4938,-0.4455,0.4271,15.0587,20.1174,-5.0587
-0.8126,0.1776,0.6737,-0.204,0.4271,43.9014,45.2743,-1.3729
-0.5961,-0.3975,-0.5277,0.1227,-2.3842,-3.8816,0.7552,-4.6368
1.0562,1.0011,0.2638,0.2419,0.4271,75.4721,74.5012,0.9709
-0.1337,0.6138,0.6481,-0.2419,0.4271,56.9555,56.9922,-0.0367
-0.683,0.1607,0.381,0.0765,0.4271,52.0113,46.1712,5.8401
0.0422,-0.9961,-0.4121,-0.2002,-2.3842,1.661,-0.4926,2.1536
-0.2489,0.118,-0.6118,0.0553,0.4271,43.3577,42.5553,0.8024
0.9009,0.7969,-1.1996,0.4421,0.4271,69.3909,60.6755,8.7154
1.5903,1.2664,0.0222,0.3511,0.4271,71.3893,82.1081,-10.7189
0.9411,0.3612,0.9412,0.449,0.4271,68.5857,72.7258,-4.1402
-0.2765,0.3638,-0.876,0.3145,0.4271,54.2719,44.793,9.4789
0.9614,-0.2161,0.4277,0.434,0.4271,57.117,62.3953,-5.2783
-0.5583,-1.1757,-0.0521,1.1035,0.4271,32.8296,36.2855,-3.4559
0.1692,-0.0315,0.3366,-0.1113,-2.3842,23.8154,18.0937,5.7217
-0.6332,0.5885,0.3715,0.8515,0.4271,60.2371,56.8287,3.4084
-0.6395,0.7493,0.2679,-1.1366,0.4271,52.0696,43.9523,8.1173
-1.2047,-0.9328,0.6343,0.0725,-2.3842,-5.6197,-3.1937,-2.426
-0.3305,0.3788,0.0979,-0.8266,0.4271,47.6478,43.9433,3.7045
0.9673,-0.6212,0.1018,-0.097,-0.8474,41.4678,36.5629,4.9049
-1.7296,-1.7461,-0.8733,-0.4873,-2.3842,-31.7456,-33.4511,1.7055
0.778,-0.4386,0.9622,-0.8951,-2.3842,19.0058,19.4035,-0.3977
1.0013,0.9959,0.3677,0.3817,0.4271,74.1412,75.6266,-1.4855
-0.0832,-0.1879,-0.0876,-0.0492,0.4271,46.827,44.1973,2.6297
-0.8728,-0.0653,-0.374,0.1373,0.4271,40.7831,36.2092,4.5739
-0.3193,-0.0911,0.0486,0.1143,0.4271,54.9115,44.94,9.9715
1.4521,0.0204,0.4208,0.6868,0.4271,80.0498,72.0167,8.0331
-1.5748,-0.5138,-0.0294,-0.4583,0.4271,29.4834,22.1567,7.3267
-0.2782,-0.5285,0.7339,-0.4024,0.4271,44.4806,42.1431,2.3375
-0.215,0.9076,1.0835,0.5936,0.4271,61.4243,68.5817,-7.1575
-0.2467,0.2197,0.2778,-0.2826,0.4271,51.8662,48.2177,3.6486
-0.8083,0.1677,-1.8277,-0.1711,0.4271,27.4785,26.1939,1.2846
-1.2065,-0.4714,0.5508,-0.4623,-2.3842,11.6419,-2.3838,14.0257
0.6057,-0.1728,0.218,-0.5748,0.4271,49.4253,50.4459,-1.0206
0.711,-0.182,0.3147,0.1436,0.4271,67.2487,57.2075,10.0411
-0.6497,0.39,0.243,0.2309,0.4271,56.5477,49.1168,7.4309
-0.1264,0.6009,-1.1369,-0.5121,0.4271,42.1392,41.3141,0.8251
-1.5346,-1.3915,-0.2323,-0.4676,-0.8474,-5.5634,-4.049,-1.5144
-0.3766,-0.5846,-0.1881,0.3124,0.4271,30.2848,38.3345,-8.0497
-1.5094,-0.9696,-0.638,0.0785,-2.3842,-20.7742,-16.6175,-4.1567
-0.1747,-1.0576,-0.3315,-0.588,-0.8474,16.0392,12.6751,3.3641
-0.1529,0.2447,0.0876,-0.3065,0.4271,43.1695,47.8754,-4.7058
0.6762,1.2604,-0.2272,0.1973,0.4271,71.403,69.2589,2.1441
-0.4827,-0.405,-0.5942,0.7954,0.4271,44.0999,39.4491,4.6508
-0.5951,-0.8732,0.518,-1.2033,0.4271,34.6261,27.6451,6.981
0.2081,0.6389,0.6778,-0.3502,-0.8474,43.8373,45.2702,-1.4329
-0.4261,-1.1317,0.9295,-0.7602,0.4271,28.4396,32.7953,-4.3557
-0.8495,-0.1328,0.0913,-0.5739,0.4271,31.906,34.3361,-2.4301
-1.3167,-0.4045,0.3406,-0.6427,0.4271,39.0572,27.7154,11.3418
-1.4034,0.4801,-0.242,0.6873,0.4271,45.1268,41.4954,3.6313
-0.7628,0.2033,-0.6845,-0.6863,0.4271,29.7012,32.2948,-2.5935
-0.5138,0.4008,-1.8808,-0.3084,0.4271,33.7968,30.6071,3.1897
0.9734,0.6219,-0.1719,0.7453,0.4271,75.9179,69.4982,6.4197
-1.5309,-1.1547,-0.5619,-0.7903,-2.3842,-25.8392,-24.3834,-1.4558
-1.0246,-0.5287,-0.9082,-0.3566,-2.3842,-15.9688,-11.5702,-4.3986
-0.4451,-0.0755,-0.1159,0.6002,0.4271,55.7602,45.8803,9.8798
0.7337,0.2663,0.05,-0.101,0.4271,52.1155,58.7561,-6.6406
-0.5662,0.4768,-1.5631,-0.4377,-0.8474,21.4737,17.3042,4.1695
1.0093,0.6166,-0.4059,-0.9799,0.4271,58.3501,56.031,2.3191
-1.9235,-0.5981,-0.7663,-0.4789,0.4271,2.5122,11.6597,-9.1475
1.5089,0.8987,0.2706,-0.1209,0.4271,68.9984,75.7309,-6.7325
-0.5628,0.2694,0.3629,-0.0842,0.4271,53.6791,47.4231,6.256
-0.6189,0.6968,0.3113,-0.0133,0.4271,50.85,51.7259,-0.8759
0.7131,-0.4625,0.203,-0.102,-0.8474,35.7112,36.369,-0.6578
0.4528,0.552,0.6151,0.0795,0.4271,62.3549,64.5613,-2.2064
0.4193,-1.2484,0.1275,0.2829,-2.3842,3.3679,8.2204,-4.8525
0.4815,-1.2931,0.6072,0.1632,-2.3842,9.0328,11.2427,-2.2099
1.1599,1.183,0.8571,0.4819,0.4271,84.9965,83.8916,1.1049
0.7933,0.9174,0.2705,-0.2391,0.4271,60.8263,67.4535,-6.6272
-1.4487,-1.1721,-0.7272,-0.9377,-2.3842,-28.4963,-25.9951,-2.5013
-0.0939,-0.654,0.5768,-0.3113,0.4271,46.9196,42.1316,4.788
1.2871,0.9995,0.2807,0.5791,0.4271,70.3472,79.4313,-9.0841
0.9958,0.7336,-0.3992,0.5943,0.4271,68.2354,68.1958,0.0397
0.2924,0.4346,-0.5338,0.2281,0.4271,52.197,53.7166,-1.5196
-0.0491,-0.0705,0.3758,-0.2877,0.4271,47.2808,47.7917,-0.5109
1.3117,0.9565,0.6875,0.8107,0.4271,82.2749,83.9514,-1.6765
-0.1175,-0.3304,0.4195,-0.4579,-2.3842,9.5173,9.8889,-0.3716
-0.4852,-1.4779,-1.3647,-0.3271,-2.3842,-23.0836,-19.7714,-3.3123
0.6302,-0.0565,0.0509,0.441,0.4271,58.7296,57.7924,0.9372
1.6922,1.3694,0.84,0.6937,0.4271,92.2891,93.0309,-0.7418
-0.8625,0.5356,0.6552,-0.6088,0.4271,47.684,45.8086,1.8754
0.7576,1.5064,-0.9042,0.2623,0.4271,69.975,68.1401,1.8349
0.1392,0.6281,-0.5648,-0.0018,0.4271,48.0683,52.4155,-4.3471
0.19,0.347,0.1709,0.6142,0.4271,64.8161,59.739,5.0771
1.2967,1.5089,0.547,-0.0319,0.4271,79.2706,83.0648,-3.7942
0.4784,-0.6238,0.2303,0.1845,0.4271,47.5254,49.3833,-1.8579
-0.6954,-0.9971,0.3171,0.2588,0.4271,42.0736,33.7942,8.2794
-0.6309,-0.9969,-1.5214,-0.5639,-2.3842,-17.4853,-18.7749,1.2896
-0.6722,0.4574,0.4974,0.3892,0.4271,57.767,52.6915,5.0755
0.7753,1.3356,-0.4518,0.4247,0.4271,71.4634,71.0198,0.4437
-0.7931,-0.7039,-0.2831,-0.7545,0.4271,27.9859,24.3831,3.6027
-0.039,-0.2311,-0.533,-0.5305,-2.3842,23.0696,4.0141,19.0555
-1.6173,-1.0629,-0.6704,0.0132,0.4271,13.3863,13.8726,-0.4863
0.597,1.3629,-0.3192,0.3401,0.4271,68.2528,69.8476,-1.5949
0.2616,0.0866,-0.3035,0.8397,0.4271,59.3166,55.4969,3.8197
1.4131,0.8461,0.5893,1.2104,0.4271,86.8035,85.8187,0.9848
-0.6044,-0.1467,-0.4606,0.5362,0.4271,43.6515,40.276,3.3755
0.0374,-0.488,0.1012,-0.0316,-1.1097,22.1626,25.4327,-3.2701
0.272,-0.9108,-0.2309,-0.6772,0.4271,29.939,34.4069,-4.4679
1.5489,1.4447,0.5945,0.0852,0.4271,85.7938,86.2243,-0.4304
1.6795,-0.1752,0.702,0.1487,0.4271,77.5398,70.6758,6.864
1.5925,0.9969,0.7528,0.2469,0.4271,85.1529,83.9978,1.1551
-0.8187,-0.9131,0.0196,-0.2171,0.4271,33.765,27.8208,5.9442
-1.6776,-0.2939,-0.2529,-0.9851,-2.3842,-11.1126,-15.2528,4.1402
0.9715,0.2008,0.367,0.1029,0.4271,65.3912,64.4227,0.9685
0.9085,0.7496,0.318,0.2379,0.4271,74.9764,70.4808,4.4956
-0.1031,-1.2012,-0.8657,0.3834,0.4271,23.5362,29.6115,-6.0753
-1.7289,-0.1675,0.1975,0.0759,0.4271,25.2926,29.8583,-4.5657
-0.4943,-0.1404,-0.7118,0.0079,-0.8474,16.2572,20.7818,-4.5246
1.2134,-0.1718,1.0027,-0.5692,-0.8474,52.3645,47.9033,4.4611
-0.0433,-0.0841,0.4814,0.3518,0.4271,58.9504,52.9574,5.993
-0.975,0.6733,0.6699,-0.9118,0.4271,40.7536,44.1593,-3.4057
1.2095,0.9188,0.8293,-0.1347,0.4271,75.1382,76.9519,-1.8136
-0.8476,-0.9213,0.25,0.3174,0.4271,17.8935,32.9064,-15.013
-0.2361,-0.58,0.7369,-0.2884,0.4271,41.4036,42.8314,-1.4278
0.9287,-1.1043,0.2437,0.7119,0.4271,53.8035,52.5734,1.2301
-0.0331,0.1976,0.6056,-0.1327,0.4271,58.2569,53.8212,4.4357
-0.4355,0.4334,0.2603,-0.054,0.4271,49.6409,50.0523,-0.4114
-0.8008,-0.246,-0.7204,0.1655,0.4271,37.4782,32.4807,4.9975
0.2643,0.8322,0.4898,-0.7268,0.4271,65.7747,59.1245,6.6502
-0.5863,0.2222,-0.1771,-0.8952,0.4271,37.5256,36.85,0.6755
-1.1635,-0.7595,0.0194,-0.2235,0.4271,22.8078,25.8087,-3.0009
-1.3036,-0.5131,-1.2486,-0.8806,0.4271,20.4453,12.7545,7.6908
-0.103,-0.6767,-1.0382,-1.1104,0.4271,20.9033,23.8003,-2.8969
0.6015,-0.0448,0.1341,0.2903,0.4271,50.2171,57.2079,-6.9909
-0.2239,0.9932,0.1175,0.3991,0.4271,63.1555,60.6648,2.4907
-0.4337,-0.4016,-0.0216,-0.5394,0.4271,29.8008,35.1405,-5.3397
-0.1703,-0.0882,-1.7201,0.3304,0.4271,26.9453,34.4646,-7.5193
-0.4019,0.1794,0.1853,0.2136,0.4271,43.6943,48.8399,-5.1455
0.7064,-0.0687,0.6938,-0.013,0.4271,71.9388,60.2615,11.6772
-0.334,-0.3351,0.0671,0.2096,0.4271,51.3948,42.8446,8.5502
0.9161,1.0621,0.5019,-0.0323,0.4271,68.443,73.6137,-5.1707
-0.0808,0.4085,-0.0085,-0.3587,0.4271,55.1727,49.3865,5.7863
-0.1164,-0.0986,-0.8048,0.4976,0.4271,36.4745,43.13,-6.6555
-0.8262,-0.9732,0.1678,-0.2202,0.4271,28.081,28.1839,-0.1029
-1.183,-1.0068,-0.2936,-0.4725,-2.3842,-17.5906,-14.7199,-2.8708
-0.3726,0.5827,0.3606,-0.7096,0.4271,51.3201,48.6203,2.6999
0.4434,0.7839,0.7541,0.0996,0.4271,63.5435,68.2779,-4.7345
-1.1229,-0.8104,-0.0732,-0.7639,-2.3842,-9.0955,-12.1976,3.1021
-0.3936,-0.2118,0.2731,-0.6421,0.4271,39.9393,39.2582,0.6812
1.1831,1.2497,0.4833,0.5172,0.4271,72.1588,82.259,-10.1002
-0.0544,-0.2573,-0.7296,-0.3362,0.4271,31.4951,36.7923,-5.2972
1.4226,1.3462,0.0511,1.3657,0.4271,86.1803,88.4839,-2.3037
-0.3084,-0.1714,-0.0111,0.0428,0.4271,33.2945,43.1989,-9.9044
-0.7819,-1.5305,-0.5606,-0.2022,-0.8474,-0.5257,1.7708,-2.2966
0.2516,0.3227,-0.5768,0.3254,0.4271,52.8307,52.3672,0.4634
0.138,-0.2256,-1.1351,-0.0208,0.4271,38.6874,38.2828,0.4046
-0.6596,0.8134,0.1759,0.4627,0.4271,56.2946,54.867,1.4276
0.6667,0.2304,-0.644,-0.0469,0.4271,46.1777,52.6712,-6.4935
1.4016,0.6162,0.5053,0.4396,0.4271,80.1289,77.1067,3.0222
-1.2661,-0.996,-0.8316,-0.6873,-2.3842,-19.6233,-21.1204,1.4971
1.0711,1.485,0.3201,0.8292,0.4271,81.4257,84.6183,-3.1925
0.3175,0.6593,0.6631,-0.7223,0.4271,51.6199,59.1142,-7.4943
-0.2171,0.9011,-0.0047,-0.2408,0.4271,49.5716,54.3151,-4.7435
-0.5323,-0.7666,-0.6153,-0.5532,0.4271,20.6409,25.3151,-4.6742
0.576,-0.9073,0.0655,-0.4634,-0.8474,27.8486,26.3298,1.5189
-0.2758,-0.6489,0.6092,-0.263,-0.8474,27.2027,25.6834,1.5193
1.3787,1.0896,0.6996,0.3141,0.4271,83.9234,82.8076,1.1158
0.9755,0.8251,0.0473,0.2714,0.4271,77.7047,70.198,7.5067
0.7671,0.8114,0.37,-0.3416,0.4271,69.4162,66.0331,3.3831
0.8915,0.3295,-0.1215,0.155,0.4271,58.7322,61.6166,-2.8844
0.2187,-1.3487,-0.11,-0.2994,0.4271,25.6067,32.4682,-6.8616
0.8516,0.3882,0.1059,-0.2478,0.4271,52.3154,60.7988,-8.4833
0.4312,0.0871,0.0525,0.5993,0.4271,63.4111,58.3876,5.0236
0.5655,-0.7992,0.6787,0.2901,0.4271,55.817,52.5274,3.2896
-0.4594,-1.2122,-0.9047,-0.2105,-2.3842,-12.557,-12.1575,-0.3995
-0.8754,-0.9202,-1.1842,-0.0257,-0.8474,-2.2544,4.062,-6.3164
-0.4094,-0.8341,-0.5726,0.0647,0.4271,25.0137,30.4973,-5.4836
-0.4753,-0.6764,0.6092,-0.1242,0.4271,34.8709,39.3432,-4.4723
-0.1404,-0.9477,0.381,-0.1195,-2.3842,8.1301,4.7582,3.3719
-0.2426,1.0998,1.0835,-0.6689,0.4271,62.8311,61.6718,1.1593
-0.8317,-0.7222,0.4241,-0.5293,-2.3842,-0.8577,-2.6293,1.7717
-0.0282,1.0038,0.6621,0.972,0.4271,71.4154,71.0528,0.3626
-1.6589,-0.2686,-0.0998,-0.0087,0.4271,30.6969,26.5962,4.1007
1.2237,1.9989,0.457,0.0599,0.4271,77.6216,87.7382,-10.1165
-0.8013,-0.1491,1.0835,-0.0502,0.4271,37.0615,45.9435,-8.882
1.2408,1.092,0.8235,0.4579,0.4271,79.973,83.3097,-3.3367
-1.1335,-0.7466,0.8486,0.1112,-2.3842,-2.1665,1.5808,-3.7473
-0.1309,-0.1493,-0.368,-0.5183,0.4271,42.8973,38.7018,4.1954
1.5418,1.1933,0.4767,0.1395,0.4271,83.5884,82.7931,0.7953
-0.1266,-0.9909,0.1768,0.0709,0.4271,38.1676,37.5729,0.5948
1.1608,0.7433,-0.195,0.9503,0.4271,71.2881,74.1184,-2.8303
-0.5753,-1.2637,-0.4059,-0.2062,0.4271,18.9533,23.2896,-4.3362
-1.4653,-0.4051,0.5886,0.0539,-0.8474,26.4843,17.7266,8.7577
-0.0021,-0.0658,-0.53,-0.2877,0.4271,56.9602,41.3781,15.5821
0.8628,-0.0671,0.3116,-0.3919,0.4271,55.8972,56.3808,-0.4836
0.8921,1.1527,-0.4762,0.1084,0.4271,69.0881,67.8278,1.2603
-1.4419,0.1049,-0.5783,0.3079,0.4271,18.5063,31.6401,-13.1339
0.3239,0.1129,0.0158,0.3082,0.4271,60.75,55.2221,5.5279
0.7427,-0.2867,0.508,-0.3517,0.4271,56.608,54.4161,2.1919
-0.5681,-1.7982,-0.9192,-0.4174,-0.8474,-4.5826,-3.2037,-1.3789
0.4117,0.9004,0.1232,-0.0651,0.4271,66.8292,63.2491,3.5801
-0.617,0.2643,0.5546,0.3749,0.4271,53.5247,51.4522,2.0725
1.0916,0.9978,0.5941,-0.2214,0.4271,72.7377,74.1651,-1.4273
0.3998,0.4668,0.0561,0.2207,0.4271,58.2876,59.7169,-1.4293
-0.3577,0.1693,-0.3765,-0.0203,0.4271,47.8535,43.252,4.6015
0.2782,0.3696,0.7695,0.5999,0.4271,72.1029,65.4447,6.6582
-0.2636,-0.1683,-0.5478,-0.4881,0.4271,43.7404,35.894,7.8464
0.6843,0.2628,0.0498,0.8251,0.4271,68.9851,64.6231,4.362
-0.0661,0.1712,-0.3291,-1.1393,0.4271,40.5258,38.9832,1.5426
-0.668,0.1372,0.5146,-0.5044,0.4271,43.1009,43.0576,0.0433
0.2911,0.2016,-0.2991,0.1949,0.4271,53.7392,52.6572,1.082
-0.7855,0.3957,0.5598,0.2947,0.4271,53.5752,50.6072,2.9679
-0.0331,-1.2568,0.2722,-0.3739,-0.8474,20.6575,18.0854,2.5721
-0.6398,-0.5803,-0.4,-0.5634,-2.3842,-4.6454,-5.5551,0.9096
0.7135,1.405,0.0313,0.0413,0.4271,73.9057,72.1896,1.7161
1.3989,1.6229,0.3726,0.8576,0.4271,85.9923,90.2825,-4.2901
-0.7621,-0.5892,0.8495,0.3527,-0.8474,31.0922,27.274,3.8183
0.6193,-0.1137,0.2768,0.1026,0.4271,55.1048,56.4173,-1.3125
-0.6514,0.383,-0.0995,-0.8585,-0.8474,22.1379,23.6715,-1.5336
-0.8029,-0.008,0.0479,0.2507,0.4271,39.6009,41.6369,-2.036
-1.3588,-1.1404,-0.3705,-0.9175,0.4271,3.9032,11.6092,-7.706
1.0212,0.4991,0.6012,0.8425,0.4271,82.4649,75.253,7.2118
0.8161,0.5191,0.3187,-0.337,0.4271,69.2899,62.9091,6.3808
1.0463,0.4181,0.6286,0.3114,0.4271,68.0559,71.1309,-3.075
0.063,-0.2255,0.423,0.0809,0.4271,52.2589,50.1744,2.0845
0.1431,-0.6046,0.6148,0.0489,0.4271,52.1315,48.0222,4.1093
-0.8398,-0.3337,0.8736,0.052,-2.3842,6.4165,9.1512,-2.7347
-1.0156,-0.0354,-0.5156,-0.898,0.4271,31.8188,26.73,5.0888
-0.3241,-0.2148,-1.7578,-0.845,-2.3842,-2.3527,-10.466,8.1133
0.0826,-0.36,0.3091,-0.5999,-0.8474,16.4798,28.1219,-11.6422
-0.6583,-0.6702,-1.1656,-0.0779,0.4271,30.0776,24.1205,5.9571
-0.612,-0.9535,0.9082,0.1587,-2.3842,0.7207,5.6312,-4.9104
0.0007,-0.3018,-0.0199,0.2342,0.4271,52.8478,46.3072,6.5406
-1.386,-0.7906,0.4657,-0.8352,-2.3842,-4.0565,-11.144,7.0875
0.9007,0.421,-0.2367,0.2076,0.4271,60.1541,62.2253,-2.0712
-1.5666,-0.8281,-1.1618,0.0905,0.4271,6.8796,13.813,-6.9334
0.9747,1.4983,1.0835,0.2239,0.4271,77.6567,85.4022,-7.7455
1.406,1.2539,0.0757,1.0148,0.4271,86.8505,85.0176,1.8329
-1.4185,-0.723,0.1149,-0.4527,-2.3842,-9.9693,-10.7712,0.8019
-0.3432,1.0974,0.553,-0.2698,0.4271,62.2921,59.2606,3.0315
-0.3033,1.2227,0.8728,-0.9334,0.4271,47.4702,58.9433,-11.4732
-0.8587,-0.9917,0.4315,0.0508,0.4271,39.5636,31.5395,8.0241
0.4611,-0.1553,0.2044,-0.5212,0.4271,57.4402,49.3614,8.0788
0.8721,0.7548,0.2298,0.1205,0.4271,66.0788,68.6543,-2.5754
-1.2275,-0.6461,0.584,-0.3158,0.4271,24.8776,30.0992,-5.2216
1.1473,0.7923,0.9092,-0.363,0.4271,70.7082,73.8907,-3.1825
-0.6726,-0.0224,-1.3088,-0.5919,-0.8474,18.7578,11.4358,7.322
1.2051,0.2237,-0.7314,0.8584,0.4271,71.0584,63.9846,7.0738
0.4092,0.9522,0.1969,0.5389,0.4271,65.2722,68.5711,-3.2989
0.7144,0.9317,-0.1407,0.3943,0.4271,59.1991,68.0075,-8.8084
0.3533,-0.0299,0.1907,-0.879,-0.8474,35.9562,31.8831,4.0731
0.2791,-0.3497,-0.1589,-0.6475,0.4271,39.7746,41.5527,-1.7781
0.8869,-0.4944,0.0988,-0.2788,0.4271,47.3547,50.9835,-3.6287
0.4202,0.2422,1.0835,0.0739,0.4271,63.0275,64.2925,-1.265
-0.3195,-0.5617,0.6438,0.5033,0.4271,41.5524,46.9306,-5.3782
0.5539,-0.6164,0.3349,-0.1445,0.4271,55.0823,48.7926,6.2897
-0.3867,-0.4461,-0.5366,0.3502,0.4271,43.552,37.3648,6.1872
0.5212,-0.0598,0.4649,0.2471,0.4271,58.3533,58.4241,-0.0708
-0.2411,-1.3192,0.1898,-0.1576,-2.3842,-3.9896,-2.2338,-1.7558
0.6842,-0.5242,0.1542,0.3908,0.4271,48.195,53.5568,-5.3618
-0.0357,0.9841,0.6148,-0.3779,0.4271,57.3962,61.0048,-3.6087
-0.1054,0.5714,0.456,-1.0523,0.4271,58.9379,49.7087,9.2293
-0.73,-1.0879,-0.8991,-0.2227,0.4271,16.0407,19.6988,-3.6581
1.2487,0.8346,0.2068,0.2458,0.4271,73.2277,74.2801,-1.0525
-0.608,-0.2101,-0.2177,-0.1668,0.4271,27.7751,36.5073,-8.7322
-0.9233,-0.2601,0.4664,-0.8534,-0.8474,25.0954,17.9156,7.1799
-0.8328,-0.5063,-0.8619,0.0098,0.4271,27.1103,27.0401,0.0702
1.6502,1.0273,0.553,0.2102,0.4271,84.1993,83.1649,1.0344
-1.4888,-0.2991,0.7254,-0.765,0.4271,33.6159,29.1677,4.4481
-0.4618,-0.5448,0.2722,-0.4128,-0.8474,16.241,21.2274,-4.9864
0.2827,1.1101,-0.7157,0.0087,0.4271,62.1961,58.2848,3.9112
-0.0646,-0.1648,1.0298,0.545,0.4271,52.4451,57.3835,-4.9384
-1.6149,-1.0994,-0.739,-0.7194,-0.8474,-5.457,-7.2733,1.8164
0.4106,-1.081,-0.299,-0.7323,-2.3842,2.0515,-0.329,2.3804
-1.2758,-0.2505,-0.0309,-0.742,-0.8474,9.5463,11.1968,-1.6505
1.0031,1.1708,0.0307,-0.1017,0.4271,69.8489,71.6591,-1.8102
0.6137,-0.8352,0.3754,-0.8485,0.4271,41.0113,42.393,-1.3817
1.2252,0.1335,0.2293,0.1647,0.4271,75.964,65.7552,10.2088
1.4658,0.5386,0.3713,0.7482,0.4271,76.0157,78.0362,-2.0205
0.4097,0.2837,0.5466,0.3812,0.4271,64.3093,62.6535,1.6559
0.5385,0.4922,0.6087,-0.0181,0.4271,65.7002,64.078,1.6222
0.7593,1.319,0.2265,0.2619,0.4271,74.9588,74.7478,0.2109
0.3319,0.2523,0.296,1.0158,0.4271,61.8721,63.9491,-2.077
0.7986,0.4088,-0.3031,-0.4013,0.4271,58.7543,56.2502,2.5041
-0.8506,0.6043,-1.6531,0.1727,0.4271,38.4634,34.382,4.0814
-0.0703,-0.1742,0.2354,-0.5684,0.4271,42.1275,43.3661,-1.2386
-0.1087,0.2753,0.3851,0.144,0.4271,51.7812,54.1138,-2.3326
-0.2643,0.4733,-0.1946,-1.0647,0.4271,40.1825,41.8104,-1.6278
-1.0474,0.0412,0.1844,-0.2397,-0.8474,24.6305,22.0706,2.56
0.6517,0.9856,0.7647,0.021,0.4271,71.7862,72.3116,-0.5255
-0.7866,-1.1058,-0.0768,-0.3956,-0.8474,5.8013,8.873,-3.0717
0.0048,-0.8149,0.1249,-0.0381,0.4271,34.8221,39.8027,-4.9806
0.2828,-0.4536,-0.0185,-0.2832,0.4271,48.7288,44.0364,4.6923
-0.5743,-0.0784,0.3469,-0.025,0.4271,38.6226,43.679,-5.0564
0.5396,1.0858,-0.2422,-0.1221,0.4271,68.2265,63.4969,4.7296
-0.4908,0.2834,-1.1703,-0.5162,0.4271,39.1754,33.5546,5.6209
0.1803,-0.0985,-0.1341,-0.9792,0.4271,41.0554,41.2044,-0.149
0.6088,1.1729,0.3112,-0.4084,0.4271,68.4763,67.4856,0.9907
-0.2155,0.2655,0.2081,0.1376,0.4271,50.3932,51.4528,-1.0596
-1.6468,-0.9425,-0.673,-0.8003,-2.3842,-20.5758,-24.1628,3.587
0.4922,-0.2827,0.3704,0.2057,0.4271,59.0095,54.5924,4.4172
0.1062,-1.038,-0.6318,0.2721,-0.8474,24.4404,19.574,4.8664
-0.3924,0.3351,-0.7015,0.3292,0.4271,61.6912,44.6744,17.0168
-1.6076,-0.1734,-1.1698,-0.8464,0.4271,8.9011,14.1611,-5.26
0.4784,0.1787,0.5115,-0.1782,0.4271,69.75,58.0502,11.6998
1.1405,1.1764,-0.027,0.4837,0.4271,77.4565,76.82,0.6364
-0.0368,0.6334,-1.2786,0.3198,0.4271,46.3208,47.3314,-1.0106
0.3305,0.8202,-0.5058,0.3572,0.4271,67.5798,59.5735,8.0063
0.2576,-0.5342,0.4571,0.0908,-0.8474,44.5785,33.9785,10.6001
0.6552,0.0875,0.918,0.4569,0.4271,67.979,66.4603,1.5187
0.7731,0.1827,0.6351,-0.0141,0.4271,65.7129,63.3424,2.3705
0.0659,0.237,-0.0584,0.3258,0.4271,48.4137,53.4051,-4.9914
1.3432,0.4171,0.093,0.0863,0.4271,64.8172,68.6141,-3.797
1.2633,0.4758,0.8813,-0.0279,0.4271,80.318,73.6896,6.6283
-0.3714,0.5381,0.3035,0.1757,0.4271,58.7277,53.8461,4.8816
1.041,0.9371,0.1007,-0.1944,0.4271,67.0928,69.3313,-2.2385
0.6467,0.5436,-0.2834,0.1694,0.4271,52.5165,60.2562,-7.7397
0.3217,0.3475,0.9542,-0.6001,0.4271,64.3213,58.7428,5.5786
0.3823,0.6149,-0.1217,0.2846,0.4271,63.0154,60.2706,2.7448
-0.5449,-1.0138,0.0933,-0.7422,-0.8474,10.4202,11.3971,-0.9769
-1.0888,-0.8614,0.8022,0.3932,-2.3842,-1.651,2.3709,-4.0219
0.0152,-0.0306,0.4022,-0.6639,0.4271,38.164,46.5153,-8.3513
-0.789,-0.4965,0.2987,0.1534,0.4271,40.5108,37.5469,2.9639
0.5217,0.9906,0.6698,-0.0118,0.4271,70.3745,70.0179,0.3566
1.1729,0.4863,0.2466,0.4635,0.4271,65.8508,71.3718,-5.521
0.5549,0.5878,0.3567,0.9456,0.4271,66.9214,70.0896,-3.1682
0.1359,-1.1943,-0.4082,0.5943,0.4271,42.6198,37.235,5.3847
0.3249,-0.2453,-0.1493,-0.5658,0.4271,46.5801,43.8597,2.7204
-0.3787,-0.6535,0.4938,0.1146,-0.8474,16.9609,26.2671,-9.3062
0.0053,0.7925,-0.228,1.0718,0.4271,66.7119,62.8816,3.8304
0.2168,-0.1838,0.0893,0.0726,0.4271,50.948,49.6666,1.2814
0.8917,-0.4575,0.5306,-0.1879,-0.8474,37.7304,40.2625,-2.5322
-0.4988,-0.699,0.5665,0.0292,0.4271,46.9884,39.5757,7.4127
0.8665,0.5638,-0.3715,0.2828,0.4271,61.0705,62.9501,-1.8796
0.2151,0.9183,0.3913,-0.0952,0.4271,59.0457,63.1977,-4.1519
-0.2345,0.4675,-1.0291,-0.2988,0.4271,43.7374,40.9676,2.7697
-0.2729,0.138,0.8216,0.1225,0.4271,62.4165,54.0182,8.3983
0.4294,0.1108,0.2081,-0.3912,0.4271,51.451,52.9473,-1.4963
0.5472,-1.0378,-0.0822,0.3286,-2.3842,10.0646,10.6634,-0.5988
0.1308,-0.2268,0.3686,-0.072,0.4271,33.9594,49.4053,-15.4458
-0.5524,-1.3925,-0.6372,0.0274,-2.3842,-7.6443,-11.4697,3.8253
-1.779,-0.7832,-0.8178,-0.9596,0.4271,9.8007,7.3886,2.4121
-0.0892,-1.0994,0.4061,0.1998,-2.3842,1.7634,6.0137,-4.2503
1.2953,1.4916,-1.4925,0.8524,0.4271,66.2704,73.3104,-7.04
1.0857,1.0132,0.6123,-0.0926,0.4271,76.0096,75.3106,0.699
1.6445,1.8131,0.2948,0.5866,0.4271,89.1746,92.5701,-3.3955
1.5381,0.7901,0.422,0.6571,0.4271,83.2144,81.3959,1.8185
-1.3973,-1.5717,0.1672,-0.0233,-2.3842,-12.5106,-16.701,4.1904
0.0794,-0.2937,0.5146,0.3529,0.4271,54.547,52.1784,2.3686
-0.5198,0.2961,0.4344,-0.8435,0.4271,58.8282,43.457,15.3712
1.4483,0.815,0.4035,1.0513,0.4271,81.8163,83.3115,-1.4952
0.3702,0.0075,-0.7407,0.3429,0.4271,48.2429,48.9527,-0.7099
-0.8933,-1.0998,0.3965,-0.0691,-2.3842,-8.2537,-4.5478,-3.7059
0.3647,0.5057,0.3078,0.5028,0.4271,64.2708,63.675,0.5958
0.1557,0.5679,0.2757,0.7595,0.4271,62.6966,63.6727,-0.9761
0.7754,0.036,0.1186,0.5559,0.4271,66.5324,61.7068,4.8256
0.5774,0.1701,-0.4292,-0.2837,-2.3842,22.5621,17.6439,4.9182
-0.1838,0.3191,-0.171,0.3007,0.4271,56.3477,50.6113,5.7363
-0.5578,0.369,-0.9208,-0.8017,0.4271,31.2869,33.7348,-2.4479
1.4978,-0.0135,0.5979,0.6703,0.4271,75.441,73.3728,2.0682
0.1725,-0.948,0.1889,-0.4054,0.4271,32.5864,38.0416,-5.4552
1.0963,-0.4775,0.2282,-0.1647,-2.3842,24.1732,21.8054,2.3678
0.3368,0.1487,-1.2969,0.581,0.4271,49.149,47.5593,1.5897
-0.7962,-0.286,-0.0881,-0.4816,-0.8474,14.3557,17.3049,-2.9492
0.1204,-0.0127,-0.537,-0.6925,0.4271,40.4829,40.4192,0.0637
0.4153,0.8623,-0.234,-0.5307,0.4271,57.2879,56.8743,0.4136
0.6735,-0.3066,0.5909,0.1008,0.4271,54.6988,57.2339,-2.5351
-0.2514,-0.3524,0.5487,0.0801,0.4271,54.5314,46.3387,8.1927
-1.9244,-0.9653,-1.3748,-0.124,-0.8474,-9.1369,-9.8339,0.697
-0.2054,0.9421,-0.2915,-0.1022,0.4271,51.701,53.6582,-1.9572
-0.5672,-0.8058,-0.4654,0.4111,0.4271,27.9773,32.3577,-4.3804
-0.399,-0.3153,0.1408,0.3433,-0.8474,32.1325,28.7262,3.4063
-1.6859,-0.9715,0.6202,-0.6246,-2.3842,-12.2504,-13.7381,1.4877
-0.6028,0.7821,-0.6424,0.2437,0.4271,53.9266,47.306,6.6206
1.2139,-0.868,-0.0624,0.3431,0.4271,51.8772,53.3673,-1.4901
1.2737,0.5231,0.8702,0.7706,0.4271,84.1557,79.7969,4.3589
-0.499,-0.372,-0.8247,-0.2251,0.4271,23.8205,30.7784,-6.9578
-0.4711,-1.6809,0.2545,-0.2076,-1.1097,6.3242,6.5263,-0.202
-0.4526,-0.3753,0.7747,-0.2818,0.4271,42.7503,43.1502,-0.3999
-0.3012,-1.0095,-0.0037,0.017,-0.8474,27.0057,18.5875,8.4182
0.728,0.1423,0.5207,-0.2765,0.4271,61.9813,59.7015,2.2798
0.1528,-0.471,0.1004,0.4507,0.4271,41.1802,48.464,-7.2838
0.469,0.1948,-0.2203,-0.0348,0.4271,59.9064,53.4965,6.4099
0.4071,0.7128,-0.7416,0.3345,0.4271,62.1965,57.2148,4.9817
-1.1623,-0.0698,-0.4961,-0.2,0.4271,27.3437,29.7739,-2.4302
-0.0044,-0.7847,0.2549,0.0296,0.4271,40.6134,41.5131,-0.8998
-1.5144,-0.0217,0.1942,-0.0946,0.4271,31.6093,32.5855,-0.9762
0.6483,0.7827,0.3963,0.4571,0.4271,75.3661,70.1914,5.1747
0.2728,-0.6166,0.0565,-0.2642,0.4271,49.3565,42.8061,6.5504
-0.6565,-0.6402,0.4043,-1.2932,-0.8474,16.6267,12.9658,3.6609
0.0094,0.5577,0.5639,-0.2068,0.4271,63.0056,57.4914,5.5142
-0.4351,-1.7044,-0.4234,-0.7339,-0.8474,-9.1557,0.8912,-10.0469
0.2681,-0.0419,0.5949,-0.4763,0.4271,49.5734,51.8848,-2.3115
-1.6235,-0.6618,-1.176,0.0595,0.4271,12.2888,14.7495,-2.4608
0.2003,-0.4128,-0.1696,-0.0444,0.4271,42.9708,44.108,-1.1372
-1.3165,-1.5728,-1.0347,-0.9254,-2.3842,-33.5899,-31.3649,-2.2249
1.3226,1.003,0.5316,-0.2224,0.4271,76.3916,76.2115,0.1801
-0.3387,-0.4877,0.0347,0.0748,-2.3842,10.3889,6.4926,3.8963
-1.2947,-1.2256,0.3191,-0.1884,-2.3842,-16.4657,-11.6894,-4.7763
0.364,0.8008,-0.1634,0.0855,0.4271,67.5666,60.4591,7.1075
0.8633,1.4261,0.1507,0.168,0.4271,77.1333,75.8306,1.3027
-0.2916,-0.6635,0.2052,0.599,0.4271,39.6995,43.3753,-3.6759
-0.2034,0.2936,0.2676,-0.1828,0.4271,45.831,50.1286,-4.2976
-0.2032,-0.5913,0.2178,-0.3261,0.4271,45.9192,38.8009,7.1183
-0.5369,0.0589,-0.1272,-0.5294,0.4271,40.2744,38.4692,1.8052
0.3348,1.3929,-0.5192,0.1908,0.4271,65.3055,64.7997,0.5057
0.3858,1.2013,-0.024,0.3225,0.4271,70.362,67.9172,2.4448
-1.2098,-0.737,-0.994,0.331,-0.8474,3.6952,6.4813,-2.7861
1.5582,0.5586,0.6459,0.3676,0.4271,79.1501,78.7191,0.431
-1.3796,0.1658,0.0826,0.4882,0.4271,38.7215,39.3302,-0.6088
-0.4916,-1.4152,0.0458,0.0226,-0.8474,12.8082,12.4054,0.4028
-0.0854,-1.0558,0.3111,0.0967,0.4271,28.6346,38.4958,-9.8612
0.3139,0.6211,-1.3436,0.4994,0.4271,53.3618,51.6998,1.662
0.1367,-0.2722,0.4532,0.2736,0.4271,53.4118,52.0109,1.4008
0.3835,0.4527,0.1823,1.0142,0.4271,64.4706,65.8693,-1.3986
0.2412,1.4968,-0.0064,0.5308,0.4271,66.7082,71.2743,-4.5662
-0.297,-0.0542,-0.8477,0.3917,0.4271,40.9951,40.6274,0.3677
-0.8296,-0.8336,-0.491,-0.2965,-2.3842,-13.0777,-9.2811,-3.7966
-0.281,0.1952,0.0481,0.1475,0.4271,57.7116,48.798,8.9136
0.7316,0.7653,0.4434,0.0037,0.4271,63.6217,68.0985,-4.4767
-0.0205,-0.0033,0.4755,-0.485,0.4271,54.623,48.2487,6.3743
0.1277,0.2629,-0.5821,-0.9014,0.4271,42.6062,41.7984,0.8077
0.0431,0.2485,-1.2056,0.7342,0.4271,54.452,47.3023,7.1497
0.7843,1.2378,-0.2911,-0.3223,0.4271,63.2869,66.0602,-2.7733
0.8325,-0.013,-0.9108,0.9783,0.4271,60.8205,56.7842,4.0363
-0.4492,0.0172,0.1295,0.0273,-2.3842,6.819,11.3852,-4.5662
-0.5765,-1.2075,-0.5376,0.1522,0.4271,18.2854,25.3855,-7.1002
0.8151,-0.3608,0.4137,0.2197,0.4271,49.3208,57.6038,-8.283
-0.541,-1.1571,-0.6063,-0.0155,-2.3842,1.54,-8.7607,10.3007
-0.5682,-1.11,-0.4062,0.2249,0.4271,29.9234,28.0865,1.8368
-0.2008,-0.4379,0.3657,-0.6726,0.4271,46.079,39.2817,6.7973
1.0449,1.4693,0.7613,0.855,0.4271,88.0711,87.735,0.336
-0.0088,-0.29,-0.0782,-0.0799,-0.8474,22.7955,28.5649,-5.7694
0.6026,2.2128,-1.7211,-0.1624,0.4271,69.0705,65.1862,3.8842
-0.5986,-0.6837,-1.4106,0.4353,0.4271,33.7456,26.2903,7.4553
-1.5338,0.4144,0.5238,-0.1277,0.4271,43.2915,39.5869,3.7046
-1.3061,-1.1088,-1.0748,-0.6482,-0.8474,-9.0579,-6.1588,-2.899
0.5583,1.292,0.1761,0.0171,0.4271,65.679,70.2026,-4.5236
0.3582,-0.077,0.9189,0.2532,0.4271,67.0449,60.0195,7.0254
-1.6567,-0.2721,-1.6868,-0.1068,-2.3842,-26.2889,-19.7103,-6.5786
1.0158,-0.0918,0.6547,0.2126,0.4271,64.9618,64.5835,0.3783
-0.3344,0.0812,-0.2122,-0.4815,0.4271,47.2215,40.5685,6.653
-1.3242,-0.8083,-0.7998,-0.4583,-2.3842,-21.649,-17.7969,-3.852
-0.0287,0.6896,-0.0536,-0.5127,0.4271,48.3527,51.689,-3.3363
0.8438,-0.0491,-0.1271,0.1459,0.4271,60.7286,56.7429,3.9857
-0.2487,-0.813,0.2781,0.2421,-0.8474,15.2459,25.0914,-9.8455
0.7644,0.3048,-0.1151,0.047,0.4271,54.9141,59.2759,-4.3617
-0.2925,0.474,-0.511,-0.7032,0.4271,46.5826,41.5945,4.9881
0.0111,-0.112,-0.345,-0.4769,0.4271,43.723,41.1097,2.6133
0.3875,0.5807,0.4549,-0.109,0.4271,58.2331,61.641,-3.4079
1.5034,0.8032,0.3631,0.9102,0.4271,85.926,82.4763,3.4496
0.1608,-0.1708,0.6723,-0.2199,0.4271,58.8472,51.6641,7.1831
-0.0567,-0.2583,-0.1452,-0.0902,0.4271,40.9478,42.9613,-2.0135
-1.5864,-0.0648,-0.9426,-0.6844,0.4271,12.1541,18.4844,-6.3303
-0.3962,1.1059,0.3116,-0.4409,0.4271,63.3612,55.7414,7.6198
1.1291,0.9345,-0.6904,0.4916,0.4271,61.4917,68.9291,-7.4374
0.8797,0.3332,0.4991,0.1954,0.4271,73.0525,66.587,6.4655
-0.1476,-0.8768,-0.6191,-0.4736,0.4271,32.656,28.7234,3.9326
-1.6707,-1.3788,-0.245,-0.7212,-0.8474,-7.2055,-7.2252,0.0197
0.3165,0.0255,0.135,-0.3916,0.4271,55.4833,50.2116,5.2716
0.6706,0.7772,0.9013,0.107,0.4271,71.1492,71.8211,-0.6718
1.249,1.5261,0.1674,0.7827,0.4271,79.4314,85.4885,-6.0571
-0.2248,-1.0865,-0.744,-0.1876,-0.8474,13.7833,11.423,2.3603
-0.1136,-0.9514,-1.3775,0.344,0.4271,25.5474,28.0966,-2.5492
0.3779,0.555,-0.752,-0.0982,0.4271,49.6094,52.0405,-2.4311
0.4575,1.3276,0.3684,0.3526,0.4271,68.3059,73.3336,-5.0277
-0.3138,-0.93,-0.807,0.0127,0.4271,26.1708,28.2778,-2.107
-0.6921,-0.0145,0.434,0.2893,0.4271,46.6172,45.9894,0.6278
-0.6269,0.2218,-1.5256,0.7172,0.4271,35.8214,37.2434,-1.4219
-0.0115,-0.1189,0.6592,0.0814,0.4271,54.2931,52.3948,1.8983
-0.5857,1.0716,0.8808,-0.3061,0.4271,59.3202,58.6414,0.6788
1.2272,0.4739,0.5024,-0.1652,0.4271,72.5446,69.4121,3.1325
-0.7526,0.3318,-0.1216,-0.2859,0.4271,46.1023,40.9627,5.1397
-0.2064,0.3004,-1.6677,-0.1488,0.4271,40.1142,35.5193,4.5948
-0.367,0.2274,-0.0217,-0.5696,0.4271,42.0602,42.7163,-0.6562
-0.5311,-0.5865,-0.4024,-0.0592,0.4271,28.024,32.4258,-4.4018
0.4291,1.2632,0.2142,0.2206,0.4271,74.3395,70.2014,4.1381
0.5394,1.0961,0.1292,0.7567,0.4271,64.2001,72.5762,-8.3761
0.6127,0.3552,-0.1472,0.5014,0.4271,63.2729,61.129,2.144
1.2812,0.6092,-1.0381,0.171,0.4271,60.2771,61.9969,-1.7198
-0.3198,-0.9129,-0.4879,0.1957,-0.8474,14.91,16.9918,-2.0817
-0.1259,-0.0894,0.1928,-0.039,0.4271,35.7359,47.0761,-11.3402
0.8727,0.0374,-0.0413,0.1537,0.4271,65.0158,58.7399,6.2759
-1.3611,0.7063,-0.1089,-0.723,0.4271,36.987,35.7145,1.2725
-1.1892,-0.8725,-0.3065,-0.4904,0.4271,13.5798,19.8993,-6.3195
0.5052,0.8726,0.4552,-0.0612,0.4271,64.6611,66.5197,-1.8586
0.8459,-0.2221,0.072,0.259,0.4271,65.5936,57.1375,8.4561
0.5478,-1.0294,0.155,0.3111,-2.3842,14.7477,12.4681,2.2796
-1.3194,-1.0858,-0.1081,0.3643,-0.8474,6.604,8.4316,-1.8277
0.0924,-0.7201,0.8812,-0.2372,-2.3842,16.2542,12.8427,3.4115
-1.1689,-0.2203,-0.1247,-0.1381,-0.8474,0.5947,16.156,-15.5613
0.5959,1.466,-0.4959,-0.122,0.4271,69.7375,66.4237,3.3138
-0.1848,-0.1489,-1.1612,0.1233,0.4271,32.1794,36.4867,-4.3074
-0.7736,-0.1199,-1.2683,0.1151,0.4271,40.0241,29.6239,10.4002
0.7983,0.028,-0.5384,-0.0074,-0.8474,38.5934,37.7506,0.8428
-1.7329,-0.8891,-1.1835,0.1772,-2.3842,-24.3501,-21.6186,-2.7315
-1.3468,-1.071,0.8073,-0.2402,-2.3842,-17.7961,-7.1122,-10.6839
0.9794,-0.0666,-0.0202,0.3628,0.4271,55.4555,60.3281,-4.8726
-1.7099,-0.103,-0.9439,0.2177,-0.8474,-0.384,7.8496,-8.2337
-0.187,-0.2581,0.0044,0.0655,0.4271,48.9815,43.8015,5.18
-0.6575,0.4919,0.5407,0.3658,0.4271,55.1314,53.4065,1.7249
-0.1628,0.1537,-0.7891,0.5824,0.4271,52.2616,46.1799,6.0817
-0.2169,-0.8117,0.4044,-0.2352,0.4271,49.1,38.2426,10.8574
1.7082,1.3515,-0.0004,1.3117,0.4271,88.2258,90.8307,-2.6049
0.0286,0.7996,-0.0725,0.1466,0.4271,55.2388,57.9764,-2.7376
-0.1821,0.3976,0.5217,-0.7373,0.4271,51.6015,49.6267,1.9748
-0.5369,-0.4975,-0.4342,0.0169,-0.8474,18.9449,18.5077,0.4372
1.0323,0.9191,0.5694,1.3284,0.4271,83.8954,83.2264,0.669
-0.6599,-0.221,-1.3146,0.1418,0.4271,25.3382,29.5344,-4.1962
0.6599,1.0142,-0.076,-1.0087,0.4271,65.2299,59.096,6.1338
-0.1011,0.5076,0.322,-0.2094,0.4271,51.0125,53.8643,-2.8518
-0.3185,-0.0532,-0.8489,0.0883,0.4271,41.5369,38.2903,3.2466
-0.0821,-0.7541,0.4068,-0.0608,-2.3842,11.2798,8.1666,3.1132
0.8889,0.5239,0.0975,0.5854,0.4271,74.5686,68.453,6.1156
1.5492,1.081,0.2854,0.3319,0.4271,78.8299,81.4734,-2.6436
1.0212,0.6212,0.7974,0.205,0.4271,82.4255,73.7039,8.7216
0.8023,0.3429,-0.0426,-0.7086,0.4271,53.5367,55.4162,-1.8795
-0.0475,-0.8621,-0.6032,-0.3365,-0.8474,9.2311,15.8936,-6.6625
1.1152,0.4781,-0.2453,0.5029,0.4271,63.0977,67.1513,-4.0536
-0.0792,-0.1741,-1.4212,0.085,-2.3842,3.8743,1.6694,2.2049
0.2108,-0.5079,-0.0472,0.1822,0.4271,52.1709,45.6695,6.5013
-0.0312,-0.6693,0.0433,0.4063,0.4271,41.13,43.5153,-2.3853
1.1265,0.8828,-0.1352,1.0495,0.4271,74.9281,76.4692,-1.5411
1.5238,1.4471,0.2417,0.4911,0.4271,80.965,86.0896,-5.1246
0.3164,-0.1585,0.2616,-0.2207,0.4271,45.3523,50.304,-4.9517
0.415,0.1516,0.0387,-0.1793,0.4271,65.0464,53.4201,11.6263
1.5601,1.3326,0.7487,0.3471,0.4271,87.6868,88.0911,-0.4044
-0.2201,0.4177,-0.6306,0.6639,0.4271,50.3538,50.3204,0.0334
-0.3325,-0.4162,0.3524,-0.7157,0.4271,38.4997,37.711,0.7887
0.6012,-0.8923,0.2399,-0.5719,-2.3842,10.7798,9.097,1.6827
-0.1786,-0.5962,-0.6833,-0.1735,-2.3842,5.2653,-0.2609,5.5262
-0.1499,-0.0895,0.0837,0.0799,0.4271,58.6554,46.8048,11.8506
-0.2197,0.7935,0.3509,-0.3801,0.4271,60.9979,54.8444,6.1534
-0.9052,-0.5547,0.504,0.0883,-0.8474,25.5672,21.6325,3.9347
-1.3987,-1.2594,0.7626,-0.4975,-2.3842,-12.6573,-11.9203,-0.7371
1.5804,1.4114,0.4003,0.4863,0.4271,84.5686,87.4809,-2.9123
0.6461,1.0652,0.3548,0.3686,0.4271,65.0711,72.4094,-7.3383
-0.7801,0.4163,-1.3057,-0.2697,0.4271,34.7008,32.6218,2.0789
-0.7233,0.1276,0.1134,-0.0091,0.4271,38.6727,42.7133,-4.0406
1.2765,0.1074,-0.5078,-0.1042,0.4271,57.7234,58.4714,-0.748
-0.9529,-0.2787,0.6514,0.1043,0.4271,51.6111,40.6111,11.0
0.6466,-0.4871,0.3785,-0.242,0.4271,47.0358,50.8974,-3.8616
0.8904,0.6966,0.6585,0.5288,0.4271,81.1805,74.3324,6.8481
0.3001,0.1385,-0.7011,0.7233,0.4271,58.2742,52.6245,5.6497
-1.1267,-0.005,0.2149,-0.7642,-0.8474,22.5307,17.2899,5.2407
1.1006,-0.4681,0.2634,0.346,0.4271,58.6921,59.1769,-0.4848
0.0985,-0.3668,0.0627,0.6941,0.4271,55.3278,50.4557,4.8721
0.7775,0.9143,0.0927,0.2907,0.4271,69.5404,69.5629,-0.0225
-0.2542,-0.473,0.6123,0.347,-1.1097,23.019,29.0401,-6.0211
0.2351,-0.8576,0.4843,-0.414,0.4271,42.9515,41.9411,1.0104
-0.5342,0.0218,-0.8853,0.2015,0.4271,34.2852,37.3288,-3.0436
0.9074,1.3378,-0.1671,0.9658,0.4271,74.3671,78.4103,-4.0432
-0.4996,-0.2737,-0.1235,-0.5346,0.4271,30.8269,35.1216,-4.2947
0.2162,-0.211,0.0762,0.0243,0.4271,49.2015,48.9168,0.2847
1.0359,0.3308,0.1146,-0.0733,0.4271,60.1601,63.4088,-3.2487
-0.76,-0.1127,-1.3494,-0.7631,0.4271,24.235,23.122,1.113
0.4282,0.6904,-0.4213,-0.249,0.4271,61.3629,55.597,5.7659
1.0561,-0.0372,-0.0095,0.9519,0.4271,69.6932,65.6579,4.0353
0.8764,-0.3569,0.8055,-0.3055,-2.3842,30.0517,24.2693,5.7824
-0.1811,-0.9575,-0.0264,0.2839,-1.1097,14.2523,19.0223,-4.7701
0.2629,0.3104,0.4175,0.1054,0.4271,58.2858,58.4705,-0.1847
-0.5648,-1.2784,-0.0758,-0.2671,-0.8474,11.0304,10.21,0.8204
-0.6629,-0.6691,-0.3978,0.8777,0.4271,35.4055,36.6324,-1.2269
0.4722,0.2031,-0.2367,0.3479,0.4271,46.842,56.1572,-9.3152
-0.064,-0.7069,0.5839,0.1993,0.4271,38.7757,45.4605,-6.6848
0.7292,-0.6327,0.2706,0.0223,-2.3842,24.1546,17.7538,6.4007
-0.9483,1.0482,-0.3147,-0.3819,0.4271,53.78,44.7691,9.011
0.5908,0.7056,-1.0161,-0.0328,0.4271,45.4464,54.4378,-8.9914
0.0366,-1.3333,0.165,-0.8102,-2.3842,-2.1509,-4.1438,1.9929
-0.1428,0.5989,-0.396,-0.313,0.4271,43.5278,48.2,-4.6722
-0.2913,-0.1724,-0.7406,0.139,0.4271,38.3664,38.4282,-0.0618
-0.1382,0.5431,0.1348,0.0964,0.4271,59.5761,54.5518,5.0243
1.2475,1.0639,0.2254,-0.3655,0.4271,73.7572,72.7406,1.0165
-0.7197,-0.6268,-0.1238,0.2315,0.4271,33.828,34.116,-0.288
-0.1037,-0.8832,0.0749,-0.0325,0.4271,32.6123,37.5264,-4.9141
0.318,-0.5266,0.3932,0.0361,0.4271,46.496,48.9802,-2.4842
0.9143,-0.469,1.058,0.6481,0.4271,62.0206,65.3854,-3.3648
-0.2508,0.8833,0.5724,-0.3219,0.4271,63.4381,57.6289,5.8092
-0.6743,-0.5118,0.4566,-0.0859,0.4271,39.7975,38.1546,1.6429
1.1245,1.3069,0.3007,-0.5327,0.4271,72.4846,73.5721,-1.0875
0.5313,0.2804,-0.4461,-0.0263,0.4271,53.3479,53.448,-0.1001
-0.0682,0.0669,0.5871,0.182,0.4271,50.0818,54.0206,-3.9388
0.9275,-0.3197,-0.1624,0.4364,-0.8474,41.0285,41.202,-0.1735
-0.0923,-0.7675,0.2599,0.3373,0.4271,44.3191,42.9436,1.3754
1.0572,1.1219,0.3307,1.0481,0.4271,69.6441,81.9897,-12.3456
1.3456,1.0212,0.3543,0.9931,0.4271,86.9203,83.7465,3.1738
0.1047,0.28,0.1898,-0.0883,0.4271,53.6173,53.334,0.2833
-1.3604,-0.1643,0.4128,0.8669,0.4271,35.8006,40.9975,-5.1969
-0.6145,-0.5637,1.0064,-0.2057,-2.3842,8.2443,8.2085,0.0358
-0.4243,-0.7009,-1.2586,0.5707,0.4271,27.7376,30.0742,-2.3367
-0.0828,0.6458,-0.3116,0.5975,0.4271,59.8622,56.3498,3.5124
-1.3576,-0.8244,-0.3517,-0.8917,-2.3842,-8.279,-17.8999,9.6208
-0.5772,-0.2697,-0.3301,-0.744,0.4271,32.69,31.2899,1.4001
0.0616,-0.3063,0.4232,-0.1258,0.4271,45.6463,47.8145,-2.1683
0.8634,0.6483,0.4787,0.118,0.4271,75.2155,69.261,5.9544
0.9918,-0.2038,-0.5324,0.3351,0.4271,59.8643,54.7846,5.0797
0.5935,-0.8738,-0.5443,-0.443,-2.3842,0.3184,4.0859,-3.7676
-0.163,0.1411,-1.1052,-0.679,-0.8474,19.1309,19.6941,-0.5632
-0.6366,-0.5937,0.3695,-0.5229,-0.8474,11.238,18.7875,-7.5496
0.5133,-0.2382,0.45,0.0852,-2.3842,18.2362,21.6931,-3.4569
0.9143,2.0633,-0.5157,0.5748,0.4271,76.5112,81.2434,-4.7321
-1.1207,-0.093,0.5558,-0.4628,0.4271,29.253,36.2232,-6.9701
0.0843,0.3354,0.2993,0.4014,0.4271,53.193,57.9852,-4.7922
-0.4461,-1.0387,0.204,0.0727,0.4271,28.5178,33.8342,-5.3164
0.2367,-0.2092,-0.2863,-0.2614,0.4271,37.9723,44.3823,-6.4101
0.3973,-1.0384,-0.2428,0.1538,0.4271,41.096,39.999,1.0969
-0.6691,1.4724,-1.5168,0.0722,0.4271,42.0372,46.4389,-4.4017
0.5856,0.9169,0.2424,-0.8147,-0.8474,45.1847,45.8628,-0.6781
-0.3375,0.5178,-0.2083,-0.8071,0.4271,48.2298,43.212,5.0178
0.5056,0.0056,0.2204,-0.492,0.4271,53.22,51.9729,1.2471
-0.0854,-1.1439,0.0184,-0.4612,-2.3842,-5.7198,-2.0233,-3.6966
-0.5289,0.0215,0.1919,-0.2709,0.4271,51.637,42.3858,9.2512
1.1974,0.7816,0.271,0.1017,0.4271,73.7591,72.6287,1.1304
0.3533,-0.7802,1.0424,0.0643,0.4271,51.7839,51.6972,0.0868
1.1843,-0.265,0.6706,0.0512,0.4271,64.9785,63.4425,1.5361
-0.0362,-0.1635,0.1132,0.7215,0.4271,61.6531,51.8774,9.7757
-0.1668,0.2605,0.2298,0.168,0.4271,53.3905,52.2955,1.095
0.9662,0.9731,-0.0448,0.3092,0.4271,75.444,71.3169,4.1271
0.1729,-0.0222,0.4004,0.0253,0.4271,50.2755,53.0766,-2.8011
0.0288,1.4696,-1.0026,1.4164,0.4271,67.237,67.1835,0.0534
-0.4048,-1.4284,-1.1141,-0.8412,-2.3842,-17.6803,-19.9995,2.3192
-0.1231,-0.7109,0.0924,0.1266,0.4271,34.5845,40.497,-5.9125
-0.4849,-1.0656,-0.5189,-0.8443,-2.3842,-6.3352,-12.2197,5.8845
0.0048,-0.0389,0.3066,-0.5343,0.4271,40.4392,46.4765,-6.0373
0.3929,-0.3825,0.0281,-0.7626,0.4271,42.651,43.0422,-0.3912
-0.6266,0.062,-1.1316,-0.5399,0.4271,24.3053,29.7435,-5.4382
-0.1504,-0.3284,0.0062,0.7202,0.4271,50.5423,47.9673,2.575
-0.2907,-0.0777,-0.7533,0.006,0.4271,44.3626,38.4768,5.8858
0.505,0.435,0.3559,0.0267,0.4271,68.4712,61.4431,7.0281
-1.404,-0.1993,-0.2409,-0.8403,0.4271,19.2081,23.2399,-4.0317
-1.326,-1.1695,0.1342,-0.9144,0.4271,9.3318,15.5374,-6.2056
-0.1603,0.8254,0.6976,0.3459,0.4271,62.7007,63.5536,-0.8529
-1.0957,-1.4144,-0.1678,-0.4099,0.4271,12.3048,16.4345,-4.1297
-0.7638,-0.6605,0.2719,0.4606,0.4271,33.7838,37.9014,-4.1175
-0.0206,0.5237,-0.3785,0.92,0.4271,64.5392,57.3701,7.1691
-0.2719,-0.2585,0.2598,-0.094,-0.8474,26.4411,28.6024,-2.1613
0.4199,-0.7192,0.1155,0.4745,-2.3842,18.4504,15.4167,3.0336
0.0099,0.5729,0.015,-0.9526,0.4271,50.1682,48.2604,1.9078
-0.3602,-0.6137,-0.3771,0.2453,0.4271,43.0882,36.2617,6.8265
-0.0681,1.1522,0.217,-0.1221,0.4271,58.356,61.265,-2.909
-0.9248,0.4091,-1.5276,-0.2116,0.4271,28.1871,29.6864,-1.4993
0.18,0.7318,-0.1469,-0.6485,0.4271,55.6215,52.7384,2.8831
-0.0715,0.0514,0.1825,-0.3201,0.4271,48.9109,47.2085,1.7024
1.377,0.7976,0.7445,0.5236,0.4271,81.7064,81.3075,0.3989
1.1449,1.701,0.0243,0.778,0.4271,86.0418,85.2061,0.8357
-1.1803,-0.8964,0.6638,-0.4195,-2.3842,-11.4951,-5.7152,-5.7799
0.1262,-0.8462,-0.1152,-0.4942,-0.8474,16.3654,20.592,-4.2265
0.9166,0.2183,0.3039,0.1604,0.4271,64.2858,63.9461,0.3397
-0.8201,-1.0611,-0.9705,-0.4105,0.4271,24.5761,17.1792,7.3968
-0.785,-1.1277,0.0432,-0.0617,0.4271,24.4526,27.0305,-2.5779
-0.0012,0.4069,-0.3886,-0.0115,0.4271,50.3683,49.7103,0.658
-0.605,0.162,-0.0359,-0.4465,0.4271,41.5492,40.1778,1.3714
0.2845,-0.38,0.5963,0.4381,0.4271,58.8879,54.6257,4.2622
1.1054,1.2611,-0.0126,-0.367,0.4271,66.9809,71.5936,-4.6127
-0.4497,-0.7158,0.3441,-0.4001,0.4271,42.7676,35.2175,7.5501
0.1422,0.856,0.9562,0.1189,0.4271,59.5312,67.5496,-8.0184
-1.7611,-1.5291,0.1443,-0.2897,-2.3842,-21.5323,-22.148,0.6157
-0.0887,0.4541,0.4586,0.0619,0.4271,60.272,56.333,3.9389
-0.1972,0.2289,0.3529,-0.0813,0.4271,57.5154,50.8296,6.6858
0.6173,-0.1545,0.2324,0.8559,0.4271,62.8535,60.8317,2.0217
0.8922,-0.2166,0.229,0.3985,0.4271,60.404,59.8727,0.5313
-0.6283,-0.9313,-0.6126,-0.1261,-2.3842,-4.4257,-7.9741,3.5484
0.3396,-0.4929,0.1138,0.1753,0.4271,48.7266,48.408,0.3185
-1.5193,-1.1883,-0.2243,-0.536,0.4271,10.9444,13.1263,-2.1819
0.8932,0.118,0.8395,0.3826,0.4271,71.9361,68.2325,3.7036
-0.3783,0.1147,0.0626,-0.5494,0.4271,45.9635,42.118,3.8455
0.2595,-0.1444,0.4568,-0.5924,0.4271,44.3128,48.7723,-4.4595
0.0457,0.2879,0.1049,-0.1026,0.4271,41.9087,52.0388,-10.13
0.7155,1.7182,0.2497,0.1721,0.4271,75.2806,78.3222,-3.0416
-0.4606,-0.273,0.3855,0.23,0.4271,42.3494,44.7781,-2.4286
-1.3775,-0.9372,-0.69,0.4196,-2.3842,-19.2958,-12.8699,-6.426
0.1651,-0.2553,0.0169,-1.1645,0.4271,38.2958,39.1511,-0.8553
-1.6354,0.1372,-0.7852,-0.8309,0.4271,28.6526,20.4228,8.2298
-0.9063,0.1413,-0.3786,-0.9063,0.4271,34.4059,30.8844,3.5214
-0.1749,-0.0989,-0.1727,-0.0973,0.4271,53.5058,43.2268,10.279
0.2598,-0.4384,-0.0435,-0.1288,-0.8474,24.4226,29.7013,-5.2787
-0.625,-0.7404,-0.3875,0.0385,0.4271,41.1323,30.482,10.6503
0.1457,-0.4468,-0.1386,-0.2529,0.4271,46.009,41.9309,4.0781
0.0723,-0.054,-0.3841,0.7316,0.4271,45.8799,50.5158,-4.6359
-0.7451,-0.4339,-0.1604,0.6703,0.4271,45.3834,38.7806,6.6027
-0.4723,0.5967,-0.2897,-0.6195,0.4271,47.9827,43.3333,4.6494
-0.5322,-0.9838,-0.1659,0.5652,0.4271,35.2565,34.1066,1.1499
-0.4016,-0.5712,-0.0893,-0.2253,-2.3842,7.3989,1.8412,5.5577
0.5956,1.2431,-0.7388,0.5499,-1.1097,34.1297,48.4576,-14.328
-1.426,-0.7234,-0.9431,-0.4081,-2.3842,-12.0706,-18.6871,6.6164
-0.3639,-1.4015,0.2791,0.3421,-2.3842,2.4883,-0.3148,2.8031
-0.4689,-0.3349,-0.2376,-0.6846,-2.3842,-3.1864,-0.5586,-2.6279
0.1288,0.1666,-0.0275,0.4354,-2.3842,23.6581,20.8864,2.7717
-0.8252,-0.871,0.4035,0.4827,-2.3842,-1.3523,2.6428,-3.9952
-0.7656,-0.8963,-1.0678,-0.4023,0.4271,14.4937,18.9255,-4.4317
0.5646,0.4896,0.5672,0.8272,0.4271,71.0149,69.8864,1.1285
-0.9191,-0.7062,0.4799,0.2464,-2.3842,2.4188,2.4363,-0.0176
0.4998,0.6876,-0.3039,0.1102,0.4271,62.9398,59.7331,3.2067
-1.5339,-1.5217,0.115,0.1662,-2.3842,-17.6567,-16.6859,-0.9708
-1.5006,-1.5659,-0.4211,-0.495,-2.3842,-30.315,-25.5471,-4.7679
-0.4834,-1.0594,0.2839,0.1959,-2.3842,5.7551,1.2732,4.4819
-1.2997,-0.8682,0.0561,-1.1447,0.4271,20.5329,17.0044,3.5285
-0.5784,-1.1427,0.4661,0.214,0.4271,30.2226,34.2453,-4.0226
0.1449,0.4516,-0.3046,1.0456,0.4271,66.944,59.7736,7.1704
-0.0513,0.4973,0.4593,-0.0069,0.4271,58.1905,56.7463,1.4442
-0.2433,0.1739,0.2747,0.1187,0.4271,45.323,50.5063,-5.1833
0.2004,0.4065,-0.856,0.3248,0.4271,45.0837,50.6074,-5.5237
-0.1621,0.2578,0.0494,-0.147,0.4271,52.3019,48.7378,3.5641
0.4484,0.096,-1.7235,0.4854,0.4271,44.5145,44.2153,0.2992
-0.7764,-1.4899,-1.0024,0.0219,-0.8474,7.8025,0.4455,7.3569
0.8628,0.5066,0.3206,0.1941,0.4271,57.3468,66.9746,-9.6278
0.3845,0.5768,-0.2044,0.3591,0.4271,60.2559,59.7464,0.5096
1.5085,0.9316,0.9795,0.9065,0.4271,100.978,88.6928,12.2853
0.3419,-0.0674,-0.0824,-0.5213,0.4271,46.538,46.866,-0.3281
-0.0968,1.5427,0.0168,-0.2293,0.4271,58.5466,63.0633,-4.5167
-0.2339,-0.67,-0.7194,0.2464,-0.8474,19.5205,19.2147,0.3058
1.0404,1.0823,0.0448,0.7533,0.4271,80.2111,77.1161,3.095
-0.7558,-0.6842,-0.657,0.2047,0.4271,29.6995,28.7959,0.9036
0.3836,-0.3695,0.8198,-0.456,0.4271,51.8604,51.3113,0.5491
0.184,-0.643,0.2272,-0.2354,-2.3842,9.963,9.6706,0.2924
-0.322,-0.6539,-0.2343,-0.2891,0.4271,21.1876,33.6028,-12.4152
-0.583,-1.2652,-1.3302,-0.1567,-2.3842,-10.6463,-16.9768,6.3304
0.9119,0.2977,1.0451,-0.1023,0.4271,73.2582,68.6654,4.5928
0.2602,0.5069,0.3567,0.1331,0.4271,56.9395,60.3758,-3.4363
-0.3955,0.1942,-0.1125,0.1016,0.4271,45.3244,46.006,-0.6817
0.5609,0.9331,-0.0131,0.6423,0.4271,68.1029,69.0831,-0.9802
0.9873,1.2975,0.0987,0.8405,0.4271,71.9247,79.9873,-8.0625
-0.7305,-1.024,-1.5164,-0.7508,0.4271,17.4997,11.9917,5.508
-0.3775,-0.8383,-0.6811,0.0544,0.4271,35.7781,29.8857,5.8924
0.4123,-1.0392,-0.1845,-0.3025,0.4271,33.424,37.4281,-4.0042
-1.3452,0.1881,0.0213,-1.0509,0.4271,32.7555,28.7795,3.976
0.7342,0.9821,0.1913,0.1868,0.4271,61.1876,69.8981,-8.7105
1.7857,-0.0289,0.4097,1.4027,0.4271,76.6827,79.9273,-3.2446
-1.4313,-1.0293,0.1079,0.0604,-2.3842,-12.2119,-10.8411,-1.3708
0.3545,-0.0226,-0.8092,0.0808,0.4271,41.1272,46.0981,-4.9709
1.2669,0.5546,-0.022,0.655,0.4271,73.3197,72.4111,0.9086
0.6743,-0.4991,-0.7629,-0.1592,0.4271,38.3652,42.8541,-4.4889
-1.7116,0.1607,-0.8653,-0.0718,0.4271,13.0405,24.5317,-11.4912
0.8494,-0.1048,0.2448,-0.6642,0.4271,59.956,53.4074,6.5486
0.1673,0.2791,0.412,0.3676,0.4271,61.4372,58.8728,2.5643
-0.2854,0.7104,0.7745,0.3451,0.4271,71.3908,61.505,9.8858
0.5281,-0.3859,0.6745,0.0378,0.4271,59.9033,54.9889,4.9145
-0.8323,-0.217,0.4156,0.0795,0.4271,43.8636,40.6103,3.2533
-0.1057,0.1707,0.4698,-0.8284,-0.8474,37.7514,31.7198,6.0316
0.1278,0.9253,0.2686,0.0885,0.4271,65.3372,62.6747,2.6625
-0.9054,-0.3313,-0.5565,0.0105,0.4271,31.0251,30.5845,0.4406
-0.7481,0.7435,0.5918,-0.0574,0.4271,65.1557,52.7168,12.4389
1.1362,0.6794,0.6178,0.1933,0.4271,72.211,74.1279,-1.9169
0.7323,0.0063,0.1585,-0.6225,0.4271,59.1295,53.0272,6.1023
-0.5722,-0.1248,0.1387,0.2114,0.4271,39.4957,43.221,-3.7253
1.6506,1.4694,0.7944,0.8233,0.4271,80.7596,94.2596,-13.5001
-1.2054,-0.6703,0.3498,-1.0264,0.4271,18.0868,23.3224,-5.2356
1.3644,0.6897,0.5021,1.3595,0.4271,86.961,83.9044,3.0567
1.0749,-0.0135,-0.3465,-0.6604,0.4271,50.2799,52.327,-2.0471
-0.4726,0.7207,-0.219,-0.172,0.4271,49.6193,48.3776,1.2418
1.1049,0.1318,-0.1931,-0.0223,0.4271,60.3918,59.8979,0.4939
-0.6081,-0.0882,-1.376,0.1457,0.4271,27.9865,31.1368,-3.1504
-0.0864,0.1571,0.6427,-0.5551,0.4271,44.1812,50.1455,-5.9643
-0.3129,-0.927,0.2896,0.0698,-2.3842,6.1064,3.7565,2.3499
0.8535,0.0426,0.0853,-0.1843,0.4271,51.0631,57.2168,-6.1537
-0.923,0.0529,-0.5162,-0.8685,-0.8474,6.6474,13.7745,-7.1271
-1.3928,-0.4438,0.0384,-0.897,0.4271,19.1265,22.3657,-3.2393
-0.413,-0.0604,0.0334,-0.8887,0.4271,50.6274,37.1935,13.4339
-0.1677,-0.7016,-0.5255,-0.965,0.4271,31.9743,27.7816,4.1927
-1.3669,-0.8538,-0.9831,0.0913,-0.8474,0.9958,1.9029,-0.907
1.0893,0.1278,0.223,-0.0667,0.4271,58.6642,62.5776,-3.9134
0.0137,-0.6668,-0.1453,-0.2683,0.4271,33.1525,37.8839,-4.7314
0.7126,0.1912,0.6768,0.372,0.4271,62.8688,65.7957,-2.9268
0.2891,0.4596,-0.7127,-0.4502,0.4271,45.8035,47.8718,-2.0683
0.6234,0.064,-0.1068,0.7828,0.4271,59.7446,60.2358,-0.4912
-0.0932,-0.6773,0.171,-0.0196,0.4271,40.125,40.7826,-0.6576
-0.0635,0.1728,0.7184,-0.1772,0.4271,54.3421,53.7755,0.5667
-1.5506,-1.1161,0.3726,0.1277,0.4271,19.9452,22.8096,-2.8644
0.8292,1.565,-0.8173,0.8162,0.4271,72.4455,74.0847,-1.6392
0.5372,0.3436,-0.1659,0.0303,0.4271,62.8035,56.7704,6.0331
-0.2662,1.0724,0.3552,0.5961,0.4271,59.5773,64.3013,-4.724
-0.6409,-0.6709,-0.6394,-0.4584,-0.8474,14.2511,10.5606,3.6905
-0.0664,-0.1488,0.0797,-0.2095,0.4271,42.9454,44.991,-2.0455
1.1534,1.0341,0.5296,0.0292,0.4271,79.4156,76.4811,2.9345
1.5223,0.9424,0.2958,0.4714,0.4271,75.9166,80.678,-4.7614
1.0754,1.1735,0.5682,0.0851,0.4271,76.0351,77.8983,-1.8632
-1.6911,-0.3007,0.2148,-0.2159,0.4271,22.5049,26.8704,-4.3656
-0.1254,-0.6012,0.8023,-0.6256,-0.8474,25.9307,26.7976,-0.867
0.1743,-0.1635,0.0953,0.5004,0.4271,48.1565,52.459,-4.3026
0.8787,-0.6857,0.3441,0.2577,-2.3842,12.9637,20.9616,-7.998
-0.3712,-0.5686,0.2989,0.0189,-2.3842,4.6274,6.8782,-2.2508
0.6267,0.1489,-0.087,0.1243,0.4271,57.991,56.802,1.189
0.8061,1.0391,0.6614,-0.3784,0.4271,70.6965,70.9978,-0.3014
0.2466,-0.3953,0.7731,0.2868,-0.8474,37.4663,39.2143,-1.748
0.521,-0.9355,-0.9006,-0.5349,-2.3842,-9.9741,-0.7664,-9.2077
-0.8736,-0.1979,-0.7073,-0.903,0.4271,31.5303,24.9145,6.6158
0.1561,0.1716,-0.7314,-0.0741,0.4271,52.8079,45.6794,7.1285
1.239,2.042,0.2391,0.2247,0.4271,82.52,87.8553,-5.3353
-0.0087,-0.7142,0.224,-0.0792,0.4271,37.2459,41.2672,-4.0214
-0.5956,0.0634,0.6494,-0.3363,0.4271,52.4788,45.2082,7.2706
1.6213,0.878,0.5203,-0.0722,0.4271,76.716,78.9619,-2.2459
-1.8038,-0.8296,0.1413,-1.1776,0.4271,19.3244,12.4657,6.8587
0.4002,-1.0737,-0.0311,0.6849,0.4271,46.3682,44.9538,1.4144
-0.5139,-0.7244,-0.4781,-0.6287,0.4271,24.106,26.5189,-2.4129
-0.0237,-0.4648,0.2755,-0.4853,0.4271,43.2441,41.4849,1.7592
0.5434,-0.361,0.531,-0.465,0.4271,57.896,50.8334,7.0627
0.91,0.2648,-0.1989,0.4059,0.4271,59.9014,62.236,-2.3347
-0.6083,-1.1565,-0.7086,-0.5632,0.4271,14.8651,19.3302,-4.4651
1.051,0.0677,0.3888,0.5945,0.4271,73.8972,67.3634,6.5338
-1.4434,-1.8121,-0.8091,0.0436,-0.8474,-17.4762,-8.6859,-8.7902
-0.3483,0.7143,0.1692,-1.0065,0.4271,47.4448,46.8243,0.6205
-1.5467,-1.344,-1.1045,0.3804,-2.3842,-24.0397,-22.7183,-1.3214
-0.545,0.3385,-0.0722,0.4621,0.4271,48.7006,48.842,-0.1414
0.5061,-0.7269,0.1957,-0.252,-2.3842,16.8555,11.8224,5.0331
1.4009,1.0711,0.6877,0.1799,0.4271,75.0814,81.812,-6.7306
-0.7585,0.4269,-0.8103,0.7325,0.4271,32.1571,43.7488,-11.5918
0.6016,-0.1216,-0.5214,0.6863,-1.1097,21.3757,35.7974,-14.4217
-0.6732,-0.7248,-0.0639,0.176,0.4271,30.39,33.5866,-3.1966
-1.6181,-0.0793,-1.0853,0.2211,-0.8474,5.2846,8.0368,-2.7522
0.5336,0.2477,1.0835,-0.2387,0.4271,67.516,63.3968,4.1192
-0.5131,-0.092,0.6518,-0.2859,-2.3842,8.4411,11.3147,-2.8736
-0.7199,-1.1009,0.5186,-0.5229,0.4271,34.6562,28.4813,6.1749
-1.4685,-1.1177,0.3943,0.069,-0.8474,2.5403,8.2891,-5.7488
0.1628,0.2737,-0.2145,0.8102,0.4271,54.6013,57.0214,-2.4201
-0.3037,0.7381,-0.7285,0.2691,0.4271,44.2584,49.5293,-5.2709
-0.2711,0.697,0.149,0.0808,0.4271,60.3461,54.8593,5.4868
-0.1917,-0.5691,0.0722,0.2088,0.4271,48.02,41.7707,6.2493
-0.7231,-0.2444,-0.8807,0.5781,0.4271,30.6919,34.9655,-4.2736
1.5728,1.3101,-0.1324,0.0836,0.4271,72.6264,79.3632,-6.7368
-0.2066,-0.6263,-0.2588,-0.105,0.4271,45.0619,36.2419,8.82
0.701,-0.3915,0.1026,0.2912,0.4271,50.6651,54.1401,-3.475
-1.5935,-0.984,0.0261,-0.2561,-2.3842,-14.7928,-14.897,0.1042
0.6548,0.0125,0.3249,0.5116,0.4271,57.8457,61.4299,-3.5842
0.8281,0.7612,-0.6089,0.1077,0.4271,68.2421,61.7149,6.5273
-0.5758,0.0395,0.2061,0.2765,0.4271,39.4331,46.0009,-6.5677
-0.2495,0.2055,0.3688,0.24,0.4271,53.3908,52.3619,1.029
0.6653,0.6753,0.5023,0.1747,0.4271,72.7419,68.0184,4.7235
-0.5536,-0.2858,-0.1858,-0.9821,0.4271,19.8622,30.8175,-10.9553
0.9653,1.0082,0.2325,0.7556,0.4271,80.5887,76.9375,3.6512
-0.9144,-0.4242,-0.1608,-0.2292,-2.3842,-5.9878,-2.5786,-3.4092
0.6235,0.5299,-0.0125,0.6024,0.4271,76.419,64.9475,11.4715
-0.1177,0.6001,0.2415,-0.1408,0.4271,51.0395,54.5846,-3.545
-0.2797,-0.2718,-0.319,0.5113,0.4271,43.4698,43.2641,0.2057
1.3698,0.0749,-0.0081,0.8397,0.4271,69.6193,69.5112,0.1081
-1.6325,-0.2927,-0.7419,-0.8531,0.4271,16.8077,15.7985,1.0092
0.983,0.9397,-0.613,1.682,0.4271,77.4381,76.2925,1.1456
-0.3145,0.1649,0.7678,-0.2841,0.4271,62.527,50.6337,11.8933
-0.5055,1.1379,0.7536,0.3311,0.4271,69.2304,63.6975,5.5329
-0.3343,0.2486,-0.6349,-0.047,0.4271,48.8139,42.2217,6.5921
-0.7056,-0.7055,0.2221,-0.264,0.4271,30.2555,32.5986,-2.3431
0.5227,1.0867,0.3059,-0.1227,0.4271,72.9031,67.5386,5.3645
0.098,-1.1119,0.6027,-0.6023,0.4271,28.9901,37.216,-8.2259
-0.4392,0.2295,-0.3514,0.2713,0.4271,38.9743,45.2756,-6.3013
0.7092,0.2255,-0.7359,0.165,-0.8474,42.2585,38.6964,3.5621
0.3004,-0.4943,0.923,0.1091,0.4271,63.3865,53.739,9.6475
0.1309,0.6466,0.7338,-0.3003,0.4271,62.7137,60.4493,2.2644
-0.7257,-0.6362,-0.3119,0.5417,-0.8474,10.7532,19.5143,-8.7611
-0.1443,-0.1928,-0.4046,-0.0525,0.4271,51.3144,41.0255,10.2888
0.7278,0.3804,-0.1822,-0.0502,0.4271,50.4677,58.5428,-8.0751
1.0899,1.0196,0.3245,-0.0442,0.4271,70.7461,73.5488,-2.8027
0.1878,0.464,-0.1782,0.2004,0.4271,58.6027,55.47,3.1327
-0.3172,0.4139,0.4191,-0.0644,0.4271,60.8576,52.2499,8.6076
0.8833,-0.1055,-0.0774,0.3952,0.4271,47.887,58.6474,-10.7604
-0.1105,0.354,-0.3213,-0.3832,0.4271,46.0733,45.88,0.1933
0.9814,0.5417,-0.0953,0.0849,0.4271,56.3596,64.681,-8.3213
0.6547,0.4088,-0.3796,0.3116,0.4271,59.0385,59.0744,-0.0358
-0.2992,0.1071,-0.2064,-0.8625,0.4271,40.9889,38.6337,2.3552
1.4376,0.539,-0.0795,0.0572,0.4271,74.9446,69.4677,5.477
-0.5567,0.6307,0.3389,-1.1335,0.4271,52.4872,44.0741,8.413
-0.5821,0.0999,-1.1411,0.6036,0.4271,41.6884,38.5218,3.1666
-0.1945,1.048,-0.3182,0.0846,0.4271,52.8561,56.0594,-3.2033
-0.5496,-1.5396,-0.4286,-0.7151,0.4271,18.2052,16.75,1.4552
-0.2664,-0.5061,-0.6842,-0.1028,-2.3842,-7.3983,0.2949,-7.6932
1.0061,0.5054,0.2446,0.865,0.4271,77.0214,72.5749,4.4465
-0.0107,-0.0914,0.2855,-1.1926,0.4271,38.4013,40.9819,-2.5806
1.0454,0.6485,-0.047,0.2399,0.4271,66.4851,68.0165,-1.5315
0.275,0.296,0.793,-0.3172,0.4271,56.7461,58.388,-1.6419
-0.2145,-1.1649,0.0927,-0.4742,-2.3842,-5.7414,-3.1618,-2.5797
0.4385,-0.3074,0.4563,0.0787,0.4271,58.302,53.5169,4.7851
-1.1157,-0.9784,-0.0356,-0.6513,-2.3842,-14.3702,-12.9372,-1.4329
0.2474,0.9757,0.6231,-0.0667,0.4271,66.3217,66.1704,0.1513
0.2517,-0.1781,0.0202,0.3316,0.4271,55.5179,51.3736,4.1444
-0.1964,0.5552,-0.3397,-0.0995,0.4271,41.2294,49.0521,-7.8227
-0.4752,0.3031,0.1821,-0.0439,0.4271,57.6182,47.6301,9.988
0.1166,1.4333,1.0835,0.0466,0.4271,73.0802,74.2437,-1.1635
0.6155,-0.7122,0.912,0.0914,0.4271,48.3424,54.4552,-6.1128
-0.3465,-0.9305,-0.4182,0.2255,0.4271,33.0941,32.3936,0.7005
0.0605,0.3859,0.2813,-0.1143,0.4271,50.5203,54.5755,-4.0552
-0.9242,-0.5503,0.5572,-0.122,-2.3842,0.3052,2.169,-1.8638
-0.1849,1.1621,-0.5599,-0.1006,0.4271,55.9342,54.2977,1.6365
-0.2192,-1.0822,-0.2935,-0.0161,0.4271,12.308,31.3302,-19.0222
-1.0368,-0.7744,-0.4804,-0.9545,0.4271,18.2389,18.0721,0.1668
0.5616,-0.7318,0.9804,0.0761,-2.3842,25.1774,20.6784,4.499
-0.1947,-0.287,0.6044,0.3478,0.4271,38.6411,49.9712,-11.3302
-1.5359,-1.3029,0.3157,-0.0109,-2.3842,-12.7024,-13.9343,1.232
0.3014,0.8156,0.2188,-0.1154,0.4271,56.4648,61.4994,-5.0345
-0.2369,0.5695,-0.3356,-0.46,0.4271,43.5346,46.3043,-2.7697
-1.1357,-0.7878,0.0337,-0.5959,0.4271,16.6541,23.3093,-6.6553
-0.1292,-0.6524,-0.5913,0.1619,0.4271,31.5979,36.0748,-4.4769
0.1452,-0.2483,0.4044,-0.2071,0.4271,50.9109,48.6529,2.258
0.1717,-0.2484,0.4628,-0.0101,0.4271,52.2393,50.7551,1.4842
-0.3016,-0.3558,-0.1031,-0.7362,0.4271,29.9302,35.0759,-5.1457
0.1248,0.6414,-0.4823,-0.4564,0.4271,49.7789,49.8845,-0.1056
1.2269,0.6942,0.0133,0.0301,0.4271,66.2916,69.48,-3.1884
0.7679,0.0939,0.8264,0.0456,0.4271,57.7891,64.1764,-6.3873
0.0541,-0.9258,-0.3492,-0.3434,-0.8474,9.2831,18.1725,-8.8893
0.5056,-0.6164,0.9352,0.7055,0.4271,59.5836,58.8026,0.781
-1.405,-0.8802,0.4124,-0.2329,0.4271,15.8483,24.822,-8.9737
-1.6345,-1.7613,-1.0556,-0.4092,-2.3842,-25.6684,-33.4646,7.7963
-1.7546,-0.2809,-0.4029,-0.0005,0.4271,28.5484,23.1574,5.3911
-0.1667,0.4817,0.14,0.2318,0.4271,58.3158,54.537,3.7788
-1.2321,-0.7545,0.0309,-0.1211,-2.3842,-13.0614,-7.4691,-5.5923
-0.1338,0.5435,-0.4869,0.5375,0.4271,59.2111,52.8872,6.3239
0.5403,1.0053,0.6159,-0.0729,0.4271,74.1541,69.5432,4.6109
0.5403,0.6001,-0.7851,0.0122,0.4271,63.0635,54.7993,8.2642
-0.0276,0.0191,0.1065,-0.3882,0.4271,39.4986,46.2582,-6.7596
1.0338,0.7973,0.8274,-0.1194,0.4271,69.453,73.7953,-4.3423
0.0653,0.7044,-0.7408,-1.0842,0.4271,33.9167,43.6026,-9.6859
0.8663,-0.3457,0.8189,-0.2578,0.4271,50.1112,58.1196,-8.0084
-0.2723,-0.1742,-0.5529,-0.4569,0.4271,34.9345,35.9121,-0.9776
0.3499,0.2139,-1.0323,-0.5185,0.4271,45.472,42.8258,2.6462
1.3702,0.1972,0.2274,-0.0775,0.4271,68.1131,66.3265,1.7866
-0.74,-0.985,-0.9362,-0.1022,0.4271,24.595,21.3008,3.2942
0.2487,0.7692,0.566,0.3244,0.4271,72.8551,66.1416,6.7135
-0.2701,-0.3844,0.1621,-0.0789,-2.3842,12.9521,8.301,4.6511
-0.409,-0.339,-0.0136,-0.0235,0.4271,50.7777,39.756,11.0217
0.3204,-0.8455,-0.3318,0.1679,0.4271,44.7532,40.7587,3.9945
-0.54,-0.604,-0.0816,0.8111,0.4271,38.8025,40.6514,-1.8489
-0.8753,-1.071,-1.7897,-0.4465,0.4271,13.6002,9.924,3.6762
0.2644,-0.5347,-0.0669,0.0996,-2.3842,8.8749,11.8161,-2.9412
0.4596,-0.5164,0.4973,-0.2591,0.4271,41.9531,49.3598,-7.4067
-0.7665,-0.4792,-0.1491,0.1493,0.4271,29.3568,34.5085,-5.1517
0.7759,-0.1792,0.9664,1.0537,0.4271,72.1207,69.2752,2.8455
-0.5447,-0.6884,-0.3257,0.4118,-2.3842,-1.1887,1.5992,-2.7879
1.0452,-0.0265,0.1281,0.1972,0.4271,60.3421,61.4758,-1.1337
0.3585,0.5724,-0.137,-0.4503,0.4271,53.4649,54.3115,-0.8466
-1.5934,-1.2956,0.3512,-0.7048,-2.3842,-25.5084,-19.0179,-6.4905
-1.3384,-0.2259,0.3191,-0.4903,-2.3842,-5.6733,-3.0147,-2.6586
-0.8283,-0.6873,0.5711,-0.8424,-2.3842,-9.7857,-3.2463,-6.5394
1.0138,1.6375,-0.0242,0.3369,0.4271,81.4178,79.6488,1.769
-0.1446,0.457,-0.0109,-1.0368,0.4271,42.5789,44.5179,-1.9389
1.2909,1.7231,-0.3103,0.7485,0.4271,84.5035,84.2401,0.2634
-1.3697,-0.9453,-0.0706,0.1481,0.4271,23.2065,23.4008,-0.1943
0.5505,0.0197,0.7498,0.0137,-0.8474,46.1807,45.059,1.1217
0.0781,1.1002,0.022,-0.8043,0.4271,54.6916,56.0048,-1.3132
-0.113,-1.3449,0.6475,-0.2816,-2.3842,-1.3155,1.5106,-2.8261
1.195,1.0293,1.0115,0.3902,0.4271,84.062,83.0884,0.9736
-0.2986,-0.1988,0.514,-0.6154,-0.8474,17.7692,27.3192,-9.5501
0.4772,0.1446,0.1219,0.9209,0.4271,65.5066,62.2963,3.2104
1.2622,1.2243,0.6695,0.0978,0.4271,81.0124,81.3392,-0.3267
-1.303,-0.7653,-0.0363,-1.0873,-0.8474,5.3218,2.6738,2.648
1.0895,1.2245,-0.0753,0.4679,0.4271,71.29,76.3326,-5.0425
0.5791,1.6122,0.0621,0.1361,0.4271,75.8257,73.9754,1.8502
-0.1195,-0.1623,0.5235,0.855,0.4271,56.8937,55.0842,1.8095
1.0205,0.7128,0.681,0.1609,0.4271,73.6338,73.5252,0.1086
0.1068,-0.7837,-0.1835,0.3782,0.4271,42.6356,41.7676,0.868
-0.8468,-0.5575,-1.92,-1.0479,0.4271,13.0502,10.821,2.2292
1.5819,0.9988,0.6236,0.0649,0.4271,74.2948,81.647,-7.3522
0.2664,-0.003,-0.2608,0.3699,0.4271,45.5189,51.6032,-6.0843
0.9657,0.4918,0.7878,-0.0235,0.4271,70.2852,69.9917,0.2935
-0.2759,0.8487,0.7232,-0.9283,0.4271,49.4558,53.9166,-4.4608
-0.5924,-0.4695,0.0153,0.129,0.4271,32.27,37.6061,-5.3361
1.1809,1.3501,-0.0987,0.2921,0.4271,78.0027,77.3226,0.6801
-0.8281,-0.0572,-0.2057,-0.4874,0.4271,32.9706,33.7313,-0.7608
-0.9499,0.5932,0.0128,-0.0033,0.4271,45.9511,44.7869,1.1642
-1.3334,-1.4567,0.6757,-0.0977,0.4271,13.9665,22.0705,-8.104
-0.265,0.4341,0.497,0.1233,0.4271,56.8031,54.9408,1.8623
-0.1984,-1.2651,-1.4108,-0.4749,-2.3842,-11.1842,-15.6875,4.5032
0.7821,0.6321,0.3396,0.2228,0.4271,64.6091,67.8667,-3.2575
0.0313,0.0268,-0.0122,-0.0808,0.4271,62.3506,48.1994,14.1512
-0.4467,-0.3556,-0.2793,0.1129,0.4271,44.6882,38.0701,6.6181
0.1296,0.5987,-1.2602,0.413,0.4271,54.4014,49.5142,4.8872
-0.1308,-0.4332,-0.5325,-0.0692,-0.8474,24.2112,22.2259,1.9853
-0.4397,-0.2343,0.0372,0.4645,0.4271,42.1246,44.3878,-2.2632
1.0484,0.6192,-0.0784,-0.208,0.4271,56.0378,64.3639,-8.3261
-1.498,0.6335,-0.4508,-0.6778,0.4271,26.6782,31.1123,-4.4341
0.8313,-0.2153,0.7323,-0.6334,0.4271,56.3232,55.9342,0.3891
-1.5261,-1.0886,-0.8609,-0.9008,-2.3842,-30.4855,-26.6576,-3.8279
-0.1031,-0.538,-0.2197,0.8786,-2.3842,16.2542,12.0822,4.1721
-0.2037,-1.2533,0.2231,0.0587,-2.3842,0.2396,0.6666,-0.4271
-0.0943,0.8163,-0.758,0.1335,0.4271,50.021,51.4831,-1.4621
-1.5357,-1.0158,-0.3036,-0.2834,-2.3842,-23.5578,-17.3623,-6.1955
-0.7309,-0.7935,0.3284,-0.0946,-2.3842,-7.6817,-0.0654,-7.6163
-1.3585,0.6327,-0.6494,0.146,0.4271,39.5424,36.7967,2.7457
-0.32,-0.3903,-1.0111,-0.3274,0.4271,22.352,30.3454,-7.9934
-0.1899,0.6013,-0.9001,-0.6531,0.4271,34.4707,41.4806,-7.0099
-0.3172,-0.8748,0.4431,0.0992,-0.8474,22.4361,23.9412,-1.5051
-0.7044,0.4741,0.2345,0.2072,0.4271,56.9045,49.2472,7.6573
-0.0743,-0.4778,-0.2539,-0.1131,0.4271,41.2572,39.3102,1.9471
0.1539,-0.0552,-0.2115,0.3647,0.4271,49.155,50.1547,-0.9997
-1.6855,-1.382,-1.0921,-0.9859,-2.3842,-30.4375,-34.0349,3.5974
-0.6992,-0.4555,-0.0232,-0.1708,0.4271,28.6787,34.2395,-5.5608
-0.0028,-0.7867,0.0111,0.3809,0.4271,43.4733,42.075,1.3983
-0.6142,-0.642,-0.9917,0.4343,0.4271,24.9043,29.8079,-4.9036
-1.4969,-1.1914,-0.7981,-0.8044,-0.8474,-14.4145,-8.0897,-6.3248
-1.6181,-1.0786,-0.5869,-0.8427,-2.3842,-20.4192,-25.0191,4.5999
-0.2458,0.5175,-0.2897,-0.0286,0.4271,52.2222,48.976,3.2462
-0.7351,-0.1947,-0.717,-0.056,0.4271,34.9751,32.2474,2.7276
0.5143,1.105,0.6263,0.0027,0.4271,78.7347,70.9905,7.7442
0.3221,0.9868,-0.3142,0.6144,0.4271,64.5354,64.6186,-0.0833
-0.2919,0.2514,0.6981,-1.0246,0.4271,39.0554,46.1665,-7.1112
-0.4309,-1.5922,-0.4748,0.126,-2.3842,-4.3474,-10.479,6.1316
-0.3169,0.1111,0.3227,0.1017,0.4271,49.9057,49.2625,0.6432
0.7678,0.0092,0.3107,-0.5046,0.4271,66.1251,55.4296,10.6955
0.1994,0.5678,0.4578,0.3319,0.4271,57.0251,62.5686,-5.5435
-0.5248,-0.2178,0.4233,0.6198,0.4271,54.9656,47.7103,7.2553
0.126,0.4983,-0.5383,0.5127,0.4271,49.6069,54.5939,-4.987
0.1073,0.0716,0.5169,0.2622,0.4271,57.9124,55.9719,1.9405
0.4419,0.4508,-0.3535,0.3375,0.4271,53.0183,57.6486,-4.6303
-0.8443,-0.1021,0.3028,0.1964,0.4271,46.4943,41.7193,4.7749
-0.2461,-0.4524,0.456,0.2209,0.4271,46.491,45.5381,0.9529
0.4545,-0.028,-0.3567,0.1232,0.4271,51.0814,50.8839,0.1974
-0.0542,0.567,0.3926,0.1664,0.4271,58.9418,58.1908,0.7511
0.0061,0.8147,-0.0638,0.7016,0.4271,47.3418,61.8309,-14.4892
1.8289,0.646,0.5436,0.5573,0.4271,92.5529,83.1322,9.4207
-0.2209,0.4181,-0.9304,0.3208,0.4271,41.9069,45.6243,-3.7174
-0.0767,-0.1817,-0.2986,0.173,0.4271,42.153,44.2579,-2.1049
1.0275,1.2438,-0.0378,0.0216,0.4271,68.3245,73.0726,-4.7481
0.4526,0.7997,0.073,0.0682,-0.8474,44.6276,47.954,-3.3264
-1.5708,-0.8969,0.2249,-0.531,-0.8474,9.8981,4.2016,5.6965
0.5748,-0.0742,0.9462,0.4768,0.4271,69.3847,64.1359,5.2487
-0.5867,0.1528,-1.4317,-0.3362,0.4271,33.373,30.2987,3.0743
-0.4931,0.9565,0.055,0.2775,0.4271,63.9157,56.0428,7.8729
0.5086,0.7126,0.356,0.2101,0.4271,58.9516,65.8792,-6.9276
0.8897,0.3509,-0.0563,0.4939,0.4271,63.6987,64.6959,-0.9973
-0.0529,-0.058,-0.2235,0.3021,0.4271,39.1198,47.3785,-8.2587
-0.875,0.8447,0.4928,0.182,0.4271,56.0933,53.3984,2.6948
1.2386,1.2128,0.5005,0.1273,0.4271,80.0853,79.8605,0.2249
0.8145,1.5972,0.5422,0.2541,0.4271,70.1582,80.8422,-10.684
-1.0255,0.3534,-0.0991,-0.1777,0.4271,41.2822,39.2066,2.0756
-0.5826,-1.1609,-0.2394,0.2144,0.4271,18.7717,28.5711,-9.7993
1.426,1.0808,0.4696,-0.3432,0.4271,76.1183,76.8759,-0.7576
0.2562,0.15,0.7846,0.0257,0.4271,53.7004,58.8643,-5.164
1.151,0.8743,0.6071,0.5141,0.4271,73.0154,78.6262,-5.6107
-1.6976,-1.2584,0.6316,-0.098,-0.8474,9.4338,4.9165,4.5174
1.2375,1.2488,-0.7902,0.1719,0.4271,67.1793,70.6357,-3.4565
1.6105,0.8515,0.3326,-0.2189,0.4271,80.8268,76.0852,4.7416
-0.5822,-0.242,-1.1912,0.1753,0.4271,32.558,31.3132,1.2448
-0.4267,-0.5116,-0.3291,-0.5927,-2.3842,-2.627,-2.1576,-0.4695
-0.9486,0.025,-0.2492,0.0836,0.4271,43.9022,36.9987,6.9035
-0.582,-1.114,0.3951,0.1838,-0.8474,16.1617,18.6313,-2.4696
-0.4951,-1.3853,0.0204,0.0513,0.4271,19.8262,27.8495,-8.0233
-1.6168,-0.385,-1.4767,-0.9703,-2.3842,-34.9363,-24.9391,-9.9973
1.0979,0.4668,-0.1061,0.8404,0.4271,69.0236,70.2548,-1.2312
0.6163,0.7933,-0.7645,0.1041,0.4271,55.9937,58.583,-2.5893
0.3307,0.5427,0.1306,0.3786,0.4271,56.941,61.4994,-4.5585
-0.5005,0.0353,0.0246,-0.7249,0.4271,39.3029,38.4043,0.8987
-0.4603,0.1303,-1.2304,-0.5534,0.4271,17.0844,31.4391,-14.3547
1.1197,0.9467,0.4494,0.3069,0.4271,74.6622,76.4502,-1.7881
-0.2863,0.0098,0.0004,-0.5554,0.4271,44.1652,41.4032,2.762
0.2011,-0.4541,0.3464,-0.1493,0.4271,53.4078,46.8938,6.5139
0.2531,-0.9467,0.0245,-0.9787,-0.8474,17.318,18.5283,-1.2103
-1.17,-0.735,0.3903,-0.7655,0.4271,28.8281,25.1003,3.7278
-0.4597,-0.4592,-0.6014,0.5604,0.4271,39.8942,37.3972,2.497
-0.5202,0.1441,-0.6439,0.1478,0.4271,38.2755,40.3397,-2.0642
-0.864,-1.5138,0.3952,0.3007,0.4271,20.7915,27.069,-6.2774
0.9078,0.0941,0.992,0.3875,0.4271,69.5592,69.3277,0.2314
-1.4841,-0.9832,-0.8543,-0.7474,0.4271,12.4908,9.4939,2.9969
1.0761,0.907,0.0121,0.4363,0.4271,63.2192,73.0722,-9.853
-0.9604,-0.605,0.3825,-1.3185,-2.3842,-9.9777,-8.4963,-1.4814
-0.5908,-0.5024,0.9083,0.4917,0.4271,55.1456,46.6444,8.5012
1.1639,1.0904,-0.3282,0.984,0.4271,75.0671,77.264,-2.1969
0.9483,0.4733,0.8094,0.6034,0.4271,72.5827,74.1223,-1.5396
1.1553,0.2845,0.1035,0.4892,0.4271,71.7248,67.9927,3.7321
1.2205,-0.0794,0.0172,1.1241,0.4271,63.815,68.3478,-4.5327
-0.5303,-0.7817,-0.28,-0.3807,0.4271,31.4745,28.947,2.5275
-0.1428,0.1743,0.0369,-0.0615,0.4271,43.0246,48.5042,-5.4795
-0.19,1.1398,-1.1986,0.0829,0.4271,52.2939,50.3535,1.9404
1.1155,0.9656,0.5491,-0.1777,0.4271,77.877,74.0166,3.8604
0.5895,-0.484,0.4922,0.6526,0.4271,55.4504,57.4153,-1.9649
0.6166,0.247,0.7172,0.7051,0.4271,65.1858,68.0206,-2.8348
-0.24,0.5185,0.2885,0.6054,0.4271,55.1563,57.9051,-2.7488
-1.2129,-0.9607,0.0629,-0.4824,-0.8474,0.0376,6.4096,-6.372
-1.5993,-0.5845,0.346,-0.5435,-0.8474,10.543,8.2528,2.2901
0.1667,0.383,0.5815,-0.5004,0.4271,54.4636,55.3065,-0.8429
0.1196,0.6651,0.4934,-0.0507,0.4271,62.8054,60.4217,2.3837
-1.583,-0.0555,0.2379,-0.3012,0.4271,30.4019,30.3697,0.0322
0.769,-0.1761,0.02,0.6974,0.4271,71.1751,59.4792,11.6958
0.0229,0.068,0.2926,0.0351,0.4271,52.9602,51.7235,1.2367
0.3043,-0.2031,-1.6543,0.2487,0.4271,35.8251,38.1965,-2.3714
-0.9395,-0.6549,-1.2056,-0.7752,0.4271,21.3613,16.1253,5.2359
-0.1675,1.2366,-0.7178,-0.0228,0.4271,54.9124,54.6483,0.2641
1.4395,1.4642,0.567,0.509,0.4271,90.6256,88.0051,2.6205
-0.2991,-1.2295,-0.5864,-0.7024,0.4271,10.8834,21.7948,-10.9114
-1.3577,-1.2459,0.5583,-0.806,-2.3842,-21.8168,-15.0443,-6.7726
1.1671,0.4295,-0.0717,0.0296,0.4271,70.9209,65.2056,5.7153
1.133,0.1764,0.5449,0.3564,0.4271,70.356,69.0098,1.3462
0.5062,-0.2554,-0.1026,0.2821,0.4271,37.0586,51.9414,-14.8829
-0.1789,0.6547,-0.0112,-1.0164,0.4271,56.1073,46.5128,9.5946
-1.7601,-1.7964,0.1449,-0.7452,-2.3842,-27.2075,-28.3044,1.0969
-0.656,0.2451,-0.1454,-0.1273,0.4271,40.239,41.9428,-1.7037
0.3764,-0.1787,-0.0878,0.4721,0.4271,57.1086,52.8473,4.2613
0.7869,-0.1256,0.1093,0.3241,-0.8474,49.0892,43.1901,5.8991
0.7066,1.2625,0.539,0.2392,0.4271,70.4337,75.7942,-5.3605
-0.3468,-0.7116,0.0949,0.0265,0.4271,42.8963,37.4155,5.4808
0.0458,1.2686,-0.8019,0.2121,0.4271,58.1057,58.2787,-0.173
-1.3649,0.3089,0.2462,-0.055,0.4271,28.8024,38.5809,-9.7785
1.2648,-0.2756,0.318,-0.1632,-0.8474,36.7584,44.8416,-8.0831
-0.0773,0.4635,-0.0805,0.1253,0.4271,41.856,52.8534,-10.9974
-1.224,-0.2009,-1.0186,-0.377,0.4271,32.9943,22.3873,10.607
-0.5983,-0.1265,0.4249,-0.1041,0.4271,49.155,42.9304,6.2245
0.7264,-0.3952,0.6426,-0.6405,0.4271,47.789,52.0483,-4.2593
-0.4794,0.2819,0.4609,0.7181,0.4271,54.823,54.7882,0.0348
0.525,0.2527,-0.7267,0.5494,0.4271,50.2362,54.9127,-4.6765
0.9439,0.9151,0.0256,-0.07,0.4271,69.1967,68.3312,0.8655
-0.6623,-0.3265,-0.5722,-1.0201,-2.3842,-2.933,-7.4408,4.5078
0.8597,0.9812,-0.7841,0.2088,0.4271,57.2351,63.8809,-6.6459
-0.2422,-0.207,0.4464,-0.56,0.4271,39.3686,42.8376,-3.4689
1.4246,0.2771,0.8759,1.2508,-2.3842,42.6895,48.6319,-5.9424
-1.4244,-0.6166,-0.8265,-0.3325,-2.3842,-20.294,-16.0455,-4.2485
-1.5968,-1.5397,-1.0619,-0.4916,-2.3842,-32.2801,-31.1901,-1.09
-0.3073,-0.5821,0.2713,0.1402,0.4271,49.1124,41.4418,7.6706
1.4766,1.21,0.2629,0.4129,0.4271,81.4332,82.5373,-1.1041
0.2202,0.3042,0.2004,0.222,0.4271,57.1021,57.0833,0.0189
0.5179,-0.8066,0.4298,0.23,-2.3842,28.3837,16.2034,12.1803
-1.5972,-0.581,-0.1542,0.0557,0.4271,17.6271,23.7738,-6.1467
0.5992,-0.8838,0.3543,0.2284,0.4271,49.4858,49.0138,0.4721
0.283,0.6231,0.6854,-0.1254,0.4271,64.6661,62.658,2.0081
-1.1314,-1.4147,0.0155,0.065,-2.3842,-18.1997,-12.6399,-5.5597
0.4002,0.2785,0.2946,-0.0881,0.4271,52.5851,57.2916,-4.7065
0.3179,0.052,0.6288,-0.2166,0.4271,54.4904,55.5404,-1.05
0.3318,0.5285,0.3323,0.4281,0.4271,72.8354,63.2475,9.5879
0.9293,0.1947,0.2095,0.7137,0.4271,68.6767,66.9364,1.7403
0.0553,-0.9241,0.0754,0.2931,-2.3842,2.4272,7.6382,-5.2111
0.8639,-0.3556,0.3228,-0.0212,0.4271,61.8891,55.8126,6.0764
-0.9185,-0.3382,0.0678,0.1416,0.4271,31.8515,36.0792,-4.2277
-0.7947,-1.0029,-1.1709,-0.934,-2.3842,-17.6445,-20.4727,2.8282
-0.3214,-0.0782,0.6269,0.3054,0.4271,46.7605,50.8401,-4.0796
1.0777,1.0852,0.0998,0.7312,0.4271,67.6088,77.8172,-10.2084
-0.3941,-1.4114,-0.7143,-0.1997,-2.3842,-7.7108,-12.1568,4.446
0.1064,-0.1581,-0.9254,-0.0591,0.4271,46.5025,40.0495,6.453
0.4249,-0.2195,0.6642,-0.228,-2.3842,6.7073,20.4276,-13.7203
-0.5853,1.0072,-0.7313,-0.079,0.4271,53.3084,47.0983,6.2101
-1.4262,-1.01,-0.4497,-0.8547,-2.3842,-23.3797,-21.2196,-2.1601
0.3954,-0.3799,0.8274,-0.6643,-2.3842,18.2462,16.5313,1.7149
0.4684,-0.3361,0.1962,-0.0456,0.4271,55.5269,50.6495,4.8774
-0.2033,-0.7243,-0.3367,-0.6503,0.4271,28.1494,30.7842,-2.6347
0.9763,0.2747,1.0835,0.2738,0.4271,74.4532,72.0061,2.4471
-0.0048,-1.2149,-1.5459,0.838,-0.8474,14.9113,13.2969,1.6145
-0.9059,-1.249,-0.5341,-0.0748,-0.8474,-2.5197,4.6968,-7.2165
-1.1354,-0.42,0.0504,0.129,-2.3842,-2.5986,-0.7839,-1.8147
-0.5074,-0.4947,-0.9924,-0.6191,0.4271,27.5701,25.2798,2.2903
0.9073,0.0303,0.1755,0.3799,0.4271,63.5069,62.2711,1.2358
0.8267,0.4231,0.3489,0.3497,0.4271,63.2985,66.948,-3.6495
1.5225,0.9175,0.9413,0.492,0.4271,91.2617,85.5085,5.7532
0.0568,0.2286,-0.738,0.8103,0.4271,48.7977,51.3519,-2.5542
1.2483,1.1244,0.3097,0.0599,0.4271,71.6447,77.0347,-5.39
0.403,-0.1817,-0.2241,-0.6551,0.4271,38.9832,44.2145,-5.2313
0.5305,0.4302,0.0221,0.0792,0.4271,60.2884,59.4597,0.8287
0.4505,1.668,0.2613,-0.5958,0.4271,63.95,69.6696,-5.7195
0.3651,-0.1561,0.5582,-0.0841,0.4271,58.501,54.0849,4.4162
-0.3395,-1.073,-0.4475,-0.7289,-2.3842,-9.3887,-9.3942,0.0055
-0.5439,1.077,-0.2208,0.1701,0.4271,52.5299,53.9843,-1.4544
-0.0403,0.2864,0.4153,-0.4656,0.4271,50.6192,50.9654,-0.3462
-0.8408,-0.8989,0.3046,-0.0936,0.4271,34.3646,30.7941,3.5706
-0.2436,-0.5017,0.7686,0.3325,0.4271,38.0557,48.1912,-10.1355
0.0654,0.8596,-0.6099,-0.7228,0.4271,62.205,48.8676,13.3374
-0.7813,0.2382,-0.2676,-0.6783,0.4271,33.6557,35.7526,-2.0968
-0.4816,-1.0679,-0.135,-0.4922,-2.3842,-5.0398,-6.8093,1.7695
0.2185,-0.2354,0.3054,0.2644,0.4271,60.5439,52.0996,8.4444
0.951,0.2938,0.4306,0.6924,0.4271,66.2992,69.8367,-3.5375
-0.8425,-1.0039,0.256,-0.101,-2.3842,-4.7528,-4.2287,-0.524
-0.3721,-1.1354,0.4614,-0.0147,-2.3842,2.0141,1.5121,0.502
0.2685,0.1272,0.001,-0.0337,0.4271,53.4464,52.2977,1.1487
0.5513,-0.3397,0.6196,0.3493,0.4271,62.7034,57.4999,5.2035
1.0001,0.6053,0.3367,0.0133,0.4271,77.3695,68.4223,8.9473
-1.4051,-0.9019,-0.0945,0.1403,0.4271,30.0544,23.27,6.7845
0.5517,0.2538,0.1981,0.1763,0.4271,58.0928,59.7317,-1.6389
1.4333,0.8967,0.6859,0.7576,0.4271,82.0973,84.2,-2.1027
0.2613,-0.3851,-0.5072,0.0356,0.4271,41.3096,43.0326,-1.723
-0.9018,-0.1708,0.7956,0.2691,0.4271,42.7643,44.6273,-1.863
0.9915,0.6679,0.1406,0.3148,0.4271,70.8768,69.622,1.2549
-0.0961,-0.9748,-0.0083,-0.4849,-1.1097,12.7055,14.5349,-1.8294
0.2516,1.0002,0.0611,0.4941,0.4271,54.6228,66.0664,-11.4437
1.2532,0.3717,-0.631,0.5058,-0.8474,47.9687,49.3454,-1.3767
1.1637,1.7502,0.1535,-0.0857,0.4271,76.3963,80.9513,-4.555
-0.1123,-0.1137,0.2961,0.1941,0.4271,44.0805,49.3628,-5.2823
1.2513,0.8155,0.5998,0.1529,0.4271,78.1107,76.4715,1.6392
0.9954,0.5901,1.03,0.5727,0.4271,84.1014,77.4235,6.6778
0.9936,0.5067,0.5295,0.1815,0.4271,70.6785,69.8957,0.7828
0.4285,-0.1921,-0.4421,-0.1536,0.4271,50.7456,46.1791,4.5664
0.5925,-0.0865,-0.2547,0.6417,0.4271,58.1332,56.0939,2.0392
1.1083,1.1951,0.7786,-0.2422,0.4271,79.2731,77.8377,1.4354
1.019,0.275,0.4909,0.5474,0.4271,71.4775,69.8095,1.668
0.2544,0.1184,0.1461,0.3932,0.4271,46.6905,56.1325,-9.442
1.23,0.5713,0.4001,-0.2965,0.4271,62.8518,68.8369,-5.9851
1.3189,1.0997,0.2207,0.876,0.4271,84.6534,82.5015,2.1519
0.5298,-0.6819,0.8484,0.3782,0.4271,54.795,55.3823,-0.5873
-0.0148,0.5691,0.3104,0.0182,0.4271,65.3488,56.9741,8.3747
-0.9111,-0.3986,-0.4029,0.6694,-2.3842,-8.4413,2.1286,-10.5699
-0.3572,0.0511,-0.7948,-0.1606,0.4271,35.1925,37.7341,-2.5416
-1.7036,0.7313,-0.0832,-0.1871,0.4271,35.7148,36.2484,-0.5336
0.7007,0.1735,0.1942,1.0191,0.4271,70.6509,66.2543,4.3966
-0.0084,-0.4551,-0.5507,-0.7523,0.4271,33.643,33.5442,0.0987
0.9934,-0.5939,0.8034,-0.2817,0.4271,56.3168,56.4062,-0.0894
-1.1705,-0.9534,0.9161,0.6794,-2.3842,8.4889,3.3285,5.1604
0.4022,-0.7789,0.125,0.0559,0.4271,51.7026,45.1182,6.5844
-0.3196,-0.2132,-1.2324,-0.3419,0.4271,30.7109,30.5381,0.1728
0.1156,-0.0534,-0.0914,-0.2626,0.4271,42.1524,46.3285,-4.176
-0.5016,-0.4126,0.4573,-1.0416,0.4271,39.5902,34.4819,5.1083
0.7839,-0.0443,0.5656,0.1383,-0.8474,46.5537,46.2914,0.2623
-0.3703,-0.7233,-0.7986,0.856,-0.8474,26.0371,20.7822,5.2549
-1.6661,-0.9854,-0.4856,-0.3162,-0.8474,-2.2974,-1.7884,-0.509
-0.8132,-1.3842,-1.0046,-0.9371,-0.8474,-4.1032,-5.4433,1.3401
-0.2349,0.386,0.3938,-0.7137,0.4271,52.6742,48.1099,4.5643
1.3385,0.2615,0.7657,0.5334,0.4271,80.5252,75.0984,5.4268
1.0344,-0.2759,0.1963,1.0312,0.4271,70.1855,64.8767,5.3088
-0.1286,-0.4035,-0.7023,0.3793,-0.8474,14.8893,24.3942,-9.5049
-0.9345,-0.2834,-0.0844,0.1553,0.4271,38.7569,35.4486,3.3082
-0.6381,-1.2214,-0.0033,-0.2611,-0.8474,12.3909,10.6661,1.7248
-1.6145,-1.1415,-1.3297,0.3099,-0.8474,-8.8431,-5.1333,-3.7098
-0.9757,-1.029,-0.1968,-0.4402,0.4271,16.7305,21.6198,-4.8893
0.6491,0.6494,0.3559,0.2423,0.4271,73.1723,66.8963,6.276
0.1324,-0.2168,0.3333,0.3149,0.4271,48.6623,51.951,-3.2887
0.2866,1.0521,0.1427,1.2661,0.4271,78.5178,73.0182,5.4996
0.9432,0.7473,0.0608,0.1792,0.4271,67.8156,68.4397,-0.6241
-0.026,-0.2703,0.2127,0.1586,0.4271,59.7196,47.6391,12.0804
-0.5337,-1.2262,-1.0072,-0.2113,-0.8474,4.0931,4.3521,-0.259
-0.1525,-0.1252,0.8158,0.1122,0.4271,53.0323,52.2327,0.7995
0.4322,-0.115,0.2713,-0.1259,0.4271,51.5995,52.7669,-1.1673
1.0475,0.6805,0.4755,-0.0943,0.4271,74.1036,70.0968,4.0068
0.2458,-0.5722,0.451,-0.0272,0.4271,40.0541,47.6982,-7.6441
-0.7882,-0.6792,-0.9002,1.1386,0.4271,26.7118,33.1256,-6.4138
-0.1604,-0.981,0.2119,-0.0002,0.4271,31.5201,37.0976,-5.5775
0.1776,-0.5977,1.0835,-0.3443,0.4271,60.2086,49.3429,10.8657
-0.257,-1.0491,0.6794,0.1538,-0.8474,21.7407,24.8222,-3.0815
0.3724,-0.469,-0.6434,0.5784,0.4271,48.7146,46.0052,2.7094
-0.3423,-1.0417,-0.2567,-0.0419,-2.3842,1.4654,-2.8282,4.2937
-0.5088,1.3142,-0.5645,0.4708,0.4271,46.0988,56.4737,-10.3748
-0.2448,0.0311,0.2516,-0.3581,0.4271,45.575,45.3906,0.1843
0.3709,0.5799,0.1928,-0.1267,0.4271,56.1574,59.3154,-3.1581
0.9814,0.8755,0.5482,-1.1929,0.4271,62.7189,64.5026,-1.7838
-0.5257,-0.4806,-1.043,-0.0762,0.4271,25.3604,28.6272,-3.2668
0.0137,-1.1111,-0.4014,-0.4272,-2.3842,-2.5611,-3.5862,1.0251
-0.6891,0.1933,-0.082,0.2914,0.4271,53.0275,44.4039,8.6235
-0.6859,-0.954,-0.529,0.0555,0.4271,27.4439,26.4564,0.9875
-0.3172,0.6478,0.2263,0.2711,0.4271,50.795,55.7299,-4.9349
0.4794,-0.3677,-0.073,0.2812,0.4271,49.8215,50.6124,-0.7909
-0.4643,0.0625,0.4373,-0.1626,0.4271,40.687,46.18,-5.4929
0.9899,1.2536,0.3946,-0.1957,0.4271,77.4317,74.5959,2.8358
0.4124,0.6019,0.6361,-0.625,0.4271,60.995,59.9534,1.0417
0.4697,-0.6425,1.0361,0.7356,0.4271,68.9949,59.1092,9.8857
0.1224,0.7993,0.0343,-0.2176,0.4271,59.2307,57.269,1.9617
0.1751,0.4553,-0.4778,0.0461,0.4271,59.6949,51.8586,7.8363
0.0955,-0.6368,-0.7181,-0.2875,-0.8474,14.2672,19.4173,-5.1501
0.1237,0.0063,0.6029,0.3179,0.4271,47.8192,56.4625,-8.6432
0.6878,1.0437,0.222,0.2038,0.4271,77.6031,70.4484,7.1547
0.6455,-1.0762,-0.2478,0.139,-2.3842,6.2886,8.6938,-2.4052
-0.6195,-0.1735,0.2929,-0.4944,0.4271,41.6119,38.4462,3.1657
0.2775,0.693,-0.6783,-0.0163,0.4271,48.2695,53.6523,-5.3829
0.7232,0.9166,-0.4564,0.4099,0.4271,56.2764,65.6116,-9.3352
-0.0535,0.5232,-1.0752,0.1266,0.4271,56.243,46.1354,10.1076
0.5269,1.0476,0.3801,-0.0193,0.4271,72.0007,68.4334,3.5673
-0.2916,-0.8124,-0.4017,-0.7333,0.4271,40.4283,27.771,12.6572
1.0979,0.2381,-0.3913,-0.3422,0.4271,50.4149,57.2696,-6.8547
-0.3117,0.3053,-0.7755,0.3433,0.4271,48.871,44.7318,4.1392
-1.6592,-1.1645,0.0621,-0.3108,0.4271,15.8374,15.6644,0.173
1.5096,0.9321,0.9357,0.201,0.4271,78.1301,83.4679,-5.3378
-1.4518,-1.2509,0.5425,-0.5665,-2.3842,-17.056,-14.5657,-2.4902
0.2617,-0.7277,-0.0673,0.3187,-2.3842,9.9245,11.1372,-1.2127
-0.2928,-0.5694,-0.8202,-0.1987,0.4271,26.332,30.9873,-4.6553
-0.3831,-0.168,0.2634,0.0702,-1.1097,31.456,26.4805,4.9756
-1.3872,-1.2836,-0.6031,-0.9563,-0.8474,-9.776,-7.5058,-2.2702
-0.4111,1.4163,-1.0855,-0.0451,0.4271,53.7816,51.074,2.7076
0.8304,0.4811,0.1759,-0.3592,0.4271,53.4615,61.3809,-7.9194
0.0138,-0.4087,0.0938,-0.629,0.4271,40.5775,40.1189,0.4586
1.2414,1.0391,0.4978,0.0579,0.4271,77.8919,77.4352,0.4568
0.3142,-0.0146,-0.3549,0.1729,0.4271,45.7763,49.8909,-4.1147
-0.2486,-0.2812,-0.9369,0.183,0.4271,37.002,36.4564,0.5456
-0.7654,0.3673,-0.509,0.1918,0.4271,50.8623,41.5648,9.2974
-0.1652,-0.0283,0.1797,0.0319,-0.8474,33.4657,32.5933,0.8724
-0.054,0.1788,-0.0111,0.2268,0.4271,47.3474,51.1412,-3.7938
0.3321,0.4297,0.7209,0.2567,0.4271,60.9959,63.9381,-2.9422
0.7242,0.2587,0.3963,0.606,0.4271,71.8695,66.1472,5.7223
1.5412,1.7329,0.3479,0.0776,0.4271,85.5119,87.4321,-1.9202
0.7003,0.0159,-0.1473,-0.2631,0.4271,61.2931,52.9386,8.3544
0.2321,0.3116,-0.0855,-0.1325,0.4271,57.3748,52.629,4.7458
-1.8714,-1.1453,-0.7871,0.3604,-2.3842,-25.8642,-21.6601,-4.2042
-0.5888,-0.7563,0.0604,-0.1835,0.4271,32.9054,32.5943,0.3111
1.3328,0.5426,0.5529,0.3268,0.4271,75.3024,75.1243,0.1781
-0.7045,-0.4684,-1.1111,-0.057,0.4271,27.193,26.4593,0.7337
-0.2,-0.6691,-1.2201,0.2504,-2.3842,-2.8321,-2.4931,-0.339
0.5251,0.4624,0.7639,0.0858,0.4271,70.4018,65.5164,4.8855
0.1046,0.3696,-0.7417,-0.5739,0.4271,44.0203,43.7991,0.2212
-0.8918,-0.939,-0.7856,-0.7954,0.4271,16.294,16.5318,-0.2378
0.2526,-1.3871,0.32,0.594,-2.3842,12.6537,8.5178,4.1359
0.8889,0.7739,0.5788,-0.4397,0.4271,67.8192,67.8396,-0.0204
0.5888,-0.3585,0.1261,0.9765,0.4271,62.8178,58.2516,4.5662
-0.1759,0.2617,-0.4062,-0.3949,0.4271,47.4227,43.4052,4.0175
1.2284,0.9661,0.8913,0.1286,0.4271,72.8662,79.9934,-7.1273
-0.3857,0.6823,0.3512,-0.1728,0.4271,57.0143,53.2591,3.7552
-0.6257,-0.618,-0.3999,0.3235,0.4271,32.6643,33.7372,-1.0729
-0.509,0.1392,0.6327,-0.5021,0.4271,48.764,45.7082,3.0558
-0.1596,-0.3127,-0.1838,0.2674,0.4271,38.4826,43.4365,-4.954
-0.7341,-0.8221,-1.5402,0.4188,-2.3842,-8.322,-11.2292,2.9072
-1.2219,-1.1712,-1.2593,-1.0496,-2.3842,-33.436,-28.4273,-5.0087
-1.1001,-1.0671,-0.3382,-0.7776,0.4271,8.7051,16.425,-7.7199
-0.7066,-0.9006,-1.0794,-0.7479,0.4271,24.8393,17.0181,7.8212
-0.2854,0.4103,-0.3074,0.1047,0.4271,46.8464,48.1366,-1.2902
0.0325,-0.1036,-0.5903,0.0978,0.4271,50.6133,43.5404,7.0729
-0.1918,0.487,-0.0765,0.2979,0.4271,55.9894,53.121,2.8684
0.5811,-0.7567,-0.8462,0.0888,0.4271,29.9737,40.0412,-10.0675
-0.8247,-0.9744,-1.0477,0.1938,0.4271,39.2772,21.7121,17.5651
-0.7346,0.2929,-1.0025,-0.6935,0.4271,37.4785,31.1077,6.3708
-0.4484,0.5284,0.0711,0.7732,0.4271,62.8977,55.2765,7.6211
-0.4993,-0.7323,-0.3713,-0.1362,0.4271,22.1001,30.831,-8.731
0.7304,0.03,0.2639,0.0297,0.4271,64.0577,58.6171,5.4407
-1.1282,-0.3994,0.3704,-0.7116,-2.3842,-5.3171,-3.8566,-1.4604
0.3698,0.4639,0.7775,-0.1882,0.4271,56.0132,62.07,-6.0568
1.8698,1.5145,0.0304,0.2705,0.4271,82.3189,87.3959,-5.0769
0.3913,0.657,0.1116,-0.0403,0.4271,63.9126,60.3765,3.5362
-0.2256,-0.3321,-0.2533,-0.404,0.4271,37.9784,37.3105,0.6679
-0.6074,-0.0474,0.395,0.1982,0.4271,46.9932,45.5944,1.3987
1.3863,0.6972,0.246,-0.0974,0.4271,68.9884,72.1264,-3.138
0.2215,0.2473,-0.2456,0.2816,0.4271,53.9649,53.4398,0.525
1.0059,1.1608,0.3868,-0.2944,0.4271,67.5752,72.9778,-5.4026
1.4846,1.0766,0.2836,0.2259,0.4271,77.2409,79.9824,-2.7416
-0.7191,-0.4325,0.2642,-0.4963,0.4271,35.879,34.2335,1.6456
-0.8151,-0.8679,0.0331,-0.3659,0.4271,32.1166,27.4377,4.6789
-0.4125,-0.5858,-0.257,0.2803,0.4271,34.63,37.1828,-2.5528
0.4836,-0.6395,0.8073,0.171,-2.3842,28.7741,20.2089,8.5652
-0.3577,0.5443,0.5114,-0.1461,0.4271,59.2724,53.4252,5.8472
1.2026,1.1136,-0.3554,0.3095,0.4271,67.2608,73.042,-5.7813
0.048,0.2259,-0.4905,-0.1374,0.4271,47.306,46.543,0.763
0.0013,0.9492,0.1231,0.1385,0.4271,57.1834,60.8151,-3.6318
0.5019,0.4027,0.106,0.1139,0.4271,57.0143,59.7301,-2.7158
1.0799,1.1083,0.7151,0.8646,0.4271,82.0307,83.7614,-1.7307
0.5297,-0.1137,0.0096,-0.6216,0.4271,52.4181,48.3677,4.0504
-0.9416,-0.4404,0.4276,0.1479,0.4271,42.7002,37.496,5.2042
-0.3302,-0.2471,0.4424,-0.1201,0.4271,42.4184,44.4712,-2.0527
-0.7343,0.5812,-0.4124,0.5582,0.4271,59.4959,47.5935,11.9024
-0.6156,-0.0226,0.1969,0.0222,0.4271,38.8438,43.0376,-4.1937
-0.3684,0.0016,-0.0979,-0.113,0.4271,41.1391,42.75,-1.6109
-0.4085,-0.8748,-0.6839,0.4616,0.4271,39.8493,31.952,7.8973
1.2712,0.8904,0.1674,1.0082,0.4271,78.8592,80.1468,-1.2875
-1.1459,-1.186,-0.2538,-0.0354,-2.3842,-19.5071,-12.9926,-6.5145
0.5757,-0.0419,0.4258,0.9209,0.4271,68.3713,63.5921,4.7792
-0.272,-0.0083,0.0554,-0.2763,0.4271,49.5641,43.7171,5.847
0.6306,-0.3345,0.574,0.1357,0.4271,57.1741,56.5721,0.602
1.7958,1.6587,0.7701,0.821,0.4271,93.5168,97.7417,-4.2249
1.5789,1.6772,-0.1305,0.3564,0.4271,83.7085,85.4665,-1.758
-0.0339,-0.2231,0.1574,0.2455,0.4271,51.0876,48.2637,2.8239
0.0864,-0.2525,0.8387,0.114,0.4271,52.8717,53.5494,-0.6776
-0.8347,-0.6609,-1.2427,-0.6205,-1.1097,-1.8109,-0.288,-1.5229
0.0095,0.2339,0.6212,0.5077,0.4271,58.5227,59.2573,-0.7346
0.5164,0.5036,-0.3756,-0.0495,0.4271,67.2028,56.1813,11.0215
-0.4776,-1.1752,-0.5399,-0.8461,-2.3842,-6.944,-13.5482,6.6042
-0.7113,-1.0737,-0.5236,-0.2395,0.4271,23.551,22.831,0.72
-0.1963,-1.767,-1.9858,0.1828,-1.1097,-9.9584,-6.0197,-3.9387
-0.4326,-0.7833,-0.6982,0.1441,0.4271,27.3593,30.4053,-3.046
-0.5386,0.3164,-1.1748,-0.8041,0.4271,27.4449,31.3774,-3.9325
0.8708,1.3029,0.5028,-0.102,0.4271,74.9706,75.3576,-0.3871
1.1406,0.7627,0.9621,-0.0711,0.4271,80.4252,75.9225,4.5027
-0.358,-1.3437,0.0144,0.2838,0.4271,28.7271,31.3575,-2.6304
0.2444,0.161,-1.1595,0.3956,0.4271,51.9814,46.4759,5.5055
-0.1156,-0.7007,-0.0611,0.1507,0.4271,38.5837,39.6774,-1.0937
0.1743,1.5664,0.3111,-0.4555,0.4271,67.7692,66.9266,0.8426
-0.3118,0.4321,0.3944,-0.4645,0.4271,61.9961,49.5418,12.4544
-0.7847,-0.9638,-0.6028,0.2365,-0.8474,10.7834,10.8382,-0.0548
1.2717,0.7203,0.1769,0.5073,0.4271,64.9462,74.8295,-9.8833
0.1502,-0.3197,0.0508,0.0117,0.4271,58.6431,46.704,11.9391
-0.0813,-1.2075,0.0823,0.4857,0.4271,33.2371,37.7781,-4.5411
-0.2711,0.5491,-0.915,0.0409,0.4271,48.122,44.7323,3.3898
-0.4807,0.0614,-0.221,0.0536,0.4271,42.4385,42.4304,0.0081
0.4525,-0.6546,-0.998,0.0559,0.4271,36.0412,38.4155,-2.3743
1.3792,0.0105,0.4193,0.3178,-2.3842,27.0856,35.1486,-8.063
-0.0048,-0.5445,0.2517,0.161,0.4271,44.0746,45.0998,-1.0252
-0.9819,-0.579,1.0668,0.2486,-0.8474,33.3907,25.9813,7.4095
-1.8062,-1.0541,-0.5898,0.2402,-2.3842,-11.8802,-19.2533,7.373
-0.6074,-0.1973,-0.7982,-0.7035,0.4271,32.1956,28.461,3.7346
-0.2163,0.309,0.2427,0.4315,0.4271,53.8045,54.241,-0.4365
-0.5179,-0.9487,-0.3705,-0.5668,0.4271,31.9072,25.2113,6.6959
-0.6017,0.8837,-0.4556,-0.1054,0.4271,55.6632,47.4699,8.1933
0.7716,0.0046,0.8515,0.37,0.4271,63.7826,65.6594,-1.8767
-0.3287,-0.2406,0.0741,-0.5295,0.4271,44.5484,38.8804,5.668
-0.3765,-0.7548,0.3598,0.2203,0.4271,24.1097,39.9961,-15.8864
-0.1645,0.1746,-1.6919,0.4717,0.4271,46.9893,38.6811,8.3082
-0.674,-0.7005,0.1923,-0.3249,0.4271,33.4347,32.3412,1.0936
-0.4229,-0.1173,-0.1952,0.0273,0.4271,39.4823,41.0561,-1.5739
0.6568,-0.3858,0.0159,0.0168,0.4271,44.1452,51.1556,-7.0103
-0.5241,0.1977,0.265,0.4311,0.4271,48.214,49.861,-1.647
-0.2522,0.1534,-0.7022,-0.026,0.4271,46.9441,41.6583,5.2858
0.8779,-0.1625,0.2702,0.4158,0.4271,59.7567,60.7649,-1.0082
0.6803,0.2857,0.6881,1.1347,0.4271,70.1619,71.9009,-1.739
1.2082,-0.5871,0.0079,0.1066,-2.3842,24.1515,21.9631,2.1884
0.8489,-0.1082,-0.7352,-0.8055,-2.3842,7.2832,11.4421,-4.1589
1.0187,0.6376,0.0712,-0.1253,0.4271,72.3193,65.9788,6.3406
0.0412,0.4206,0.0914,0.1071,0.4271,59.3901,54.8364,4.5537
-0.3629,-0.3598,0.043,0.1406,0.4271,38.8181,41.5932,-2.7752
-0.0412,0.862,0.7012,0.0521,0.4271,60.4243,63.2262,-2.8019
-0.0238,0.0129,0.5823,0.1908,0.4271,55.519,53.9138,1.6052
-0.295,0.3056,0.2064,0.197,0.4271,58.8313,51.4516,7.3797
-0.2154,0.5288,0.1208,0.6992,0.4271,61.3351,57.646,3.6891
0.3789,0.1467,0.3753,0.2646,0.4271,59.6348,58.6538,0.9811
-0.7184,0.0435,-1.2976,0.2626,0.4271,40.0876,32.8524,7.2353
1.3897,0.2489,0.3108,1.1685,0.4271,72.7432,76.4194,-3.6761
0.5938,0.1567,-0.0517,0.2797,0.4271,63.5329,57.8885,5.6444
0.2735,-0.0689,0.1734,0.2248,0.4271,50.6241,53.2699,-2.6458
0.4254,0.2866,-1.0674,0.375,0.4271,47.7827,50.3931,-2.6103
-0.329,-0.9128,-0.0024,-0.2632,0.4271,34.3949,32.5815,1.8134
0.4421,-0.0611,0.0293,1.4102,0.4271,64.5925,62.2954,2.2971
-0.368,-0.2006,0.7681,0.2705,0.4271,49.5116,49.8089,-0.2974
0.2912,-0.2887,0.4841,0.2071,0.4271,58.1295,53.2558,4.8737
-1.1148,-1.1896,-0.1427,0.2998,-1.1097,7.9599,5.6256,2.3344
1.2645,0.6892,-0.0599,0.7484,0.4271,71.2221,74.2568,-3.0347
-0.0663,-0.159,0.2027,-0.7213,0.4271,32.3286,42.2657,-9.9371
-0.9125,0.0747,-0.7602,-0.0207,0.4271,48.0889,33.2888,14.8001
1.0835,0.4987,0.5319,0.6966,0.4271,75.228,74.3684,0.8597
0.3861,0.4971,0.2258,0.0248,-0.8474,34.0086,44.7134,-10.7048
-0.6402,0.2657,-0.8078,-0.8384,0.4271,16.9953,32.3047,-15.3094
1.323,1.2803,0.453,0.519,0.4271,77.155,83.8828,-6.7278
-0.4522,-1.3962,-0.0633,-0.3159,-2.3842,-4.3084,-8.4087,4.1003
1.0367,-0.2499,0.4633,0.2411,-2.3842,31.0384,28.3559,2.6826
0.9215,0.4956,0.0506,0.3003,0.4271,66.8475,66.1414,0.7062
-0.0113,-0.1451,0.4116,0.0001,-0.8474,24.4741,34.491,-10.0168
0.2295,-0.63,0.4124,-0.8016,-0.8474,19.8323,26.0524,-6.2201
0.7793,0.238,0.6886,0.4193,0.4271,65.4964,67.4557,-1.9594
-0.4671,-0.3091,0.4161,-0.2523,0.4271,44.5855,41.1856,3.4
1.5732,0.0412,0.2165,0.8227,0.4271,78.245,72.9205,5.3245
0.5865,1.1119,0.9989,0.0398,0.4271,74.7079,74.9667,-0.2588
-1.5399,0.2403,-1.825,0.0828,-2.3842,-3.0483,-12.4432,9.3949
-1.1009,-1.3472,0.764,-0.36,-2.3842,-7.0955,-8.7497,1.6542
0.8263,0.5055,0.9092,0.6495,0.4271,79.1915,74.2642,4.9272
1.0274,0.328,0.6974,0.0856,0.4271,73.4467,68.8751,4.5717
1.0443,0.4942,0.9133,0.501,0.4271,69.5715,75.4725,-5.901
0.1344,-0.631,-0.3541,-0.493,0.4271,40.7264,36.4111,4.3153
0.4748,0.8989,0.2912,-0.2557,0.4271,68.5549,63.8761,4.6787
-0.5702,-0.5448,-0.4205,0.2911,0.4271,27.7614,34.7716,-7.0102
1.3419,1.0166,-0.1844,0.8355,0.4271,82.7351,78.4158,4.3193
0.4351,-0.0339,-0.8831,-0.2081,0.4271,34.0202,44.2576,-10.2373
-0.2964,0.1089,0.0322,0.0919,0.4271,47.9877,47.1543,0.8335
0.4052,-0.4057,0.3081,-0.0177,0.4271,48.1057,50.2442,-2.1385
0.9159,1.2009,-0.2346,0.3771,0.4271,74.8368,72.3515,2.4853
1.2059,0.5539,0.8163,0.1285,-0.8474,57.42,59.3985,-1.9785
1.0045,0.8467,0.0944,0.8533,0.4271,69.442,75.1581,-5.7161
-0.1594,-1.1611,-0.2336,0.3313,0.4271,32.9661,33.9605,-0.9944
0.9418,0.2387,0.1081,0.2847,0.4271,59.5949,63.8022,-4.2073
-0.6443,-0.1459,-1.1185,-0.4312,0.4271,30.5194,28.0719,2.4475
0.9175,0.9635,-0.0588,0.0329,0.4271,68.2977,68.6581,-0.3604
1.0759,-0.016,0.4471,0.9292,0.4271,71.772,69.4632,2.3088
-0.3216,-0.7631,0.0356,-0.4922,0.4271,27.1145,33.0439,-5.9294
0.146,1.1582,0.7004,-0.2836,0.4271,67.0332,66.2226,0.8106
0.003,-0.7082,0.3161,0.3429,0.4271,52.7822,45.1009,7.6812
0.0106,0.2245,0.5724,0.0954,-0.8474,39.5501,40.7819,-1.2318
-1.3751,-1.4225,-0.4733,-0.517,-2.3842,-20.5359,-23.1452,2.6093
0.259,0.9049,0.1586,-0.1258,0.4271,63.4235,61.5142,1.9094
-1.0987,-1.2845,-0.2687,-0.6689,-2.3842,-16.6378,-18.1131,1.4753
1.117,0.8757,0.4384,0.3543,0.4271,78.8103,75.8682,2.9421
0.8903,0.6765,0.2719,0.2991,0.4271,75.8989,69.535,6.3639
-0.6259,-0.1009,0.6121,-0.3169,0.4271,47.9099,42.8838,5.026
-0.4761,-0.6952,0.8266,-0.1653,0.4271,47.1982,40.5102,6.6879
0.4726,0.7438,0.5089,-0.8519,0.4271,53.3819,59.6388,-6.2569
-0.3039,-0.4813,0.9838,-0.2872,0.4271,52.6645,45.1227,7.5418
1.4709,0.3041,0.3818,0.365,0.4271,81.2392,72.8709,8.3683
-0.4276,0.2848,0.2126,-0.1386,0.4271,42.1672,47.5112,-5.344
-0.6423,0.3828,0.3354,0.0786,0.4271,55.9218,48.7683,7.1534
1.1351,0.5572,0.2554,-0.7039,-0.8474,48.7564,48.5758,0.1806
0.0687,-1.201,0.294,0.3163,0.4271,43.119,39.9092,3.2098
-0.3901,-1.0554,-0.3646,0.0611,0.4271,28.7631,29.7898,-1.0267
-1.9244,-0.7791,-1.3691,-0.2016,0.4271,13.389,6.9053,6.4837
-0.2322,0.4072,0.2841,-0.9376,0.4271,53.9004,45.9778,7.9226
-0.206,0.9586,0.1718,-0.3819,0.4271,61.7906,55.457,6.3336
-1.2857,-0.544,-0.6102,-0.7389,-0.8474,-6.9207,3.3544,-10.2751
-1.2023,0.1284,-1.1492,-0.0653,0.4271,29.3962,27.4846,1.9116
0.4358,-0.1328,0.2629,0.7858,0.4271,59.4348,58.879,0.5558
0.9902,0.4724,1.0547,0.4601,0.4271,73.1996,75.4511,-2.2515
-1.1863,0.1133,-0.0286,0.0343,-2.3842,7.6643,3.4009,4.2634
-0.2146,-0.1265,-0.5121,0.1595,0.4271,29.2368,41.6652,-12.4285
0.1391,-0.3692,-0.3364,-0.1469,-0.8474,27.844,26.8065,1.0375
1.1646,0.8333,-0.494,-0.0287,0.4271,72.2417,66.0661,6.1756
-0.0966,-0.2048,-0.1408,0.164,0.4271,46.5558,44.9366,1.6192
0.6448,0.7987,-0.0367,0.0249,0.4271,58.9987,63.9982,-4.9994
-0.0484,-0.534,-0.0252,-0.3808,0.4271,43.0008,38.8538,4.147
1.4612,1.2973,0.6524,0.0848,0.4271,90.7261,84.0693,6.6568
-0.6495,-0.7164,-1.8975,0.118,0.4271,16.8416,19.4252,-2.5837
-1.387,-0.2702,0.6213,-0.4797,0.4271,22.523,31.7649,-9.2419
-1.535,-1.1823,0.5124,-1.0266,-0.8474,-8.4593,0.1431,-8.6024
-1.3171,-0.142,-0.1907,0.1058,-2.3842,-4.2533,-1.6208,-2.6325
0.6926,0.317,0.5566,0.1482,0.4271,66.6429,64.5156,2.1273
-0.8716,-0.0337,-0.3221,-0.6688,0.4271,27.6509,31.3751,-3.7242
0.1246,0.8563,0.5466,0.5282,0.4271,69.6187,67.0581,2.5606
-0.6564,-0.4341,-1.3673,-0.4287,0.4271,28.4031,22.8048,5.5984
1.3272,1.5046,0.5878,0.2315,0.4271,85.058,85.4882,-0.4302
1.5462,1.2562,1.0753,0.2164,0.4271,85.7827,88.6872,-2.9045
0.9209,0.2441,0.4516,-0.4499,-2.3842,24.3647,27.7769,-3.4122
-0.4055,-0.6649,-0.1483,-0.409,0.4271,35.9249,32.4133,3.5115
0.9684,-0.6068,0.7586,-0.334,0.4271,51.0251,55.2841,-4.259
-0.4044,-1.3546,0.232,-0.1723,-2.3842,-5.8708,-4.1583,-1.7125
-0.7946,-0.0106,-0.7299,0.1665,0.4271,35.8768,35.1276,0.7492
-0.1114,-0.3821,0.6345,-0.3161,-2.3842,1.8637,12.0133,-10.1496
-0.2322,-0.1109,0.0719,0.3722,0.4271,48.5363,47.6241,0.9122
0.3406,0.461,0.3457,-0.7393,0.4271,52.0067,54.5713,-2.5646
0.4309,0.2174,-0.3286,0.6151,0.4271,62.5002,57.0268,5.4734
-1.3586,-1.3068,-0.9543,-0.1521,0.4271,2.9725,10.5684,-7.5958
0.5957,-0.3254,0.5058,0.2602,-2.3842,23.5402,23.2419,0.2983
0.4932,1.1464,0.6304,-0.9124,0.4271,69.7078,64.9018,4.806
-0.374,-0.4863,-0.9226,-0.2542,0.4271,34.6013,29.8776,4.7237
0.5308,0.1093,-0.0706,-0.314,0.4271,51.7608,52.4084,-0.6476
0.549,-0.8771,0.7743,-0.0681,-2.3842,20.3473,16.322,4.0253
0.6249,0.8051,0.4459,-0.3401,0.4271,65.7261,65.0325,0.6937
-0.5109,-0.1248,-0.9015,-0.547,-2.3842,-1.5755,-2.7965,1.2209
0.38,0.2328,0.6452,0.0336,0.4271,69.4511,60.104,9.3471
-1.5706,0.3296,-0.5641,0.1352,0.4271,39.8626,31.6971,8.1654
-1.3017,-1.1096,0.1491,-0.9123,-2.3842,-15.9371,-16.7984,0.8613
-1.6039,0.2567,-0.7868,-0.6306,-2.3842,-5.0408,-9.9162,4.8754
-0.298,-0.0702,-0.1009,-0.0245,0.4271,55.0306,43.2896,11.741
0.8212,0.5623,0.7705,-0.0138,0.4271,65.2922,69.1708,-3.8786
1.5973,0.7206,0.6123,0.9177,0.4271,85.523,84.5238,0.9992
0.2682,-1.0692,-0.7283,0.1383,0.4271,39.4088,34.4274,4.9815
-0.1798,-0.056,-0.7596,0.1203,0.4271,45.7834,40.6536,5.1298
-0.0254,0.9139,0.356,0.6382,0.4271,61.1315,65.3971,-4.2656
-0.853,-0.0675,-0.1233,-0.8831,0.4271,36.1007,31.2337,4.867
1.2618,0.7332,0.013,0.792,0.4271,69.4987,75.5862,-6.0876
-0.0485,0.8368,-1.8144,0.1754,0.4271,49.6851,44.3692,5.316
1.292,0.505,-0.6434,1.089,0.4271,71.1353,70.3597,0.7756
-1.1448,0.2054,-0.0096,-0.5627,-0.8474,17.2933,19.1365,-1.8432
-0.4046,-0.3263,-0.3042,-0.7067,-2.3842,-3.2699,-0.4389,-2.831
0.2653,-0.0792,0.1672,0.5678,0.4271,43.8435,55.4032,-11.5597
-0.1737,-0.6412,0.2489,0.2237,0.4271,44.8381,42.616,2.2221
-0.1116,0.132,0.2955,-0.7615,0.4271,51.6083,45.4857,6.1226
-1.1825,-0.3158,-0.0427,-0.6184,-2.3842,-13.2834,-6.0284,-7.255
0.2246,-1.0083,0.0522,0.2377,-0.8474,29.0867,26.1984,2.8883
-0.1622,-0.2342,0.3252,-0.5533,0.4271,48.4165,42.503,5.9134
0.0996,0.5731,-0.327,0.2022,0.4271,57.6744,54.6195,3.055
1.465,0.1485,0.2212,0.9836,0.4271,71.2673,74.1229,-2.8557
-0.1912,-1.4289,-0.6063,-0.0377,0.4271,23.5421,25.1753,-1.6332
0.8456,1.1714,0.2176,-0.1475,0.4271,77.8905,71.0982,6.7923
0.8593,0.3867,0.5667,-0.0762,-0.8474,54.6066,50.4616,4.145
0.7397,0.0723,0.2394,0.4625,0.4271,70.9786,62.0133,8.9653
-0.873,-0.0389,-0.2708,-0.7863,0.4271,40.7844,30.878,9.9064
-1.1467,-0.1823,-0.3921,-0.0997,0.4271,18.8839,30.173,-11.2891
0.2737,-0.2849,0.4383,-0.1508,0.4271,51.2632,50.2704,0.9927
-1.2454,-0.7864,0.5096,-0.9714,-2.3842,-4.5027,-10.1999,5.6972
-0.3224,-0.232,-0.848,-0.8372,-2.3842,-9.6614,-3.5884,-6.073
-0.8498,-0.1464,-0.5358,-0.2203,0.4271,29.4652,31.8143,-2.3491
-1.5443,-1.3524,0.0741,-0.3626,-2.3842,-13.1353,-18.8846,5.7493
0.6819,0.6438,-1.1974,0.0458,0.4271,57.287,53.8693,3.4178
-1.3876,-0.7385,0.0987,-0.4552,0.4271,28.6321,22.643,5.9891
1.7885,0.2784,0.7661,1.2992,0.4271,85.7583,85.4348,0.3235
0.7059,0.6396,-0.1405,0.2631,0.4271,69.1222,63.7215,5.4007
1.0186,0.2549,0.2088,-0.2455,0.4271,65.0997,61.8982,3.2015
-0.6916,-0.2661,0.1322,0.1021,0.4271,38.8859,39.5428,-0.6569
-0.1842,-0.5991,-1.0892,0.0576,0.4271,30.5847,31.5297,-0.945
0.5118,-0.41,0.2954,0.4022,0.4271,56.5889,54.1586,2.4303
0.4003,-0.1435,0.377,0.1926,0.4271,50.4711,55.1331,-4.662
0.4143,0.1896,0.3911,0.3401,0.4271,65.8971,60.1622,5.7349
-0.5506,0.6,-0.344,-0.4356,0.4271,47.3714,43.3911,3.9803
-0.3742,-0.3787,-1.0395,-0.9054,0.4271,13.8963,25.66,-11.7637
-0.3085,0.1222,0.139,0.0911,0.4271,46.7377,47.9903,-1.2526
0.8686,-0.1983,-0.1491,0.4148,0.4271,60.2802,57.0305,3.2497
-0.6171,0.0619,0.3763,-0.6578,0.4271,47.0967,40.6252,6.4714
-0.913,0.0551,0.5159,0.1408,0.4271,44.612,44.0024,0.6095
0.2125,0.2668,-0.8891,0.3005,0.4271,46.8585,48.7433,-1.8848
-1.6158,-0.7608,0.0469,-0.9279,-2.3842,-18.5754,-17.1368,-1.4386
-1.8539,-0.4508,0.4388,-0.2707,-0.8474,8.11,9.6401,-1.53
-1.4763,-0.6959,-0.1264,-0.6846,0.4271,13.2311,18.8446,-5.6134
1.231,0.2596,0.2782,0.5052,0.4271,77.3771,69.977,7.4001
-0.2874,-0.4268,0.6336,0.7216,0.4271,53.3877,50.2306,3.1571
0.1022,-1.0154,-0.8278,0.1509,0.4271,33.9515,32.5758,1.3757
-0.9488,-0.8455,-1.3343,-0.059,-2.3842,-9.3442,-15.5296,6.1854
-0.5703,-0.2729,0.341,0.2154,0.4271,40.7349,43.1603,-2.4253
0.169,0.2612,0.3205,0.4252,0.4271,63.8896,58.3878,5.5019
0.9931,1.1723,-0.6742,0.7738,0.4271,73.6516,72.2322,1.4194
0.5792,0.6954,-0.0875,-0.0877,0.4271,62.6926,60.9603,1.7322
-0.4503,-0.5886,-2.2606,-0.0594,-2.3842,-1.7962,-14.4288,12.6326
-0.2216,0.9784,0.542,-0.3118,0.4271,60.2272,58.8482,1.379
0.0447,0.2764,0.3236,-0.9777,0.4271,53.5914,47.4989,6.0925
-0.5247,-0.1785,0.0554,-0.1717,0.4271,31.932,39.8225,-7.8905
-0.2294,-0.0178,0.5795,-0.5686,0.4271,48.2885,46.0661,2.2223
-0.0327,-0.146,-0.0518,0.533,0.4271,48.4208,49.5322,-1.1114
-0.4819,0.9658,-0.293,0.0136,0.4271,43.9361,51.7555,-7.8194
-1.5142,-0.1583,-1.4937,-0.0041,0.4271,16.5047,18.6953,-2.1906
-0.3711,-0.1581,0.4137,-0.2243,0.4271,42.4464,44.0882,-1.6418
-0.0164,-0.4186,-0.0819,-0.5279,0.4271,32.5211,39.0355,-6.5144
1.077,0.9148,0.6775,0.0634,0.4271,70.3779,75.697,-5.3191
-0.8507,-0.3139,0.4104,0.0088,0.4271,47.2999,38.7928,8.5071
-1.4928,-1.3783,0.0892,-0.2736,-2.3842,-21.9022,-17.8896,-4.0126
1.2003,0.7895,0.4231,-0.214,0.4271,65.8503,71.7237,-5.8734
1.4627,1.5318,0.3818,0.2384,0.4271,78.8631,85.7094,-6.8463
0.7805,-1.0712,-0.1046,-0.0772,-2.3842,0.3195,9.7937,-9.4741
-0.2767,0.6406,0.3645,0.1157,0.4271,42.8612,56.0644,-13.2032
-1.415,-1.0361,-0.1983,-0.4367,-2.3842,-18.5197,-16.5537,-1.966
0.2769,1.1233,0.5025,0.3179,0.4271,70.2513,69.891,0.3603
0.5148,0.81,0.4313,-0.5173,0.4271,63.5431,62.5638,0.9792
1.025,0.4474,-0.1956,0.1347,0.4271,62.2282,63.6608,-1.4326
-0.1159,-0.7328,0.2328,0.6101,0.4271,46.0363,44.768,1.2683
0.0306,-0.9707,-1.5057,-0.4732,-2.3842,-7.4089,-10.6423,3.2333
-0.4675,-0.594,0.7568,-0.2941,0.4271,42.9639,40.3085,2.6555
-1.1144,-1.1337,0.4089,-1.1111,-0.8474,3.1847,3.8106,-0.6259
0.1443,0.8978,0.919,-1.0786,0.4271,61.6346,59.4327,2.2019
-0.1322,0.2248,0.3522,-0.275,0.4271,53.4739,50.1278,3.3461
1.1827,0.2534,0.1995,-0.3957,0.4271,64.3243,62.5233,1.801
-0.9118,-0.1081,0.1603,-0.9635,0.4271,27.9836,31.7689,-3.7853
0.6743,-0.4975,1.0506,0.0339,0.4271,61.8484,58.1655,3.6828
-0.1161,-0.2752,-0.2361,0.6209,0.4271,52.2992,46.3789,5.9202
0.9876,0.4871,0.7713,-0.0556,0.4271,67.2534,69.8227,-2.5693
-0.4367,-0.5317,0.4264,-0.5789,0.4271,38.5055,36.8181,1.6874
-0.2864,-0.5427,0.022,0.0413,0.4271,39.5814,39.5029,0.0785
-1.3256,-0.3198,-0.8566,-0.3631,-2.3842,-2.9439,-12.0929,9.149
-0.3627,-0.4821,0.0452,-0.105,0.4271,32.3219,38.53,-6.2082
0.8168,0.7045,0.6588,0.3495,0.4271,86.6535,72.3884,14.2651
-0.2175,-0.0851,-1.2565,-0.3964,-0.8474,21.8864,17.3674,4.519
-1.8041,-1.1364,-1.5105,-0.1326,-2.3842,-25.5186,-29.8315,4.313
0.7314,0.2213,-0.1092,-0.1176,0.4271,60.826,56.8854,3.9406
-1.6402,-1.4897,0.2793,-0.8983,-2.3842,-19.9854,-23.6014,3.616
-0.3093,-1.3242,-1.0363,-0.2089,-2.3842,-15.3436,-12.8096,-2.534
0.3416,0.643,0.3763,0.4584,0.4271,73.9592,65.1901,8.7691
-1.4814,-1.0131,0.4006,-0.3534,0.4271,12.6857,21.5807,-8.895
-0.8176,-0.1652,-0.4335,0.3125,0.4271,45.276,36.4379,8.8381
0.5776,0.0322,0.4558,0.1242,0.4271,68.4753,59.139,9.3363
0.7869,1.1747,-1.0696,0.6361,0.4271,66.3957,66.051,0.3447
1.4723,0.4954,0.4151,-0.0714,0.4271,83.2975,72.2595,11.0379
-0.4814,-0.0351,-1.4047,0.0843,0.4271,35.1781,32.4442,2.7339
-1.2635,-0.5047,-1.5024,0.7088,0.4271,6.7417,22.3739,-15.6322
-0.1724,0.569,-1.0513,0.009,0.4271,31.3381,44.7445,-13.4064
-0.3883,0.28,0.3569,-0.0752,0.4271,52.2549,49.4297,2.8252
-0.0896,0.1957,0.5326,0.8303,0.4271,59.4853,59.3278,0.1574
-0.3125,-0.4128,-1.5934,-0.0382,0.4271,34.0237,27.7036,6.3201
-1.2325,-0.8584,0.5269,-0.7306,-0.8474,11.0136,9.1951,1.8185
0.1295,-1.2306,-0.0195,-0.9499,-2.3842,-1.9893,-4.3845,2.3953
0.2086,0.5604,0.5813,-0.5156,0.4271,62.093,57.6417,4.4514
1.0298,0.0689,0.6414,0.4545,0.4271,76.2679,68.1191,8.1488
-0.617,-0.4705,0.2111,0.4419,0.4271,50.2364,41.0125,9.2239
-0.4201,-0.9447,-0.7781,-0.0742,0.4271,28.999,26.5918,2.4072
1.2928,0.2961,1.0835,0.3307,0.4271,79.4916,76.0333,3.4583
-0.3765,-0.3707,-0.0367,-0.7733,0.4271,34.5473,34.3589,0.1884
0.0435,-0.4735,-0.3139,-0.0443,0.4271,26.4039,40.6369,-14.233
1.5037,1.5487,0.1874,0.9943,0.4271,84.1914,90.096,-5.9046
-1.0664,-0.3963,0.3999,-0.2664,-2.3842,4.0885,0.1622,3.9263
-1.5085,-1.4968,-0.3333,0.1287,0.4271,6.3925,13.5561,-7.1636
-0.172,-0.6946,0.0642,-0.204,0.4271,43.8044,37.6406,6.1638
0.8306,0.281,0.1493,0.3746,0.4271,63.4563,64.0294,-0.5731
0.5676,-0.256,0.1858,0.4057,0.4271,60.8632,55.6691,5.1941
-0.5242,0.4958,-0.3776,0.3583,0.4271,46.6988,47.7616,-1.0628
-1.2557,-0.5604,0.1104,-0.6648,-2.3842,-12.5835,-8.7077,-3.8759
0.5204,0.0497,0.6158,-0.8512,0.4271,57.9651,53.1737,4.7913
-0.5587,-1.2102,0.103,0.1774,0.4271,37.6612,30.6496,7.0116
0.2226,0.6704,-0.0848,-0.2905,0.4271,59.729,55.47,4.259
0.3114,-0.5933,0.2927,0.3974,0.4271,60.4033,49.8969,10.5063
-0.0288,-0.3234,0.8388,0.4227,0.4271,58.9326,53.6631,5.2695
0.6226,0.102,0.6648,0.387,0.4271,55.3358,63.8395,-8.5037
0.1526,-0.9761,0.0965,0.795,0.4271,41.7816,45.1451,-3.3636
-0.2531,-1.0743,-0.2021,-0.5836,0.4271,32.7613,27.8143,4.947
-0.9746,-0.3179,0.5396,-0.4141,-2.3842,6.766,2.0753,4.6907
-0.8437,0.0921,-0.0367,0.0592,-2.3842,0.6084,6.9434,-6.335
0.6414,1.3789,-0.1755,-0.1066,0.4271,70.1666,68.5028,1.6637
-0.6804,-0.5147,0.4548,-0.5815,0.4271,52.5847,34.5979,17.9868
0.7144,0.2764,0.9954,-0.1762,0.4271,72.0543,65.4137,6.6406
0.4263,0.0159,0.181,0.2844,0.4271,59.0365,56.3334,2.7031
-0.055,-0.537,-0.0143,0.1529,0.4271,41.145,42.544,-1.399
-1.3164,-1.6716,0.1362,-0.5491,-0.8474,-14.0188,-2.5933,-11.4256
-0.0287,-0.4744,0.4096,0.0306,0.4271,43.1846,45.9404,-2.7558
-1.4867,-1.1109,0.1584,-0.9515,0.4271,10.6248,14.4029,-3.7781
-0.8091,-0.1886,-0.5121,-0.39,0.4271,35.0972,30.7777,4.3195
1.3019,0.6216,0.6793,0.5417,0.4271,78.9726,78.1482,0.8244
0.5837,1.0003,0.7557,-0.4081,0.4271,65.5252,68.6974,-3.1722
-0.481,-0.3628,0.6117,0.094,0.4271,50.7652,44.3458,6.4195
-1.0338,-0.1729,0.6687,0.0053,0.4271,34.8216,40.3788,-5.5572
1.2766,0.5818,0.0899,0.8336,0.4271,58.5494,74.9239,-16.3745
-0.2948,-0.4779,0.5196,0.5926,0.4271,38.8319,47.8029,-8.971
0.2341,1.015,0.574,-0.1849,0.4271,70.9877,65.2708,5.7169
-1.7731,-1.601,0.1115,0.2183,0.4271,9.3743,13.594,-4.2196
-1.2355,0.0158,0.5375,0.4281,0.4271,38.0863,42.2696,-4.1833
-1.0819,-0.5811,-0.9696,-0.4709,0.4271,22.6165,19.3594,3.257
-0.4726,-0.5873,0.3421,0.0372,-2.3842,3.3,6.0427,-2.7427
0.6273,0.7938,0.8409,0.2663,0.4271,70.1407,72.185,-2.0443
0.5409,-0.3078,-0.9055,0.156,0.4271,47.4677,44.6704,2.7973
0.6094,-0.31,-0.0678,-0.1822,0.4271,52.9367,49.4739,3.4627
0.1217,0.4122,0.5189,0.3968,0.4271,68.9428,60.9073,8.0355
1.5662,1.4408,0.3794,0.7463,0.4271,94.0674,89.3065,4.7609
-0.5818,-0.9507,-0.1862,-0.265,0.4271,28.102,28.0207,0.0813
0.7223,0.0392,-0.5138,0.2668,0.4271,49.008,54.299,-5.291
0.9131,-0.4861,-1.1187,0.0294,0.4271,49.9432,44.1318,5.8114
0.1161,-0.2656,-0.0899,-0.8464,0.4271,49.4885,39.8996,9.5889
0.1581,-0.4305,-0.1904,-0.0202,0.4271,47.0405,43.466,3.5744
-0.1409,0.471,0.4059,-0.2077,0.4271,52.5835,53.683,-1.0995
0.3617,-0.2823,-0.363,0.2437,0.4271,49.9869,47.8193,2.1677
-0.5183,-0.4815,0.0021,0.3231,0.4271,45.0174,39.5134,5.504
0.267,-0.4761,0.0315,0.175,0.4271,48.0931,47.1844,0.9087
-1.181,-0.2259,0.0446,0.0041,-2.3842,-9.3191,-0.0029,-9.3162
1.4659,0.2077,0.4475,0.6308,0.4271,79.2137,74.0873,5.1264
-1.5659,-0.6555,0.2995,-0.0219,-2.3842,-7.5497,-7.1767,-0.3731
0.3683,0.9541,0.7119,0.2065,0.4271,74.705,69.8057,4.8993
1.2283,1.5501,0.5917,1.0889,0.4271,81.9443,90.9285,-8.9842
0.2981,0.7117,0.7105,0.9766,0.4271,71.7848,71.6687,0.116
-1.5522,-1.7469,-1.0689,-0.2632,-0.8474,-20.2066,-13.25,-6.9566
0.471,0.4465,-0.1925,0.2797,0.4271,51.2272,58.7484,-7.5212
-1.078,-0.7415,-0.2623,-0.7003,-2.3842,-11.0545,-11.9552,0.9008
-0.5172,0.0226,-0.3815,-0.8398,0.4271,29.1601,34.1572,-4.997
0.001,0.0655,0.2169,-0.0432,0.4271,46.9797,50.3324,-3.3527
-1.1443,0.3681,-0.1844,-0.8846,-2.3842,2.6972,-0.8698,3.567
-0.0252,-0.2475,-0.3199,0.0118,0.4271,36.0623,42.7866,-6.7243
-0.2255,-1.5952,0.2901,-0.3082,-2.3842,-8.1485,-5.4442,-2.7043
0.2748,-0.2351,0.8736,0.1621,0.4271,62.8846,56.3665,6.5181
0.4213,-0.1307,-0.251,0.8181,0.4271,52.4767,55.0181,-2.5414
1.0672,0.0461,0.2082,0.1585,0.4271,63.546,62.8745,0.6715
0.3204,-0.3068,0.5312,0.1938,0.4271,45.8572,53.6343,-7.7771
1.7243,1.8075,0.7045,0.9576,0.4271,95.4805,99.0934,-3.6129
-0.787,-0.8417,0.3772,0.2617,0.4271,34.9928,35.0436,-0.0508
-1.1516,0.0082,0.6566,-0.1061,-0.8474,22.5608,25.145,-2.5842
-0.6359,-0.3239,-0.1334,0.3419,0.4271,48.3075,39.1128,9.1947
0.6579,-0.1246,-0.201,0.0438,-0.8474,28.5255,37.4826,-8.9572
1.155,-0.749,0.6818,0.2463,-0.8474,37.431,43.9864,-6.5554
-0.3714,-0.5371,0.3517,-0.4921,-2.3842,6.189,4.0849,2.1041
-0.8166,-0.2094,-0.845,0.9052,0.4271,40.5551,36.9051,3.6501
-1.7025,-0.5835,-0.6833,-0.675,0.4271,8.4388,13.4676,-5.0288
0.9843,0.8307,0.0183,0.3385,0.4271,61.9928,70.5987,-8.6059
-0.1113,0.4774,-0.1983,0.2692,0.4271,49.2993,52.7392,-3.4399
-0.632,-1.1103,-0.3905,0.3182,0.4271,30.8176,28.1693,2.6483
-0.2726,0.2642,-0.187,-0.0581,0.4271,51.6862,46.4257,5.2605
0.0427,-0.5262,0.391,-0.3244,0.4271,52.8904,43.5125,9.3779
0.3136,1.0635,0.5267,-0.2123,0.4271,66.9874,66.1136,0.8738
1.6581,1.0738,0.4379,0.7879,0.4271,81.3409,86.9037,-5.5628
-0.3283,0.3329,-0.405,0.4783,0.4271,51.9878,48.6528,3.335
-1.3329,-0.7197,0.7282,-0.9689,-2.3842,-5.7726,-8.6867,2.9141
-1.9244,-1.2058,-0.8105,-0.8659,-2.3842,-25.4669,-31.6128,6.1458
-0.785,-0.9254,-2.1037,0.9389,0.4271,20.8536,19.7435,1.1101
-0.6444,-0.7299,0.7049,-0.0482,-0.8474,15.0352,23.0529,-8.0178
-0.1692,-0.5731,-0.8803,-0.6835,0.4271,21.7993,28.4372,-6.6379
0.6686,1.0248,0.2555,0.2806,0.4271,66.2354,70.8215,-4.5861
0.6718,-0.0721,0.5956,0.3967,0.4271,54.948,61.9445,-6.9965
1.343,0.0911,-0.6461,0.5023,-2.3842,32.1392,28.7529,3.3863
0.2633,1.0688,0.2249,-0.6866,0.4271,54.9385,60.0152,-5.0766
0.1294,0.2232,-0.4181,0.1838,-0.8474,40.6358,35.0339,5.6019
-0.4555,-0.3565,0.0355,0.2378,-0.8474,29.3492,26.1151,3.2341
0.9136,0.3042,0.5526,-0.3873,0.4271,60.0086,62.9868,-2.9783
-0.2747,-0.3624,0.0721,-0.3923,0.4271,37.7334,39.027,-1.2936
-0.0342,-0.2148,-0.3362,0.3497,0.4271,43.5738,45.2816,-1.7078
0.2738,1.1275,-0.6835,0.3652,0.4271,53.2418,61.11,-7.8683
1.1131,0.7049,0.3022,0.5526,0.4271,71.4922,74.2366,-2.7444
1.336,0.7628,0.0449,0.2559,0.4271,78.1819,73.2342,4.9477
1.0474,0.926,0.5053,0.7855,0.4271,75.8497,79.2004,-3.3507
-0.2808,0.3264,0.0113,0.0219,0.4271,57.6931,49.1191,8.574
0.8722,-0.1459,0.6243,-0.6434,0.4271,54.4735,56.253,-1.7795
-0.2062,0.0152,-0.5135,0.6432,0.4271,38.7282,46.6988,-7.9706
0.7207,1.2021,-0.3243,-0.6704,0.4271,63.5204,62.3014,1.219
-0.2002,0.9392,1.0835,-0.0451,0.4271,71.106,64.6578,6.4482
0.8136,0.9778,-0.3933,0.7875,0.4271,74.8811,70.3786,4.5025
-0.019,-0.3774,0.1113,-0.1001,0.4271,42.8468,43.9317,-1.085
1.0755,1.4755,0.5036,0.7917,0.4271,85.9624,85.7103,0.2521
0.1181,-0.097,-0.2447,0.4054,0.4271,44.2323,49.3283,-5.096
-0.602,-0.1312,0.5014,0.0156,0.4271,51.2786,44.26,7.0186
1.4289,1.9796,0.1111,0.0604,0.4271,90.5716,87.0621,3.5095
-0.5867,-0.8749,0.4158,-0.7458,-2.3842,-0.424,-3.2902,2.8662
-0.8181,-0.0615,-0.0427,0.188,-0.8474,26.1989,24.599,1.5999
0.641,0.5635,1.0835,0.5782,0.4271,73.7216,73.7769,-0.0553
-0.0069,1.081,0.6225,0.1441,0.4271,62.8603,66.0903,-3.23
0.6347,-0.3142,0.7716,-0.3849,0.4271,55.7708,54.746,1.0249
-1.2728,-0.7181,0.1988,-0.212,0.4271,31.6811,26.5619,5.1192
-0.5913,-1.7848,-0.1449,-0.1395,0.4271,22.3509,19.7288,2.6221
-0.3526,-0.9999,-0.1658,-1.1667,-2.3842,-9.2066,-9.5873,0.3807
0.663,0.6911,-0.0556,0.3753,0.4271,64.0519,65.274,-1.2221
-0.4338,-0.7369,-0.1135,-0.6803,0.4271,23.4459,29.6828,-6.2369
0.4515,0.3552,0.7937,0.3342,0.4271,67.3879,65.4778,1.9101
0.2426,-0.0809,-0.0533,-0.6578,0.4271,43.5668,44.9255,-1.3587
-0.7807,-0.8153,-0.4934,0.0857,-0.8474,17.7497,12.3443,5.4054
0.1572,-0.4166,0.6715,-0.3471,0.4271,42.0612,47.9721,-5.9109
-0.7765,-1.1467,-0.1538,0.4001,-0.8474,19.0672,13.4604,5.6068
1.0335,0.8308,0.6404,0.4229,0.4271,84.7802,76.4998,8.2804
0.4884,1.3252,-0.0957,0.4761,0.4271,67.2767,70.9257,-3.649
-0.3664,-0.1566,0.5335,0.0885,0.4271,44.8349,47.25,-2.4151
-0.4494,-0.2943,-1.079,0.8327,0.4271,39.9045,37.5801,2.3244
-1.7336,-0.8332,0.4426,-0.0056,-2.3842,-5.418,-9.7577,4.3396
-0.2319,-0.7789,0.1257,-0.1349,0.4271,47.7866,37.0045,10.782
0.4318,0.2065,-0.3369,0.2354,0.4271,49.5049,54.2111,-4.7061
0.024,0.3716,-0.0041,-0.0466,0.4271,47.6898,52.2994,-4.6096
0.2429,0.352,-0.6469,-0.1391,0.4271,54.6022,48.8347,5.7674
0.5375,0.8134,0.4727,0.0158,0.4271,66.395,66.8695,-0.4744
-0.7713,-1.4509,-0.2861,-0.1652,0.4271,13.4438,20.2899,-6.8461
0.7485,0.9762,-0.216,-0.2921,0.4271,61.3139,63.5218,-2.2079
0.5805,-1.2623,0.7636,0.3357,-2.3842,11.7764,15.0515,-3.2751
-0.4972,-1.2084,-0.8268,-0.0545,0.4271,18.8915,22.5636,-3.6721
0.4255,0.9795,0.1323,-0.0296,0.4271,70.6344,64.6036,6.0309
-1.5906,-0.4979,-0.9666,-0.4938,0.4271,7.7002,14.7082,-7.008
1.8035,1.1578,0.6397,0.7257,0.4271,97.3793,90.5257,6.8536
-0.9837,-0.8366,0.5597,-0.3333,-2.3842,-4.7694,-3.139,-1.6303
-1.2195,-1.1435,0.1633,-1.2483,-2.3842,-14.3043,-18.5265,4.2221
0.4261,-0.8359,0.1869,-0.0218,-2.3842,6.0299,11.2713,-5.2413
-0.1533,-0.9654,-0.1535,0.5202,-0.8474,20.6784,23.0141,-2.3357
0.6315,0.5641,0.721,0.3801,0.4271,70.6108,69.5163,1.0945
0.9264,-0.1093,-0.0432,0.2237,0.4271,64.5602,58.1371,6.4231
-0.5764,-0.635,0.356,0.0257,-2.3842,5.7334,4.4207,1.3128
-0.2558,-0.6613,-0.0147,-0.8547,-2.3842,0.6046,-1.4121,2.0167
0.6131,0.6521,-0.121,0.5148,0.4271,55.2542,64.7662,-9.5119
-0.9635,-0.7382,-1.4533,0.0594,0.4271,17.9955,18.8267,-0.8312
0.0051,0.6501,-0.5261,0.0403,0.4271,56.2679,51.8153,4.4526
0.7808,0.8532,-1.0667,1.218,0.4271,68.1699,66.4357,1.7342
-0.6648,-0.3406,0.0457,-0.4925,0.4271,23.4258,34.1938,-10.768
1.2696,1.3747,0.7562,-0.2505,0.4271,77.4796,81.3545,-3.8748
-0.8238,-0.3518,-0.0127,0.7566,0.4271,41.1482,40.5972,0.551
0.9732,1.2227,0.7046,0.1534,0.4271,83.2021,78.8805,4.3215
0.9006,0.6394,0.597,0.9777,0.4271,79.3152,76.446,2.8692
1.1646,0.5985,-1.2622,1.0059,0.4271,72.7368,64.7063,8.0305
-0.6284,-1.0237,-0.3586,-0.2636,-2.3842,-5.8633,-8.0172,2.1539
1.2724,1.0742,0.5481,-0.1983,0.4271,68.0237,76.7678,-8.7441
0.5326,0.6526,0.4929,-0.4455,0.4271,68.1985,61.9583,6.2402
1.5793,0.6434,0.4917,0.3705,0.4271,88.2216,78.7311,9.4905
0.7637,0.6911,0.76,-0.709,0.4271,67.8949,65.0909,2.804
-1.5567,-1.2637,0.473,-0.0116,0.4271,10.9438,20.8882,-9.9444
0.4066,0.2747,0.2051,-0.4564,0.4271,60.4358,54.0686,6.3673
0.9141,0.8947,0.1909,0.0198,0.4271,76.1256,69.6788,6.4468
1.1343,0.3928,0.9851,-0.0575,0.4271,68.1959,71.9676,-3.7717
0.5438,0.3731,0.7607,-0.2698,0.4271,64.1903,62.216,1.9742
0.4792,-0.5369,-1.1373,0.2851,0.4271,40.1222,40.5472,-0.425
-0.4382,-1.0419,-0.0585,-0.3032,0.4271,40.8018,29.2488,11.5531
-1.2265,-0.4001,0.2357,-0.6235,0.4271,25.2738,28.0577,-2.7839
0.2373,0.5272,0.7074,-0.1526,0.4271,62.7638,61.0704,1.6934
0.741,-0.5074,0.1385,0.2181,0.4271,44.6036,53.0332,-8.4296
-0.749,-0.8977,0.0469,-0.0204,-2.3842,-3.8706,-3.0815,-0.7892
0.5961,0.6707,0.4179,-0.0141,0.4271,67.6684,65.2638,2.4045
0.3536,1.1153,-1.0495,0.0769,0.4271,53.8089,57.0082,-3.1993
-0.3819,0.3033,0.3761,0.4413,0.4271,59.8458,53.4977,6.3481
0.5076,0.2023,-0.4642,0.062,0.4271,60.1482,52.7917,7.3565
-0.9379,-1.0703,0.6036,-0.8454,-2.3842,-8.7154,-8.4979,-0.2174
-0.7175,0.0332,-0.4706,0.0252,0.4271,42.4848,37.4588,5.0259
0.3601,0.5985,-0.658,0.1881,0.4271,58.5471,55.0513,3.4958
-0.8292,-0.821,-0.6677,0.2353,0.4271,17.014,26.6012,-9.5871
-1.9244,-0.0398,0.4165,-0.2322,-0.8474,12.1981,13.6016,-1.4035
1.0655,1.3123,-1.0887,-0.4309,0.4271,70.3201,63.0196,7.3005
-0.6501,-0.4634,-0.8197,0.0486,0.4271,31.4094,30.0728,1.3366
-0.8329,-0.7157,0.1214,-0.9741,0.4271,25.6359,25.4093,0.2266
-0.5833,-0.1582,0.3143,-0.0069,0.4271,51.2317,42.559,8.6727
-0.5174,-0.033,-0.3188,-0.3591,0.4271,42.2431,37.3558,4.8873
0.0303,-0.3752,-0.1044,0.7197,0.4271,46.8831,48.5231,-1.64
0.4968,0.0093,0.024,-0.506,0.4271,49.6219,50.3118,-0.69
0.0315,-0.8625,-0.2724,-0.0858,0.4271,27.1962,36.1644,-8.9681
-1.4145,-1.5032,0.0898,-0.7928,-2.3842,-18.2444,-22.0591,3.8147
0.066,-1.1719,-0.2173,0.1293,0.4271,24.9163,34.9739,-10.0576
0.1436,0.2187,-0.0745,0.0381,0.4271,48.098,51.9078,-3.8098
0.0054,0.7173,-0.4851,-0.9375,0.4271,43.9787,46.0934,-2.1147
0.6821,0.8427,-0.2647,0.1696,0.4271,66.2562,64.1441,2.112
-1.1134,-0.3518,-0.5031,-0.6093,-2.3842,-14.3698,-9.171,-5.1988
0.722,0.0806,0.4551,-0.1913,0.4271,64.5023,59.0315,5.4708
1.3877,0.2939,0.6378,0.2276,0.4271,70.194,72.8796,-2.6856
-0.9812,0.9551,-0.5563,-0.3952,0.4271,44.7711,41.4188,3.3523
-0.9304,-0.7357,-0.4121,-0.3322,-2.3842,-7.1474,-8.9019,1.7545
-1.3869,-0.0732,0.5021,-0.9809,0.4271,31.3943,29.5806,1.8136
0.427,0.54,0.4966,0.5293,0.4271,67.256,66.3653,0.8906
-0.3481,-0.1675,-0.5158,-0.033,0.4271,40.904,38.4078,2.4962
-0.1119,0.8198,0.5435,-0.5867,0.4271,56.9792,56.3412,0.638
2.0285,2.1728,0.7174,1.2077,0.4271,102.504,108.2972,-5.7932
-0.4282,0.7798,0.0563,-0.5269,0.4271,48.7036,49.1704,-0.4667
0.0146,0.63,0.9376,-0.0931,0.4271,66.0528,62.0255,4.0272
0.152,-0.0941,-0.2575,-0.2597,0.4271,48.7224,45.0018,3.7206
0.0066,-0.2406,-0.0146,0.0347,0.4271,43.6044,45.7126,-2.1083
0.462,1.2874,0.4298,-0.5918,0.4271,65.8538,66.8373,-0.9835
-1.8676,-1.516,-0.6599,-0.8153,-0.8474,-13.584,-14.7242,1.1401
0.3366,0.3056,0.0791,-0.874,0.4271,50.9411,49.7951,1.146
1.2196,0.8932,0.2797,0.3843,0.4271,86.2278,76.1504,10.0774
0.0762,-0.2516,-0.2136,-0.0936,0.4271,37.3216,43.9109,-6.5893
-0.109,-0.138,-0.6966,0.0691,0.4271,35.4214,40.6187,-5.1973
1.066,0.4877,-0.1658,-0.2522,0.4271,67.6133,62.0941,5.5192
0.8057,0.1117,-0.0283,-0.0646,0.4271,52.0606,57.4388,-5.3782
1.5346,1.0086,0.0445,0.3218,0.4271,73.8313,78.5806,-4.7493
0.9224,0.4284,0.8436,1.0058,0.4271,85.7656,76.3992,9.3664
0.6232,0.472,0.2476,-0.337,0.4271,56.3822,59.7644,-3.3822
1.0726,1.2107,0.381,1.3811,0.4271,80.7063,85.8558,-5.1495
0.3519,1.2006,0.6674,-0.1089,0.4271,69.5699,69.8665,-0.2966
0.2468,0.5331,0.3774,0.6261,0.4271,68.1939,64.1128,4.0811
-1.7946,0.4647,-0.8669,-0.7375,0.4271,14.2075,22.4207,-8.2132
-0.2978,-1.4842,-0.1452,0.0577,0.4271,22.3826,27.6215,-5.2388
0.2139,-0.2205,0.3649,0.2489,0.4271,49.6403,52.5688,-2.9285
0.3444,0.338,0.0531,0.6855,-1.1097,30.096,42.6243,-12.5284
0.8415,0.6796,0.8427,0.6805,0.4271,79.3304,76.09,3.2404
-0.815,-0.6573,0.3405,-0.3021,0.4271,33.6763,32.6148,1.0614
-1.3799,0.5315,0.4103,-0.1165,0.4271,41.2598,41.7573,-0.4975
-1.4549,-1.1485,-0.8684,0.3555,-2.3842,-18.3189,-17.8931,-0.4258
-0.5089,-0.5616,-0.2263,-0.0891,0.4271,34.796,34.091,0.705
1.1157,0.332,0.5182,0.1354,-2.3842,37.4598,35.4341,2.0257
0.3882,0.6389,0.7991,0.0868,0.4271,66.9109,66.3133,0.5976
0.282,0.3682,0.3001,-0.2333,0.4271,62.8329,56.0673,6.7656
0.4047,-0.1301,-0.6253,0.19,0.4271,47.8618,47.6003,0.2615
-0.3863,-1.9716,0.0763,0.2457,-1.1097,-1.0716,5.9467,-7.0183
-0.3442,-0.0828,0.0665,-0.8831,0.4271,36.1419,37.9722,-1.8303
1.1576,0.8037,0.1564,0.8629,0.4271,76.3392,76.8588,-0.5197
-1.8619,-1.0215,-0.2924,-0.814,0.4271,-0.9328,8.8756,-9.8084
-0.0319,1.4379,-1.6298,0.4351,0.4271,51.5622,54.5311,-2.9689
0.6031,1.3924,0.7109,0.9697,0.4271,84.9185,82.5474,2.371
0.9557,0.4657,0.9333,-0.0192,0.4271,73.7693,70.7411,3.0281
0.6789,0.5002,0.4347,-0.9532,0.4271,52.6444,57.8341,-5.1896
0.1108,0.7477,0.667,-0.1878,0.4271,57.2129,61.6391,-4.4262
-0.4442,-0.0011,0.6896,-0.1595,0.4271,53.3413,47.6432,5.6981
1.0819,0.1774,0.3917,0.4794,0.4271,59.1354,68.1494,-9.014
0.7275,1.207,0.3792,-0.0098,0.4271,70.0559,72.4343,-2.3783
0.9673,1.1493,-0.8804,0.8143,0.4271,63.2811,70.3914,-7.1103
0.8623,0.3609,-0.1161,-0.0103,0.4271,56.1661,60.5503,-4.3842
0.9589,1.4332,0.4625,-0.2234,0.4271,79.235,76.6134,2.6216
-1.7972,-0.8706,-2.07,0.172,-0.8474,-9.4533,-10.698,1.2446
0.9762,0.9884,0.5956,-0.5803,0.4271,71.2564,70.3395,0.917
-1.4028,-0.9958,0.2293,-0.5811,-1.1097,-4.8584,1.4572,-6.3157
-1.5751,-1.1735,-0.6069,-1.1236,-0.8474,-18.7416,-9.4735,-9.2682
1.2009,0.6722,0.0637,0.3302,0.4271,62.6834,71.4282,-8.7448
-1.3792,-0.2891,0.3182,-0.1365,0.4271,24.2217,31.6901,-7.4684
0.5742,0.2974,0.5318,0.1219,0.4271,61.4572,62.6526,-1.1954
1.5229,1.5437,0.4406,0.2402,0.4271,84.8241,86.9522,-2.128
-1.5149,-1.4989,0.2856,-0.2018,-2.3842,-14.7074,-17.4724,2.765
-1.0678,-0.4166,-0.2372,-0.2832,0.4271,28.4784,28.2991,0.1793
-1.4601,-0.8195,0.1442,0.0662,0.4271,29.8687,24.9292,4.9395
1.4897,0.8795,0.2722,0.5124,0.4271,71.9665,79.724,-7.7575
-0.4623,1.0636,0.5904,-0.1918,0.4271,56.3619,58.4331,-2.0712
-0.4802,-0.2818,0.204,0.2011,-0.8474,36.4757,27.7302,8.7455
-0.1194,0.5451,-0.2038,1.0961,0.4271,67.2224,59.1203,8.102
-1.5042,-0.4102,-0.5552,-0.7512,-2.3842,-9.6315,-15.4022,5.7707
-0.3649,0.4129,0.2026,-0.0262,0.4271,60.2105,50.328,9.8825
0.661,0.6625,-1.1523,-0.802,0.4271,50.5612,48.3097,2.2515
0.6736,0.3356,0.0306,0.1881,-2.3842,33.1637,27.3521,5.8116
-0.4219,0.5565,-0.3395,-0.2148,0.4271,52.8547,45.8507,7.004
-0.063,0.7812,0.7433,0.2003,0.4271,71.2809,63.4391,7.8418
-1.2761,-1.3545,-0.0558,-0.7464,0.4271,13.1941,13.6976,-0.5035
-0.3464,0.1852,0.7198,-0.0056,0.4271,48.2955,52.0877,-3.7922
-0.8878,-0.6653,-1.7149,0.3101,0.4271,30.0036,20.1866,9.817
1.2866,0.7784,1.0835,-0.4486,0.4271,77.9848,75.9735,2.0113
0.8187,0.2065,-0.0495,-0.0125,0.4271,66.8643,58.8449,8.0195
0.7696,-0.4085,-0.3397,0.1847,0.4271,47.8486,50.5412,-2.6926
-0.832,-0.3499,-1.4902,0.3145,0.4271,36.9217,26.0903,10.8314
0.6605,0.3751,0.4289,0.2521,0.4271,65.6488,64.564,1.0848
-1.4609,-0.0112,-0.3277,-0.0786,0.4271,17.5765,29.3727,-11.7962
1.5154,1.1245,-0.3787,0.8587,0.4271,81.0479,80.1542,0.8936
0.6419,-0.7552,0.2616,-0.7116,-2.3842,3.8545,10.2708,-6.4163
-0.1701,0.1717,-0.1861,0.06,0.4271,46.875,47.312,-0.437
-1.0099,-1.0423,-0.7277,-0.1628,0.4271,12.3154,18.9472,-6.6318
-1.6518,-1.1616,-0.0954,-0.6457,-0.8474,-4.5598,-2.9048,-1.655
-0.4221,-0.4629,-0.8052,0.4794,-2.3842,-6.3247,2.2289,-8.5536
0.5755,0.5539,0.3368,0.1644,0.4271,53.437,64.3455,-10.9085
1.1564,1.431,0.4631,0.7498,0.4271,88.0112,85.4738,2.5373
-0.0793,-1.0938,-0.3103,-0.3237,0.4271,29.0316,30.4318,-1.4002
0.1758,1.4563,-1.6066,1.198,0.4271,65.5139,62.4455,3.0684
-0.3425,0.0618,0.7331,0.0549,0.4271,59.7006,51.2655,8.4351
0.8366,0.6323,1.0835,-0.1861,0.4271,77.9282,71.3339,6.5943
0.1876,0.5352,0.0127,0.194,0.4271,61.9253,57.6926,4.2327
-0.3951,-0.0451,0.3444,0.0138,0.4271,41.6714,46.2227,-4.5513
0.9092,0.8688,0.1007,0.0494,0.4271,70.4236,68.8459,1.5776
-0.3011,0.5991,-0.4345,0.2077,0.4271,53.7435,49.8305,3.9131
0.34,0.3523,-0.9399,0.3461,0.4271,52.7946,50.9968,1.7978
0.1184,-0.6173,0.1267,0.2822,0.4271,40.9768,45.4814,-4.5046
1.6657,1.4055,0.5744,0.721,0.4271,84.1328,91.3001,-7.1673
0.3539,0.3097,-0.0077,0.4104,0.4271,57.535,58.2862,-0.7511
0.4332,0.4149,-0.04,-0.152,0.4271,54.5625,56.1599,-1.5974
0.1581,0.3077,0.5829,-0.02,0.4271,61.8991,57.7165,4.1826
1.1862,0.2369,0.2316,0.2218,0.4271,59.3622,66.9139,-7.5517
1.2391,0.9039,0.3337,0.5135,0.4271,81.0225,77.7943,3.2281
1.0979,1.7704,0.9215,-0.869,0.4271,80.4387,80.9389,-0.5002
0.6171,1.1279,0.2526,0.407,0.4271,72.2893,72.2855,0.0038
1.1298,0.461,0.9989,0.7068,0.4271,90.5431,78.104,12.439
0.6067,0.0149,0.3636,0.3355,0.4271,55.4659,60.0153,-4.5494
1.043,0.5704,-0.2057,0.0617,0.4271,64.2975,64.6523,-0.3548
0.0423,-0.4927,-1.1205,-0.2441,-2.3842,10.6501,-0.5852,11.2353
-0.3951,-0.4911,0.1167,0.1817,-0.8474,20.2239,25.4828,-5.2589
-1.1603,-1.0487,-0.2746,-0.2044,-0.8474,2.2395,5.3192,-3.0797
-0.4542,-0.1426,-0.0115,-0.1994,0.4271,46.6379,40.2743,6.3636
0.2673,-0.5167,0.2629,0.1113,-2.3842,26.1283,14.6687,11.4596
0.3593,-0.2025,-0.0668,0.5358,0.4271,56.9445,53.0017,3.9428
-0.9508,-1.3754,-0.5904,0.0019,-0.8474,3.3817,2.8955,0.4862
-1.318,0.2891,-0.4605,0.0588,0.4271,13.9226,34.2135,-20.291
-0.0523,0.332,0.7499,0.04,0.4271,59.8421,57.4379,2.4042
-0.0769,0.758,0.3238,0.7564,0.4271,65.6043,63.6667,1.9376
-1.7552,-1.0496,-1.6307,-0.6269,-0.8474,-8.8095,-14.4336,5.6241
0.3588,0.3245,0.6744,0.2113,0.4271,59.9571,62.3679,-2.4108
0.7311,0.908,-0.9433,0.45,0.4271,63.4621,62.1319,1.3302
0.5295,0.1867,0.4952,0.8964,0.4271,76.2335,66.0311,10.2024
-0.0485,-0.2725,-1.3487,0.8663,0.4271,40.3623,40.2801,0.0822
0.9572,0.4471,0.1016,0.2483,0.4271,72.9181,66.0085,6.9096
0.3068,0.2976,-0.2595,0.2342,0.4271,57.7424,54.4819,3.2605
-0.5814,0.5138,-0.3357,-0.0975,0.4271,49.5742,44.5062,5.068
0.589,0.2969,0.1598,-0.855,0.4271,48.2253,53.1523,-4.927
-0.6295,-0.1762,0.5635,-1.143,0.4271,26.8915,35.8824,-8.9909
-1.5929,0.5487,-0.1221,-0.1803,0.4271,31.0992,35.1295,-4.0304
0.808,0.6463,0.435,-0.8052,0.4271,73.1985,61.8926,11.3059
-0.0306,-0.2102,0.2034,0.0019,0.4271,47.8236,47.1055,0.7181
-0.5995,-0.3784,-0.6594,0.6276,0.4271,35.7406,36.8303,-1.0897
-0.2587,1.2057,-0.287,-0.4337,0.4271,51.4429,53.7815,-2.3386
1.0683,0.6677,0.3636,0.8493,0.4271,75.8756,75.8715,0.0042
-1.2822,-1.186,0.11,-0.4185,0.4271,21.7453,19.0815,2.6638
-1.4281,-0.8551,-0.1263,-0.7711,0.4271,10.4083,16.9706,-6.5623
0.7931,0.4699,-1.3154,1.0261,0.4271,71.4136,59.0114,12.4022
-0.2809,0.1466,0.5821,0.3125,0.4271,63.5266,53.5074,10.0192
0.6596,0.1991,-1.1666,0.5338,0.4271,53.3545,52.2592,1.0953
0.6665,0.7112,0.5106,0.4561,0.4271,65.733,70.4551,-4.7221
-0.4546,-0.4653,0.4973,-0.6393,-0.8474,22.3297,22.356,-0.0262
-0.8849,-0.3691,0.7307,0.0972,-2.3842,6.7901,7.4856,-0.6955
1.281,0.7587,0.2954,0.3644,0.4271,73.5656,75.2797,-1.7141
-0.1862,0.0086,-1.1847,-0.1274,0.4271,39.3414,36.3204,3.021
0.6838,0.7603,0.4183,0.2742,0.4271,76.2954,69.218,7.0774
-0.3737,-0.0798,-0.485,0.0879,0.4271,38.1873,40.1968,-2.0095
-0.7894,-1.0603,0.0812,-0.2943,0.4271,31.1993,26.4166,4.7828
1.1478,0.9397,0.148,0.0903,0.4271,66.2597,72.849,-6.5893
1.3405,0.8966,-0.2661,0.2284,0.4271,61.9989,72.2022,-10.2033
0.0559,-0.0521,-0.4524,-0.6573,0.4271,48.7915,40.1818,8.6097
-0.4735,0.1007,-1.0143,-0.8449,0.4271,22.8,30.6014,-7.8014
0.476,-0.3713,0.3153,-0.0337,0.4271,54.9513,51.3335,3.6179
-0.5143,-0.1125,0.2137,0.0562,0.4271,45.0546,43.4771,1.5775
1.0768,1.6945,0.3622,0.2845,0.4271,77.9474,83.5724,-5.625
0.0229,-0.6557,0.2169,-0.3747,0.4271,37.3153,40.1535,-2.8382
0.4026,-0.9236,-0.2505,0.5771,-0.8474,25.7202,29.0892,-3.369
-0.4016,-0.9781,0.625,-0.3373,0.4271,40.8027,35.3808,5.4219
-0.7416,-1.1584,-0.8672,0.1824,0.4271,21.4853,21.8432,-0.3579
-0.3315,-0.8642,-0.6176,-0.7527,-0.8474,4.2283,9.823,-5.5947
1.5435,0.7984,-0.0143,0.9183,0.4271,82.6012,80.0052,2.596
0.6776,0.1328,0.7287,0.3574,0.4271,60.6719,65.0612,-4.3893
0.6487,-0.5584,-0.5018,0.0003,0.4271,43.6036,45.03,-1.4264
1.137,0.962,0.362,0.983,0.4271,84.3391,80.8357,3.5034
1.0726,-0.3548,-0.1089,0.0561,0.4271,52.4402,55.2721,-2.8319
1.0418,1.2657,0.4049,0.475,0.4271,69.4962,80.029,-10.5328
-1.2929,-1.0854,0.5113,0.2922,-0.8474,10.276,12.9851,-2.709
0.5444,-0.5011,-0.7878,0.2128,0.4271,36.2055,43.8336,-7.6281
-0.6028,-1.3168,-0.415,0.1696,0.4271,25.7641,24.9396,0.8245
-0.4691,0.5032,-0.6081,0.858,0.4271,56.6952,50.136,6.5592
1.3146,-0.1216,0.422,1.1717,0.4271,72.9964,72.3256,0.6708
-1.4197,-0.2282,-1.0215,0.0787,0.4271,11.4765,23.13,-11.6535
0.658,0.6509,-0.4241,0.8293,0.4271,72.3599,65.089,7.2709
-0.5347,-0.636,-0.5893,0.4115,0.4271,23.3216,33.6648,-10.3432
0.1297,-1.8451,-0.0694,-0.1422,0.4271,16.3227,27.3385,-11.0158
-1.1932,-1.1621,0.5628,-0.1058,-2.3842,-7.1969,-7.4387,0.2418
1.2177,0.291,0.2758,1.1543,0.4271,73.6486,74.6826,-1.034
0.5546,0.9592,-1.2047,-0.5504,0.4271,47.5819,51.8515,-4.2696
-0.4964,-0.4861,0.922,-0.4638,0.4271,42.7396,41.3027,1.4369
0.2481,-0.0356,-0.4817,1.0181,0.4271,47.6047,53.8464,-6.2417
-0.3528,-0.3317,-0.2414,-0.3122,0.4271,41.1511,36.681,4.4701
-0.3723,-1.5112,0.1747,0.0817,-2.3842,-3.644,-4.2512,0.6072
0.3596,0.8256,0.7848,-0.007,0.4271,71.7679,67.3433,4.4246
0.187,0.9432,-0.2295,0.2794,0.4271,68.4995,61.0034,7.4961
-0.7079,0.1145,-0.1262,0.1173,0.4271,48.8019,41.7652,7.0367
-0.5112,-0.8969,0.0016,-1.103,0.4271,31.7239,25.001,6.7229
1.0346,0.6659,0.5783,0.1047,0.4271,77.5218,71.9668,5.555
-0.6238,0.7257,0.0071,-0.9198,0.4271,43.8044,43.3568,0.4476
0.9172,0.5665,0.0342,0.2716,0.4271,66.5352,66.5666,-0.0313
0.9496,0.3925,0.0745,0.0718,0.4271,65.6585,63.8782,1.7803
-1.0099,-0.1819,-0.8083,0.0071,0.4271,35.5096,29.1831,6.3264
-1.5327,-0.8459,-0.6598,-0.2742,0.4271,13.5269,15.3023,-1.7754
-1.3056,-0.7434,0.4614,-0.3553,-0.8474,4.605,11.8085,-7.2034
0.8694,0.6776,0.3695,0.7143,0.4271,72.655,72.9602,-0.3051
-0.0596,0.5386,0.2983,1.1396,0.4271,69.0327,63.852,5.1807
0.258,0.466,-0.3648,0.7861,0.4271,61.6786,58.8804,2.7982
0.0347,0.5444,-0.4133,-0.0142,0.4271,55.6038,51.4332,4.1707
0.6205,-0.5797,-0.1489,-0.279,-2.3842,23.236,11.8636,11.3724
-1.7116,-0.4639,-0.1842,-0.3007,0.4271,22.7608,21.1564,1.6044
-0.292,0.6703,0.3639,-0.3105,0.4271,56.3799,53.2681,3.1118
0.1386,0.8367,0.2408,0.4107,0.4271,66.3894,63.819,2.5705
1.1563,1.2243,0.1315,0.2578,0.4271,79.6519,77.1773,2.4746
-0.1413,-0.6174,-0.5278,-1.0586,-2.3842,-12.3444,-5.0556,-7.2889
0.971,0.1717,-0.0958,0.1935,0.4271,59.8145,61.1605,-1.3459
0.8273,1.1347,1.0188,-0.5239,0.4271,74.5466,74.038,0.5085
-0.1711,-0.9158,-1.372,0.0124,-0.8474,13.7554,10.476,3.2794
1.0288,0.9802,0.6648,0.0307,0.4271,72.305,75.5909,-3.2859
-1.375,-1.5046,0.07,-0.6761,-2.3842,-24.5342,-20.9927,-3.5415
0.5614,-0.385,0.061,-0.0827,-2.3842,26.1583,16.3991,9.7592
-0.183,0.0135,-1.1497,-0.1335,-2.3842,7.8991,3.2373,4.6618
0.322,-0.6029,-0.1202,-0.1014,0.4271,51.4233,43.2582,8.1651
-1.6235,-0.3045,-2.0045,-0.4563,-2.3842,-30.1793,-24.5923,-5.5871
-0.0043,-0.2802,-0.5023,-0.7371,0.4271,33.6128,36.0342,-2.4214
-0.0167,0.9508,-0.4575,-0.5169,0.4271,56.6132,51.6176,4.9956
-1.4105,-0.8146,0.024,-0.3501,-0.8474,5.0769,6.5571,-1.4802
0.4544,0.2964,0.3479,-0.1114,0.4271,67.4494,58.3207,9.1286
-0.3312,-0.1768,-0.1988,0.3625,0.4271,35.9067,43.6723,-7.7656
1.3544,0.4696,0.7679,1.228,0.4271,78.603,82.453,-3.85
1.24,0.9884,0.4959,0.7529,0.4271,73.1686,81.6669,-8.4982
0.8412,-0.2302,0.1024,-0.3788,0.4271,53.6737,52.7976,0.8761
-0.4693,-0.2741,-0.2281,0.4092,0.4271,37.6696,41.1983,-3.5287
-0.8613,-1.182,-0.5559,0.2617,-0.8474,14.4851,8.1002,6.3849
-0.0455,-0.489,-0.2326,-0.8127,0.4271,34.6613,34.7932,-0.1319
0.6509,0.1359,-0.1039,-0.1767,0.4271,35.925,54.6928,-18.7679
0.3619,-0.4752,0.3843,-0.7576,0.4271,37.4396,44.443,-7.0033
-0.6171,-0.1777,-1.0585,-0.8398,0.4271,28.5862,25.6283,2.9579
-0.0394,-0.4029,-0.2053,-0.182,0.4271,32.9848,40.4202,-7.4354
-0.2605,-0.8071,-0.2755,0.181,0.4271,36.2507,35.489,0.7617
-0.0385,-0.1208,0.375,-0.2729,0.4271,47.6863,47.4348,0.2515
0.454,-0.4722,-0.4096,0.7703,0.4271,56.224,49.9758,6.2482
-0.0969,-0.3653,-0.8128,-0.823,0.4271,32.9232,31.0978,1.8254
0.6045,1.5531,0.5109,-0.1434,0.4271,67.8492,75.0931,-7.2439
0.2466,0.484,-0.0651,-0.3652,0.4271,48.7634,53.263,-4.4996
1.1147,0.7662,0.1073,0.8283,0.4271,65.8552,75.3594,-9.5042
1.4377,1.316,0.8822,0.3247,0.4271,76.3969,87.4641,-11.0673
1.2254,1.3776,0.6574,0.8527,0.4271,84.7032,87.8215,-3.1182
0.4791,0.2494,0.16,-0.145,0.4271,55.5703,56.3784,-0.8081
0.3584,-0.1496,0.0691,0.3716,0.4271,53.4399,53.49,-0.0501
-1.0018,-0.5024,0.7593,0.1445,-2.3842,0.7823,5.2829,-4.5006
-0.8582,-0.7469,-0.0126,-0.3487,-2.3842,-9.8063,-5.296,-4.5103
0.0464,-1.0936,0.5285,0.2147,0.4271,43.8515,41.9763,1.8752
-0.5483,-0.6192,0.1325,-0.5573,0.4271,33.8064,32.5265,1.2799
-0.1703,0.0435,0.1754,0.1241,0.4271,60.348,49.0937,11.2543
1.4971,0.8104,-0.0973,0.5995,0.4271,72.728,76.7894,-4.0614
1.2202,-0.5106,0.6059,-0.1612,-2.3842,32.2336,25.6914,6.5422
-0.9096,-0.7604,0.1096,-0.1211,-0.8474,19.1733,14.7823,4.391
0.2931,-0.3004,-1.3488,0.2887,0.4271,42.2027,39.611,2.5917
-0.3975,-0.3362,0.574,-0.2834,0.4271,40.9258,42.625,-1.6992
-0.7328,0.1194,-0.9111,0.2585,0.4271,34.656,36.4968,-1.8408
1.3146,0.7692,-0.2963,0.2771,0.4271,74.7261,70.5982,4.1279
0.0869,-0.1318,0.0348,0.0724,0.4271,53.9851,48.4378,5.5473
0.5915,-0.001,0.2722,-0.4139,0.4271,58.4716,53.7615,4.7101
0.3405,-0.3047,-0.1671,0.1895,0.4271,42.7616,48.4716,-5.71
0.2851,0.0114,0.2796,-0.3536,0.4271,50.3863,51.0949,-0.7086
0.1314,-0.4639,-0.3421,-0.2262,0.4271,48.0324,40.2051,7.8273
0.5799,0.7812,-0.916,0.406,0.4271,55.9713,58.9898,-3.0185
0.1753,0.6142,0.426,0.5844,0.4271,63.0184,64.342,-1.3235
1.5813,0.6357,1.0219,0.6966,0.4271,87.1563,85.0117,2.1446
0.4583,0.2991,0.5353,-0.0066,0.4271,66.5966,60.5636,6.033
0.1287,-0.9928,0.0544,-0.1726,0.4271,39.2565,37.6522,1.6043
0.2867,0.8806,0.7803,0.0906,0.4271,65.8128,67.8253,-2.0125
0.0466,0.5312,0.4849,0.3228,0.4271,56.9448,60.6655,-3.7207
-0.3834,-0.5611,-0.572,-0.3544,0.4271,22.625,30.936,-8.311
-1.4876,-0.1983,0.2447,-1.1741,0.4271,26.0373,23.7714,2.2659
0.5999,0.7126,-0.2638,-0.2823,0.4271,59.3568,58.6657,0.6911
-0.4725,0.0638,-0.091,-0.1637,0.4271,46.6777,42.0365,4.6412
-0.8098,-1.3961,-0.3396,0.4016,0.4271,22.3124,24.0217,-1.7093
-0.1056,-0.6682,-0.2712,-0.9109,0.4271,23.8678,31.1545,-7.2866
0.7543,-0.1066,0.3862,0.2056,0.4271,62.2264,59.5016,2.7248
-0.9071,0.2858,0.5706,0.1076,0.4271,64.8155,46.8507,17.9648
-0.6012,0.6265,-0.0014,-0.8818,0.4271,51.2015,42.682,8.5195
0.3101,0.4388,-0.3822,0.9124,0.4271,63.149,59.8765,3.2725
1.0831,1.0706,0.8459,0.3605,0.4271,80.5747,80.8749,-0.3002
-0.405,0.5185,-0.6968,-0.0143,0.4271,48.0097,44.2496,3.7602
-0.4795,-0.3631,0.6651,-0.4308,0.4271,46.0625,41.1199,4.9426
-0.1389,-0.6769,-0.2247,0.2358,0.4271,35.3398,39.0295,-3.6896
-0.2763,-1.2999,-0.2846,-0.7415,0.4271,17.8331,23.2971,-5.464
-0.52,-0.3208,-0.2039,-0.0567,0.4271,44.4626,37.0776,7.385
0.6706,0.4079,0.5831,0.6765,0.4271,64.6898,69.1769,-4.4871
0.3505,-0.2078,0.0324,0.6794,0.4271,49.9018,54.6082,-4.7063
0.144,0.5642,0.4413,0.0216,0.4271,50.9424,59.6513,-8.709
-1.4088,-0.6371,-0.3101,-0.5291,0.4271,21.5074,19.8977,1.6098
-0.6225,-0.5541,-0.3909,0.0695,0.4271,28.812,32.7948,-3.9828
0.66,-0.7272,0.2301,0.2313,-2.3842,15.9631,17.0906,-1.1274
-0.5491,0.082,-0.7991,0.2329,0.4271,35.5089,38.7287,-3.2199
0.7133,-0.0593,0.6684,-0.0148,0.4271,62.0871,60.2324,1.8547
-0.9716,-0.429,0.5574,-1.0345,-2.3842,-8.8563,-3.3172,-5.5391
0.1356,-0.5153,-0.0257,-0.721,0.4271,35.891,38.6671,-2.7761
1.1545,-0.8034,-0.0375,-0.1015,-2.3842,20.2349,17.1599,3.075
-0.6481,0.7611,-0.4836,0.1438,0.4271,44.4641,47.1114,-2.6473
-0.3432,0.4765,-0.3239,0.1379,0.4271,52.6581,48.3653,4.2928
0.9155,0.1999,0.0176,0.623,-0.8474,44.8047,49.5982,-4.7935
0.4412,-0.4758,0.178,0.3305,0.4271,55.0469,51.2617,3.7852
-1.4346,-1.375,-0.8706,-0.2469,-2.3842,-20.8813,-24.4275,3.5462
-1.5512,-0.7474,-0.3236,0.0718,-2.3842,-15.3753,-12.1957,-3.1796
-0.2306,-1.6842,-0.2131,0.5735,0.4271,24.115,29.1561,-5.0411
-0.2519,-0.923,0.0578,-0.6217,0.4271,17.9069,31.2634,-13.3564
-0.4123,-1.0757,0.5818,0.0651,-0.8474,25.1484,21.4928,3.6556
0.8016,0.1044,0.8038,0.2772,0.4271,65.6575,66.0912,-0.4336
-0.0858,0.2667,0.0223,-0.6834,0.4271,47.4519,45.7192,1.7327
-0.5903,-0.4359,0.2386,-0.1989,-0.8474,19.3982,22.3036,-2.9054
0.6137,0.883,0.6233,0.1619,0.4271,72.9454,70.6428,2.3026
0.5904,-1.0138,0.0033,-0.0156,-0.8474,30.4777,27.9188,2.5589
-1.8079,-0.9122,0.774,-0.0746,0.4271,17.506,24.0263,-6.5203
-0.0305,0.3676,0.1003,0.2962,0.4271,59.6926,54.8562,4.8364
-0.5293,-0.3945,-1.0931,-0.7927,-0.8474,3.9903,9.0506,-5.0603
-0.0217,-0.8852,0.7191,0.365,0.4271,46.2212,46.1008,0.1204
-1.2844,-1.2179,0.0641,-0.7264,-2.3842,-21.3406,-17.1928,-4.1478
0.0459,0.5001,0.6438,-0.081,0.4271,56.3387,58.7245,-2.3857
-0.5481,0.8873,0.2657,-0.6751,0.4271,58.1076,49.6744,8.4332
-0.6405,-0.957,-0.6519,-0.9083,0.4271,20.614,19.2658,1.3481
0.1892,1.1222,-0.1266,-0.2695,-0.8474,53.7601,44.8751,8.885
0.4681,0.6223,-1.4094,0.0505,0.4271,41.3315,49.7386,-8.4071
1.0767,1.3039,1.0835,0.3143,0.4271,82.0861,84.9355,-2.8494
1.1612,0.6205,-0.3731,0.6299,0.4271,61.0843,69.1434,-8.0592
0.3064,-0.772,0.4763,0.2565,0.4271,47.7943,48.268,-0.4737
0.7775,0.0133,0.253,0.6779,0.4271,55.445,63.3551,-7.9101
0.8636,0.1647,0.2334,0.5076,0.4271,55.9894,64.6465,-8.6571
-0.0804,-0.2267,-0.5823,0.4228,0.4271,46.4384,43.2667,3.1717
1.1066,-0.3676,0.4947,0.6421,0.4271,63.4169,64.2098,-0.7928
1.2427,1.5118,0.0881,0.9343,0.4271,80.9103,85.705,-4.7947
-0.8275,0.2551,0.4581,-0.3564,0.4271,50.0993,43.2674,6.8319
0.5092,-0.0608,0.343,1.0316,0.4271,66.6541,62.799,3.8551
0.7743,0.4625,-0.2288,0.2188,0.4271,68.4364,61.4744,6.962
0.0004,0.9778,-0.2206,-0.3229,0.4271,56.1202,55.275,0.8452
0.4316,1.4472,0.4607,0.3578,0.4271,80.6514,75.1464,5.505
-0.187,-0.6501,-0.4515,0.24,0.4271,38.2268,37.0983,1.1285
1.1264,-0.2338,0.5852,0.2959,0.4271,72.7191,64.2159,8.5032
0.514,-0.0234,0.0972,0.1569,0.4271,58.1434,55.2997,2.8437
-0.8154,-0.4407,0.362,-0.8708,-2.3842,-0.0264,-2.1407,2.1142
0.8829,-0.8773,0.2645,-0.0744,-2.3842,7.784,15.9308,-8.1468
-1.0911,0.3738,0.8622,-0.0068,0.4271,42.3709,47.3176,-4.9466
-0.271,-0.0184,0.2021,-0.7861,-0.8474,22.4721,26.0565,-3.5844
-1.0431,0.3387,-0.3169,-0.9398,-0.8474,14.2514,16.74,-2.4886
0.9799,-0.349,0.8859,0.0731,0.4271,64.3362,62.1161,2.2201
-1.6325,-1.3685,-0.7577,0.0543,0.4271,3.9808,9.8874,-5.9066
0.8639,-0.7187,0.8044,-0.1865,-0.8474,42.9244,39.144,3.7804
-1.5735,-0.3983,0.1228,-0.7164,0.4271,17.9924,22.8464,-4.8539
-0.5516,-0.5467,-0.6888,-0.2504,-2.3842,-3.172,-4.277,1.105
-0.7682,0.8082,-0.6923,0.0531,0.4271,46.626,44.118,2.5081
-0.4837,0.072,-1.1392,0.4237,0.4271,39.0456,38.0269,1.0186
-1.6405,-0.4369,-0.6583,-1.0896,0.4271,18.2892,13.0897,5.1995
0.1193,-0.5165,-0.9773,0.3625,0.4271,37.2335,38.69,-1.4565
-0.5585,-0.8166,0.2852,-0.9008,-2.3842,-1.8407,-4.4152,2.5745
0.6287,0.4114,0.2801,-0.198,0.4271,62.7439,60.3596,2.3843
0.6879,-0.417,-0.2731,0.0605,0.4271,50.8064,49.2189,1.5875
0.5428,-0.564,-0.9967,-0.4968,0.4271,34.6144,36.5704,-1.956
-0.0789,0.3099,-1.8601,-0.5965,-0.8474,11.7327,17.2595,-5.5268
0.7368,0.5725,-0.3602,1.2823,0.4271,65.3428,68.692,-3.3492
0.8852,0.65,0.2927,0.0971,0.4271,66.0735,67.9377,-1.8642
0.9938,1.3554,0.4572,1.4216,0.4271,91.2957,87.5059,3.7899
-0.4978,-0.3655,0.6331,-0.11,0.4271,47.2426,42.8802,4.3624
-1.4448,-1.2002,-0.2559,-0.7548,-2.3842,-20.1735,-21.3725,1.199
-1.5772,-1.1487,0.0982,-0.6964,0.4271,6.6269,14.3177,-7.6907
-0.3446,-0.8315,-2.5993,0.9208,-2.3842,-0.9034,-11.8209,10.9176
1.4604,1.0466,-0.8086,0.1657,0.4271,68.2256,70.5644,-2.3389
0.1664,0.0279,0.1194,0.2231,0.4271,51.8179,52.7831,-0.9652
1.1229,1.449,-0.0921,0.203,0.4271,74.0172,77.2451,-3.2279
-0.1539,0.7368,0.6168,0.0779,0.4271,57.8846,60.1417,-2.2572
1.1792,1.2835,-0.25,0.5372,0.4271,76.7935,77.0952,-0.3018
1.1397,-0.2143,-0.7128,0.9768,0.4271,70.7478,59.325,11.4228
0.5964,0.5593,0.4682,0.2265,0.4271,66.7546,66.0731,0.6815
0.4654,1.5701,0.498,0.5831,0.4271,74.7874,78.7443,-3.957
-1.5663,-1.3038,-1.2205,-0.9912,-1.1097,-11.6335,-17.7623,6.1288
-0.5405,-0.7123,0.329,-0.9615,-0.8474,8.3709,15.1238,-6.7529
-1.1394,-1.0307,0.0191,-0.2716,-2.3842,-13.2961,-10.719,-2.577
1.1741,0.1729,0.0888,-0.1164,0.4271,61.1838,62.6154,-1.4316
0.1927,-0.1022,-0.453,-0.3595,0.4271,44.9205,43.1491,1.7714
-1.1938,-1.2013,-0.4129,-0.6034,-2.3842,-22.9973,-18.8503,-4.147
0.4416,0.515,0.4807,0.4533,0.4271,66.2541,65.5897,0.6643
0.4313,0.9582,-0.4539,-0.1943,0.4271,66.9552,58.7717,8.1835
-0.2667,-0.7415,-0.2504,0.0469,-2.3842,3.986,2.0227,1.9633
-0.3629,-0.2503,-0.7719,-0.8489,0.4271,32.846,29.677,3.169
-0.5426,-0.4807,0.3266,0.1387,0.4271,33.9237,40.4759,-6.5523
0.0765,0.2265,-0.0557,-0.0447,0.4271,51.5271,50.8457,0.6814
-0.425,-0.1361,0.4078,-0.4775,0.4271,45.7274,41.9524,3.775
0.6618,1.0,0.3316,0.2695,0.4271,72.5898,70.9773,1.6125
0.5334,0.2209,-0.1075,0.3064,0.4271,60.9135,57.7191,3.1944
-0.6038,-0.3721,-0.6975,-0.0138,0.4271,32.4192,32.1028,0.3164
0.906,-0.9521,-0.2421,0.5347,-2.3842,17.1499,15.6754,1.4745
1.0551,0.3936,0.0682,-0.0615,0.4271,55.6992,64.0453,-8.3461
1.168,1.0822,-0.0895,0.066,0.4271,73.7412,72.6715,1.0697
1.581,1.2431,0.215,0.9405,0.4271,88.9761,87.3259,1.6502
0.1415,-0.6025,-0.4059,-0.5076,-2.3842,-6.6223,2.9093,-9.5316
-0.5835,-1.2053,-0.9484,-0.0437,0.4271,17.1347,20.8131,-3.6784
0.4948,0.2248,-0.3717,0.4386,0.4271,58.254,56.2362,2.0178
-0.2848,0.6059,-0.4968,0.108,0.4271,41.4412,48.9083,-7.4671
-0.3203,-1.2282,0.345,-0.3802,0.4271,30.7692,30.9864,-0.2172
0.416,-0.7685,-0.4206,0.4293,-0.8474,28.1774,28.6413,-0.4639
0.5091,-0.1703,0.7596,-1.1231,0.4271,54.5022,49.7953,4.7069
0.1757,-1.3272,-0.8896,0.3133,0.4271,18.5619,30.5104,-11.9485
0.56,-0.0395,0.3368,-0.1384,0.4271,45.928,55.4039,-9.4759
-0.6813,-0.5613,0.5335,0.6213,-2.3842,5.9845,9.631,-3.6465
-0.2882,0.9407,0.0947,-0.276,0.4271,58.9871,54.5194,4.4677
0.866,0.0201,0.4542,0.1654,0.4271,57.9377,62.3666,-4.4289
0.194,-0.4578,0.5084,-0.2042,0.4271,48.5333,47.64,0.8933
-1.4885,-1.2196,0.5035,-0.7014,-0.8474,2.7789,2.4129,0.366
-0.3906,-1.0755,0.0724,-1.1743,0.4271,26.5285,24.3336,2.1949
1.4224,0.3807,0.8319,0.9406,0.4271,88.9562,80.6768,8.2794
-0.8847,-1.3248,-0.5076,-0.0708,0.4271,23.5498,19.4446,4.1052
0.3667,-0.3598,0.5565,0.1698,0.4271,57.863,53.5633,4.2997
-1.4861,-1.325,0.5459,-0.4713,-2.3842,-19.8279,-15.0784,-4.7495
-0.8314,-0.8634,0.2923,-0.6471,-2.3842,-15.4513,-6.0469,-9.4043
-0.1122,-0.9731,-0.1316,-0.0612,-0.8474,21.3894,19.4942,1.8953
-0.2233,-1.1059,-0.3649,0.2649,-2.3842,4.4786,-0.9751,5.4536
1.4859,1.4923,0.3691,1.0631,0.4271,94.3922,91.148,3.2442
0.4508,0.3109,-0.7581,0.332,0.4271,41.8446,53.0193,-11.1747
1.3375,2.2321,0.7957,0.2335,0.4271,88.7219,95.3924,-6.6706
-0.3786,-1.1519,0.27,-0.1213,-2.3842,3.6135,-0.9557,4.5692
-0.131,0.6229,0.4443,0.7056,0.4271,59.0264,62.1415,-3.1151
-0.1562,0.3774,0.423,0.3066,0.4271,58.6754,56.1735,2.5019
0.6255,0.787,-0.6438,0.1838,0.4271,56.567,60.0938,-3.5269
-0.4439,-0.5324,-0.6966,0.3453,0.4271,41.4114,34.5173,6.8941
0.0521,0.336,0.4187,-0.546,0.4271,50.3483,51.9805,-1.6322
-0.249,-0.0337,0.1776,-0.1896,0.4271,40.4779,45.2193,-4.7414
-0.0607,0.0177,-1.4937,0.2165,0.4271,34.3681,37.7798,-3.4117
-0.8013,-1.0379,-0.8512,-0.2631,-0.8474,3.5432,4.4443,-0.9011
1.3145,1.0068,0.6223,0.2302,0.4271,74.5044,80.0114,-5.507
-1.5329,-0.3985,-1.8817,-0.401,0.4271,-1.8976,10.0487,-11.9462
-0.2978,0.3591,-0.6426,-0.75,0.4271,34.1826,38.9085,-4.7259
0.3066,0.8945,-0.7694,0.1277,0.4271,66.7841,56.5292,10.2548
-0.6702,-0.2734,-0.0324,-0.9635,0.4271,36.0175,31.0172,5.0004
-0.6647,-0.4449,-0.7106,0.0599,0.4271,22.8475,31.0434,-8.1959
0.9124,-0.4121,0.3696,0.3045,0.4271,58.0448,58.3191,-0.2744
0.4793,0.2063,0.0062,-0.3386,0.4271,54.0397,53.3677,0.672
0.5988,-0.1466,0.1285,0.1575,0.4271,58.472,55.0687,3.4033
-0.2715,0.2817,-0.074,-0.3522,0.4271,59.0467,45.4601,13.5866
-0.1605,0.5955,0.2878,0.0196,0.4271,60.7843,55.5461,5.2381
0.4037,1.1719,-0.2777,0.8698,0.4271,59.8982,69.631,-9.7328
-0.73,-0.144,0.3118,-0.1311,0.4271,48.8853,40.265,8.6203
0.8471,1.3788,0.4201,0.165,0.4271,74.9824,77.1764,-2.194
-0.5973,-1.1857,-0.8513,0.5399,0.4271,15.6374,25.6901,-10.0526
0.985,0.6123,0.0904,-0.103,0.4271,66.5612,65.6367,0.9245
0.3522,-0.284,0.2514,0.0659,0.4271,45.4232,51.191,-5.7678
0.8952,0.4256,0.114,-0.1591,0.4271,59.7127,62.3667,-2.6539
1.4095,1.221,0.7222,1.2486,0.4271,88.7746,91.2849,-2.5103
0.8098,0.7527,1.0835,0.0871,0.4271,76.0663,74.3001,1.7662
-1.5615,-1.1214,-0.5022,-0.6325,-2.3842,-21.8215,-22.781,0.9596
0.5058,0.1512,-0.9189,0.8424,0.4271,65.064,54.1235,10.9405
-0.4113,0.2926,-0.5754,-0.7028,0.4271,38.5138,37.7899,0.7239
-0.1289,0.9453,0.2581,0.4676,0.4271,63.3692,62.7035,0.6656
0.8143,-0.2728,0.28,0.066,0.4271,58.0565,56.4881,1.5684
-0.4189,-0.5111,-0.1882,-0.2042,0.4271,42.8521,35.1161,7.736
-0.4023,0.1774,-0.3605,-0.5508,0.4271,40.408,39.2997,1.1083
-0.6093,-0.9837,0.9739,0.2825,-0.8474,29.2303,24.9439,4.2864
-0.7666,0.398,-2.3488,0.416,0.4271,32.9028,29.3024,3.6004
-1.6838,-0.6681,-0.8804,0.0738,0.4271,9.3587,16.4049,-7.0462
0.1591,-0.1278,0.4094,-0.3924,0.4271,48.9546,48.9069,0.0477
-0.2085,-0.8708,-0.2874,-0.4343,0.4271,37.2516,30.9629,6.2887
-1.2231,-0.1941,0.3367,-1.1097,0.4271,21.4159,27.8089,-6.393
0.319,-0.5636,-0.5437,0.6526,0.4271,42.0389,45.6522,-3.6133
-0.5881,-0.0004,-0.1297,0.0522,0.4271,37.7213,41.2772,-3.5559
-0.1736,1.1628,-0.606,0.0448,0.4271,62.3933,55.0827,7.3107
-0.2707,0.5331,-1.5007,-0.5059,0.4271,38.8468,36.2513,2.5956
0.1215,-1.1824,0.173,0.1117,-2.3842,7.6515,4.9338,2.7178
0.1877,-0.0018,-0.199,0.0652,0.4271,51.2259,49.1313,2.0946
-0.2383,0.5684,0.3889,-0.3961,0.4271,49.958,52.2943,-2.3363
-0.1435,-0.1452,0.3274,-0.1056,0.4271,43.154,46.8321,-3.6781
0.2477,-0.2637,0.602,-0.8137,0.4271,48.5452,46.8819,1.6633
1.3157,0.4922,1.0835,0.2505,0.4271,71.7011,77.9267,-6.2256
-0.3228,0.7496,0.4716,0.0406,0.4271,62.6726,57.0995,5.5731
-1.5782,0.6354,-0.0313,-0.5048,0.4271,38.9194,34.7042,4.2151
0.8471,0.4709,-0.109,0.402,0.4271,66.5078,64.5447,1.9631
0.0457,-0.2716,-0.4172,0.2353,0.4271,46.9318,44.0801,2.8518
-0.078,1.257,0.4569,-1.0383,0.4271,53.7529,57.8154,-4.0625
0.2478,0.9569,0.5595,-0.2813,0.4271,63.3632,63.9818,-0.6186
-0.849,-0.6946,-0.2759,-1.0424,0.4271,19.7794,21.942,-2.1627
-0.1438,-0.3657,-0.4616,0.1384,0.4271,41.5104,39.9761,1.5344
-0.7826,0.9148,0.2802,0.6722,0.4271,55.8965,56.9485,-1.052
0.0014,0.8348,-0.7627,-0.7918,0.4271,40.67,46.2491,-5.5791
1.3151,-0.2849,0.3446,0.0826,0.4271,56.1755,62.3303,-6.1549
1.1587,0.721,0.1655,1.0705,0.4271,81.3386,77.4545,3.8841
-0.0762,-0.7973,0.4585,-0.0186,0.4271,47.6033,41.8342,5.7691
-0.7929,-0.945,-1.6775,-0.4993,0.4271,19.1853,12.7203,6.465
0.5132,0.3843,-0.5435,-0.2601,-0.8474,32.1637,36.9071,-4.7434
0.5925,0.3258,0.6253,-0.0442,0.4271,64.0302,62.733,1.2973
-1.2409,-1.8089,-0.1282,-0.8958,-2.3842,-30.9738,-26.0298,-4.9439
0.2479,-0.8984,0.07,0.0894,0.4271,30.1011,41.9327,-11.8316
0.879,0.4245,0.233,-0.2419,0.4271,70.0177,62.5203,7.4974
-0.2785,0.0866,0.1447,0.1408,0.4271,46.1621,48.3003,-2.1382
1.7783,0.5554,0.569,0.5455,0.4271,86.1351,81.6858,4.4493
-0.3272,-0.1648,-0.1909,-0.0558,-2.3842,8.3833,7.6033,0.78
0.6621,0.6558,0.668,0.3362,0.4271,69.5831,70.161,-0.5779
-0.5273,1.3469,0.2799,-0.0808,0.4271,63.9345,59.3046,4.6298
1.1097,0.4541,0.3082,0.4472,0.4271,70.4257,70.6935,-0.2678
0.9346,0.6479,0.1494,-0.4319,0.4271,65.3301,63.664,1.6661
-0.4583,-0.5609,0.2665,-0.6158,0.4271,23.157,34.7708,-11.6139
0.6225,1.1389,0.3185,-0.4245,0.4271,67.8958,67.1938,0.7019
1.0454,0.0208,-0.2123,-0.4217,0.4271,48.0013,55.0882,-7.0869
1.1911,0.2198,0.6203,0.2022,0.4271,67.2077,69.6282,-2.4205
0.5726,0.7622,0.1104,0.3038,0.4271,69.3717,65.8846,3.4871
0.2966,-0.5435,-0.0858,0.3086,0.4271,51.6947,46.7692,4.9255
0.9847,1.2415,0.5838,0.3891,0.4271,78.521,79.925,-1.404
0.2524,0.1965,-0.1346,0.0381,0.4271,39.4109,52.3622,-12.9512
0.9755,-0.3775,0.2811,-0.1481,0.4271,59.4715,55.5568,3.9146
-0.77,-1.1912,-0.3241,-0.3665,0.4271,20.8778,21.5332,-0.6554
-1.6398,-1.6349,0.5152,-0.7669,-2.3842,-19.0158,-22.4999,3.4841
-0.3067,0.0061,-0.3861,-0.1703,0.4271,46.5745,40.846,5.7285
-0.248,-1.0178,0.0087,-0.2131,-2.3842,-6.4528,-0.6965,-5.7563
-0.3254,-0.3771,0.2381,0.1813,0.4271,50.8485,43.5838,7.2647
-0.4233,0.4517,0.3396,0.1583,0.4271,60.4728,52.4744,7.9984
0.9828,1.1402,0.8936,0.511,0.4271,80.069,81.9965,-1.9275
-1.5146,-1.1383,-0.1701,-1.1592,-2.3842,-23.1137,-23.5746,0.4609
0.9544,0.2897,0.3446,0.2176,0.4271,70.6881,65.8648,4.8233
1.0295,0.2724,0.7041,-0.0034,-0.8474,44.1646,52.5636,-8.399
0.7057,0.802,0.3988,-0.1832,0.4271,73.6108,66.5922,7.0186
1.3293,0.8706,0.5016,0.4974,0.4271,78.1413,79.5667,-1.4254
-1.2678,0.3297,0.4598,-0.6252,0.4271,30.1205,37.5346,-7.4141
0.7525,0.6445,-1.1208,-0.761,0.4271,50.3453,49.6144,0.7308
-0.5066,-0.9251,0.1518,-0.6591,-2.3842,-0.4708,-4.4248,3.954
-0.7937,0.4498,0.0582,0.7316,0.4271,50.2719,50.3048,-0.0329
-0.3718,0.3583,-0.6346,-0.2539,0.4271,46.6146,41.6167,4.998
0.8342,-0.1071,0.6594,0.5407,0.4271,60.8781,64.7831,-3.9049
0.4287,-0.177,0.7828,0.1145,-2.3842,18.2597,24.2405,-5.9808
0.8752,1.069,0.1393,-0.9048,0.4271,67.498,64.3982,3.0998
2.1047,1.88,0.6253,1.102,0.4271,96.619,104.3784,-7.7594
0.7784,0.132,-0.8055,0.9182,0.4271,57.9489,58.2268,-0.2778
-0.4914,-0.7336,-0.3083,-0.0498,0.4271,22.5006,31.9862,-9.4855
-0.1672,-1.0267,-0.0984,0.1615,0.4271,19.6974,35.2465,-15.5491
1.0626,0.3844,-0.0205,1.0899,0.4271,72.2373,71.3432,0.8941
0.7916,-0.7836,0.5564,0.1995,-2.3842,11.7982,20.1557,-8.3576
0.7569,0.2308,-0.5501,0.2408,0.4271,53.6619,56.3649,-2.703
0.5986,1.2836,-0.1243,-0.0483,0.4271,63.6989,67.773,-4.0741
-0.7901,-0.5946,-0.5773,-0.6153,0.4271,23.0309,24.3478,-1.3169
0.6948,1.2232,-0.1645,1.0991,0.4271,72.1934,75.7904,-3.597
-0.0268,-0.1527,0.2624,-0.3359,0.4271,42.0177,45.8976,-3.88
0.1944,0.5612,0.1665,0.1848,0.4271,52.2647,59.1774,-6.9127
1.5497,1.3288,0.5448,0.6109,0.4271,83.6052,88.2012,-4.5961
0.5262,0.5103,0.9278,0.4206,0.4271,63.464,69.6555,-6.1915
-0.2223,0.5601,-0.1971,-0.3163,0.4271,51.8016,48.4195,3.3821
0.0378,-0.5699,0.0709,0.2828,0.4271,37.584,44.7263,-7.1423
1.3634,0.8418,0.3787,0.8008,0.4271,78.511,80.7709,-2.2599
-0.3686,-0.1641,0.267,0.2707,0.4271,48.076,46.3583,1.7177
-1.3086,0.4875,-0.1005,-0.7427,0.4271,37.228,33.7444,3.4836
-0.7744,-0.4917,-0.6838,-0.1437,0.4271,29.6849,28.1321,1.5528
0.4908,-0.4566,0.14,1.0927,0.4271,61.5559,57.0144,4.5415
0.825,1.1979,0.351,0.2726,0.4271,76.8356,75.1217,1.7139
0.711,-0.8589,0.1023,-0.3164,0.4271,42.5126,44.7651,-2.2525
-0.8421,-0.3184,-0.9137,-0.2626,0.4271,19.6008,26.7615,-7.1607
1.3786,0.3835,0.3211,-0.2654,0.4271,75.3077,67.9266,7.3811
-0.0781,-0.7433,-0.678,0.2289,0.4271,35.631,35.3976,0.2334
-0.2376,0.8847,-0.9636,-0.4348,0.4271,45.6311,45.1855,0.4456
-1.4898,-0.729,0.1568,-0.4675,0.4271,20.1588,22.0157,-1.8569
-0.5832,-0.1781,-1.5147,-0.8481,0.4271,21.6224,22.4194,-0.797
-0.765,-1.2052,-0.3907,-0.2054,-2.3842,-11.7068,-11.3615,-0.3453
0.5507,-0.0479,-0.0657,-0.1366,0.4271,39.2671,52.125,-12.8579
0.0148,0.4371,0.123,0.3948,0.4271,60.5092,56.9828,3.5264
0.0752,0.6231,-0.0072,-0.4451,0.4271,53.7747,52.882,0.8928
0.4566,1.3757,0.22,0.158,0.4271,73.7894,71.371,2.4184
0.8118,1.0143,0.2477,1.049,0.4271,70.8438,77.5181,-6.6742
-0.1401,-0.8562,-0.3806,0.3821,0.4271,46.2316,36.8169,9.4147
0.487,0.3052,0.6398,0.1167,0.4271,54.4587,62.5999,-8.1412
0.9197,-0.4093,0.0679,0.037,0.4271,47.7167,54.248,-6.5313
1.3163,1.4725,0.5509,0.5842,0.4271,84.1572,87.1775,-3.0203
0.4426,-0.415,-0.0376,0.666,0.4271,46.0328,52.6334,-6.6006
-0.3669,0.6909,0.4464,0.5035,0.4271,59.4958,58.9908,0.505
-0.3787,-0.0191,-0.5562,-0.1402,0.4271,27.1381,38.6924,-11.5543
-0.3019,-0.6559,-0.1531,0.0286,0.4271,36.6412,36.6283,0.0129
0.7704,0.3427,0.0639,-0.809,0.4271,53.5305,55.1938,-1.6632
-0.8222,-0.8549,-0.5436,0.0801,-0.8474,12.5518,11.0288,1.5231
-1.2038,-1.165,0.7774,-0.0343,-2.3842,-11.6479,-5.4357,-6.2123
0.507,0.6319,0.465,0.1105,0.4271,60.1669,65.1003,-4.9334
0.9968,0.4457,0.5513,0.2577,0.4271,65.5292,69.9417,-4.4125
-0.0957,0.5912,-0.5918,-0.0072,0.4271,42.4663,49.2375,-6.7712
1.3802,0.8016,-0.0475,1.3961,0.4271,77.9897,81.3585,-3.3688
-0.429,-0.997,-0.209,0.1828,-2.3842,7.7104,-1.3269,9.0373
-0.8367,-0.1161,-0.4588,0.0447,0.4271,31.3181,34.7294,-3.4113
-1.0272,0.1078,-0.9823,0.3938,0.4271,46.5763,33.6052,12.9711
-0.1035,0.6041,0.5344,0.0431,0.4271,60.4066,58.3135,2.0931
0.7,0.4591,0.4492,-0.7239,0.4271,61.8321,59.3041,2.528
-0.653,-1.1185,0.214,-0.416,-2.3842,-14.8337,-5.999,-8.8346
-0.2435,-0.4751,-0.3029,-0.5676,0.4271,29.1332,33.9902,-4.8571
-1.2247,-1.0574,0.3729,-1.0286,-2.3842,-19.2308,-14.4736,-4.7573
0.7004,0.3352,-0.1782,-0.1209,0.4271,46.7288,57.2799,-10.5511
-0.2919,0.8145,-0.095,-0.1111,0.4271,58.0809,52.7464,5.3345
0.193,0.0546,-0.4728,0.187,-0.8474,28.0979,33.4206,-5.3227
0.3243,0.1572,0.5377,-0.3371,0.4271,53.7418,55.2537,-1.5118
-0.4153,1.0192,0.0766,0.3212,0.4271,55.9096,58.0523,-2.1426
1.4572,2.0673,0.4571,0.1512,0.4271,82.3216,91.6441,-9.3225
-0.1685,0.0679,0.1276,-0.371,0.4271,42.6521,45.58,-2.9279
0.7946,0.8322,0.1736,0.5578,0.4271,72.5794,71.3024,1.277
0.5806,-0.2668,0.1425,-0.1082,0.4271,55.3209,51.7834,3.5375
-0.4299,-0.7075,0.3454,0.2014,0.4271,30.8461,39.7131,-8.8669
1.2421,0.369,0.2997,0.1471,0.4271,61.3693,69.0031,-7.6338
-0.9958,-0.9008,0.2901,-0.1452,0.4271,33.3338,28.6429,4.6909
0.0239,0.7364,0.2192,-0.6819,0.4271,52.5736,53.7012,-1.1276
0.2418,0.8419,-0.0391,0.3871,0.4271,61.5291,62.6664,-1.1373
-1.197,-1.2207,0.3886,-0.629,0.4271,17.1596,20.2846,-3.1251
0.9907,2.4735,0.5928,0.2439,0.4271,72.3817,92.9026,-20.5208
0.0147,0.1055,-0.0481,0.4067,0.4271,61.8229,52.0187,9.8042
-0.6277,-1.0641,-0.5075,-0.2961,0.4271,21.4375,23.564,-2.1265
-0.2929,0.452,-1.1941,0.4211,0.4271,51.3709,43.9037,7.4672
-0.0035,-0.1618,0.5364,-0.6098,0.4271,45.0364,46.2488,-1.2124
-0.0161,-0.7128,-0.2151,-0.0519,0.4271,29.6585,38.0139,-8.3555
1.3232,1.6672,-0.2757,0.8805,0.4271,81.26,85.1421,-3.8821
0.1669,-0.0466,0.5644,0.2562,0.4271,66.9559,55.6046,11.3512
0.0336,-0.7493,-1.1797,0.7318,0.4271,34.4491,36.1639,-1.7148
0.4728,0.8188,-0.9434,0.2204,-0.8474,48.318,41.6229,6.695
0.3562,1.5741,0.6714,0.1718,0.4271,71.5874,76.0942,-4.5068
0.2729,1.2452,-0.0683,-0.0738,0.4271,65.6973,64.1051,1.5921
0.2427,1.1022,0.3858,0.0476,0.4271,69.7184,66.5106,3.2077
1.1397,-0.0261,0.6204,0.4156,0.4271,63.4099,67.7961,-4.3862
-1.005,0.6402,0.0818,-0.5658,-0.8474,25.7533,26.2044,-0.4511
-0.1744,0.5568,-0.143,0.1752,0.4271,40.2621,52.728,-12.4659
0.5913,0.7978,0.2034,0.1771,0.4271,57.2784,66.3195,-9.0411
-0.0633,0.419,-0.2947,0.2333,0.4271,51.8709,51.6054,0.2655
0.074,0.1166,-0.6646,-0.9077,0.4271,34.7219,38.8987,-4.1768
0.0582,-0.0377,-0.7698,-0.0423,0.4271,37.326,42.2012,-4.8752
-0.5111,1.1983,0.2098,-0.0485,0.4271,55.4404,57.4935,-2.0531
-0.7012,-0.8333,0.2206,0.051,0.4271,28.8619,33.3869,-4.525
-1.4493,-0.6742,-0.1755,-0.1176,-0.8474,13.8283,7.8003,6.028
-0.3418,-0.0323,-0.1543,-0.3705,0.4271,49.1237,40.4303,8.6934
-1.4983,-1.0312,-0.0579,0.3878,0.4271,18.6059,22.8196,-4.2136
0.1601,-1.0179,0.1996,-0.3428,-2.3842,13.59,4.2404,9.3496
-0.9253,0.2239,0.2015,-1.1034,-0.8474,25.4748,19.5608,5.9141
-0.557,-0.7084,0.1545,-0.2497,0.4271,37.3741,33.7379,3.6363
1.4092,0.8075,-0.384,0.192,-0.8474,51.1133,55.6355,-4.5222
0.0736,0.8004,-0.092,0.241,0.4271,64.9134,58.9745,5.9389
0.9599,0.6295,0.0201,0.4896,0.4271,65.8106,69.1388,-3.3282
0.1714,-0.0952,0.3749,0.5861,0.4271,59.7993,55.9419,3.8574
-0.3596,-1.1462,-0.5606,0.3935,0.4271,23.1231,29.8996,-6.7765
-0.5792,-0.9243,-0.0289,-0.2213,0.4271,34.0971,29.8583,4.2388
0.4388,0.9242,1.0355,0.5146,0.4271,76.2518,74.8552,1.3966
-0.6145,-1.1903,-0.4535,-0.1246,0.4271,15.257,23.8951,-8.6381
0.4173,-0.182,-0.2877,0.1729,0.4271,48.3721,49.6304,-1.2583
-0.012,0.2298,-0.1827,-0.3172,0.4271,50.1807,47.0623,3.1184
0.4884,-0.5722,0.0915,0.2799,0.4271,48.2135,49.6658,-1.4522
0.7386,-0.1356,0.2532,-0.0544,0.4271,60.3521,56.1753,4.1768
-0.5685,0.0122,0.0503,0.3385,0.4271,45.0791,45.0046,0.0745
0.2741,-0.7288,0.142,0.4644,-0.8474,23.7927,32.139,-8.3464
-0.6449,0.3092,0.3979,-0.1682,0.4271,45.6296,46.6777,-1.048
-0.4371,0.6294,0.0028,-0.8948,0.4271,44.5381,44.4144,0.1238
-0.9225,-0.5037,-0.4077,-0.5623,0.4271,28.0907,25.6257,2.4649
1.0973,0.8979,1.0835,0.2021,0.4271,80.2282,79.8117,0.4165
0.2695,0.1684,0.5849,-0.0307,0.4271,58.6851,57.2852,1.3999
1.4124,0.9449,0.7769,0.7425,0.4271,83.4667,85.1142,-1.6475
-0.4816,-0.9079,0.4855,0.2471,0.4271,38.5293,38.3013,0.2279
-1.3137,-0.3632,-1.2113,-0.4802,-0.8474,-3.1494,2.2622,-5.4116
0.4214,-0.449,0.0336,0.2552,0.4271,48.9143,49.7163,-0.8019
0.0086,-0.8669,0.0898,-0.2501,0.4271,24.3408,37.5156,-13.1748
0.7333,1.3978,0.8052,-0.0401,0.4271,76.7793,77.7072,-0.9279
1.7122,0.0282,0.2886,0.2175,0.4271,78.0021,70.6116,7.3905
1.1297,0.5284,0.1155,0.1001,0.4271,74.4611,67.8479,6.6132
0.288,0.8327,-0.0146,0.5281,0.4271,61.7474,64.2257,-2.4783
-1.0955,-0.0976,-0.765,-0.1419,0.4271,10.7726,28.5115,-17.7388
0.3669,-0.1096,-0.135,0.5287,0.4271,46.8169,53.5536,-6.7367
-0.2554,0.0266,0.5272,0.4996,0.4271,54.7964,53.3096,1.4868
-0.6706,-1.0687,-0.2544,-0.0558,0.4271,23.0698,26.6713,-3.6015
-0.3723,0.1202,0.1572,0.1433,0.4271,47.2169,47.7868,-0.5699
0.3379,0.4799,-0.176,0.4331,0.4271,64.1173,58.8905,5.2268
-0.7512,0.5997,0.3583,-0.6319,0.4271,50.3971,45.2778,5.1193
-0.9026,-0.4497,-0.0963,-0.0226,0.4271,37.0492,32.593,4.4562
-0.7466,-0.9348,-1.1492,-0.6126,-1.1097,-4.3504,-1.6497,-2.7007
0.8325,0.4635,-0.8364,0.362,0.4271,62.7421,58.4306,4.3115
0.0859,-0.6944,0.1352,0.3148,-0.8474,29.5684,29.4181,0.1503
0.367,-0.5753,-0.2466,-0.345,-2.3842,8.2104,7.9872,0.2232
0.8978,-0.1401,0.708,0.2388,-2.3842,27.4922,29.9687,-2.4765
-0.854,-0.6843,-0.7827,0.327,-0.8474,11.4465,12.4828,-1.0363
1.7008,0.4654,0.3181,0.6865,0.4271,80.4429,78.8934,1.5495
-0.3237,0.4568,0.7624,0.0404,0.4271,54.5905,56.0331,-1.4426
0.1253,1.2645,0.7232,-0.3029,0.4271,60.7106,67.2375,-6.5269
0.8223,-0.3744,0.7456,0.4128,0.4271,67.8591,61.4233,6.4357
0.7332,0.834,0.2849,0.3719,0.4271,61.3366,70.2292,-8.8926
-0.4557,-0.0506,0.0406,-0.1635,0.4271,45.8709,41.9435,3.9274
1.4738,1.2719,-0.4146,1.104,0.4271,80.0939,82.7953,-2.7014
-1.396,-0.015,-0.3495,-0.4138,0.4271,19.5261,27.5275,-8.0015
1.0886,1.1653,0.8156,0.7116,0.4271,90.3431,84.2064,6.1368
1.1068,0.7042,0.4862,0.4059,0.4271,77.5589,74.5571,3.0019
-0.6465,0.2182,-2.143,0.4095,0.4271,32.7736,30.1046,2.669
-1.5046,-0.4377,-0.3778,-0.6878,0.4271,17.7677,19.4881,-1.7205
0.7636,0.0729,-0.0935,0.6868,0.4271,70.066,61.2736,8.7924
0.2512,-0.3257,-0.5799,-0.0629,-2.3842,13.9241,8.9485,4.9755
0.0234,-0.6205,0.2227,-0.6343,-2.3842,8.1113,5.3965,2.7148
0.0125,0.3039,0.9103,0.0965,0.4271,64.0413,59.4426,4.5987
0.1619,-0.2577,0.1613,0.4439,0.4271,59.7194,51.3812,8.3383
0.5474,-0.7323,0.248,0.5616,0.4271,43.1919,51.6603,-8.4683
-1.5818,-0.9075,-0.0754,0.1014,0.4271,10.8437,21.19,-10.3463
0.6616,-0.3735,-0.6905,-0.2724,0.4271,42.807,43.9006,-1.0936
-0.5338,-0.0507,-0.6856,0.3041,0.4271,31.0337,38.7679,-7.7342
0.054,0.0957,-0.3816,-0.2025,0.4271,49.6842,45.5289,4.1553
-0.3648,0.4971,0.2031,0.2899,0.4271,57.7412,53.4775,4.2637
0.1961,-0.3461,-0.9935,0.6844,0.4271,46.2607,43.5413,2.7194
0.5424,0.2374,0.4639,-0.7094,0.4271,56.7869,55.3371,1.4498
-1.6141,-1.2358,-2.2638,-0.9586,-0.8474,-24.7557,-22.1921,-2.5635
0.8914,0.6757,0.3063,0.8004,0.4271,69.1961,73.2859,-4.0898
-0.3346,0.0891,-0.5748,0.6402,0.4271,44.291,45.6627,-1.3716
-1.8909,-1.3524,-1.1067,0.349,-2.3842,-21.1399,-26.7358,5.5959
-1.2575,-0.677,0.5375,-0.5603,-0.8474,19.8208,12.2319,7.5889
-0.3063,-0.5168,0.2297,0.294,0.4271,39.7888,42.9355,-3.1467
0.694,0.2726,0.4805,0.1767,0.4271,62.9493,63.6447,-0.6954
-0.397,0.6326,0.4714,1.1386,0.4271,53.9198,62.6196,-8.6998
-0.3551,-0.5134,-0.7927,-0.8276,-2.3842,-6.5041,-6.6093,0.1052
-1.2815,-1.3619,0.1012,-0.1498,-2.3842,-10.9867,-14.4892,3.5025
-1.5493,-1.4239,-0.9842,-0.8038,-2.3842,-35.9786,-30.9503,-5.0283
-0.4051,0.4341,-0.2597,-0.1505,0.4271,44.9454,45.7145,-0.7691
-0.2887,0.7273,0.2712,-0.563,0.4271,58.0367,51.4759,6.5609
0.3504,-0.0033,0.3901,0.445,0.4271,58.6062,58.0288,0.5774
-0.6557,-0.1825,-0.8478,-0.1742,0.4271,21.9211,31.4075,-9.4864
-1.5253,-1.4885,-0.0272,-0.4627,-2.3842,-19.9411,-21.6872,1.7461
0.9042,0.036,-0.9152,0.0504,0.4271,58.2654,51.62,6.6454
0.6882,0.5204,0.5946,0.2371,0.4271,67.4141,67.6662,-0.2521
1.1998,0.5406,-0.2923,-0.0156,0.4271,66.0458,64.7943,1.2514
-0.212,1.0102,0.4376,-0.0379,0.4271,59.4066,60.409,-1.0024
0.2393,-0.0935,-0.2232,-0.2156,0.4271,38.0768,46.5147,-8.4379
-0.0989,-0.3204,-0.9498,0.3914,0.4271,38.8602,38.969,-0.1088
0.7113,1.1485,-0.1064,-0.0042,0.4271,59.951,67.9055,-7.9545
0.5465,0.7487,0.4115,0.62,0.4271,67.7619,69.967,-2.2051
0.5824,0.7652,0.5767,0.2826,0.4271,68.1854,69.4639,-1.2785
1.1393,1.1584,-0.145,-0.1745,0.4271,63.6553,71.1217,-7.4665
0.0487,-0.6664,-0.2913,-0.3165,-2.3842,19.2793,3.4066,15.8727
1.2452,0.6511,0.4635,0.5945,0.4271,70.1689,76.5791,-6.4103
-0.1735,-0.6795,0.2996,0.0675,0.4271,41.0933,41.4931,-0.3997
0.8488,0.6836,-0.6376,1.2323,0.4271,63.8613,68.66,-4.7987
-1.6813,-1.0668,-1.4719,-0.5819,0.4271,12.2778,2.8395,9.4383
-0.1264,0.3626,0.3081,0.0529,0.4271,54.6986,53.679,1.0196
-0.3535,0.4013,-0.2456,0.2097,0.4271,51.7635,48.511,3.2525
1.4095,0.2445,0.1477,0.8174,0.4271,72.3267,72.8869,-0.5602
-0.0599,1.0748,-0.8654,0.0777,0.4271,56.2568,53.5446,2.7122
-0.7515,0.2669,-1.4288,0.1117,0.4271,34.9853,32.9522,2.0331
0.4448,0.3458,-0.8886,-0.5311,0.4271,43.3884,46.3433,-2.955
0.6251,0.2798,0.416,-0.7932,0.4271,54.687,55.7487,-1.0618
1.2679,1.8658,0.3608,1.0966,0.4271,91.8392,93.1814,-1.3422
-0.5716,-1.4366,-0.6992,-0.9048,-0.8474,2.2926,-0.8701,3.1627
-0.7949,0.5821,-0.2719,0.3236,0.4271,53.8894,46.4041,7.4853
0.0398,-0.3391,0.0587,0.2543,0.4271,51.762,47.0507,4.7113
1.0717,-0.1478,0.4754,0.5375,0.4271,71.5607,65.4312,6.1295
0.0248,0.269,0.665,0.4181,0.4271,55.2201,59.5312,-4.311
1.1925,0.0623,1.0835,-0.3047,0.4271,68.002,67.9128,0.0892
0.5357,0.5949,-0.245,-0.6566,0.4271,54.7921,54.1983,0.5938
0.74,1.0953,0.2687,0.5301,0.4271,60.394,74.2138,-13.8198
0.48,-0.3888,0.1112,0.1192,0.4271,47.4213,50.6725,-3.2511
0.7713,-0.2234,0.06,-0.1684,0.4271,60.7675,53.2599,7.5076
-0.5996,-0.041,-0.2021,0.0375,0.4271,34.0813,40.0392,-5.9579
-1.421,-1.4873,-0.0844,0.3549,0.4271,11.2102,18.0869,-6.8767
0.7342,0.0618,-0.9924,0.6421,0.4271,57.2682,53.6075,3.6607
-0.1237,-0.8714,-0.0706,0.1576,0.4271,34.9142,37.646,-2.7318
-1.6313,-0.7364,0.2359,-0.7135,0.4271,13.0891,19.3155,-6.2264
-0.3105,-0.6163,-0.4897,0.8975,0.4271,48.6137,40.4321,8.1816
-1.0361,-1.146,-0.1946,-0.3737,-2.3842,-10.3113,-13.2635,2.9521
-1.0948,-0.1519,-0.1174,-1.1692,-2.3842,2.0085,-7.6491,9.6577
0.8381,-0.4557,0.2936,-0.0915,-2.3842,25.5174,20.2975,5.2199
0.3314,0.1293,-0.3642,-0.3924,0.4271,43.019,47.6928,-4.6738
-0.5989,0.0021,0.6048,-0.5974,0.4271,33.758,42.3262,-8.5682
0.1549,-0.2709,0.5501,0.0977,0.4271,46.1168,51.7433,-5.6265
-1.0592,-0.6659,0.2626,-0.829,0.4271,23.8997,25.6395,-1.7398
-0.1803,-0.2028,-0.3408,-0.7952,0.4271,27.6701,35.8572,-8.1871
-0.3491,-0.7174,0.2449,-0.2473,0.4271,32.0318,36.5762,-4.5443
0.0852,0.9152,0.3935,0.1917,0.4271,62.0244,63.7821,-1.7577
0.0148,-1.2972,0.1261,-0.2336,-2.3842,6.1902,-0.2626,6.4528
-0.3478,-1.3102,-0.408,-0.6358,0.4271,21.2059,22.2009,-0.995
0.2613,0.2505,-0.3619,0.3891,0.4271,56.908,53.7544,3.1536
1.517,-0.156,0.5152,0.6633,0.4271,69.223,71.2908,-2.0679
-0.701,-0.6535,0.3066,-0.8585,0.4271,34.4574,29.7512,4.7062
0.5363,1.0564,0.2387,-0.6294,0.4271,58.61,63.3052,-4.6952
0.6776,-0.1082,-0.2015,0.7095,0.4271,54.1439,57.6431,-3.4992
-0.7289,1.1987,-0.3704,-0.0222,0.4271,45.5247,50.8841,-5.3595
-0.092,0.1382,-0.0008,-0.2673,0.4271,51.3682,46.9231,4.4451
-0.3731,0.0909,-0.6663,-0.9786,0.4271,32.1854,33.315,-1.1296
0.1939,0.5171,0.2995,-0.5927,0.4271,55.3867,54.2943,1.0924
1.0483,-0.1857,0.4912,0.1922,0.4271,71.0041,62.4763,8.5278
-0.1621,-0.8185,0.3138,0.0965,-2.3842,0.9664,6.9633,-5.9969
0.5384,0.7934,-0.091,-0.9098,0.4271,52.3428,55.8836,-3.5408
0.2108,0.6389,-0.664,0.3984,0.4271,62.0836,55.3216,6.762
0.1257,-1.1568,-0.1255,0.1739,-2.3842,-2.8579,3.4006,-6.2585
0.3461,1.2885,-0.0475,0.3908,0.4271,72.6371,68.7669,3.8703
0.8954,1.0883,-0.6098,0.3451,0.4271,70.3235,67.7556,2.5679
-0.2948,0.717,1.0566,-0.7864,0.4271,59.1989,55.7847,3.4141
-1.5955,-0.3884,0.5174,0.5609,-2.3842,0.1645,1.2371,-1.0726
0.1552,0.7912,0.7306,0.0483,0.4271,62.3236,64.7344,-2.4109
-1.3999,-0.5912,0.6042,0.0508,0.4271,25.0834,31.5735,-6.4901
-0.2091,-0.8981,0.5409,0.5017,-2.3842,10.2743,10.1286,0.1457
0.9794,0.2801,1.039,-0.5214,0.4271,69.3662,66.2296,3.1366
-0.3882,0.1427,0.0372,0.1337,0.4271,49.0009,46.8792,2.1217
-0.1257,0.1184,-0.1103,0.4548,0.4271,44.419,50.5158,-6.0968
0.5141,-0.1886,0.3891,-0.3515,0.4271,51.1992,52.1554,-0.9562
0.351,1.138,0.29,0.7607,0.4271,75.1337,72.2946,2.8391
0.6688,0.6229,0.5488,-0.1458,-2.3842,28.1419,32.1972,-4.0554
0.1022,-1.1543,-0.2243,0.1355,-0.8474,19.9225,20.4088,-0.4864
-0.8276,-1.3767,-2.1545,0.0109,-2.3842,-17.7454,-26.0283,8.283
-0.7172,0.5738,-0.1875,0.1824,0.4271,49.9644,46.8116,3.1528
-0.1703,0.3654,-0.0595,0.7776,0.4271,65.4724,55.45,10.0224
-0.3795,0.3435,0.0303,-0.0753,0.4271,50.7579,47.7239,3.034
0.2258,1.1514,0.0441,-0.7994,0.4271,62.2651,58.3682,3.8969
-1.5069,-0.9157,0.6671,-1.1792,-2.3842,-16.3515,-14.6859,-1.6656
-1.1228,-0.1323,0.5233,-0.4216,-2.3842,-0.9524,2.3969,-3.3494
-0.4345,-1.0196,-0.0069,-0.6066,-2.3842,-8.9295,-5.571,-3.3585
1.68,1.763,-0.0109,0.8988,0.4271,89.3891,92.2056,-2.8165
-0.1078,0.2546,-0.2607,0.08,0.4271,50.0895,48.476,1.6134
0.6409,0.5148,-0.0268,-0.1611,0.4271,52.9067,59.5478,-6.6411
-0.482,-1.2181,-0.0662,-0.1529,0.4271,31.353,27.7846,3.5684
-0.1159,-0.9111,0.4041,-0.11,-0.8474,24.7778,23.9336,0.8441
-0.3342,0.7276,0.4558,-0.0931,0.4271,50.3991,55.6788,-5.2797
-1.4562,-0.6648,-0.2959,-0.667,-0.8474,2.7845,3.0869,-0.3024
-0.2975,-0.6366,-0.0077,-0.845,0.4271,27.5308,31.9402,-4.4094
0.1105,0.7465,0.4743,0.195,0.4271,56.3321,62.8002,-6.4681
0.4655,0.1092,0.4442,-0.4369,0.4271,59.0272,54.8134,4.2138
0.7018,0.5285,0.771,-0.7554,0.4271,69.4985,62.3603,7.1382
1.3586,0.7931,-0.195,0.1012,0.4271,68.652,70.8966,-2.2446
0.592,0.3731,0.1284,-0.0909,0.4271,65.071,59.1129,5.9581
-0.4661,0.5469,0.0645,-0.8666,0.4271,33.1833,43.8465,-10.6632
0.6773,0.2635,0.3669,0.5224,0.4271,69.2513,64.891,4.3604
-0.0705,0.0108,-0.0659,-0.5861,0.4271,44.3094,43.0032,1.3062
0.0137,0.3741,0.139,-0.2214,0.4271,52.6174,52.1022,0.5153
0.2875,0.7882,-0.1966,0.2361,0.4271,60.7418,60.2887,0.4532
1.3272,1.7576,0.9044,0.2932,0.4271,87.5863,91.197,-3.6108
1.2784,1.1372,0.2119,1.014,0.4271,73.6949,83.381,-9.6861
1.153,1.2978,-0.162,0.2944,0.4271,74.4769,75.9639,-1.4871
-0.0841,-0.0245,-0.3633,0.1529,0.4271,51.4525,45.3094,6.1432
1.2798,1.2834,0.2905,0.2746,0.4271,84.9834,80.5047,4.4787
0.5174,0.3325,0.31,-0.4925,0.4271,60.3762,56.4624,3.9138
-0.4493,-1.3426,0.4132,-0.7239,-2.3842,-6.2683,-6.9443,0.676
-0.7555,-0.084,-0.4252,-0.7749,0.4271,25.8058,30.5216,-4.7158
-1.3748,-0.4336,-0.1842,-0.5388,0.4271,16.6137,23.4509,-6.8371
-0.5397,1.033,0.4252,0.1099,0.4271,60.9284,58.0861,2.8424
-0.1409,-0.3953,0.4124,0.3301,0.4271,28.2275,47.7311,-19.5036
-0.1798,0.1773,0.0469,0.1812,0.4271,50.897,49.9061,0.9909
-0.5528,0.4475,0.3298,-0.711,0.4271,53.5058,44.9227,8.5831
-0.9517,0.1479,-0.8895,-0.6148,0.4271,27.9484,28.5685,-0.62
-0.6053,-0.8336,-1.1928,-0.1138,-0.8474,6.2288,7.25,-1.0212
0.1473,0.4881,-0.3634,0.6786,0.4271,65.1224,57.2049,7.9175
-0.4232,1.2742,0.4225,0.256,0.4271,57.7327,63.0421,-5.3093
-0.4473,0.2524,-0.2144,0.8758,0.4271,55.6554,50.7021,4.9533
0.3004,-0.8922,0.5517,-0.1854,0.4271,46.4824,44.36,2.1225
0.4474,-0.2515,-0.3483,0.3362,0.4271,46.9433,49.8411,-2.8978
-0.5823,-0.8084,-0.2899,0.0659,0.4271,33.132,31.1165,2.0155
-0.2083,-0.3201,-1.3039,0.1511,0.4271,36.5655,33.4058,3.1598
0.5319,0.6014,0.2286,0.2142,0.4271,62.2611,63.9259,-1.6648
0.2168,0.2754,0.3234,-0.8552,0.4271,47.3658,50.1816,-2.8158
0.0355,0.2241,0.3354,0.1556,0.4271,52.4617,54.7805,-2.3188
-0.4596,0.5777,-1.0988,0.3644,0.4271,38.3117,43.8701,-5.5584
1.2119,0.3569,0.6695,0.4583,0.4271,77.9286,73.5514,4.3772
1.1697,1.1017,-0.7172,1.0929,0.4271,76.5967,75.2172,1.3796
0.9315,0.4036,0.2771,0.0048,0.4271,59.6261,64.9017,-5.2757
1.0014,1.5509,0.5745,0.2848,0.4271,75.0172,82.7858,-7.7686
-1.4595,-1.0458,0.0602,-0.4904,-2.3842,-14.6536,-15.5226,0.869
-0.5243,-0.1416,-0.259,-0.8846,0.4271,39.2723,32.8676,6.4047
0.921,0.8409,-0.2979,-0.3697,0.4271,59.8095,62.6796,-2.8702
-0.1706,-0.404,0.3285,0.1413,0.4271,38.6291,45.3563,-6.7272
0.5305,0.4773,0.2043,0.4391,0.4271,70.8227,63.8929,6.9298
-0.1632,0.9525,-0.7137,0.2156,0.4271,53.1048,53.1882,-0.0834
1.0977,0.5162,0.8713,0.2657,0.4271,72.2697,74.3345,-2.0648
1.5431,1.1919,0.1127,1.0903,0.4271,71.5998,86.5995,-14.9996
1.4243,2.0383,0.5543,0.9783,0.4271,96.8463,97.4636,-0.6173
0.37,0.8239,0.3862,0.2609,0.4271,64.0051,66.2315,-2.2264
0.3116,0.2446,0.2595,-0.5321,0.4271,54.7918,52.6049,2.1869
-0.0431,0.4573,-0.3481,0.181,0.4271,54.3519,51.478,2.8739
1.1323,0.5664,-0.0296,0.152,0.4271,68.588,67.5469,1.041
-0.3362,0.2529,0.2619,0.066,0.4271,42.379,49.9341,-7.5551
-0.0687,0.7774,-0.186,0.5809,0.4271,71.1894,58.8307,12.3586
0.0326,-0.098,-0.4394,-0.549,0.4271,37.1545,40.2695,-3.115
0.7151,1.146,0.4791,0.2924,0.4271,69.9186,74.4853,-4.5667
-0.4572,0.8601,0.6686,-0.3769,0.4271,50.4845,55.515,-5.0305
0.747,0.8344,0.6761,-0.2418,0.4271,69.2047,69.1246,0.0801
0.8315,0.2432,0.1514,0.1462,-2.3842,34.2848,28.6431,5.6417
-0.7372,-0.6275,-1.3634,-0.5158,-2.3842,-15.0746,-14.211,-0.8636
-1.3326,-0.1377,-0.0777,-1.1095,0.4271,17.0773,24.0816,-7.0043
0.1998,0.5942,-0.3527,-0.0778,-0.8474,47.248,38.6447,8.6033
0.1684,0.4144,0.2798,-0.0548,0.4271,61.4901,56.4549,5.0352
-0.7446,0.1227,0.2478,-1.1002,-0.8474,26.5878,20.7378,5.85
-0.1114,0.3636,-0.0679,-0.6142,0.4271,46.2281,46.3226,-0.0945
-0.9432,-0.2814,0.0395,-0.2585,0.4271,31.544,33.4556,-1.9116
-0.9793,-0.1162,-0.642,0.3439,0.4271,36.6478,33.8699,2.7779
-1.7831,-1.672,-1.9132,0.1162,-2.3842,-28.7478,-36.9979,8.2501
-1.6808,-0.5752,-0.2928,0.4786,-2.3842,-17.8505,-8.5829,-9.2676
0.2447,2.0011,-0.402,1.0846,0.4271,72.7709,77.7883,-5.0174
-0.8493,0.8403,-0.7632,-0.8673,0.4271,40.2767,36.6679,3.6088
0.0149,0.0309,-0.2063,0.1083,0.4271,50.6434,47.8904,2.753
-0.6613,-0.1153,0.5029,0.389,0.4271,48.6527,46.4096,2.2431
1.3711,0.7213,0.4247,0.2958,0.4271,85.6164,76.3424,9.274
0.9355,1.2369,-0.2648,-0.1757,0.4271,69.3738,68.8907,0.4831
-0.4275,-0.3992,-1.4759,0.089,-0.8474,13.64,13.2721,0.3679
1.2618,1.2657,-0.7538,0.8579,0.4271,79.0979,76.1332,2.9647
-1.7771,0.4612,0.2498,-0.026,0.4271,38.4642,36.105,2.3592
-0.1275,-0.2783,0.4062,-0.457,0.4271,47.9327,43.6712,4.2616
-0.4956,0.471,-0.13,-0.0359,0.4271,51.8375,46.9547,4.8827
-1.3973,-0.4081,0.4341,-0.0485,-0.8474,12.3978,16.5193,-4.1214
-0.2323,-0.7764,-0.3788,0.3338,-0.8474,17.0698,21.2628,-4.193
-0.0602,0.0282,-0.3379,0.1869,0.4271,37.4644,46.5887,-9.1243
-0.044,-0.3433,0.1371,-0.1462,0.4271,48.7275,43.925,4.8025
0.2811,-1.0115,0.317,0.1051,0.4271,39.035,43.0241,-3.9891
-0.3092,0.7947,0.3273,-0.2283,0.4271,64.1058,54.7722,9.3337
-1.4936,-1.137,-0.2634,-0.1679,-0.8474,-5.6703,1.0951,-6.7654
-0.3348,-0.1502,0.1442,0.53,0.4271,47.877,47.7362,0.1407
-0.0888,-1.0748,0.4365,0.2785,-0.8474,20.815,25.3331,-4.5181
-0.7284,-0.3879,0.5999,-0.0212,0.4271,45.1108,40.5196,4.5912
-1.0834,-0.2622,-0.8983,0.3064,0.4271,35.6838,28.8814,6.8023
-0.0691,0.0083,-0.3453,-0.8949,0.4271,48.9525,38.6943,10.2582
-0.48,-0.5721,0.2737,0.3227,0.4271,37.5727,40.9912,-3.4185
0.3993,-0.5536,1.0534,0.6969,0.4271,56.8419,59.22,-2.3781
1.0448,0.4018,1.0539,0.3885,0.4271,80.9342,74.7394,6.1949
0.5928,-0.5583,0.8485,-0.4425,0.4271,51.3118,51.7438,-0.432
-0.9329,-0.9119,0.2623,-1.0274,-2.3842,-5.2169,-10.5532,5.3362
-0.2796,-0.4219,-1.3849,0.6079,0.4271,39.285,34.0494,5.2357
-1.0,-1.1834,0.6304,0.2966,-2.3842,-5.2163,-2.2905,-2.9258
-1.3427,0.075,0.4188,-0.6936,0.4271,26.3547,33.0764,-6.7217
0.306,-0.7552,-0.1759,1.2226,-2.3842,21.1853,16.7498,4.4356
-0.2755,-0.6297,-0.196,0.1589,-0.8474,18.713,22.6413,-3.9284
0.0333,-0.6059,0.0052,0.0381,0.4271,31.7028,42.0673,-10.3645
-0.8167,-0.1979,-0.1055,0.4432,0.4271,38.7743,39.5124,-0.7382
-1.0428,-0.2016,-0.4828,-0.0847,0.4271,31.8975,30.4759,1.4216
0.3579,0.7423,-0.0399,0.0052,0.4271,61.3527,60.1294,1.2233
-1.2229,-0.3422,0.3706,-0.6724,0.4271,23.9435,29.4458,-5.5023
0.0221,0.1371,0.3423,-0.0067,0.4271,45.0592,52.5836,-7.5244
-0.3935,0.0994,0.0407,0.7704,0.4271,49.3919,50.7877,-1.3958
-0.5662,0.5591,0.3077,-0.1791,0.4271,49.0718,49.5616,-0.4898
-0.0585,-0.6319,0.2347,-0.4913,0.4271,42.8866,38.8757,4.0109
-0.4201,0.4928,-0.0502,0.3789,0.4271,56.3142,51.5061,4.8081
-0.2492,0.3912,0.2758,-0.0071,0.4271,47.3437,52.0194,-4.6756
-0.5825,0.0809,0.0484,-0.2869,0.4271,44.115,41.2649,2.8501
-0.0625,0.8425,-0.2559,-0.7451,0.4271,52.5555,49.8741,2.6813
-1.0868,-0.2605,-0.0092,-0.3,0.4271,34.2967,31.4897,2.807
-0.3286,-1.2452,0.0587,-0.8904,-0.8474,9.3466,9.8176,-0.471
-0.032,-0.7134,0.1645,0.2117,-0.8474,29.4146,27.4483,1.9664
-0.33,0.3306,-0.3771,0.3595,0.4271,47.6798,47.9981,-0.3183
-0.3897,-0.0985,-0.3637,-0.4183,0.4271,31.8982,37.2303,-5.3321
-0.4103,-0.89,-0.1907,0.4703,-2.3842,11.3827,2.2172,9.1655
-0.2545,0.2097,-0.0661,-0.1185,0.4271,49.9724,46.5165,3.4559
-0.642,-0.4541,-0.2764,-0.3401,-2.3842,-0.6255,-1.6549,1.0294
0.0239,0.2583,0.2537,-0.1612,-0.8474,38.7705,37.0694,1.7012
-0.5216,0.4767,-0.0335,1.1986,0.4271,55.8724,56.0633,-0.1909
-0.0732,-0.27,-0.0498,-0.2291,-0.8474,21.9044,27.2802,-5.3758
0.3046,-0.3187,0.0032,-0.0501,0.4271,52.8937,47.5745,5.3191
0.6294,0.1465,0.1815,0.1031,0.4271,54.7766,58.7228,-3.9462
0.7437,0.578,-0.6139,0.5118,0.4271,57.5885,61.5201,-3.9317
-0.4402,-0.117,-1.0713,-0.3037,0.4271,38.4718,31.833,6.6388
0.6462,0.4079,0.2699,-0.5045,0.4271,63.0052,58.2974,4.7077
0.2656,-0.0449,0.7063,0.7194,0.4271,72.2955,60.9934,11.302
-0.608,-0.5036,-0.2766,0.1526,0.4271,39.6197,34.9748,4.645
0.1445,-0.4318,1.0429,0.0819,0.4271,58.803,53.5033,5.2997
-0.4407,-1.0122,0.1204,-0.1079,0.4271,28.2162,32.2908,-4.0746
-0.4462,0.0266,-0.6588,0.0202,0.4271,32.7864,38.8089,-6.0226
1.9283,0.9011,0.2537,0.9179,0.4271,79.0489,87.3428,-8.2939
-1.0171,-0.969,-0.8015,-0.5554,-0.8474,-2.48,1.2573,-3.7373
0.9968,0.5849,0.1153,-0.2499,0.4271,66.2144,64.6252,1.5891
-0.7303,-0.083,-0.5092,-0.5849,0.4271,33.5124,31.4776,2.0348
-0.4808,-0.0344,-0.7474,-0.1824,0.4271,30.2699,35.6619,-5.392
0.6541,0.1881,-0.0679,0.7626,0.4271,60.5353,62.1188,-1.5836
-0.7727,0.2616,0.422,0.3178,0.4271,52.1182,48.3363,3.7819
-1.6479,-1.5055,-0.3622,-0.1798,-2.3842,-19.0775,-23.8016,4.7242
-0.6157,0.2184,-0.1155,0.3855,0.4271,52.0326,45.8674,6.1651
0.1752,-0.9542,-0.5499,0.0676,-0.8474,18.6585,20.4637,-1.8051
0.8741,0.4399,0.6498,-0.1452,0.4271,71.6514,66.5196,5.1318
-1.5149,-1.2989,-0.7504,-1.0591,-2.3842,-28.2052,-29.1531,0.948
-1.3835,-0.9576,0.0537,-0.4524,-2.3842,-12.7889,-13.5038,0.7149
0.1846,-0.2312,0.0308,-0.5838,-2.3842,8.1025,10.3755,-2.273
-0.4742,0.2097,0.08,0.1404,0.4271,50.2974,47.0871,3.2103
0.6431,-0.3238,-0.449,-0.1632,-1.1097,26.2187,28.621,-2.4022
-0.2196,0.0424,-0.4105,0.0618,0.4271,49.3069,43.6135,5.6934
-0.8342,-0.5617,0.7615,0.2447,-0.8474,15.7228,25.3834,-9.6606
-1.7553,-1.8033,-0.9652,-0.4407,-0.8474,-17.5427,-16.4955,-1.0472
0.0904,0.2609,-0.2959,-0.4444,0.4271,45.4763,46.7548,-1.2785
0.7965,1.0356,0.3827,0.0078,0.4271,72.9877,71.3956,1.5921
-0.9189,-1.1766,-1.0143,0.2388,-0.8474,2.2292,3.8587,-1.6295
0.572,0.1099,0.3977,0.2875,0.4271,46.5401,60.6392,-14.0991
0.3246,0.3874,0.8935,-0.5428,0.4271,59.0888,59.1538,-0.0649
-1.1682,-0.7015,-0.3503,-0.2007,-2.3842,-6.2741,-9.6757,3.4016
0.4879,-0.467,0.1325,-0.2447,0.4271,48.0324,47.5127,0.5197
-1.6581,-0.1991,-0.2688,-0.0386,-0.8474,6.3598,10.7374,-4.3776
0.0343,-0.0164,-0.3577,0.2613,0.4271,47.3815,47.4655,-0.0839
-0.7112,-0.2079,-0.7855,0.2925,0.4271,32.9559,34.2505,-1.2946
0.1792,-0.3247,0.913,-0.1364,0.4271,61.9577,52.5623,9.3954
0.7176,0.5698,-0.3598,0.047,0.4271,60.2295,59.8718,0.3577
0.7187,-0.3742,-0.8004,0.3145,0.4271,31.1018,47.7388,-16.637
-1.4449,-0.4094,-0.8371,-0.5027,-0.8474,8.3756,3.0577,5.3179
-0.5554,-0.8204,-0.6362,0.1892,-0.8474,16.0051,14.3217,1.6834
-0.3996,0.2441,-0.1898,-0.2692,0.4271,34.0307,43.3504,-9.3197
1.1733,0.3573,-0.2508,0.2954,0.4271,65.1627,64.9297,0.233
-0.4122,-0.7516,-0.0443,-1.0116,0.4271,27.6054,27.9783,-0.373
-0.1224,-0.7266,0.528,0.0058,0.4271,37.1599,42.8394,-5.6795
-1.5134,-0.5929,-0.4895,-0.7696,-1.1097,-13.331,-2.0364,-11.2947
0.105,0.1342,-0.7398,-0.5208,0.4271,41.1132,41.5402,-0.427
0.9953,1.4109,0.1884,0.0449,0.4271,72.9811,76.508,-3.5269
-0.1076,-0.5406,-0.3838,-1.2207,-2.3842,-8.97,-3.8506,-5.1194
-0.8644,0.469,-0.4506,-0.1517,-0.8474,16.4097,24.5691,-8.1595
-0.9489,-0.3999,-0.7246,-1.0841,-2.3842,-19.7389,-12.9544,-6.7845
0.1762,0.8641,-0.1322,-0.4609,0.4271,59.4451,55.6016,3.8435
1.0961,0.5159,-0.0863,-0.6704,0.4271,62.124,60.439,1.6849
1.2148,1.0746,0.4498,0.8648,0.4271,82.9405,82.7888,0.1517
1.1194,-0.322,0.0967,0.2375,0.4271,54.6015,58.9852,-4.3837
0.4349,0.6562,0.2328,0.0748,0.4271,56.6399,62.5679,-5.928
0.2953,-0.2041,0.0697,0.1429,0.4271,53.209,50.6161,2.5929
-0.7707,0.673,-0.5195,0.1149,0.4271,37.0251,44.3306,-7.3055
-0.6606,1.2067,-1.5309,0.5203,0.4271,54.6867,46.5477,8.1391
-0.2495,-0.5559,0.3797,-0.3514,0.4271,50.8429,39.7735,11.0694
0.2279,0.2073,-0.1024,-0.9937,0.4271,50.0005,45.2957,4.7048
-0.7197,-0.8417,0.3452,0.1233,0.4271,32.8749,34.555,-1.6801
-0.5815,-1.017,-0.331,-0.3733,0.4271,25.9518,25.4106,0.5412
0.2687,-0.1083,-0.6546,0.1351,-0.8474,34.9065,30.6406,4.2659
-0.7221,0.0661,0.3646,0.0757,0.4271,46.1581,44.5571,1.601
-0.0676,0.9324,0.6475,0.342,0.4271,61.8503,65.337,-3.4866
0.1645,0.2116,0.577,0.0608,0.4271,51.6499,57.2209,-5.5709
0.9872,0.3946,0.2605,-0.9156,0.4271,56.52,58.8714,-2.3514
-0.0371,0.1142,-0.1016,0.5048,0.4271,58.1443,51.832,6.3122
-0.1962,-0.6462,0.6824,-0.5087,-0.8474,28.0823,25.4226,2.6597
-0.8948,-0.8721,0.077,0.0085,0.4271,26.132,29.4766,-3.3446
0.0203,0.9776,0.0316,0.4104,0.4271,67.0206,62.5251,4.4954
0.6179,0.2501,-0.2573,-0.0774,0.4271,59.4512,55.1327,4.3185
-0.5429,-0.1007,-0.1636,-0.3413,0.4271,42.5873,37.6385,4.9488
0.2779,0.4014,-0.3021,-0.1395,0.4271,56.0383,52.4148,3.6234
-0.3249,-0.0264,0.617,-0.4192,0.4271,48.2952,46.2733,2.0219
-0.8346,-0.8846,0.5458,-0.1898,-2.3842,-4.9518,-1.1909,-3.7609
1.0521,0.9996,0.043,0.3428,0.4271,71.3262,73.4442,-2.118
0.0584,-0.4441,-0.373,-0.1385,0.4271,45.7329,40.0168,5.7161
1.0437,0.5951,-0.0388,0.3174,0.4271,72.2061,67.9999,4.2062
0.1092,-0.3028,-0.4246,-0.0339,-0.8474,24.4544,27.3407,-2.8863
0.6286,-0.3104,-0.2268,0.0526,0.4271,51.1174,50.0828,1.0346
-0.5444,0.903,-0.8027,-0.8475,0.4271,42.9328,40.4731,2.4598
-0.272,-0.7144,-0.1274,0.1494,0.4271,34.6867,37.3298,-2.6432
-0.5565,-0.8608,-0.4752,-0.4833,-2.3842,-6.8574,-7.8381,0.9806
-0.5392,-0.7543,0.3732,0.3732,0.4271,30.251,39.4256,-9.1747
0.3033,-0.3663,0.5208,-0.3432,0.4271,49.45,48.9703,0.4797
0.6267,1.0869,0.8272,0.2162,0.4271,75.0436,75.0211,0.0225
-0.5989,0.5169,0.3275,0.2245,0.4271,55.3524,51.6935,3.6588
0.5679,-1.0232,-0.4252,-0.5387,0.4271,36.3161,35.7816,0.5344
-0.5616,-1.4049,0.0247,-0.3446,-2.3842,-4.4802,-9.2011,4.7209
-1.5127,-0.2831,0.5617,0.0394,0.4271,39.3423,33.423,5.9193
-0.3131,-0.9459,0.318,0.0917,0.4271,36.9541,37.3108,-0.3568
0.5412,-0.4239,0.7228,0.4553,0.4271,63.7101,57.9754,5.7347
0.3753,-0.428,0.0316,-0.0674,-2.3842,8.2721,13.8015,-5.5295
-1.4058,0.1889,0.4742,-0.4432,0.4271,26.5542,35.8481,-9.294
0.8236,0.82,0.2572,0.1127,0.4271,61.7844,69.025,-7.2406
-0.1043,-1.2551,-0.1692,-0.2068,-0.8474,15.0408,15.1063,-0.0656
-0.4846,-0.6035,0.5737,0.0931,-1.1097,14.1589,23.0442,-8.8853
0.6475,-0.1491,-0.4286,-0.5098,0.4271,59.5158,46.638,12.8778
-0.1418,0.5593,-0.2971,0.2863,0.4271,45.4405,52.6931,-7.2526
-0.4871,0.5146,-0.4548,-1.2219,0.4271,41.8067,36.7942,5.0124
1.3633,1.2577,-0.8263,1.0956,0.4271,73.4857,78.2254,-4.7397
0.3487,-0.2831,-0.785,-0.7232,0.4271,33.5363,37.7042,-4.1679
0.482,0.4078,0.2673,0.0638,0.4271,67.8916,60.4675,7.4241
0.745,0.3719,0.6893,-0.2898,0.4271,63.9607,63.6701,0.2906
0.8599,1.1339,0.127,0.6668,0.4271,74.2979,75.7942,-1.4963
-0.0648,0.4215,-0.7886,-0.4983,0.4271,41.2788,42.7329,-1.4541
-1.6468,-0.5763,0.1296,0.0482,0.4271,26.1126,25.4251,0.6875
0.9461,0.5214,0.4874,0.0064,0.4271,68.6209,68.0116,0.6093
0.2897,0.6447,-0.0638,0.1044,0.4271,62.8412,58.8063,4.0349
-0.4383,-0.4296,-0.1199,0.3968,-0.8474,21.5753,25.386,-3.8107
-1.6252,-0.9268,-1.1636,0.0706,0.4271,10.0511,11.9227,-1.8716
-1.5745,-0.5404,-0.0859,-0.1446,0.4271,13.6202,23.6064,-9.9862
-0.2363,0.2301,0.6765,-0.3227,0.4271,58.7825,51.2356,7.5469
-0.7353,-0.4599,-2.0391,0.015,-0.8474,-0.1704,4.4443,-4.6148
1.733,1.6593,0.6647,0.7336,0.4271,95.035,95.657,-0.622
-1.7094,-1.6075,-0.5857,-0.4768,0.4271,-2.7407,4.0065,-6.7472
-0.3976,-0.0052,0.3135,-0.006,0.4271,51.4575,46.2698,5.1877
-0.4635,0.0313,0.005,0.0921,0.4271,51.8775,44.2829,7.5945
-1.0212,-1.1689,-0.1258,-0.934,-2.3842,-18.14,-16.7258,-1.4143
1.1192,0.4827,0.2243,0.0875,0.4271,65.4665,67.9703,-2.5038
-0.3232,0.0163,0.5973,-0.3169,0.4271,49.9522,47.3318,2.6205
1.4788,1.2265,0.4683,-0.0576,0.4271,84.3001,81.0571,3.243
-1.2383,-1.2447,-0.3311,-1.0339,-2.3842,-27.8215,-22.1788,-5.6427
-0.4492,-0.7179,0.5166,-0.1829,0.4271,36.7671,38.0361,-1.269
0.6395,0.5707,0.8559,-0.4561,0.4271,64.6674,64.9018,-0.2345
0.6036,0.1007,-0.5368,0.2132,0.4271,51.1364,53.1695,-2.0331
0.66,0.1956,-0.0464,0.0902,0.4271,66.9306,57.7581,9.1725
0.664,0.1425,0.1833,-0.1784,0.4271,52.7924,57.1057,-4.3133
-0.4447,0.0926,0.6295,0.2671,0.4271,53.4261,51.1943,2.2318
-0.0873,0.8656,0.2988,-0.1064,0.4271,54.5566,58.5747,-4.0181
-0.183,0.3803,0.4519,0.4013,0.4271,56.1392,56.8001,-0.6609
-0.1652,-0.7901,0.5209,0.3918,0.4271,47.8916,44.2942,3.5975
1.3912,0.8169,0.4353,0.5369,0.4271,77.9439,79.3894,-1.4456
-0.2113,0.1824,0.9175,-0.0089,0.4271,61.5538,55.0009,6.5529
0.545,0.0743,0.279,0.4373,0.4271,58.3129,60.0785,-1.7656
-0.7451,-0.6175,-0.5964,0.0058,-2.3842,-8.3849,-4.6557,-3.7292
0.1925,1.2807,0.7605,0.1925,0.4271,69.1072,71.8712,-2.764
1.1694,0.2381,0.5837,-0.0659,0.4271,72.2706,67.4571,4.8135
1.0666,0.7235,-0.1499,0.7393,0.4271,73.1321,71.7664,1.3657
0.2219,-0.3688,-0.383,-0.6342,0.4271,29.8303,39.0937,-9.2633
-0.4157,-1.3389,0.5687,-0.0445,-2.3842,-6.2781,-0.6259,-5.6522
-0.9041,0.1213,0.4475,-0.2448,0.4271,37.2763,41.6372,-4.3609
-1.5112,-1.534,0.2479,-0.1471,-2.3842,-17.3675,-17.7374,0.3699
0.04,-0.3415,-0.2558,0.8098,-2.3842,19.6047,15.0671,4.5376
0.2968,-1.1093,0.5842,-0.3812,0.4271,36.4658,40.7688,-4.303
1.1355,0.9253,0.0995,0.088,0.4271,71.1499,72.1649,-1.015
0.9212,0.5817,-0.2962,0.8965,0.4271,61.4425,68.5817,-7.1393
-0.7644,-0.9892,-0.3257,-0.2551,-0.8474,10.5331,9.4848,1.0483
0.4811,-0.6605,-0.5913,0.1895,0.4271,36.2265,42.7128,-6.4864
0.4405,-0.2268,0.1442,0.1094,0.4271,53.8668,52.2562,1.6107
-1.655,-0.5852,0.2366,0.2561,0.4271,31.9871,27.5065,4.4806
-0.8562,-0.901,-0.3553,-0.4659,-2.3842,-18.8738,-10.4573,-8.4165
0.9325,1.094,-1.3839,0.2038,0.4271,67.1232,61.281,5.8422
-1.3956,0.2227,0.145,-0.9331,0.4271,26.319,30.399,-4.0799
0.0974,-0.8782,0.4101,0.27,-0.8474,29.2611,29.2771,-0.016
1.1173,1.0142,0.8753,0.3497,0.4271,79.6989,80.7576,-1.0587
0.8536,1.0537,0.6633,0.3972,0.4271,79.1815,77.0764,2.1051
-1.3163,0.8052,0.246,-0.9519,0.4271,35.8952,38.4456,-2.5505
0.4117,0.5812,0.7231,0.1881,0.4271,70.7651,66.0348,4.7303
-1.4391,-0.3079,-0.4746,0.0208,0.4271,32.9604,25.8309,7.1296
0.1439,0.1587,-0.0954,-0.0144,0.4271,55.9825,50.7106,5.2719
-0.2005,-1.0422,0.3207,-0.6502,0.4271,40.0619,32.2989,7.763
-0.072,0.2186,0.0971,0.1242,0.4271,54.8353,51.5148,3.3205
-0.695,-0.2732,-1.4096,-0.235,-2.3842,-0.2673,-8.1785,7.9112
0.5251,0.1851,0.0809,-0.0591,0.4271,70.8816,56.1362,14.7453
-0.2084,-0.4114,0.0738,0.1873,0.4271,40.5013,43.2292,-2.728
-0.295,-1.3772,0.2929,0.1611,-0.8474,8.3843,17.8031,-9.4188
0.1419,0.1296,0.6467,0.44,0.4271,70.6779,59.2299,11.4479
0.3287,-0.9258,-0.0639,0.499,0.4271,50.3838,44.3068,6.077
-0.6053,-0.1725,0.4523,0.2113,0.4271,41.8782,44.7416,-2.8634
-0.66,0.4099,-0.6849,0.3005,0.4271,41.4791,42.5754,-1.0964
-1.5423,-0.4238,-0.2353,-0.1082,-0.8474,7.8366,9.2241,-1.3875
0.9496,0.1592,-0.7302,0.7955,0.4271,47.7686,60.0935,-12.325
-1.4527,0.2179,-0.9647,-0.1543,0.4271,19.0089,26.6101,-7.6012
-0.5967,0.722,-1.4877,-0.0131,0.4271,36.1593,38.4067,-2.2475
-0.8259,-1.2257,-1.1224,0.1148,0.4271,15.0278,17.75,-2.7221
0.9632,0.7,0.0054,0.3392,0.4271,65.1181,68.8089,-3.6908
0.4598,0.0059,-0.2198,0.2844,0.4271,55.9111,53.4968,2.4142
0.6574,0.5327,0.2565,0.209,0.4271,64.6884,64.6777,0.0107
-1.4542,-1.0369,0.4717,-0.6767,0.4271,20.061,19.9034,0.1576
-0.5594,-0.5137,-0.4933,0.2382,0.4271,35.2065,34.3093,0.8973
-0.5088,-0.9312,-1.2973,0.1986,0.4271,27.6643,23.6953,3.969
-0.4982,0.328,-0.8891,0.1851,0.4271,45.2411,41.0156,4.2255
1.6821,0.3696,0.5677,0.7716,0.4271,80.9464,80.1273,0.8192
0.3079,-0.621,0.9002,0.2035,-2.3842,18.3606,19.4752,-1.1146
-1.1915,-0.6222,0.1067,-0.1726,-2.3842,3.4476,-5.3224,8.77
-0.9846,-0.0121,-0.5536,-0.5436,0.4271,24.0448,29.4955,-5.4507
0.4825,-0.0248,-0.0569,-0.1312,0.4271,42.6316,51.7588,-9.1273
-0.8403,-0.2901,1.0835,-0.2883,0.4271,44.5734,42.2849,2.2885
-0.7982,-0.5898,0.054,0.2212,0.4271,35.8204,34.9875,0.8329
-0.6088,-0.9174,-1.0898,0.1362,0.4271,28.9183,23.9424,4.9758
-0.6323,0.154,0.476,-0.0594,0.4271,50.6559,46.4259,4.2299
1.2388,0.676,0.2289,-0.0011,0.4271,73.0857,70.8458,2.2399
0.333,0.006,-0.0563,0.4544,0.4271,65.0079,54.5777,10.4302
-0.2451,-0.0614,0.6038,0.4674,0.4271,40.835,52.7966,-11.9616
-0.0656,-0.2061,-1.6009,0.1557,0.4271,32.8882,33.9635,-1.0753
0.8357,0.8103,0.4772,0.9462,0.4271,77.6984,76.5307,1.1677
-0.8806,-1.0739,0.1375,0.0925,0.4271,25.3514,28.4082,-3.0568
-1.2251,-1.2471,0.2719,0.3302,-2.3842,-12.8649,-7.9429,-4.9219
-0.432,-0.8701,0.0119,-0.43,0.4271,31.0236,30.9078,0.1158
0.2047,0.9782,-1.7224,-0.62,0.4271,58.4392,43.8491,14.5902
0.8376,0.1522,0.5582,-0.2329,-2.3842,26.0632,28.1794,-2.1162
-0.3858,0.0818,-0.2207,-0.3964,0.4271,36.6089,40.5507,-3.9418
0.3064,-0.758,-0.4642,0.0548,0.4271,33.3775,39.7867,-6.4092
-0.7356,-0.5573,0.1361,-0.3938,0.4271,31.8141,32.3798,-0.5657
-0.5859,-0.0205,-1.2394,0.183,0.4271,34.5326,33.4471,1.0855
-0.5557,0.6259,0.055,-0.3855,0.4271,47.3433,47.0464,0.2969
1.2911,0.3737,0.1586,0.7716,0.4271,67.427,72.8363,-5.4093
-0.1811,0.339,0.6014,0.521,0.4271,65.3527,58.3385,7.0142
0.9808,1.5493,0.5887,0.2545,0.4271,82.3258,82.4455,-0.1197
0.4157,0.5118,0.2304,-0.1235,0.4271,60.5888,59.3413,1.2475
0.2568,-0.2121,0.5224,-0.4207,0.4271,41.3204,49.6791,-8.3587
-1.4904,-1.5865,-0.9641,-0.6175,-2.3842,-29.9948,-30.6988,0.7039
-0.4005,0.9989,0.1707,-0.3732,0.4271,57.9451,53.8783,4.0668
0.5247,0.8663,0.9479,0.9997,0.4271,72.9917,77.8227,-4.831
-0.2024,0.0139,-0.6336,0.0246,0.4271,46.6747,41.5025,5.1722
0.5208,0.2679,0.56,-0.1218,0.4271,63.3959,60.2724,3.1235
0.4545,0.0293,0.5515,-0.1302,0.4271,66.4809,56.755,9.7259
-1.5536,-1.2587,-0.9839,-1.0006,-2.3842,-29.3769,-30.5048,1.1279
-1.117,-0.3296,-0.2119,-0.013,0.4271,14.6411,30.8243,-16.1832
-0.2021,-1.1155,-0.4775,0.0814,0.4271,30.1143,30.4018,-0.2875
-0.5524,-0.1657,0.1609,-0.3653,0.4271,41.7717,39.1346,2.6371
0.1567,0.466,0.0636,0.5635,0.4271,65.4007,59.5435,5.8573
1.3253,0.8619,0.0362,1.2218,0.4271,93.7714,80.881,12.8904
0.5107,0.157,0.3606,-0.7988,-2.3842,30.6018,19.2775,11.3243
0.5915,0.3112,-0.7749,0.5589,-0.8474,28.741,40.8368,-12.0958
-0.1994,-0.6822,0.5497,-0.9343,-2.3842,0.0593,2.7458,-2.6864
-0.3529,-0.0955,-0.1316,-0.6406,-0.8474,20.102,22.7563,-2.6543
1.2972,0.9888,0.3245,0.7461,0.4271,79.1761,80.9173,-1.7413
1.636,1.3736,0.0663,1.1217,0.4271,84.2798,89.4974,-5.2176
-1.4608,-1.1468,0.1461,-0.2203,-2.3842,-16.9492,-14.1351,-2.814
0.8151,0.2158,0.2534,0.103,0.4271,62.8893,62.044,0.8453
0.2695,-0.7745,0.0447,0.0423,0.4271,39.1375,43.0337,-3.8962
0.2913,-0.6386,0.5746,-0.4469,0.4271,45.3225,45.4721,-0.1496
-0.3964,0.6457,0.1668,0.216,0.4271,57.9162,54.0164,3.8998
0.4319,0.5221,0.3381,-0.0295,0.4271,59.3194,61.1127,-1.7932
1.2986,0.8624,0.4525,0.4601,0.4271,83.3712,78.5081,4.863
-0.371,0.5699,0.4566,0.4253,0.4271,55.5307,57.1197,-1.589
0.4585,0.5624,0.5228,0.1791,0.4271,67.7818,64.7208,3.061
-1.5452,-0.2249,0.4018,0.3892,-0.8474,15.8683,19.7893,-3.921
-0.664,-0.5072,-0.6581,-0.2408,-0.8474,12.8215,13.5224,-0.7009
1.1392,0.3073,0.8934,0.4923,0.4271,74.1825,74.1743,0.0082
1.3215,1.3491,0.4055,-0.1141,0.4271,79.582,79.8729,-0.2908
0.5819,1.1078,0.1275,0.1726,0.4271,72.4434,69.0901,3.3533
-0.103,0.4626,0.5074,-0.3521,0.4271,66.7349,53.772,12.9629
-0.6994,-1.5512,-0.0038,0.1317,0.4271,22.2737,24.168,-1.8943
-0.6057,0.2351,0.0088,-0.1385,0.4271,50.6178,43.4779,7.1399
0.7473,-0.4172,0.2966,0.3611,0.4271,61.9372,56.325,5.6122
0.7897,-0.0388,-0.5303,-0.7457,0.4271,50.4531,46.9798,3.4733
-1.5227,-0.6636,-0.2228,-0.4603,-2.3842,-10.4573,-13.8702,3.4129
-0.4745,-0.8646,-0.5158,0.6168,-2.3842,13.8916,0.3317,13.5599
0.3714,-0.5789,-0.0594,0.446,0.4271,51.7157,48.3307,3.385
0.0082,-0.0573,-0.398,0.2606,0.4271,47.1463,46.4103,0.736
0.966,0.9251,0.4646,0.3272,0.4271,62.9657,74.8182,-11.8525
0.2107,-0.0392,0.1498,-0.0542,0.4271,48.0251,50.8119,-2.7868
1.003,0.2922,0.8465,0.0962,0.4271,63.5058,69.4307,-5.925
-0.8481,-1.223,-0.2288,-0.8646,-2.3842,-13.1665,-15.7908,2.6243
0.7892,-0.8011,-0.3907,-0.3914,-2.3842,14.0947,8.5395,5.5552
1.0797,0.518,0.1098,0.4129,0.4271,62.0196,69.3254,-7.3058
-1.624,-0.5072,-0.5738,0.0713,-2.3842,-14.5838,-12.2025,-2.3814
0.5151,1.2211,0.3332,-0.2861,0.4271,62.8457,68.0428,-5.1971
-1.8421,-1.1309,0.1296,0.3692,-2.3842,-9.6841,-14.0703,4.3862
-0.763,0.7336,-0.6135,0.3148,0.4271,53.4771,45.7598,7.7173
0.9336,0.5109,0.7836,-0.3319,0.4271,71.835,67.6875,4.1475
0.0526,1.0201,0.6453,0.2519,0.4271,58.3565,66.9683,-8.6118
0.0992,-0.8061,-0.0379,0.5326,0.4271,40.4204,43.6261,-3.2057
-0.6581,0.3044,-0.3928,0.118,0.4271,43.0796,42.3885,0.6911
-0.9359,0.0468,0.6761,0.0265,0.4271,54.0566,44.1029,9.9537
-0.2745,0.8332,0.1374,-0.1285,0.4271,51.5717,54.811,-3.2393
0.5267,0.7598,-0.9139,0.3801,0.4271,66.7952,58.0162,8.779
0.8139,-0.4916,0.7178,0.0258,0.4271,44.6197,57.1113,-12.4916
-1.056,-0.4527,0.3991,-0.1364,-2.3842,6.2312,0.5365,5.6946
1.1193,0.4645,0.6806,0.4565,0.4271,83.2299,73.8421,9.3878
0.1194,0.9009,-0.6912,0.5461,0.4271,56.8259,58.1053,-1.2794
1.2053,-0.9056,0.0204,0.2204,-2.3842,18.4427,19.2381,-0.7954
1.2764,0.797,0.2154,1.1495,0.4271,70.0684,80.502,-10.4335
-0.7401,0.1512,0.3226,0.2078,0.4271,34.4322,45.9153,-11.4831
-0.542,0.9213,-0.3747,-0.1315,0.4271,57.245,48.9741,8.2709
0.9615,1.471,0.4326,0.9732,0.4271,77.1443,85.1535,-8.0092
0.0274,-0.2335,-1.0058,-0.4472,0.4271,25.9865,35.0396,-9.0531
-0.0943,0.5196,-0.2099,-0.1219,0.4271,49.9727,50.5889,-0.6162
-0.3656,-1.1615,0.2532,-0.4708,0.4271,32.5219,29.9167,2.6052
0.3532,0.169,0.5797,0.1401,0.4271,67.2124,59.3367,7.8758
0.1559,0.8554,-0.8078,0.9091,0.4271,62.4539,59.6123,2.8416
0.3253,1.3249,-1.4146,0.3091,0.4271,67.8278,57.8663,9.9615
-0.2839,0.1291,0.1952,0.431,0.4271,40.6784,51.1258,-10.4475
0.2152,0.9671,0.7589,-0.4936,0.4271,64.05,63.8059,0.244
-1.6647,-0.917,0.4782,0.044,-0.8474,12.5287,8.9147,3.614
-1.1818,-0.6102,-0.9401,-0.7239,-2.3842,-8.1825,-16.9685,8.786
-0.4579,-0.5437,-1.0671,-0.7369,0.4271,29.6767,23.8671,5.8096
-0.3797,0.697,0.1841,0.3741,0.4271,53.5815,56.0045,-2.4229
-0.7106,-0.2223,-0.5409,0.188,0.4271,27.6904,35.2504,-7.5599
-0.5636,0.5812,0.618,0.2202,0.4271,51.2286,55.0,-3.7714
-0.1593,-1.0348,-0.2411,0.0481,-2.3842,1.5815,-0.044,1.6255
-0.4495,0.5264,0.4591,0.4877,0.4271,56.6775,56.2437,0.4339
0.8855,0.2229,0.2144,-0.1979,0.4271,58.8044,60.4843,-1.6799
-0.1357,0.9417,0.784,0.4683,0.4271,69.4939,66.6399,2.854
0.743,-0.3489,0.6911,0.4462,0.4271,61.7427,60.6737,1.069
-1.5588,-1.0744,0.3757,-0.3721,-2.3842,-13.9922,-13.6594,-0.3328
-0.3544,-1.4106,-0.2444,-0.6112,-2.3842,-5.1946,-10.9683,5.7737
-0.1556,-0.1672,0.1335,-0.3555,0.4271,48.4715,43.2259,5.2456
1.0966,0.0911,0.5818,-0.2494,0.4271,68.0834,63.7331,4.3503
0.0481,0.185,-0.1585,-0.4208,0.4271,51.2217,46.6688,4.5529
-0.5511,-0.8187,-0.9175,-0.1969,0.4271,23.5017,24.6807,-1.179
0.352,-0.4815,0.2982,0.3111,-2.3842,23.5025,17.6324,5.8701
-0.4813,0.013,-1.004,-0.1837,0.4271,29.9198,34.2069,-4.2871
-1.7114,-1.2448,-1.2006,-1.3114,0.4271,-4.8473,-2.4677,-2.3795
-0.781,-0.968,-1.0751,-0.7296,0.4271,9.1473,15.6232,-6.4759
-0.2303,-0.1005,0.7529,0.2574,-0.8474,32.1821,37.061,-4.8789
0.2901,-0.4499,0.682,0.1624,0.4271,51.3486,52.6431,-1.2944
1.0648,0.5387,0.2116,-0.7153,0.4271,65.8186,62.3396,3.479
-0.5443,-0.8269,-0.6536,-0.3192,-0.8474,6.7964,10.6998,-3.9033
0.5926,-0.5747,0.5301,-0.393,-0.8474,47.9272,34.3096,13.6176
0.948,0.0203,0.0191,1.0491,0.4271,57.815,66.0416,-8.2265
-1.1734,-1.4679,0.5325,-0.5844,-0.8474,-3.0935,4.0339,-7.1273
-0.1792,-0.4323,-0.3066,-0.6176,0.4271,41.0753,34.7852,6.2901
0.572,-0.5412,-0.7329,1.1869,-2.3842,19.3102,17.4729,1.8373
-0.0486,1.3816,0.5525,0.3106,0.4271,66.577,69.643,-3.066
-0.0611,0.1648,-0.0568,-0.0627,0.4271,57.5971,48.5439,9.0531
-0.2718,-0.5814,-0.0172,0.5463,0.4271,37.3373,42.4328,-5.0954
0.5827,0.15,0.6652,0.0256,0.4271,62.0078,61.4435,0.5643
0.8362,0.6787,-0.2135,-0.2506,0.4271,73.2661,61.4253,11.8408
-0.9702,-0.7863,0.3413,-0.796,-0.8474,8.4376,10.9328,-2.4952
1.0443,0.4573,0.4395,0.3185,0.4271,69.8874,70.1434,-0.256
1.1491,1.7641,0.5204,0.731,0.4271,88.4626,89.4503,-0.9877
0.7317,1.8018,0.7345,0.6,0.4271,81.3921,86.1389,-4.7468
0.7019,0.4841,-1.0187,0.2496,0.4271,59.5649,55.0793,4.4856
-0.6347,0.4402,-0.1198,-1.183,-0.8474,20.9915,22.0816,-1.0902
-1.5999,-1.1117,-0.0742,0.0774,0.4271,11.6062,18.5443,-6.9382
0.5232,1.1877,-1.0209,-0.2555,0.4271,53.852,57.5494,-3.6974
0.997,0.5325,0.4044,0.4796,0.4271,74.2376,71.3326,2.905
1.1826,0.1741,0.3844,-0.1556,0.4271,65.6685,64.7225,0.946
0.6199,0.5253,0.0799,0.5049,0.4271,62.5719,64.8911,-2.3193
-0.9191,-0.7227,-1.3754,-0.0374,-2.3842,-10.1459,-13.9963,3.8504
-0.0015,0.1583,-0.5582,0.0978,0.4271,49.5317,46.3667,3.165
-0.6934,-0.7702,0.5282,-0.194,0.4271,33.5919,34.8437,-1.2518
-1.8416,-1.5459,-0.7529,-0.8229,-2.3842,-21.9381,-33.8075,11.8694
-0.5535,-1.0692,0.0112,-0.0241,0.4271,31.2734,30.1836,1.0898
-0.5561,0.2573,-1.0207,0.0556,0.4271,28.9415,37.6866,-8.745
1.2133,0.8747,0.5232,0.3569,0.4271,78.1505,77.558,0.5925
-1.5867,-1.5401,-0.5219,-0.2871,-2.3842,-30.3997,-25.5104,-4.8894
0.3591,-0.5693,0.1673,-0.3171,0.4271,45.2598,44.7463,0.5135
0.7681,0.7657,-0.4253,0.2893,0.4271,65.6156,63.7957,1.8199
-1.3933,-0.2746,0.6722,-0.024,-0.8474,24.4002,20.0671,4.3331
1.7879,1.6757,0.314,0.8704,0.4271,98.0093,94.6827,3.3267
-0.1474,-0.2042,0.1767,-0.8884,0.4271,35.9642,39.527,-3.5628
-0.2794,-1.0103,-0.1546,-0.5658,-2.3842,-2.0022,-4.6571,2.6549
0.0257,-0.6178,-0.6716,-0.2257,0.4271,31.0616,34.8097,-3.7481
0.0871,-0.8972,0.3893,-0.0431,-0.8474,20.0901,26.6167,-6.5266
0.3769,-0.8494,0.1632,0.3856,0.4271,43.3095,46.6413,-3.3318
1.2394,0.168,0.7877,0.4348,0.4271,73.7804,72.4681,1.3123
0.7321,0.6762,0.2911,0.3247,0.4271,71.7345,68.1621,3.5724
-0.0698,0.316,0.576,-0.3932,0.4271,54.7502,52.721,2.0292
-1.4979,-0.1265,0.1687,-0.0616,0.4271,35.7624,31.6164,4.146
-0.4934,-0.4476,-0.0299,0.4216,0.4271,45.5711,40.5985,4.9726
1.2829,0.5102,0.3998,0.797,0.4271,80.6632,76.3164,4.3469
0.9561,-0.9422,0.1998,-0.032,-0.8474,32.2573,34.0401,-1.7829
0.1062,0.5554,-1.0326,0.3422,0.4271,47.0941,50.0361,-2.9419
-1.4088,-0.9723,-0.4743,-0.8244,0.4271,10.5384,12.8128,-2.2743
1.0075,0.2925,-0.0522,-0.0357,0.4271,64.0638,61.651,2.4128
-0.2977,0.46,0.5399,-0.4055,0.4271,42.0906,51.5368,-9.4463
-0.3382,0.832,0.4836,0.9126,0.4271,62.8841,64.0148,-1.1307
-0.233,0.0153,-0.305,-0.6571,0.4271,41.6174,38.9794,2.638
0.0737,0.1213,-0.0074,-0.3972,-0.8474,25.7305,32.4129,-6.6824
1.3346,1.0858,-0.4459,0.6512,0.4271,83.2411,75.8221,7.419
-0.2789,0.2972,0.3685,-0.7681,0.4271,45.1356,46.0685,-0.9329
-0.5996,-0.4714,0.6355,0.0741,0.4271,46.0234,41.8976,4.1258
-0.943,-1.3076,-0.2096,0.1801,-0.8474,11.1775,7.9084,3.2691
0.5639,-0.0206,0.4839,0.2568,0.4271,61.5889,59.5356,2.0533
-0.2551,0.3213,0.4063,-0.2811,0.4271,52.519,50.2698,2.2492
1.0622,1.3342,0.4189,0.7115,0.4271,78.1962,82.7705,-4.5743
-0.1995,-0.386,-0.4511,-0.2809,0.4271,37.5794,36.3177,1.2616
0.4713,-0.0896,-0.5316,0.1339,0.4271,53.6156,49.1014,4.5142
0.4163,1.0001,-1.2517,0.8454,0.4271,68.738,60.1699,8.5681
-0.0168,0.2097,0.2398,0.2679,0.4271,60.7702,54.1032,6.667
0.5791,0.9024,-0.8447,0.0016,0.4271,51.685,58.0815,-6.3965
-0.0051,-0.7485,-0.3586,-0.0678,-0.8474,19.0109,21.3751,-2.3642
0.1668,-1.01,-0.7158,0.4101,-2.3842,2.7016,2.5917,0.1099
1.2137,0.9465,0.2968,0.3146,0.4271,72.6995,76.3356,-3.636
-0.2595,-0.3983,0.0437,-0.0025,0.4271,37.2724,41.2784,-4.0059
-0.6063,-0.9295,-0.1472,-0.1592,0.4271,25.2865,29.0318,-3.7452
0.6922,-0.393,-0.0879,-0.0185,0.4271,58.9814,50.4094,8.572
0.6992,-0.3217,-0.5584,-0.3454,-0.8474,34.5561,30.2531,4.303
-0.0587,1.0392,0.3895,0.1563,0.4271,63.7799,63.3576,0.4223
-1.1332,-1.1297,-1.0436,-0.2922,0.4271,16.5751,13.3136,3.2615
1.1629,1.8928,0.2681,0.2994,0.4271,86.0024,86.1051,-0.1026
-1.1185,-0.6484,0.4593,0.2622,-0.8474,19.417,19.1596,0.2573
0.7715,0.8793,0.4191,0.0677,0.4271,60.1087,70.0662,-9.9576
-0.4369,-0.0955,0.1797,-0.8473,0.4271,31.2036,37.9573,-6.7537
0.2996,-0.5068,0.4687,0.108,-2.3842,25.2532,16.6865,8.5667
-0.7057,-1.2831,-0.8205,-0.9301,-2.3842,-25.2873,-19.9478,-5.3395
-1.7916,0.4146,-0.2235,-0.2835,0.4271,29.8442,29.9958,-0.1517
-1.7537,-0.7083,0.548,0.3513,-0.8474,24.3667,12.9818,11.3848
-0.821,-0.2192,-0.5725,0.4015,0.4271,27.305,35.3436,-8.0387
0.9254,0.2721,0.6202,-0.4939,0.4271,64.2103,62.5303,1.6799
-0.3115,-1.0661,-0.4563,0.51,0.4271,27.1752,32.9281,-5.7529
-0.77,-0.763,-0.576,0.1394,0.4271,25.3851,27.9256,-2.5405
-1.6031,-1.5054,-0.1375,-0.1793,0.4271,12.7653,11.8115,0.9538
-0.8723,-0.186,-1.7352,0.0976,0.4271,18.5569,24.1091,-5.5522
-0.4503,-0.1231,-0.5201,-0.6039,-0.8474,9.7926,18.6678,-8.8752
-1.1104,0.1886,-0.5373,0.355,-0.8474,20.1822,21.6347,-1.4526
-0.4894,0.9832,-0.9687,-0.4793,0.4271,49.5995,43.2458,6.3537
-0.66,0.2969,-0.7197,-0.1884,-2.3842,-5.9507,4.2385,-10.1893
0.2471,0.0276,0.0392,-0.8433,0.4271,48.8506,45.6164,3.2342
-0.6593,0.3078,0.4428,-0.5569,0.4271,45.0162,44.1516,0.8646
-0.7533,-1.3925,0.2654,0.122,-2.3842,-8.7279,-6.02,-2.708
-0.4465,-0.4823,-0.9829,0.3045,0.4271,35.576,32.5649,3.0111
0.2036,0.4004,0.3103,0.1771,0.4271,59.9125,58.5211,1.3913
0.6095,1.0966,0.6324,0.8106,0.4271,82.0237,77.5796,4.4441
-0.7514,-0.4622,0.4641,0.4002,-2.3842,-1.7681,7.9231,-9.6912
-1.0129,-1.0792,-1.5236,-0.8663,-2.3842,-27.9396,-25.9121,-2.0275
0.8458,0.0968,0.2961,-0.0367,0.4271,70.606,60.3915,10.2145
-0.4339,-1.0806,-0.2115,0.1043,-2.3842,-0.4369,-2.8836,2.4467
0.5339,0.5144,-0.3431,-0.0394,0.4271,60.2323,56.8085,3.4237
-0.3003,-0.7338,-0.7688,0.1814,0.4271,42.0137,32.0945,9.9192
1.2648,0.0907,0.0117,-0.0608,0.4271,68.8269,62.4563,6.3706
-1.5958,0.3194,-0.6479,-0.4938,0.4271,11.7715,26.2962,-14.5247
0.0489,-1.2725,0.1503,-0.8373,0.4271,19.2481,29.7694,-10.5213
-0.3329,-0.9465,-0.0073,-0.3626,0.4271,34.5837,31.4311,3.1526
-0.3647,-0.6072,0.1388,0.4961,0.4271,37.5796,41.9988,-4.4193
0.2445,-0.4694,0.3903,0.2514,0.4271,46.226,50.3091,-4.0831
-0.5052,-1.5257,0.1441,0.2659,0.4271,24.0169,28.6059,-4.589
0.0703,0.3636,0.1016,0.0282,0.4271,60.5658,54.0371,6.5287
0.2603,0.2553,0.2923,-0.2456,0.4271,53.7938,54.4203,-0.6264
-0.8193,0.0935,0.0906,-0.2879,0.4271,46.4019,39.1873,7.2147
1.1257,0.4841,-0.2573,0.3651,0.4271,69.0146,66.2807,2.7339
0.0598,0.0302,0.0148,-0.2931,0.4271,52.9298,47.2765,5.6534
-0.1206,-0.2605,0.6991,-0.2369,0.4271,53.8529,47.7288,6.1241
1.4434,1.2989,0.9769,0.5029,0.4271,90.4017,89.299,1.1027
-0.0844,-0.6892,-0.529,-0.3228,-2.3842,0.9579,-0.1487,1.1066
0.4133,0.0734,1.0835,0.2871,0.4271,63.5065,63.8031,-0.2966
-0.4624,0.5114,0.516,0.0249,0.4271,56.9483,53.1579,3.7904
1.2989,0.3822,0.6724,0.4875,0.4271,71.7105,74.9945,-3.284
1.6033,1.2417,0.1958,0.9415,0.4271,87.1513,87.4091,-0.2578
0.7706,-0.9764,0.0409,-0.5504,-0.8474,20.7675,26.8424,-6.0749
1.0717,-0.0041,0.165,0.7707,0.4271,65.6174,66.2817,-0.6643
0.3152,-0.2826,0.1914,0.0322,0.4271,42.0669,50.1137,-8.0467
-1.2174,-0.7021,-0.2397,0.1924,-2.3842,-12.966,-6.6262,-6.3398
0.9403,0.9605,0.9479,-0.6884,0.4271,64.6563,71.5997,-6.9434
-0.3955,0.957,-0.5384,0.0561,0.4271,47.2434,50.9894,-3.746
-0.1008,0.5198,-0.2456,-0.0512,0.4271,56.8223,50.7372,6.0851
-0.3806,-0.1231,0.3013,0.2661,0.4271,48.585,46.9243,1.6607
0.2526,0.183,0.2065,0.3275,0.4271,57.7013,56.8475,0.8538
-1.6268,0.6655,-0.063,-0.5422,0.4271,34.1082,34.0191,0.0891
-0.2034,0.7713,-0.323,-0.5355,0.4271,55.432,48.5036,6.9284
-0.3477,0.5163,0.6974,0.0907,0.4271,57.4523,56.2942,1.1581
0.2004,-0.759,-0.1851,0.103,-0.8474,19.5825,25.9817,-6.3992
-1.731,-1.7414,-1.6493,-0.9051,-2.3842,-41.2101,-42.2885,1.0783
-0.6495,-1.7971,-0.6268,-0.298,0.4271,8.2977,14.1567,-5.8591
-0.2527,0.3498,-0.2691,-0.0085,0.4271,57.8808,47.3151,10.5657
-1.2965,-0.139,-0.1093,-0.8753,-2.3842,-8.6288,-7.5595,-1.0693
0.2053,0.6101,0.4608,-0.039,0.4271,52.6362,60.5523,-7.9161
0.3514,0.364,0.0636,0.0614,0.4271,59.4604,56.9927,2.4676
0.5265,1.4291,0.7988,0.3022,0.4271,74.1892,78.1744,-3.9853
-0.054,-0.8519,0.3908,-0.5956,-2.3842,-4.7591,3.5277,-8.2868
0.83,1.0476,0.9812,-0.1919,0.4271,75.5328,75.1056,0.4273
0.863,0.452,0.7259,-0.4317,0.4271,60.29,65.1299,-4.84
-0.7915,-0.3695,0.8246,-0.4523,-2.3842,-4.1814,5.3833,-9.5647
-0.3209,0.579,-0.1354,-0.244,0.4271,49.8789,48.5526,1.3263
1.2863,-0.0738,0.6477,0.2826,0.4271,71.481,68.1169,3.3641
-0.5525,-0.3283,0.1865,-0.7666,0.4271,27.8697,34.7129,-6.8432
-0.0679,-0.3892,0.1884,-0.5319,0.4271,43.3519,40.8665,2.4855
0.2498,-0.2706,-0.127,-0.5976,0.4271,43.495,42.7207,0.7742
0.3331,-0.5654,0.5626,0.2886,-2.3842,20.2157,18.3644,1.8513
0.7417,0.1668,0.109,-0.5917,0.4271,57.3706,54.7656,2.605
-0.5311,-0.1993,0.1213,0.6066,0.4271,42.346,45.4369,-3.0909
-1.6079,-1.5693,0.305,-1.0337,0.4271,4.2094,8.5065,-4.297
-1.2969,-0.7136,0.3136,-0.161,-2.3842,-0.092,-5.8063,5.7143
-1.4826,-1.1036,0.1375,-0.4302,-2.3842,-15.9202,-15.4071,-0.5131
0.7942,0.0514,0.2,-0.043,0.4271,57.9059,58.5448,-0.6389
-1.5243,0.2132,0.098,-0.0275,0.4271,36.1486,34.8461,1.3025
0.6693,-1.0577,0.5009,0.0012,-2.3842,15.1123,13.9582,1.154
0.8605,1.1973,0.5971,0.5012,0.4271,81.8135,78.9786,2.8349
-0.796,0.5146,-0.9922,0.074,0.4271,38.6798,38.358,0.3218
-0.7853,-0.4065,-0.4409,0.3248,0.4271,26.3899,34.099,-7.7091
0.0672,-0.7369,0.2582,-0.7292,0.4271,43.8768,37.5702,6.3066
0.5566,-0.2727,0.3906,-0.6248,-1.1097,40.1368,31.5195,8.6173
-0.6578,-0.6404,0.645,-0.8849,0.4271,31.1559,32.7806,-1.6247
-0.4025,-0.9117,1.0616,-0.1069,0.4271,28.6711,41.0779,-12.4068
0.5168,-0.9989,0.0581,-0.3717,-2.3842,8.4528,6.9877,1.4651
0.0605,-0.5991,0.4408,0.1889,0.4271,35.9094,46.8345,-10.9251
-0.9579,-0.3491,-1.0225,0.1132,0.4271,30.9386,26.9499,3.9888
0.1914,1.2601,0.7305,0.5977,0.4271,75.1707,74.2133,0.9574
0.0482,-0.149,0.5722,-0.2536,0.4271,55.0751,49.6992,5.3759
0.2762,0.3856,-1.2002,-0.6546,0.4271,44.024,41.7294,2.2945
0.2845,-0.1719,-0.0415,0.0272,0.4271,55.5592,49.2035,6.3557
-0.1607,-0.9215,0.1068,-0.6335,-0.8474,10.2232,17.4118,-7.1885
-1.024,-1.0857,-0.5384,0.8838,0.4271,28.3764,27.0395,1.3369
1.1165,0.6959,-0.0664,0.1473,0.4271,74.4997,68.5176,5.982
0.2479,0.6737,0.592,0.2446,0.4271,68.788,64.7043,4.0836
-0.9512,-0.4344,-0.9389,-0.6014,-2.3842,-15.3837,-11.6601,-3.7236
-0.225,-0.8072,0.2857,0.0512,-2.3842,10.0425,5.8855,4.157
0.1997,0.7949,0.3331,-0.0085,0.4271,59.0441,61.7999,-2.7558
-0.1187,-0.5644,-0.3279,-0.2073,0.4271,28.8787,36.6369,-7.7582
0.2672,0.3606,0.3233,-0.1017,-0.8474,35.3846,41.7739,-6.3892
-0.4959,-0.4692,-0.3957,0.4924,0.4271,33.0912,38.0063,-4.915
-0.1333,0.2753,0.3095,0.099,0.4271,56.0562,52.955,3.1012
0.1829,0.9798,0.8556,-0.1262,0.4271,74.4483,66.901,7.5473
0.709,0.2681,0.018,0.0278,0.4271,57.2838,59.1603,-1.8765
-1.7529,-1.2384,-0.0591,0.0662,-2.3842,-17.6223,-17.8808,0.2586
-1.5232,-1.1183,-0.0308,-0.1091,0.4271,10.3237,18.3283,-8.0046
-0.5801,-0.818,0.9552,0.1726,0.4271,43.3335,41.3539,1.9796
-0.7448,0.7468,-1.174,0.7349,0.4271,48.0731,44.7123,3.3607
-0.3665,0.3514,0.5369,0.1931,0.4271,55.2184,53.7152,1.5032
-0.8884,-0.0164,-0.3171,0.6827,0.4271,43.429,40.8214,2.6076
-0.1484,0.7732,-0.1447,0.6287,0.4271,60.4219,58.5803,1.8416
0.3323,-0.1268,0.1819,0.4876,0.4271,56.3595,55.1408,1.2187
0.9356,1.0352,-0.6287,-1.1379,0.4271,57.4348,57.1361,0.2987
-0.5947,-0.0979,-0.3819,-0.0426,0.4271,39.0504,37.5115,1.5389
-0.6623,0.3517,0.2398,0.073,0.4271,48.5646,47.4297,1.135
-0.4216,-0.4661,-0.3209,-0.3374,0.4271,34.872,33.6463,1.2257
-0.1305,-1.0968,0.2771,-0.8407,0.4271,36.6059,30.7751,5.8308
0.7442,0.3935,0.0385,0.3459,0.4271,72.9637,63.3166,9.6472
1.2614,0.6297,0.6835,0.1863,0.4271,63.4677,75.3659,-11.8982
0.7747,0.6803,0.3079,0.3096,0.4271,68.6467,68.6888,-0.0422
1.0188,0.2799,0.8074,0.0706,0.4271,64.0301,68.9835,-4.9534
1.4435,0.3022,0.2477,-0.3547,0.4271,64.5731,66.5215,-1.9485
0.4738,0.9877,0.3651,0.0521,0.4271,62.4092,67.5716,-5.1624
0.0023,-0.0303,-0.2372,-0.6622,0.4271,45.9252,41.4744,4.4509
1.1422,-0.0593,1.0835,-0.0778,-2.3842,30.8069,34.1852,-3.3784
-0.573,0.1986,-0.4718,-0.367,0.4271,21.9462,38.1312,-16.185
1.1825,1.239,-0.3909,-0.1653,0.4271,64.8442,70.663,-5.8188
-0.3229,-0.5218,0.161,0.0949,0.4271,45.2719,40.7897,4.4822
0.5546,-1.1121,0.0849,0.0126,0.4271,41.1252,42.3955,-1.2703
0.8497,0.8234,0.0432,0.7037,0.4271,63.644,71.8043,-8.1603
-0.4924,-0.6154,0.3094,-0.8781,-2.3842,-11.8506,-1.0999,-10.7508
-0.0026,1.1183,-0.4161,-0.233,0.4271,50.7259,55.9432,-5.2172
0.8589,0.31,0.7093,0.2939,0.4271,60.1271,68.4058,-8.2787
0.8051,0.4087,0.1843,-0.3666,0.4271,63.9297,60.3088,3.6209
-0.3647,0.1069,0.3964,0.2451,0.4271,39.2554,50.2668,-11.0114
-0.3399,-0.3854,-0.4002,-0.7227,0.4271,40.5499,32.1406,8.4093
-0.7006,-0.0095,-0.1431,0.0297,0.4271,35.332,39.7104,-4.3784
-0.1899,0.6608,-0.5788,0.0233,0.4271,51.6553,49.3234,2.3319
0.2771,0.0839,0.2448,-0.8734,0.4271,44.1512,47.9423,-3.7912
-0.485,0.8536,-0.1459,-0.0779,0.4271,57.6512,50.9571,6.6941
-0.5611,0.1168,0.089,-0.6984,0.4271,39.5685,39.3493,0.2191
-1.6645,-0.6525,0.2807,-0.4635,0.4271,16.5973,21.9848,-5.3874
-0.4767,0.6763,-0.7704,0.0231,0.4271,40.5486,44.9489,-4.4004
0.7334,0.971,0.5165,0.075,0.4271,68.6562,71.4889,-2.8327
1.3895,1.0988,0.409,0.4066,0.4271,73.9035,81.4339,-7.5304
0.6982,-0.1734,0.4242,0.3507,0.4271,67.2998,59.4497,7.8501
-1.2014,-0.6865,0.0917,0.0227,-0.8474,18.424,13.3489,5.0752
1.1582,0.2092,0.2848,-0.0628,0.4271,66.354,64.7339,1.6201
-0.6027,-0.4593,0.1486,-0.4868,0.4271,38.4188,34.3553,4.0635
0.8222,-0.6403,0.1817,0.1243,0.4271,49.2339,52.0889,-2.855
1.3205,0.776,1.0835,-0.2469,0.4271,82.5129,77.7122,4.8007
-1.4398,-0.9515,-0.2092,-0.4451,-1.1097,4.5546,-0.8694,5.424
0.141,0.3489,0.1498,0.4416,0.4271,63.4161,57.8736,5.5426
-0.0476,0.4922,-0.4233,0.0517,0.4271,47.4543,50.3454,-2.8911
-0.2913,0.6255,0.3809,-0.304,0.4271,46.2541,52.9479,-6.6938
-0.9324,-0.6042,-1.2904,0.2487,0.4271,16.8184,23.2357,-6.4173
0.0242,-0.9331,0.2052,0.0917,0.4271,35.728,40.2022,-4.4742
-0.3995,-0.2106,0.0048,0.5632,0.4271,44.0674,45.5217,-1.4543
0.8267,1.2362,0.609,-0.4745,0.4271,70.757,72.3627,-1.6057
-0.8762,-1.4247,-1.4948,-0.237,-0.8474,-1.1079,-5.4782,4.3702
-0.7882,-0.7705,-0.1013,-0.4061,-2.3842,-16.0924,-5.8919,-10.2005
0.9765,-0.3855,0.27,0.4116,0.4271,63.7894,59.2837,4.5058
-0.3794,-0.5128,-0.3797,0.4387,0.4271,30.4371,38.5145,-8.0774
-1.61,-0.4916,-1.3982,-0.4991,-2.3842,-20.5992,-22.1847,1.5855
0.7893,1.5367,0.763,0.1388,0.4271,73.6984,80.7894,-7.091
-0.6351,-0.6783,-1.2034,-0.0402,-2.3842,-15.6885,-9.1503,-6.5382
-0.1005,0.0868,-0.4624,-0.4435,0.4271,42.7237,41.4776,1.2462
0.4937,-0.0063,-0.6898,-0.144,0.4271,51.1581,47.1289,4.0292
-0.225,-0.0285,-0.1664,0.4352,0.4271,54.3872,47.2326,7.1546
0.6005,-0.1779,-0.447,0.6051,0.4271,48.0107,53.4184,-5.4077
0.7147,0.3119,-0.0836,-0.2043,0.4271,50.5063,57.3196,-6.8133
0.3677,-0.1899,-0.6427,0.3575,0.4271,41.9366,47.5627,-5.6261
-0.115,0.9069,0.4082,0.2356,0.4271,65.9966,61.9618,4.0348
0.294,-0.8892,0.321,0.5001,0.4271,42.0493,47.315,-5.2657
0.5487,0.2951,0.4127,0.5274,0.4271,67.4269,64.2555,3.1714
-0.5616,0.3673,-1.1438,-0.4779,0.4271,30.6703,34.2096,-3.5393
1.5559,1.0912,-0.261,0.4308,0.4271,78.5372,78.1443,0.393
-0.3848,-0.4555,0.4328,-0.2051,0.4271,51.5209,40.8758,10.6451
1.2348,1.1651,0.233,0.5751,0.4271,73.614,80.3386,-6.7246
1.2109,0.1943,0.1593,0.1977,0.4271,64.3115,65.9773,-1.6658
-1.6398,-0.6545,0.5946,0.1749,-2.3842,-5.5033,-4.3191,-1.1842
0.1094,-0.0401,-0.4307,0.0156,0.4271,46.9701,45.7334,1.2367
-0.7303,-1.1782,0.1021,-0.3978,0.4271,24.7958,25.1652,-0.3694
-1.7261,-1.238,-0.1402,-0.116,0.4271,7.5795,13.9193,-6.3398
-0.5158,-0.8543,-0.295,-0.5742,0.4271,23.6187,26.8244,-3.2057
-0.3506,0.5811,0.6328,-0.3523,0.4271,60.5976,53.4155,7.1821
-1.1554,1.0309,-0.6232,-0.3193,0.4271,41.7714,40.4178,1.3536
-0.0055,0.8365,-0.1137,0.3728,0.4271,61.3383,59.2818,2.0565
-0.9206,0.1146,0.4402,-0.5791,0.4271,42.5316,39.0051,3.5265
-0.6534,-1.0584,-1.0716,-0.1454,0.4271,19.5079,20.0607,-0.5528
-1.2747,-1.5977,-0.0464,-0.653,-2.3842,-23.5675,-21.7006,-1.8669
0.7724,0.4183,0.6211,0.1947,0.4271,69.7341,67.3282,2.4059
0.0082,1.1301,-0.3769,0.4235,0.4271,58.1988,61.057,-2.8582
-0.1845,-0.3888,-0.1736,0.2933,0.4271,41.0688,42.5739,-1.5051
-0.2255,-0.7402,-0.7177,0.0488,0.4271,38.6619,32.2972,6.3647
-0.3012,-0.7231,-0.1396,-0.6031,-2.3842,-6.5002,-1.8049,-4.6953
0.196,1.0434,0.6325,0.3121,0.4271,71.2221,69.0864,2.1357
1.2841,1.363,-0.2887,-0.1571,0.4271,74.2108,73.9889,0.2219
0.5836,0.8193,0.35,0.6263,0.4271,72.2837,70.7285,1.5552
0.3714,0.1957,-0.2916,-1.2791,0.4271,46.2454,43.2626,2.9828
-1.3771,-0.3674,-0.3351,-0.7792,0.4271,27.7154,21.3378,6.3777
-0.4394,0.3221,0.7215,0.4434,0.4271,57.1331,55.7655,1.3676
-0.0473,0.146,-0.2958,0.1194,0.4271,50.4763,47.9079,2.5684
0.1587,-0.5302,0.4308,-0.3828,0.4271,43.9335,44.6089,-0.6754
0.7139,0.4971,0.4313,-0.2941,0.4271,58.2784,62.7307,-4.4523
-0.4502,-0.5893,0.1566,-0.7216,-2.3842,2.216,-0.4425,2.6586
-1.3592,-0.2264,-0.2678,0.1631,-0.8474,14.835,15.0421,-0.207
0.9457,0.1816,-0.2667,0.7971,0.4271,60.4016,63.8816,-3.48
0.3297,-0.2846,-0.216,0.2035,0.4271,56.8016,48.3022,8.4994
-0.1886,-0.7458,0.6284,0.1872,0.4271,41.0063,43.947,-2.9406
0.434,-0.0113,0.0456,-0.8401,0.4271,47.2903,47.2527,0.0376
0.7254,0.8361,0.1677,-0.0327,0.4271,65.7061,66.4547,-0.7486
-0.5277,-1.4823,0.6619,-0.2189,-0.8474,10.196,14.3263,-4.1303
0.8488,0.7274,-0.7842,0.0268,0.4271,60.2771,59.6443,0.6329
0.3227,-0.5072,0.241,0.365,0.4271,54.905,50.3635,4.5415
1.7145,1.0926,0.2295,0.9192,0.4271,82.93,87.0275,-4.0975
1.7539,0.7362,0.5905,1.3103,0.4271,95.0417,88.9384,6.1033
-0.6498,-1.3331,-0.8751,-0.646,-2.3842,-18.4869,-18.3562,-0.1307
0.8391,0.6729,-0.3227,0.1825,0.4271,65.5113,63.5602,1.9511
-0.3694,0.7434,-0.8246,-0.1603,0.4271,37.8364,45.1614,-7.3251
0.754,-0.5406,0.1918,0.1923,0.4271,57.3174,53.0297,4.2876
0.07,0.818,0.1416,0.4164,0.4271,54.211,62.1495,-7.9385
0.7518,0.305,-0.8864,0.8902,0.4271,60.3578,59.0708,1.287
0.4694,0.485,0.2821,1.1427,0.4271,74.4405,68.8143,5.6262
-1.3882,-0.1336,1.0336,-0.7704,-0.8474,17.6336,19.2991,-1.6655
1.5346,0.7277,-0.1812,0.8157,0.4271,74.9921,77.1187,-2.1266
0.7684,-0.4342,0.8314,0.2685,0.4271,55.7771,59.8313,-4.0542
-0.5871,-0.6884,0.4318,0.2086,0.4271,36.4316,38.9587,-2.5271
-0.6199,-0.605,-0.4973,0.3608,0.4271,29.2539,33.456,-4.2022
-0.353,-0.2347,-1.6627,-0.9803,0.4271,17.286,22.1907,-4.9047
0.3318,0.0365,-0.9509,0.7625,0.4271,46.8558,50.167,-3.3113
0.4568,-0.7485,0.2933,0.285,0.4271,50.155,48.9326,1.2224
-0.2979,0.0544,0.5383,0.0346,0.4271,53.73,50.0197,3.7103
1.7411,0.825,1.0835,0.3724,0.4271,88.7652,87.0743,1.6909
-0.4051,-0.8129,0.3401,0.2916,-0.8474,19.6035,24.2397,-4.6362
-0.4541,-0.8865,-1.0205,0.0118,-2.3842,-0.9101,-7.7831,6.873
-1.1535,-0.8736,0.7641,-0.9225,0.4271,20.6101,25.502,-4.8919
0.9733,0.644,0.1937,0.2486,0.4271,66.0662,69.1057,-3.0396
-1.2807,-1.1289,-0.0396,0.106,-2.3842,-10.2814,-11.1637,0.8823
0.8054,-0.9458,0.0779,-0.5543,-2.3842,8.1326,9.5581,-1.4255
1.3486,0.9924,1.0709,0.3372,0.4271,80.6569,84.4097,-3.7527
0.9843,-0.1153,-0.8705,-0.3178,0.4271,45.5638,48.5606,-2.9967
-0.4992,0.2168,-1.1498,-0.1266,0.4271,43.141,35.581,7.56
-0.8166,-1.1525,0.2771,-0.2685,0.4271,29.5308,26.7744,2.7564
-0.4022,-1.1013,-0.3234,-0.611,0.4271,16.5448,24.7909,-8.246
-1.5713,-0.5126,-1.8106,-0.07,-0.8474,-2.9164,-3.9389,1.0225
0.971,-0.2221,0.043,0.1005,-2.3842,30.6436,23.7534,6.8901
0.4216,-0.3985,0.3362,-0.6563,-0.8474,32.4715,31.1378,1.3336
0.6755,-0.1089,-0.3515,0.2841,0.4271,50.3167,53.5006,-3.1839
-0.4514,-0.9285,0.299,-0.3372,-0.8474,18.722,17.7563,0.9658
-0.4077,-1.0422,-0.015,0.389,-0.8474,16.9711,19.5786,-2.6074
-1.7464,-0.8257,0.3623,0.0336,-2.3842,-8.1659,-10.1559,1.99
-0.6328,0.8795,0.8264,-0.3561,0.4271,58.6787,55.211,3.4678
0.3066,0.5434,-0.5591,-0.5149,0.4271,42.5864,49.7334,-7.147
1.0695,0.8413,0.6179,-1.5984,0.4271,65.4259,62.7813,2.6446
-0.0184,0.0904,-0.8553,0.3055,0.4271,39.7538,44.5811,-4.8274
-0.4361,0.1422,0.6144,0.4417,0.4271,50.0523,52.9417,-2.8894
-0.6614,-0.6507,0.4379,-0.0132,0.4271,31.2766,37.0919,-5.8152
-0.9776,-1.1216,-0.8919,-0.1682,0.4271,17.5721,17.1018,0.4703
-1.9244,-1.1266,-0.4807,-0.0743,0.4271,19.0734,10.7178,8.3556
-0.5,0.0481,0.1387,-0.4937,0.4271,40.7334,41.0372,-0.3039
1.1889,0.6149,-0.0393,-0.0235,0.4271,60.7489,67.4041,-6.6552
-0.8396,-1.0936,0.781,-0.4108,-0.8474,17.2857,14.9377,2.348
0.2856,0.2624,-1.2397,0.0962,0.4271,52.9015,45.3601,7.5414
0.2416,1.2443,0.3593,-0.41,0.4271,68.9538,64.7116,4.2421
-1.2003,-1.4688,-0.3926,-0.1273,0.4271,11.6931,14.936,-3.2429
-0.2127,-0.4773,0.6478,0.3501,0.4271,46.012,47.9896,-1.9776
0.7824,0.2261,-0.094,0.322,0.4271,66.9465,60.6586,6.2879
-1.4914,-1.5904,-1.5955,-0.9033,-0.8474,-17.245,-19.3399,2.0949
0.7062,-1.0818,0.8769,0.0021,-2.3842,15.1431,16.982,-1.839
-0.6764,-0.5605,0.2722,0.1951,0.4271,38.1885,38.1198,0.0688
-1.6714,-1.139,0.0423,0.0242,-0.8474,0.6718,2.8546,-2.1828
-0.0469,-0.9962,-0.5153,-0.0391,0.4271,40.2102,32.2775,7.9327
-0.1215,0.1462,0.1924,-0.3812,0.4271,44.0393,47.3912,-3.3519
-0.1181,-0.0456,-2.028,0.2112,0.4271,36.1658,32.3064,3.8594
-0.1645,-0.232,-0.2964,-0.2385,0.4271,44.9829,39.9077,5.0752
-0.7505,0.5111,-0.5095,-0.4592,0.4271,46.7548,38.8131,7.9417
-0.4177,-0.2689,-0.3572,0.3659,0.4271,46.947,40.5137,6.4333
-1.4694,-1.2371,0.1445,0.359,-2.3842,-16.6938,-11.2278,-5.4661
-1.4467,-0.0161,0.1457,-0.5114,0.4271,31.1673,30.1033,1.064
-0.1595,-0.9445,-0.4939,-0.0805,0.4271,27.5984,31.5294,-3.931
0.1996,0.9175,0.3299,-0.1418,0.4271,64.7769,62.2262,2.5507
1.4171,1.3081,-0.1545,1.0646,0.4271,90.6067,84.3215,6.2852
-0.738,0.0867,0.9404,0.0332,0.4271,42.6366,48.7521,-6.1155
1.0519,0.1667,0.3264,0.2235,0.4271,67.4124,65.4273,1.9851
-0.8002,0.5439,-0.168,-0.6294,0.4271,41.6998,40.0923,1.6074
0.7808,0.3654,1.0835,0.1141,0.4271,62.0975,69.8217,-7.7242
-0.3716,-0.9899,-0.0911,-0.2742,-1.1097,3.3838,12.2408,-8.857
-1.065,-0.1971,-1.2519,-0.0462,-2.3842,-16.7185,-8.7596,-7.9589
-1.2004,-1.0269,0.5944,-0.1965,-2.3842,-4.1496,-6.3818,2.2322
1.2893,0.8064,0.0432,0.4218,0.4271,71.1019,74.3643,-3.2624
1.1532,0.5689,0.363,0.1719,0.4271,65.9927,70.9579,-4.9651
-1.016,0.3431,0.9184,-0.5936,0.4271,35.7714,44.1316,-8.3602
1.3756,1.9411,0.5669,0.6906,0.4271,84.936,93.9447,-9.0087
-1.1237,0.6088,0.0481,0.2935,0.4271,45.9281,45.435,0.4931
0.4257,-0.4223,-0.0206,0.0527,-0.8474,36.8865,33.0958,3.7907
-0.7573,-0.523,-1.1672,0.2613,0.4271,25.6209,27.0598,-1.4389
-0.7822,-0.6098,0.1786,0.336,0.4271,42.3811,36.6898,5.6913
0.838,0.9249,0.4407,-0.1197,0.4271,71.303,70.1547,1.1482
1.0989,0.7871,-0.1232,0.2147,0.4271,73.3086,69.387,3.9215
-0.323,0.2747,-0.1566,-0.3855,0.4271,46.2783,43.9616,2.3168
1.2914,0.1782,0.0937,1.0674,0.4271,69.5344,72.1981,-2.6637
0.4039,-0.3121,-0.0324,-0.8951,0.4271,46.2831,42.5652,3.7179
-1.6939,-0.3286,-1.5116,-0.245,-2.3842,-15.8118,-20.3579,4.5461
0.6819,0.4578,-0.6626,-0.2548,0.4271,51.6986,53.8026,-2.104
-1.3204,-0.9252,-0.2988,-0.2354,-2.3842,-16.0276,-13.6668,-2.3608
-0.3713,1.311,-0.2089,-0.2545,0.4271,56.0401,55.6057,0.4343
1.2467,1.4216,0.6967,-0.0046,0.4271,84.3582,82.889,1.4692
0.0208,0.5191,0.0062,0.3927,0.4271,63.7402,57.0552,6.685
0.2748,-0.3457,0.4333,1.3948,0.4271,70.2629,60.3038,9.9591
-0.9324,-0.6497,-0.2496,0.4268,0.4271,33.663,31.9698,1.6933
-0.1096,0.241,-0.0262,-0.1479,0.4271,51.5948,48.5247,3.0702
0.6073,0.3992,0.0787,0.0891,0.4271,60.461,60.4388,0.0222
-0.1155,-0.5375,-1.3417,-0.1667,0.4271,25.1294,29.4555,-4.3262
-0.1742,0.0627,0.1928,-0.0051,0.4271,55.2763,48.5049,6.7714
0.4817,0.2112,0.5989,-1.0427,0.4271,56.454,53.1135,3.3405
0.917,0.4003,0.6694,0.4431,0.4271,68.4517,70.7743,-2.3226
0.8394,1.3168,0.3775,0.5661,0.4271,77.6363,78.857,-1.2207
1.2791,0.9051,0.1751,0.3097,0.4271,79.3291,75.5998,3.7293
-0.573,-0.7145,0.3049,-0.227,0.4271,44.5847,34.8137,9.771
0.5192,0.018,0.3546,-0.2507,0.4271,61.115,54.9687,6.1463
-0.472,0.5513,-0.0145,-0.2829,0.4271,54.2453,47.282,6.9633
1.3929,1.0797,1.0835,-0.115,0.4271,84.5836,82.8199,1.7637
0.5717,1.3753,0.0739,0.6277,0.4271,75.0778,74.7398,0.3381
0.4027,-0.2987,0.069,-0.0213,-0.8474,23.8092,34.4149,-10.6056
0.1567,-0.4195,0.3832,-0.0921,-0.8474,18.4223,32.3466,-13.9243
0.604,0.7158,0.2786,-0.1852,0.4271,66.2306,63.594,2.6366
-0.4514,0.8453,0.5131,0.7615,0.4271,61.5443,62.1276,-0.5834
1.2502,0.5021,0.8575,-0.3807,0.4271,77.7342,71.2087,6.5255
-0.3521,0.5444,-0.0651,-0.1854,0.4271,53.1779,48.7778,4.4001
0.5068,0.3194,0.1017,-0.0782,0.4271,57.5209,57.479,0.042
-0.7111,0.8896,-0.5436,0.0466,0.4271,47.8679,46.7448,1.1231
-0.8737,0.8644,-1.3216,0.3417,0.4271,52.5425,40.7855,11.757
-1.2345,-1.2141,0.1821,-0.6357,0.4271,16.8461,18.3222,-1.4761
0.2016,-0.6579,0.0875,0.0761,0.4271,39.0347,44.1825,-5.1478
-1.3619,0.3676,-1.1347,-0.8832,0.4271,19.1457,22.8912,-3.7454
0.6288,-0.4107,0.1378,0.8102,0.4271,57.9849,57.0277,0.9572
1.4542,0.9509,0.2956,0.5467,0.4271,83.7799,80.5655,3.2144
0.6639,0.0135,0.0339,-0.6356,0.4271,52.5595,51.3256,1.234
1.0084,1.206,-0.6683,0.2013,0.4271,67.6572,68.8416,-1.1844
0.0654,0.443,0.6385,-0.1558,0.4271,60.4158,57.7299,2.6859
-0.0957,1.1388,0.4473,0.4021,0.4271,73.4575,66.2354,7.2221
-0.5358,-0.321,-1.3234,0.1763,0.4271,34.9935,29.9127,5.0809
-0.1346,-0.4793,0.0217,0.2244,0.4271,45.6307,43.1134,2.5173
-0.4978,0.3773,-0.0733,-0.7368,0.4271,32.4383,41.4421,-9.0038
0.741,1.2179,0.0233,-0.6208,0.4271,62.0083,65.7158,-3.7074
-0.9111,-0.7718,-0.5278,-0.0051,0.4271,21.4792,25.683,-4.2038
-1.6194,-1.0046,0.2889,-0.2917,-0.8474,4.4577,4.6252,-0.1675
-0.1964,-1.1088,-1.0564,-0.1775,-2.3842,-7.8175,-9.1151,1.2976
1.1548,1.4801,0.41,0.665,0.4271,89.0174,85.0102,4.0072
-0.1221,0.1581,-0.4858,-0.0821,0.4271,43.3653,44.3804,-1.0151
1.1766,0.991,0.8908,-0.4654,0.4271,76.1067,75.5855,0.5212
1.0382,0.4074,0.6469,-0.7957,0.4271,71.8225,63.368,8.4545
-0.037,0.9067,0.0161,0.1227,0.4271,63.8213,58.9945,4.8269
-1.5208,-0.4935,-1.6592,-0.5935,-2.3842,-22.8203,-23.9139,1.0936
-0.0936,-0.1233,-0.7082,-0.0187,0.4271,43.4475,40.2496,3.1979
0.1374,-1.0246,0.0343,-0.6499,0.4271,30.5962,33.9161,-3.3199
1.0692,0.908,0.0778,0.3511,0.4271,74.8565,72.9222,1.9343
0.5993,0.256,-1.4258,0.0954,0.4271,43.5196,47.211,-3.6914
0.9795,1.5576,-0.0127,1.0083,0.4271,76.0943,83.1384,-7.0441
0.9147,-0.683,0.5389,-0.0914,-2.3842,19.8387,20.4488,-0.61
0.355,0.3455,0.6753,-0.7134,0.4271,62.7672,56.1432,6.624
0.2432,-0.9596,-0.444,-0.5894,0.4271,27.2036,32.5197,-5.3162
0.5211,0.2108,0.6217,0.0612,0.4271,59.9924,61.379,-1.3866
1.2916,1.5692,-0.3017,-0.1341,-1.1097,48.8875,58.1899,-9.3023
-1.3151,-0.4904,-0.8985,-0.1946,-2.3842,-8.6728,-13.0511,4.3783
0.7104,1.0724,0.7101,0.0384,0.4271,72.1052,73.6187,-1.5135
1.2735,1.0853,0.6153,-0.0891,0.4271,76.4021,78.1809,-1.7788
1.454,0.001,0.8911,0.7477,0.4271,81.7741,75.8611,5.9129
0.0328,-0.4521,-1.8003,0.0486,-0.8474,11.502,14.8317,-3.3297
0.678,-0.4535,0.6788,0.2497,0.4271,54.3852,57.3405,-2.9553
-0.6683,0.2832,-0.9596,-0.6297,0.4271,37.8306,32.4821,5.3485
-0.8404,0.5523,-0.8003,0.3899,0.4271,42.2035,41.9777,0.2259
-0.5188,0.5642,-0.3097,0.4697,0.4271,51.1544,49.8872,1.2672
-0.4483,0.0797,-0.3718,-0.3811,0.4271,43.1636,38.8019,4.3617
0.7146,-0.4071,-0.5204,-0.6331,0.4271,53.002,42.8924,10.1097
1.044,1.2279,0.4684,0.9307,0.4271,84.6771,83.2833,1.3938
-1.705,-1.4826,-1.0417,-0.9286,-2.3842,-39.7392,-34.5893,-5.1499
-0.4141,0.2158,-0.5519,-0.1288,0.4271,33.9862,41.0671,-7.0809
-0.2203,-0.288,0.4812,-0.2069,0.4271,53.5312,44.8831,8.6481
-0.5069,-0.6968,-0.3014,0.2543,0.4271,28.6759,34.4015,-5.7256
-0.6329,0.8356,0.4817,0.6083,0.4271,63.8986,58.7666,5.132
0.6078,-0.9255,0.1972,-0.1929,0.4271,43.1795,44.5005,-1.3211
-0.6397,-0.4032,-0.579,0.0827,-0.8474,20.5827,17.8099,2.7728
-1.6263,-0.9455,0.1783,-0.2084,0.4271,17.943,20.0854,-2.1424
-0.5334,0.4282,-0.6034,-0.7343,0.4271,32.4074,37.5726,-5.1652
-0.1641,0.5097,-1.1074,-0.4256,0.4271,34.1046,40.7139,-6.6093
0.8294,0.3118,0.1758,-0.1031,0.4271,56.6602,61.2455,-4.5853
-0.2427,0.0149,-0.073,-0.6685,0.4271,42.3925,40.5768,1.8157
-0.5333,0.6695,0.5589,0.4419,0.4271,63.5591,57.4033,6.1557
-1.2194,0.5464,0.2116,0.0492,0.4271,49.6643,43.268,6.3963
0.689,0.6767,0.2298,0.0908,0.4271,67.7481,65.6089,2.1392
-0.1544,0.5493,-0.0661,0.1369,0.4271,49.4916,53.1834,-3.6919
0.8661,0.4509,0.9831,-0.3137,0.4271,68.6262,67.951,0.6752
1.5913,0.7673,0.5254,0.0006,0.4271,87.77,77.941,9.829
0.4935,1.3848,-0.0643,0.3757,0.4271,72.8888,71.1932,1.6956
-0.834,0.5115,0.3277,-0.2483,0.4271,53.4986,45.8298,7.6688
0.5167,0.096,0.8175,0.1163,0.4271,55.9487,61.9312,-5.9825
1.3468,0.6328,0.1861,0.6389,0.4271,75.9318,75.6361,0.2957
0.984,-0.0725,0.5841,-0.0396,-0.8474,47.7813,47.0232,0.7581
-0.4058,0.015,-0.6831,0.2188,0.4271,35.7636,40.3044,-4.5409
-0.4481,0.5519,0.1752,0.2693,0.4271,53.0467,52.8423,0.2043
-0.6576,-1.0927,-0.7689,1.1363,0.4271,23.6601,30.869,-7.2088
-0.7642,-0.5159,-1.6387,0.1495,-2.3842,-6.7269,-10.7388,4.012
-0.5459,-1.0744,-0.7031,0.7873,-0.8474,10.8575,15.2109,-4.3534
-0.0404,0.201,-0.3308,0.2557,0.4271,52.0224,49.2776,2.7448
0.1945,0.1244,-0.4098,0.2392,0.4271,41.3899,50.2112,-8.8213
0.5339,-0.2371,0.9186,-0.2688,0.4271,56.9934,56.4701,0.5233
-0.5335,-0.5048,0.3522,0.1833,0.4271,43.2222,40.8093,2.4129
-0.7013,0.1029,0.5861,-0.2293,0.4271,40.425,44.777,-4.352
0.2454,0.4211,0.1783,0.0173,0.4271,58.8848,57.075,1.8098
-0.0819,-0.0213,-1.2745,-0.3747,0.4271,32.792,34.6905,-1.8985
1.3003,-0.6919,0.2408,-0.3914,0.4271,59.956,53.4999,6.456
-0.5119,-1.5158,0.5546,-0.6679,-0.8474,6.6709,10.1715,-3.5005
-0.5951,-1.4651,-0.2762,-0.8455,-2.3842,-22.0379,-16.0338,-6.0041
0.3424,0.348,0.1858,-0.0756,0.4271,58.5689,56.7024,1.8665
1.1247,0.7382,0.4694,-0.7786,0.4271,62.7049,66.7674,-4.0625
0.4325,0.1259,-0.6667,0.6085,0.4271,57.3658,53.368,3.9979
0.5198,-0.3622,-0.418,0.2574,0.4271,51.642,48.2881,3.3539
0.7649,0.6688,0.2898,0.1004,0.4271,65.0937,66.8602,-1.7665
-0.7365,0.0689,-1.2996,-0.4462,0.4271,41.6272,28.0017,13.6255
-1.0167,-0.4396,0.1078,-0.0286,-2.3842,-4.0593,-0.3863,-3.673
0.4475,0.3653,0.2907,-0.1848,0.4271,57.6982,58.0722,-0.374
-0.5201,0.2368,-0.9123,0.0997,0.4271,38.1961,38.9828,-0.7868
-0.5149,0.3112,-0.8975,0.5676,0.4271,49.8983,43.2409,6.6575
-0.2649,-0.0132,0.2223,-0.0701,0.4271,50.6243,46.4547,4.1696
0.6127,0.6595,-0.7838,0.1288,0.4271,50.5349,57.0633,-6.5284
-0.1919,-1.4663,-0.158,0.4421,0.4271,31.8624,31.5311,0.3313
-0.0274,-0.8451,-0.3329,-0.4386,0.4271,35.7067,32.8126,2.8941
-0.948,-0.5602,-1.238,0.0122,0.4271,28.7377,22.3231,6.4146
-0.7869,-0.7116,0.7664,-0.7375,-2.3842,-4.8354,-0.8438,-3.9917
-0.1653,0.7,-0.797,0.3424,0.4271,51.5932,50.5662,1.027
0.7513,-0.0509,0.2334,0.3195,0.4271,55.8015,59.7115,-3.91
0.3316,-0.282,-0.8871,0.1405,0.4271,41.3182,42.7514,-1.4333
0.2896,1.0003,-0.2047,0.4746,0.4271,66.5025,64.293,2.2095
1.6243,0.7893,0.7642,0.3561,0.4271,86.2912,82.8516,3.4396
-0.1094,-0.156,0.3573,-0.0017,0.4271,53.3934,48.0283,5.3651
0.4287,-0.6308,0.3803,0.0822,0.4271,45.0536,49.2149,-4.1613
-0.2531,0.1485,0.3598,-0.1988,0.4271,43.811,48.564,-4.753
-0.4521,0.3775,0.3668,0.0638,0.4271,48.1743,50.8837,-2.7095
-0.7847,0.4152,0.0841,0.1726,0.4271,51.9283,46.3256,5.6027
1.0035,0.6277,0.2413,0.616,0.4271,69.96,72.1664,-2.2064
-0.5724,1.4954,-0.0968,0.2184,0.4271,61.1728,59.6742,1.4986
0.1747,-0.1088,-0.1746,0.3945,0.4271,41.3879,50.2643,-8.8764
-0.6048,0.9739,0.5001,0.2916,0.4271,59.3949,58.5639,0.8311
-0.2183,-0.5027,0.1577,0.2347,0.4271,35.2722,43.0712,-7.7989
0.7391,0.3104,0.81,0.093,0.4271,62.5957,66.5051,-3.9094
-0.0796,-0.2094,-0.1794,-0.972,0.4271,31.363,36.874,-5.511
-0.4358,-1.2059,-0.0871,-0.5147,-2.3842,-12.9453,-7.6586,-5.2868
-0.3856,0.3357,0.2941,-0.1941,0.4271,56.7479,48.7749,7.973
0.883,-0.4408,0.6771,-0.0611,0.4271,55.6393,57.5063,-1.867
-0.2668,-0.5943,-0.26,0.2934,-0.8474,26.0233,23.5753,2.448
0.7019,-0.576,0.5743,-0.8549,0.4271,49.5355,47.7362,1.7994
-0.8105,-0.9668,-0.1681,-0.4668,0.4271,26.0581,24.1249,1.9331
1.0111,0.5174,0.955,-0.0132,0.4271,70.825,72.1239,-1.2989
0.0644,0.1252,0.2829,-0.1461,0.4271,51.4814,51.476,0.0054
0.1389,0.102,0.2323,0.253,0.4271,58.6647,54.3989,4.2658
-0.9299,-1.3283,-0.038,-0.9142,0.4271,16.8198,16.6713,0.1486
-0.7022,-0.7542,0.0549,0.2853,0.4271,35.7592,34.6184,1.1408
-0.2746,0.0573,0.294,0.201,0.4271,57.9462,49.5789,8.3673
1.0991,0.475,0.4752,-0.6188,0.4271,48.9607,64.69,-15.7293
0.5202,0.3818,0.6175,-0.3315,0.4271,66.6768,60.5304,6.1465
-0.106,-0.6293,-1.0524,0.0058,-2.3842,-2.6507,-1.4482,-1.2025
-0.3676,-1.4071,0.2082,-0.5067,-2.3842,-16.1264,-6.8627,-9.2637
-1.2565,-0.5418,0.5379,-0.0264,0.4271,38.3539,32.6189,5.735
1.0338,-0.9098,-0.4702,0.1614,0.4271,47.952,46.5687,1.3833
0.1121,-0.2968,-0.1342,-0.8437,0.4271,38.2778,39.1848,-0.907
-0.412,-0.2478,-0.4028,0.1893,0.4271,42.3835,39.234,3.1495
0.0031,0.0329,0.9685,0.0633,0.4271,46.0142,56.5122,-10.4981
-0.9921,-1.1806,-1.1556,-0.9202,0.4271,5.6191,9.0255,-3.4064
-0.017,0.2039,0.5767,-0.3775,0.4271,51.3142,52.1414,-0.8272
0.2711,-0.3809,0.6084,-0.1271,0.4271,58.3952,50.6369,7.7583
0.4993,0.039,0.2428,-0.273,0.4271,58.1619,53.9762,4.1857
1.4036,0.5685,0.2329,0.376,0.4271,73.3564,74.0551,-0.6987
0.266,0.5899,0.0252,0.2237,0.4271,56.5238,59.4502,-2.9264
-0.9603,0.1179,0.3483,-0.6523,0.4271,39.6324,37.4001,2.2323
-0.9788,-0.5211,0.5791,-0.7929,0.4271,32.9524,30.8155,2.1368
-0.6751,-0.6329,0.544,0.2226,-0.8474,27.5572,24.4596,3.0976
-1.5091,-1.4556,-0.2406,0.0138,-0.8474,-5.6003,-1.2139,-4.3863
-0.6006,-1.4598,-0.8079,0.0355,0.4271,14.3109,19.3992,-5.0883
0.97,0.937,0.1736,0.4453,0.4271,69.4093,73.5781,-4.1688
-0.3738,0.039,0.2108,-0.1444,0.4271,42.5919,45.2698,-2.6779
-0.121,-0.2312,0.6668,-0.539,0.4271,39.318,45.7049,-6.3869
1.1203,-0.1476,-0.3109,0.6705,0.4271,60.9423,60.8294,0.113
-0.1845,1.0498,1.0835,-0.2164,0.4271,60.2139,64.8783,-4.6644
-0.6275,-0.6445,-0.1481,-0.1064,-0.8474,17.9688,17.2273,0.7414
-1.4119,-0.237,-0.4376,-0.2326,-0.8474,5.6305,10.301,-4.6705
1.1441,0.9406,0.496,1.2565,0.4271,77.3043,83.6029,-6.2986
-0.2616,-0.9801,-0.2843,-0.5432,0.4271,24.5646,28.4317,-3.8671
-0.0154,-0.3307,-0.3885,-0.8641,-2.3842,3.3326,1.9405,1.3922
-0.1465,-0.1147,0.6875,-0.709,0.4271,40.5813,45.7198,-5.1385
0.2346,0.5468,0.7442,-0.136,0.4271,64.5081,61.6609,2.8472
-0.6205,0.6398,-0.9694,0.388,0.4271,47.5803,44.0037,3.5766
0.6375,0.3678,-0.3441,-0.1578,0.4271,53.382,55.4404,-2.0583
-0.5844,-0.8032,0.0656,-0.446,0.4271,36.0487,30.33,5.7187
-0.6795,0.0302,-1.1325,0.2756,0.4271,41.0711,34.4809,6.5902
-0.5333,-0.2344,0.2818,0.0073,0.4271,47.2572,42.0865,5.1707
0.061,-0.156,-0.0454,-0.6908,0.4271,40.6718,41.9669,-1.2951
-0.1481,-0.6695,-0.2422,-0.4561,0.4271,39.3558,34.0702,5.2856
-0.3577,-0.5372,0.3926,0.279,0.4271,44.0488,43.3056,0.7432
-0.5645,-0.6504,0.0492,-0.5438,-0.8474,20.2689,16.3137,3.9552
-0.1477,-0.5829,-0.8362,0.5854,0.4271,27.2037,37.7163,-10.5126
-0.089,0.1993,0.2572,-0.0357,0.4271,60.7953,51.2374,9.5579
-0.5701,-0.9098,-0.0249,-0.3306,0.4271,38.4658,29.3901,9.0757
0.0397,-0.1052,-0.3488,0.2258,-2.3842,9.8093,12.9466,-3.1373
-1.6204,-0.4254,0.3744,-0.258,0.4271,30.5746,27.1605,3.4141
0.6817,0.3672,-0.9405,1.0009,0.4271,60.3133,59.3723,0.9411
0.1305,1.5032,-0.1783,0.5191,0.4271,67.9794,68.7553,-0.7759
0.0121,-0.2824,-0.7579,-0.4622,0.4271,35.1907,36.1289,-0.9382
0.0529,0.2058,-0.6427,0.8097,0.4271,55.8075,51.7832,4.0243
-0.869,-1.0395,-1.445,-0.0599,-0.8474,1.5791,0.5443,1.0348
1.3339,1.0831,0.4208,0.3771,0.4271,75.3015,80.547,-5.2455
-0.2735,-0.5923,0.3817,-0.141,0.4271,43.9165,40.5841,3.3324
0.9609,1.9439,0.246,-0.0162,0.4271,70.2773,82.1509,-11.8735
0.9946,1.3519,-0.2126,0.2171,0.4271,62.8758,73.9484,-11.0726
0.6474,-0.4866,0.3353,0.3101,0.4271,44.6117,54.4175,-9.8058
1.7547,1.2745,0.7647,0.21,0.4271,91.1125,88.6935,2.419
1.3875,0.0168,0.9991,0.9676,0.4271,79.0164,77.6839,1.3325
-0.2854,0.5872,-0.6304,-0.7829,0.4271,48.9608,41.4711,7.4897
0.5428,0.8431,0.4266,-0.1858,0.4271,65.3322,65.5049,-0.1728
-0.7707,0.6478,-0.1281,-0.0034,0.4271,48.7965,46.2358,2.5606
0.2064,0.7078,-0.9392,0.4156,0.4271,50.0508,54.0526,-4.0018
0.8738,-0.7876,0.7447,0.1939,-2.3842,19.6131,22.4014,-2.7883
-0.1124,0.6975,0.2802,-0.0947,0.4271,57.7756,56.3539,1.4217
1.4639,0.2308,0.6204,0.7072,0.4271,71.4466,76.1862,-4.7396
0.6518,0.8338,0.3391,-0.1913,0.4271,69.4209,65.8571,3.5638
0.062,-0.8352,0.4114,-0.2572,-0.8474,14.9335,25.7272,-10.7937
0.9106,0.1159,-0.3544,1.0272,-0.8474,44.5722,48.5499,-3.9777
-0.9058,0.4209,-0.3346,-0.1373,0.4271,44.1769,39.717,4.4599
1.3109,1.6989,0.1566,0.4512,0.4271,83.7705,85.707,-1.9365
0.2546,0.7534,0.3437,0.1321,0.4271,62.4734,62.9791,-0.5057
0.3204,-0.5711,0.4999,0.057,0.4271,54.1385,49.4711,4.6674
-0.4877,-0.4226,0.3976,-0.6151,-0.8474,21.8081,21.8828,-0.0747
-0.2079,1.4375,-0.4029,-0.6247,0.4271,59.186,54.7117,4.4742
0.3738,-0.5383,0.2574,0.31,-0.8474,37.8953,35.1639,2.7313
-0.1102,0.4734,-0.4558,-0.1149,0.4271,46.467,48.0547,-1.5878
-0.0468,-0.5365,0.7099,-0.3693,0.4271,47.3519,44.5783,2.7737
-0.4528,-0.7638,-0.3196,-0.1884,0.4271,40.9722,31.0098,9.9624
-0.7214,-1.3154,-0.3851,-0.3893,0.4271,13.3578,20.0293,-6.6715
-0.587,-1.1755,-0.7042,0.0549,-2.3842,-4.283,-9.7244,5.4414
-1.592,-1.6106,-0.2957,0.0186,-2.3842,-21.6858,-22.4949,0.8091
-1.1234,-0.2085,0.4664,-0.3071,0.4271,31.0772,35.2909,-4.2138
0.0964,1.0435,-0.1923,0.5618,0.4271,72.4031,63.4106,8.9925
0.6425,-0.9274,0.0895,0.5391,0.4271,53.4093,49.1095,4.2998
1.1393,1.8419,0.1134,0.9815,0.4271,79.4012,88.8309,-9.4297
0.8308,-0.4961,0.2226,0.1313,0.4271,57.4066,54.1649,3.2417
-0.0696,0.165,0.4317,0.2192,0.4271,56.4156,54.1723,2.2432
0.0215,-0.504,0.3512,0.0726,0.4271,45.1962,45.9873,-0.7911
1.6046,0.5275,0.3924,0.8989,0.4271,85.9687,80.6087,5.36
-0.3291,0.2375,0.2611,-0.5254,0.4271,43.0619,45.7192,-2.6573
-0.7745,-0.3194,0.1953,-0.2341,0.4271,26.2057,36.2042,-9.9986
1.1862,-0.3479,0.1036,-0.2291,0.4271,62.224,56.2189,6.0051
-0.5512,-0.4653,-0.823,-0.2028,0.4271,30.9508,29.3382,1.6126
-0.7636,0.3538,0.6424,0.2724,0.4271,55.5649,50.8507,4.7142
-1.5538,-0.6366,0.0187,0.4473,0.4271,29.34,27.6655,1.6745
0.8375,0.8327,-0.0545,0.377,0.4271,71.5414,68.7556,2.7858
0.0085,-0.4601,0.7005,-0.1348,0.4271,50.0302,47.5869,2.4433
-0.4551,0.3619,-0.9251,-0.172,0.4271,44.0726,39.0995,4.9731
-1.0718,-0.3708,0.5032,-0.4419,0.4271,27.8489,33.3655,-5.5166
0.0908,1.325,0.0257,0.3278,0.4271,63.1808,66.5661,-3.3852
-0.4321,0.8395,-1.8682,0.0165,0.4271,41.5586,38.7699,2.7887
-0.467,-0.4978,-1.1401,-0.1534,0.4271,18.9053,27.7787,-8.8734
1.1928,1.2837,0.4904,0.2507,0.4271,78.4146,80.9473,-2.5327
0.772,-0.1681,-0.0722,0.2356,0.4271,53.8935,55.6815,-1.788
0.8834,-0.582,0.7146,-0.6115,-2.3842,28.2259,18.9855,9.2405
-0.5024,0.0205,0.4393,0.1559,0.4271,42.5869,47.5299,-4.943
0.3224,-0.0477,0.2251,-0.1319,0.4271,42.8374,51.9521,-9.1148
0.1814,-0.1819,0.1273,0.0274,0.4271,47.9097,49.2862,-1.3765
-0.5857,-0.511,0.807,-0.6166,0.4271,41.2927,38.1201,3.1726
-1.4973,0.1956,-1.4057,-0.3351,0.4271,14.0067,21.2319,-7.2251
-0.9718,0.132,-0.818,-0.0965,0.4271,40.7768,32.3262,8.4506
-0.5552,-1.0009,0.0655,-0.693,-2.3842,-2.1819,-6.6974,4.5155
-0.173,1.222,0.8125,-0.0458,0.4271,70.8606,66.0389,4.8217
-1.1618,-0.5101,-0.8949,-0.9753,-2.3842,-16.0922,-17.0283,0.9362
-0.268,0.931,-0.732,-0.2031,0.4271,35.3637,48.7723,-13.4086
-0.0216,1.0742,0.8525,0.5682,0.4271,74.2905,70.5737,3.7168
0.3655,-0.0863,0.9335,0.1932,0.4271,58.1054,59.6881,-1.5827
-0.9139,-0.9237,-0.319,-0.3943,-0.8474,9.8365,7.7037,2.1328
0.1615,0.2559,0.6619,-0.7178,0.4271,58.1675,52.9297,5.2378
-0.0154,-0.5378,-0.4523,-0.4295,0.4271,44.0197,35.5394,8.4803
-0.1135,0.1416,0.7707,0.5895,0.4271,65.9922,58.6212,7.3709
0.9686,0.8317,1.0355,-0.1331,0.4271,70.9971,74.9894,-3.9923
0.3748,0.7145,0.2287,-0.2823,0.4271,58.9479,60.0649,-1.117
-1.576,-0.5509,0.6317,0.1089,-2.3842,-2.8143,-2.644,-0.1703
-0.4306,-0.5736,-0.1353,0.3293,-0.8474,18.0887,23.2619,-5.1732
0.3203,-0.8091,-0.02,0.3123,0.4271,43.5083,44.5687,-1.0604
0.1018,0.3828,0.3136,-0.1436,0.4271,67.8288,55.027,12.8018
-0.4336,-0.2141,0.6101,0.2855,0.4271,49.8543,47.8434,2.0109
1.9008,1.6015,0.8483,1.3576,0.4271,96.3118,102.5546,-6.2428
-0.6788,0.8239,0.4012,-0.6714,-0.8474,34.0294,33.4881,0.5413
0.9401,0.592,-0.0037,0.0539,0.4271,69.4552,65.2925,4.1627
-0.4744,0.476,-0.796,-0.0187,-2.3842,0.8086,8.8346,-8.026
1.7464,1.1368,0.34,0.7193,0.4271,83.6999,87.3277,-3.6279
0.8805,-0.5391,0.1976,-0.142,-2.3842,23.1166,18.7235,4.3931
-1.5574,-0.3923,-1.1417,-0.2621,-0.8474,-2.8735,1.3742,-4.2477
0.6229,0.4561,-0.1122,-0.0548,0.4271,56.7319,58.7765,-2.0445
-0.1962,-0.5141,-1.422,-0.3704,-0.8474,14.1438,11.6783,2.4655
-1.5064,-1.1184,-1.189,-0.6459,-0.8474,-17.0799,-9.2761,-7.8038
0.9045,-0.3639,0.2948,0.0265,-0.8474,40.7464,41.1273,-0.3809
1.3373,0.7992,0.2632,0.5184,0.4271,79.6538,77.1607,2.4931
-0.3812,0.3659,-0.7156,0.2408,0.4271,53.8097,44.417,9.3928
0.7526,0.257,0.2403,0.0997,0.4271,58.1917,61.7133,-3.5216
-0.0215,-0.8203,0.3655,-0.0277,0.4271,39.9858,41.3844,-1.3986
-0.733,-0.5077,-1.3823,-0.1567,0.4271,19.0878,22.9317,-3.8439
1.4477,2.043,0.3366,0.0354,0.4271,85.3225,89.537,-4.2146
0.0402,0.0078,-0.8319,0.2833,0.4271,44.9538,44.3049,0.6489
-0.1358,0.4527,0.2121,-0.6909,0.4271,44.4778,48.683,-4.2052
0.5186,0.268,0.17,0.1123,0.4271,61.4642,58.877,2.5871
0.1275,0.5131,0.3107,-0.7213,0.4271,49.9291,52.7305,-2.8014
0.4237,0.4889,0.2054,0.6783,0.4271,56.4664,64.5506,-8.0842
0.8761,0.3041,0.7787,0.4234,0.4271,76.7656,69.9573,6.8083
-0.3766,0.3042,0.1173,-0.2645,0.4271,53.7074,46.6672,7.0402
-0.0461,-0.6122,-0.3888,0.1636,-0.8474,24.3039,23.8452,0.4587
-0.1758,0.4036,-0.2844,-0.42,0.4271,51.0088,45.7657,5.2432
-0.3213,-0.0764,-1.3816,-0.0383,0.4271,34.4572,33.0221,1.4351
0.9238,0.5574,1.0248,0.1949,0.4271,72.4087,73.6218,-1.2131
1.1273,0.5007,0.8419,-0.2423,0.4271,75.5604,70.719,4.8414
0.6513,-0.1868,0.3976,-0.2367,-2.3842,14.2888,21.1104,-6.8216
1.2496,0.2837,0.6732,1.0106,0.4271,71.1498,76.9999,-5.8501
-0.4179,-0.8285,-0.8522,0.1314,0.4271,25.2715,28.7805,-3.509
-0.5347,-0.0429,0.1276,0.3565,0.4271,44.0021,45.4673,-1.4652
0.4817,0.8391,1.0455,0.1883,0.4271,74.7618,72.167,2.5948
0.0871,0.0385,0.3785,0.321,0.4271,55.4603,54.7268,0.7335
-0.4701,-0.0704,-0.0428,-0.3856,0.4271,48.2439,39.3801,8.8638
-0.5298,-0.2462,-1.4491,0.171,0.4271,22.044,29.814,-7.7701
1.0226,0.7012,0.0223,0.0221,0.4271,72.9027,67.3845,5.5182
0.2083,-1.5417,0.2339,-1.035,-2.3842,-8.1784,-5.6797,-2.4988
-1.4216,-1.2695,-0.6266,-0.0186,-1.1097,-13.6593,-4.4964,-9.1629
0.3832,0.1075,-0.3713,0.5273,0.4271,59.8779,54.3415,5.5363
-0.0752,-0.0681,0.3348,-0.6407,0.4271,50.2685,44.7696,5.4989
0.853,0.8192,0.7198,0.3334,0.4271,75.7689,74.4242,1.3446
0.9989,1.3931,-0.2503,0.4092,0.4271,71.6205,75.504,-3.8835
-0.5118,-0.582,0.4757,-0.4372,0.4271,38.1325,36.8108,1.3217
0.1698,1.3526,0.3565,0.2692,0.4271,74.3228,69.861,4.4618
-0.7148,0.8101,-0.4948,0.2171,0.4271,52.8757,47.3721,5.5036
-0.6006,0.6469,-1.0563,-0.0321,0.4271,30.2763,40.7084,-10.4321
-0.7962,-0.3559,0.8502,-0.2655,0.4271,47.3015,40.3808,6.9207
0.9625,1.2576,0.6989,0.1261,0.4271,80.6323,78.9248,1.7075
0.7297,0.9705,-0.8414,1.5321,0.4271,76.8037,71.1251,5.6786
1.0619,-0.4197,0.3233,0.5015,0.4271,67.0318,60.8487,6.1831
-0.3005,0.0647,-1.2306,0.1515,0.4271,39.4689,37.3116,2.1573
-0.2709,0.3084,0.004,-0.9859,0.4271,50.3212,41.962,8.3592
-0.5523,0.2718,0.436,0.3204,0.4271,54.6692,50.939,3.7302
0.2642,1.0592,0.1178,0.1366,0.4271,66.6095,64.8143,1.7952
-1.402,-1.3228,-0.1624,0.1581,-2.3842,-19.9055,-15.2268,-4.6787
-0.422,-0.3944,0.0237,-0.0506,-0.8474,26.5995,23.9508,2.6487
0.3624,0.6758,-0.2987,0.6714,0.4271,60.7757,62.0697,-1.294
-0.7194,-1.354,0.1947,-0.0901,-2.3842,-13.6858,-7.2422,-6.4435
0.6544,-0.6627,0.56,0.3679,-2.3842,30.8748,21.2451,9.6297
1.1718,1.0404,-0.8096,-0.1232,0.4271,68.6298,65.3873,3.2425
0.0048,0.3736,-0.0312,0.732,0.4271,46.4091,57.3185,-10.9094
-0.5785,0.0341,0.6167,-0.2272,-0.8474,26.9772,30.4279,-3.4506
-1.2714,-0.6616,0.7187,-0.1176,-2.3842,1.526,-1.5309,3.0569
-0.8094,-0.6906,-0.1671,0.3061,0.4271,35.3036,32.6225,2.6811
-0.2964,0.3321,0.9196,0.1307,0.4271,57.0489,56.7597,0.2893
-0.4311,0.4002,0.0347,0.0606,0.4271,52.1018,48.7886,3.3132
0.808,1.0416,-0.7885,0.3507,0.4271,58.9792,64.9583,-5.9791
0.9274,-0.1375,0.8137,-0.1216,-0.8474,43.6762,46.8818,-3.2056
-1.5802,-1.5858,0.1042,-0.1524,-2.3842,-17.4305,-20.201,2.7704
-0.0113,0.1337,-1.0203,0.214,-0.8474,39.2711,28.0974,11.1737
-0.2984,-0.243,0.2081,0.2234,0.4271,48.9624,45.4429,3.5195
-0.4955,0.725,0.0014,0.1307,0.4271,54.0478,51.9802,2.0675
0.2956,0.1063,0.036,-0.1951,0.4271,54.9987,51.5017,3.497
-0.7707,-0.0918,-1.7114,-0.0964,0.4271,31.8285,25.0916,6.7369
-0.1765,-0.4091,-0.4447,-0.0788,-2.3842,11.6418,4.3574,7.2844
-1.251,-0.5429,0.1466,0.337,-2.3842,-1.6601,-1.2187,-0.4414
-0.0953,-1.2729,-0.2036,0.2332,-0.8474,16.6427,17.7974,-1.1546
0.0877,1.2313,0.3324,-0.0554,0.4271,66.4995,65.1741,1.3255
0.5922,0.3823,0.0727,0.3007,0.4271,74.2036,61.5107,12.6928
0.2838,-0.5728,0.6131,-0.3142,0.4271,34.8469,47.3501,-12.5032
0.2757,-0.0098,0.8918,-0.0038,0.4271,51.3043,57.8966,-6.5923
-1.5496,-1.36,-0.7117,0.172,-0.8474,-3.2356,-3.099,-0.1366
-0.766,-0.2381,-0.4129,-0.5099,0.4271,25.4946,30.6123,-5.1177
-0.0785,0.0628,0.1561,0.367,0.4271,53.3173,51.8348,1.4825
0.9524,0.982,-0.2339,0.8668,0.4271,77.9573,73.69,4.2674
1.5759,1.3418,0.4309,0.6993,0.4271,89.084,88.3665,0.7175
1.6185,0.6725,-0.9172,0.897,0.4271,68.2778,72.2987,-4.0209
-1.4422,0.9332,0.8036,-0.1558,0.4271,36.3489,48.3597,-12.0107
0.4654,0.6788,0.6726,0.372,0.4271,71.6892,68.598,3.0912
0.7102,-0.7816,-0.0441,0.4775,-2.3842,18.9062,16.6188,2.2874
0.1835,-0.262,-0.2638,0.0508,0.4271,38.2873,45.5607,-7.2734
-1.5432,-0.9131,-1.7662,-0.6346,-2.3842,-32.1053,-29.981,-2.1243
-0.7468,-0.9409,0.1633,-0.4759,-2.3842,-4.5207,-5.8139,1.2932
-0.667,0.4866,0.1416,0.4215,0.4271,53.4435,50.5631,2.8804
-1.5242,-1.7245,-1.5003,-0.1164,-2.3842,-26.909,-33.2546,6.3455
0.7581,0.3812,-0.7918,0.0881,0.4271,58.1426,55.1475,2.9951
-0.8903,-0.0268,-0.7782,0.3403,-0.8474,20.2325,19.6147,0.6178
-1.2481,-0.7283,0.0577,0.186,-0.8474,14.8393,13.2526,1.5866
-0.0092,-0.5414,-0.4474,-0.3163,-2.3842,-6.4239,2.9924,-9.4163
0.2451,-0.3193,-0.2451,0.173,0.4271,43.55,46.5709,-3.0209
-0.1338,0.1004,0.2588,-0.8537,0.4271,41.8103,43.9702,-2.1599
-1.3616,1.0001,0.2947,-0.3274,0.4271,38.3772,44.8666,-6.4894
0.5723,0.0481,-1.023,-0.6453,0.4271,43.8229,42.5346,1.2882
-0.6559,-0.5977,-1.6951,0.2417,0.4271,26.0383,23.1083,2.93
0.3619,0.1863,-0.3838,0.0737,0.4271,41.4362,51.7497,-10.3135
-0.5689,-0.2334,0.477,-0.6268,-2.3842,4.9234,5.4113,-0.488
0.7873,0.4399,0.3439,0.1215,0.4271,71.2724,65.0897,6.1826
0.2195,0.4148,0.4713,0.3428,0.4271,59.8153,61.2426,-1.4273
-1.2503,-0.5157,-0.815,-0.5554,-0.8474,3.1146,3.7515,-0.6369
-0.2663,-0.6328,0.1999,-0.2948,0.4271,42.3933,37.7379,4.6554
1.1664,0.9971,0.3865,0.0766,0.4271,77.6127,75.4332,2.1795
-0.8945,-0.3241,0.3069,0.1838,0.4271,37.6789,38.6288,-0.9499
-0.0806,-1.8436,-0.5622,-0.4415,-2.3842,-15.8882,-14.169,-1.7192
0.2433,-0.4826,-1.0504,-0.3981,-2.3842,-2.7892,1.15,-3.9391
0.5432,1.6378,-0.0131,-0.8844,0.4271,68.0171,66.2067,1.8105
0.7561,-0.3629,-0.3049,0.1943,0.4271,48.7892,51.2432,-2.4539
0.2944,-0.0938,-0.5066,1.2125,0.4271,59.1318,54.8484,4.2834
0.3902,0.2406,-0.0171,0.0413,0.4271,59.553,55.2601,4.2928
0.1998,0.8498,-0.3367,0.167,0.4271,61.4138,58.4853,2.9285
-1.5972,-1.1791,0.1381,-0.2766,0.4271,13.3922,16.987,-3.5948
0.5724,0.2347,0.4528,0.5773,0.4271,64.2634,64.4852,-0.2217
-0.1048,-0.4729,-0.7069,0.1448,0.4271,29.0968,37.3449,-8.2482
0.0778,0.221,0.5129,-0.2879,0.4271,58.9734,53.4822,5.4912
-0.7159,-0.4694,0.1484,-0.9185,0.4271,27.7929,30.027,-2.2341
-0.2626,-0.3525,-1.01,0.4611,0.4271,23.0361,36.8755,-13.8394
0.4087,-0.8555,-0.883,0.2218,-0.8474,15.9212,22.585,-6.6638
-0.502,-0.6602,-0.4744,-0.0851,0.4271,24.313,31.1748,-6.8619
-1.5548,-0.4919,-0.0002,-0.5326,0.4271,14.2742,22.3263,-8.0521
0.3858,-0.9199,-0.4468,-1.0487,-1.1097,14.6491,13.0226,1.6265
-0.5058,-0.6661,0.9541,-0.3435,0.4271,46.3487,40.2616,6.0872
-0.1618,0.029,0.4599,0.1817,0.4271,51.656,51.612,0.044
0.7127,0.6197,0.517,0.2886,0.4271,65.3493,68.8065,-3.4573
-0.9259,-0.7174,-0.6023,-0.4937,0.4271,15.9695,22.1656,-6.1962
-0.2555,0.2694,0.5182,0.0547,0.4271,45.8453,52.8767,-7.0314
-0.2435,-0.5166,0.8152,0.1246,0.4271,34.5593,46.9374,-12.3781
-1.2991,-0.0658,0.7219,0.3923,-0.8474,30.5503,26.6995,3.8508
0.1549,-0.2913,0.355,0.0696,0.4271,51.6365,49.8176,1.8189
0.4306,0.3836,0.0366,0.8244,0.4271,68.8488,63.1577,5.6911
-0.0302,1.4855,-1.6202,0.5405,0.4271,59.5782,55.8907,3.6875
0.7987,1.1545,0.5487,0.1367,0.4271,74.3898,74.9287,-0.5389
0.0779,0.1646,-1.6232,0.1613,0.4271,44.0367,39.5374,4.4993
-1.3776,-1.6775,-0.1192,-0.5386,-2.3842,-23.9273,-23.4633,-0.464
0.9713,0.9624,0.9659,0.0394,0.4271,77.0,77.1512,-0.1512
0.0872,0.4547,0.2052,-0.2884,0.4271,56.3147,53.8394,2.4754
0.3838,-0.1025,0.5656,1.2053,0.4271,62.6627,63.908,-1.2453
0.6327,0.3156,0.7655,0.8741,0.4271,75.1944,70.512,4.6824
1.23,0.3778,0.6483,0.1015,0.4271,73.6838,71.3382,2.3456
0.1098,0.2596,-0.5145,0.2747,0.4271,51.9153,50.2652,1.6501
0.7155,0.408,0.5292,-0.8472,0.4271,60.4096,58.6538,1.7558
0.9706,0.5587,0.829,0.2311,0.4271,66.7394,72.8838,-6.1444
-0.5324,-0.2593,-1.2476,0.0837,-0.8474,10.7218,15.4395,-4.7177
-0.4593,0.3193,0.0559,-0.8979,0.4271,40.3816,41.0765,-0.695
0.2877,-0.0692,-0.9295,-0.6956,0.4271,33.2853,38.5372,-5.2519
1.2669,0.0624,-0.1017,0.7649,0.4271,63.3508,67.0286,-3.6779
0.1083,0.8977,-0.5644,-0.0687,0.4271,53.7017,54.6538,-0.952
-0.9977,-0.6,-0.3753,0.0083,-2.3842,-7.543,-5.4468,-2.0962
1.5335,1.2483,0.5318,-0.0947,0.4271,76.949,82.1178,-5.1688
-1.2594,-0.4784,-1.7927,-0.1821,-0.8474,-0.0134,-0.8534,0.84
-0.5186,-0.904,-0.746,-0.688,-0.8474,9.1492,6.8344,2.3148
0.8303,1.8501,0.8334,0.0453,0.4271,83.2651,84.6439,-1.3788
0.8996,-0.0089,0.5756,0.4253,0.4271,56.5041,65.1408,-8.6367
1.2778,1.4834,0.3301,1.026,0.4271,77.8518,88.2588,-10.407
-0.5624,0.9832,0.5816,0.4216,0.4271,62.3901,60.654,1.7361
-0.102,-1.3253,0.6885,0.2796,-0.8474,17.4299,24.3215,-6.8916
-0.1083,0.6349,-0.4436,-0.3467,0.4271,43.9712,48.3743,-4.403
-0.8247,-0.6381,1.0359,-0.8088,-0.8474,19.8436,19.4133,0.4304
1.1936,1.51,-0.0435,0.1122,0.4271,79.427,78.4311,0.9959
-0.9932,-0.1845,0.0174,-0.7405,0.4271,16.2841,30.4887,-14.2046
0.1013,0.5051,-0.8807,-0.8552,0.4271,43.2028,42.2631,0.9397
-0.7385,-0.0351,-1.2542,0.2352,0.4271,27.6864,31.8972,-4.2108
-0.1401,-0.3302,0.4035,0.0833,0.4271,41.3051,46.6873,-5.3822
-1.4357,-0.9522,0.3674,-0.1922,-0.8474,4.7437,8.4795,-3.7358
-0.8659,-0.556,-0.4355,0.1073,0.4271,33.2496,30.0839,3.1657
1.2417,0.991,0.4832,-0.237,0.4271,80.2714,74.7342,5.5373
1.8025,0.3341,0.7096,1.0158,0.4271,93.7974,83.8065,9.991
0.1855,0.2253,-1.383,0.277,0.4271,54.3539,44.0244,10.3295
-0.4657,0.0605,0.767,-0.7506,0.4271,39.2544,44.5919,-5.3374
0.7366,-0.7374,0.2832,0.1356,0.4271,40.2806,50.9399,-10.6594
-0.5978,0.5431,-0.4213,0.3586,0.4271,53.9331,47.1714,6.7617
0.9665,0.6792,0.093,0.7627,0.4271,71.1281,72.2286,-1.1004
-0.5712,-0.2146,-0.4574,0.3243,0.4271,40.6531,38.4204,2.2327
-0.7321,0.4149,0.4812,0.1796,0.4271,49.7101,49.9899,-0.2798
-1.7256,-1.6435,-1.1427,-0.8999,-2.3842,-37.1649,-37.1966,0.0316
0.2963,0.3103,-0.1611,0.5743,0.4271,61.4389,57.6351,3.8038
0.2348,0.3412,-0.164,0.3034,0.4271,61.2719,55.4173,5.8546
-0.9241,-1.0541,-1.2103,-0.7381,-2.3842,-16.9903,-21.3769,4.3866
-0.8942,-0.2072,-0.7132,0.5332,-0.8474,14.7332,19.3861,-4.6528
-1.2828,-1.3748,-1.0842,-0.6892,-2.3842,-37.1904,-27.5165,-9.6739
0.3832,0.3698,-1.1339,0.0868,0.4271,53.5232,48.3617,5.1615
0.1631,-1.501,0.907,-0.5214,0.4271,28.0301,36.4416,-8.4115
0.4473,-0.4449,0.1988,-0.9154,0.4271,47.2369,43.1744,4.0625
-0.7565,0.9499,-0.714,0.3619,0.4271,45.2697,47.8158,-2.5461
0.9044,0.0898,0.859,-0.5653,0.4271,59.574,61.5963,-2.0223
-0.5247,-1.0517,0.702,0.1673,-2.3842,-4.6785,3.9345,-8.613
1.0742,-0.0482,0.2368,0.128,0.4271,56.3123,61.8963,-5.584
1.2605,0.9567,-0.2115,1.4163,0.4271,81.0126,80.6985,0.3141
-0.241,-0.4018,-0.9808,-0.1279,0.4271,38.8447,32.6835,6.1612
0.4407,1.6978,0.5239,0.1657,0.4271,74.0877,77.2142,-3.1265
-0.0397,-0.9665,-0.4923,0.0103,0.4271,38.6827,33.2085,5.4742
-0.5392,-1.1681,-1.5457,0.0003,0.4271,17.3355,17.416,-0.0805
0.1187,-0.8664,0.3429,-0.197,0.4271,34.8591,41.0168,-6.1577
0.9425,-0.2496,0.8669,-0.0214,0.4271,69.4739,62.0301,7.4438
0.9122,1.2022,0.2095,0.326,0.4271,68.9002,75.388,-6.4878
-0.4148,-0.7145,-0.2944,-0.552,-2.3842,-2.332,-3.7621,1.4301
-0.2034,0.8541,0.2109,-0.0299,0.4271,57.8925,57.0571,0.8353
0.2119,0.3971,0.4424,0.7013,0.4271,60.3496,63.2315,-2.8818
0.3113,-0.6499,0.7305,0.0255,0.4271,52.7165,50.0426,2.674
0.6751,-0.3102,0.0691,-0.0856,0.4271,44.8288,51.8998,-7.071
1.3762,2.2225,0.1182,0.127,0.4271,80.9389,89.7455,-8.8067
1.0051,0.3301,-0.361,-0.202,0.4271,61.6043,58.5165,3.0878
0.5619,-0.1788,0.5536,0.2017,0.4271,59.9381,57.8883,2.0498
1.426,1.0008,0.6611,-0.0434,0.4271,79.7317,79.5337,0.1981
-1.611,-0.4607,-0.5549,-1.2865,0.4271,5.1915,12.5662,-7.3747
-0.3804,-0.5224,-0.0568,-0.874,0.4271,35.9754,31.756,4.2194
0.3412,0.7566,-0.5097,-0.3637,0.4271,60.6809,53.9323,6.7485
0.1124,0.0697,-0.3427,0.0239,0.4271,46.5292,47.7361,-1.2069
-1.4308,-1.1252,0.7052,-0.0628,0.4271,22.7773,25.2256,-2.4483
-1.3537,-0.6384,-0.0507,-0.0998,0.4271,15.5683,25.4525,-9.8842
-1.2177,-0.9656,-0.1307,-1.3632,-2.3842,-18.9008,-19.5664,0.6656
-0.2971,0.5833,-0.0236,-0.5511,0.4271,45.9476,47.5819,-1.6343
-0.5165,-0.3673,0.3685,-0.1908,0.4271,47.5467,40.0632,7.4834
0.4821,-0.6344,0.6335,-0.8055,0.4271,43.1972,45.5251,-2.3278
0.3901,0.5441,0.7388,0.6544,0.4271,66.3926,68.7482,-2.3557
1.3722,1.3651,0.3114,1.1674,0.4271,86.8451,88.781,-1.9359
-0.4342,-0.9309,-0.5513,0.4544,-1.1097,15.7157,13.7572,1.9585
-0.2339,-0.3326,0.94,-0.4023,-2.3842,7.6174,13.0076,-5.3902
-0.1887,-0.3979,-0.1077,0.5819,0.4271,46.057,44.9382,1.1189
-0.4626,-0.7474,-0.5268,0.0273,0.4271,17.1536,30.9938,-13.8401
-0.6223,-0.4051,-0.6135,-0.2478,0.4271,44.0211,30.5533,13.4678
-0.9797,-0.4054,-0.4438,-0.5099,-0.8474,10.4828,11.0625,-0.5797
-1.8,-1.4992,-0.888,-0.6964,0.4271,-13.8452,0.4022,-14.2474
0.4516,0.5778,-0.0459,0.1176,0.4271,61.5633,60.0186,1.5447
-0.5857,0.1621,-0.6134,-0.6114,0.4271,34.2562,34.7973,-0.5411
-0.0319,0.594,0.8805,-0.0018,0.4271,64.0439,61.3171,2.7268
1.2451,-0.002,0.6913,0.3625,0.4271,62.6166,69.3728,-6.7563
0.7743,0.9095,-0.367,-0.5126,0.4271,61.2544,60.3549,0.8995
-0.7234,-0.4583,0.5989,-0.0203,0.4271,37.0222,39.7809,-2.7587
-1.095,-1.5642,-0.0422,0.2319,0.4271,23.318,20.184,3.134
0.7505,0.256,0.1661,0.3016,0.4271,68.1681,62.511,5.6571
-1.6949,0.3033,-0.9404,-0.0598,-0.8474,8.489,10.6786,-2.1896
0.7217,0.8083,0.5852,0.5538,0.4271,74.4659,73.3907,1.0751
1.161,0.3118,0.4852,1.2335,0.4271,73.2224,76.4703,-3.2479
0.0792,0.4775,0.1502,0.1395,0.4271,57.7702,56.5616,1.2086
-1.4306,-0.831,-0.165,-0.7761,0.4271,12.3352,16.8818,-4.5466
-0.3061,-0.1916,-0.2159,-0.2379,0.4271,28.7717,39.4691,-10.6975
-1.3365,-1.2216,0.7621,-0.6078,-0.8474,1.0511,6.6587,-5.6077
-0.9723,-0.1726,0.7891,-0.3959,-0.8474,20.7631,24.0374,-3.2742
-0.9371,-0.6655,-0.3695,0.0742,0.4271,23.7544,28.3678,-4.6134
-0.8547,-0.5245,-0.2843,0.3749,-0.8474,12.0902,18.4404,-6.3502
1.5259,1.8123,0.5014,0.4616,0.4271,90.8614,92.0114,-1.15
-1.394,-0.9655,-0.4156,-0.6278,0.4271,10.3196,14.8648,-4.5452
-0.7835,0.3882,0.0641,0.2964,0.4271,47.8954,46.7419,1.1535
0.6892,-0.1096,0.4597,-0.6194,0.4271,46.4524,53.6015,-7.1491
-1.8224,-1.2267,-0.7635,0.5902,0.4271,5.046,13.1277,-8.0817
0.777,0.8809,0.6159,0.556,0.4271,75.4348,75.0513,0.3835
0.7973,-0.6439,0.1951,0.5374,0.4271,55.0335,54.7556,0.2779
-0.3827,-1.2049,-0.8021,0.0067,-2.3842,-3.7207,-8.9541,5.2335
0.2401,1.0661,-0.136,0.066,0.4271,61.6387,62.1905,-0.5518
-0.2175,-1.062,-0.4604,0.2128,0.4271,26.1111,31.8836,-5.7725
-1.0645,-0.1826,0.1266,-0.7847,0.4271,32.1529,30.2792,1.8736
0.4393,0.5976,-1.0014,-0.4718,0.4271,49.7457,48.6601,1.0857
0.2076,-1.2083,0.3969,-0.1191,0.4271,36.5555,39.0817,-2.5262
-0.3142,-0.2899,0.2003,-0.3873,0.4271,33.1485,40.4409,-7.2924
1.3867,0.6723,1.0835,0.5407,0.4271,86.4773,82.7297,3.7477
-0.1143,0.6056,0.1796,-0.1389,0.4271,58.995,54.2189,4.7761
-0.0004,0.199,-0.315,0.2025,0.4271,52.8131,49.4354,3.3777
-0.6684,-0.4635,-0.1583,-0.1871,0.4271,27.2091,33.3255,-6.1164
-0.1628,0.558,-0.5323,0.2445,0.4271,52.3599,50.3535,2.0064
0.6241,0.1489,-0.1669,0.5718,0.4271,60.092,59.2696,0.8224
0.0375,-0.8435,0.0725,-0.3128,0.4271,33.8247,37.5177,-3.693
0.6931,0.7325,0.1037,0.3221,0.4271,60.3048,66.9172,-6.6123
0.0081,-0.5334,-0.2792,0.2343,0.4271,37.9811,41.7879,-3.8067
-1.3271,-1.3813,-0.07,0.0767,-2.3842,-13.1078,-14.9371,1.8293
0.8839,-0.5078,0.3167,0.2972,0.4271,56.345,56.4807,-0.1358
0.3688,-0.096,0.5473,0.0738,0.4271,59.0842,55.8133,3.2708
-1.5005,-1.4206,0.0361,0.423,-2.3842,-9.6688,-14.013,4.3442
0.0226,0.2424,0.2668,0.223,0.4271,52.2435,54.7882,-2.5448
-0.3018,-0.7872,-0.6357,-0.119,-0.8474,17.7502,15.2734,2.4768
-0.4673,-0.8321,0.6123,-0.6491,-2.3842,-4.4252,0.6549,-5.0801
0.5789,1.1305,0.5954,0.1715,0.4271,75.8662,72.906,2.9601
-0.3763,0.5408,-0.873,-0.1794,0.4271,49.3799,42.3041,7.0758
0.4179,-0.847,0.2146,-0.3447,-0.8474,20.8919,27.2854,-6.3935
-0.3524,0.2614,-0.165,-0.1039,0.4271,46.6835,45.39,1.2936
-0.5426,-0.2437,0.4767,-0.6986,-0.8474,23.7313,23.3343,0.397
-0.4212,-0.0316,-0.1606,-0.6001,0.4271,38.0319,37.9433,0.0886
-0.4276,-0.2693,-0.2906,0.2327,0.4271,38.0714,39.9906,-1.9192
-0.4531,-1.0285,0.2861,-0.3663,-0.8474,18.3951,16.3125,2.0826
-0.0949,-0.6196,-0.0856,-0.4425,0.4271,27.8125,36.4996,-8.6871
-0.792,-1.5408,0.0944,0.1439,0.4271,21.7676,24.134,-2.3663
0.5888,1.042,1.0074,0.083,0.4271,81.4203,74.5712,6.8491
-0.0257,-0.0526,-0.2959,0.9098,0.4271,44.2605,51.3991,-7.1387
-0.3299,-0.6586,-0.9369,-0.9961,0.4271,18.8064,23.1449,-4.3384
-0.5898,-1.6359,-0.8742,-0.3795,-0.8474,-4.8747,-1.0011,-3.8735
-0.7543,-1.156,0.1203,0.1429,0.4271,18.6262,29.0557,-10.4295
0.4168,0.2446,-0.0379,0.0096,0.4271,60.669,55.209,5.4601
1.1093,1.1244,0.4222,0.5795,0.4271,80.1515,80.0229,0.1286
0.9103,0.1862,0.3595,0.1313,0.4271,56.2068,63.7432,-7.5365
-0.0132,0.308,-0.0121,-0.4415,0.4271,41.697,48.3783,-6.6813
-0.6223,-0.6689,-0.1877,-0.5505,0.4271,26.8034,28.7588,-1.9554
0.6053,-0.0798,0.1298,-0.2275,-2.3842,23.3289,19.8247,3.5042
1.4115,0.8399,0.2052,0.2996,0.4271,70.0055,76.446,-6.4406
-0.9665,0.1953,0.3201,-0.4324,0.4271,38.5068,39.5164,-1.0096
-0.3404,-0.6801,-1.042,0.2731,0.4271,22.1934,30.8045,-8.6111
-0.4405,0.3116,-1.2418,-1.0374,0.4271,28.001,30.2383,-2.2373
0.2318,0.7607,-1.2311,0.8633,0.4271,54.4351,55.7845,-1.3494
1.2572,-0.015,0.4443,0.2548,0.4271,65.5265,66.7078,-1.1813
0.3326,-0.4419,0.2734,-0.6256,0.4271,44.5722,44.5686,0.0036
0.4175,0.3261,0.6655,-0.5409,0.4271,46.8731,57.7188,-10.8457
0.4422,0.3022,0.3262,0.0453,0.4271,69.0479,59.1786,9.8694
-1.3142,-0.8214,-0.257,-0.7764,-2.3842,-20.6383,-15.8707,-4.7676
-0.826,-0.8236,-2.166,0.062,-0.8474,-3.5384,-1.2666,-2.2718
0.6731,0.4323,-0.4511,0.428,0.4271,52.1953,59.7955,-7.6002
1.5117,0.9941,0.5365,0.6892,0.4271,87.1243,84.5108,2.6135
0.0938,0.462,0.7039,0.1331,0.4271,66.2944,60.7587,5.5357
-0.482,-1.1022,-0.5794,0.6556,-2.3842,0.142,-2.6407,2.7827
-0.3057,-0.2711,0.4782,0.4044,0.4271,47.5663,48.3844,-0.8181
0.3811,1.2468,0.4372,-0.1223,0.4271,70.6167,68.8334,1.7833
-0.9305,-1.328,-2.2608,-0.0758,-1.1097,-9.609,-12.8611,3.2521
0.525,0.2939,0.2702,-0.0583,0.4271,68.8673,58.8215,10.0458
1.4164,2.0042,0.4315,0.866,0.4271,89.7576,95.2697,-5.5121
-0.8059,0.1751,-0.0826,-0.6355,0.4271,39.6539,36.4999,3.1539
-0.8169,-0.7183,-1.8459,0.3043,0.4271,16.7811,19.3024,-2.5213
-0.2347,0.2459,-0.0288,0.1715,0.4271,46.625,49.4394,-2.8144
-0.6851,-0.7793,-0.3158,0.1918,-0.8474,13.9852,15.8771,-1.8919
1.0491,-0.3867,0.2533,0.0771,0.4271,53.8425,57.5937,-3.7511
-1.3417,-1.0523,0.6023,0.3675,-2.3842,-6.3876,-4.2013,-2.1863
-0.2896,-1.0567,0.2276,-0.5133,0.4271,29.9461,31.4162,-1.4701
-0.488,-0.9188,0.0523,0.1566,-0.8474,13.6157,19.0073,-5.3916
-0.3724,0.6807,0.1317,-0.0933,0.4271,51.9495,52.2468,-0.2972
0.6069,0.2209,-0.1079,0.2059,0.4271,62.0424,57.8044,4.2379
-0.6616,-0.6136,-0.4597,-0.1368,0.4271,30.428,29.7417,0.6863
0.1389,0.6057,-0.5049,-0.0053,0.4271,46.6032,52.5956,-5.9924
-1.2291,-1.3322,0.1134,-0.5733,-0.8474,-8.7741,1.8157,-10.5898
0.8713,-0.0897,0.7138,-0.5373,0.4271,62.9662,58.3007,4.6655
0.363,0.0286,0.259,-0.5552,0.4271,58.253,50.5619,7.6911
0.2042,-0.2015,0.5541,0.3787,0.4271,57.2314,55.0355,2.196
-1.2667,-0.1201,-0.0179,-0.553,0.4271,29.7602,29.3139,0.4463
-0.4447,0.3884,-0.5106,-1.0857,0.4271,28.5251,36.3465,-7.8215
0.6009,0.7303,0.393,0.4019,0.4271,75.0754,68.6851,6.3903
1.6302,1.0053,0.3142,0.6278,0.4271,81.8229,83.7692,-1.9463
-0.4065,-1.1294,-0.1191,0.0409,0.4271,29.1807,30.5308,-1.3501
-0.3506,-1.2413,0.0609,0.1717,0.4271,34.0698,32.166,1.9039
-0.2769,0.4313,0.8275,0.1949,0.4271,64.4669,57.8231,6.6438
0.1047,0.7805,0.5284,-0.1255,0.4271,65.1664,61.3094,3.857
0.9397,0.2519,0.4403,-0.3114,0.4271,69.4428,62.3411,7.1017
0.1997,-0.2562,0.5421,0.2066,0.4271,38.6111,53.0841,-14.473
-1.6588,-1.2988,-1.4373,-0.3928,-2.3842,-24.4283,-31.3461,6.9178
-0.3172,-0.7347,-0.443,-0.3592,-0.8474,15.4645,15.5122,-0.0478
1.0738,-0.417,0.5984,0.6382,0.4271,62.3165,64.0736,-1.7571
-0.6293,-1.1524,-0.1968,0.0245,0.4271,26.7079,27.1738,-0.4659
-0.8034,-0.1963,-0.1343,-0.8954,0.4271,28.5332,30.1458,-1.6127
1.2012,0.5733,-0.2148,0.0406,0.4271,71.0657,66.1641,4.9016
0.6191,-0.222,0.3318,0.0193,0.4271,46.3429,55.0413,-8.6984
-0.1306,0.2571,-0.2403,-0.2971,0.4271,45.5284,45.7956,-0.2672
0.0502,0.6141,-0.7635,0.4807,0.4271,55.4321,53.1289,2.3032
1.1282,0.0733,0.7034,0.3533,0.4271,68.8115,68.9971,-0.1856
-1.2895,-0.8431,0.2874,0.2904,-2.3842,-5.8748,-4.2466,-1.6282
-1.6618,-0.6828,0.2647,0.0411,0.4271,36.7643,25.058,11.7063
0.3606,1.4109,0.3451,0.1314,0.4271,67.2512,71.5152,-4.2639
-0.2199,-0.286,0.5381,-0.4622,0.4271,46.0293,43.5729,2.4564
-0.7132,-1.6682,-0.4632,-1.0059,-0.8474,-5.0956,-3.8786,-1.217
-0.651,-1.4221,-0.895,-0.6107,0.4271,8.1969,14.122,-5.9251
0.1994,1.4459,0.7864,-0.9215,0.4271,62.1374,66.2587,-4.1213
0.4937,-0.5769,-1.2536,-0.3668,0.4271,35.5245,34.8268,0.6977
-1.6963,-0.7166,-1.1549,0.0621,-2.3842,-18.4696,-19.8663,1.3967
-0.6457,0.4216,-0.5039,0.8255,0.4271,46.2086,47.9019,-1.6934
-0.2082,0.5186,0.7859,-0.0279,0.4271,57.2308,57.6709,-0.4401
0.7537,0.957,-1.023,-0.6635,0.4271,54.4019,54.5724,-0.1704
-1.7884,-0.774,-0.7603,-0.3541,-2.3842,-22.4981,-21.356,-1.1421
0.8276,0.9258,0.6581,0.2248,0.4271,73.2322,74.1217,-0.8895
-1.1727,0.6066,0.0646,-0.2596,0.4271,44.1808,41.1668,3.0141
-0.3946,0.1727,0.2748,0.2704,0.4271,50.8477,49.9259,0.9218
0.1202,0.858,0.2561,0.0768,0.4271,67.9319,61.6574,6.2745
-1.8083,-0.2061,0.4323,-0.2479,0.4271,34.3832,28.1287,6.2545
0.9458,1.7777,0.1319,0.0214,0.4271,74.6818,79.5042,-4.8224
-0.0801,-0.4785,0.3929,0.1979,0.4271,51.48,46.3782,5.1018
-1.5566,-1.1166,-1.1231,-0.7281,-2.3842,-27.469,-28.115,0.646
0.9161,1.5009,-0.5213,0.5977,0.4271,68.8648,75.053,-6.1882
0.9137,0.4414,0.3845,0.1549,0.4271,69.1689,67.0061,2.1628
-0.254,-0.9293,0.1334,0.1994,-2.3842,3.7116,4.0593,-0.3476
-0.7435,-1.0548,0.3615,0.0059,-2.3842,1.0771,-2.1857,3.2628
-1.1178,-0.3798,-0.8165,0.0291,-2.3842,-6.1223,-7.5075,1.3852
0.581,0.9117,-0.0267,0.2163,0.4271,65.2832,65.9937,-0.7104
0.6756,0.6394,0.4681,-0.1284,0.4271,62.0806,65.3552,-3.2745
-0.3458,0.9173,0.3713,-0.809,0.4271,44.553,52.0611,-7.5082
-1.561,-0.4634,0.0959,-0.6238,0.4271,21.1111,22.6845,-1.5734
0.1921,-0.1405,0.1219,0.5777,0.4271,45.7904,53.6501,-7.8597
1.2297,-0.0247,0.3859,1.1242,0.4271,68.384,71.8983,-3.5143
-0.5293,-1.0254,-0.9831,0.2598,-2.3842,-3.8104,-8.1389,4.3285
0.8371,0.582,0.4136,0.1131,0.4271,64.1686,67.7003,-3.5317
-1.2742,-0.6358,0.1552,-0.5814,0.4271,20.6242,24.57,-3.9458
0.3054,-0.3165,0.7462,0.7604,0.4271,64.8628,58.9583,5.9045
1.9336,2.1805,0.8844,0.6547,0.4271,98.625,104.8089,-6.1839
-0.3746,-0.8722,-0.3658,0.2992,-1.1097,8.2086,15.4041,-7.1955
-0.195,-0.9438,-0.8452,0.0322,-2.3842,-0.7451,-4.1613,3.4163
0.629,0.5809,0.7916,0.0274,0.4271,71.3548,67.7699,3.5849
0.5561,0.2739,0.6339,0.6499,0.4271,73.657,66.6513,7.0057
-0.5025,-1.2304,-0.0764,-0.5691,-2.3842,-7.7674,-8.9444,1.177
-0.0989,0.5995,-0.7117,0.06,0.4271,47.6627,48.8412,-1.1785
1.2095,0.4107,0.8496,0.3895,0.4271,81.0462,75.0377,6.0085
0.838,-0.1555,-0.104,-0.2531,0.4271,50.0521,52.8889,-2.8368
-1.2904,-1.0877,-0.3852,-0.1314,0.4271,7.9274,18.2847,-10.3573
-0.1364,-0.0866,0.8218,0.3469,0.4271,55.0724,54.5165,0.5559
1.1799,0.5926,-0.1524,0.2736,0.4271,73.0372,68.2522,4.785
0.132,-0.3109,-0.9144,-0.3199,0.4271,36.2216,36.8791,-0.6576
-0.5705,0.0798,-0.1269,-0.6595,0.4271,33.9254,37.4426,-3.5173
1.0934,0.0786,0.6404,1.2399,0.4271,72.6282,74.3617,-1.7334
0.2759,0.0214,0.3607,0.1478,-0.8474,44.3208,40.0762,4.2447
0.5559,1.0118,-1.0181,0.4246,0.4271,61.1576,60.6694,0.4882
1.2643,0.9241,0.6439,0.0445,0.4271,77.7571,77.4183,0.3387
0.6968,0.4795,-0.2544,-0.7577,0.4271,40.4467,53.8508,-13.4041
1.068,0.5286,-0.1499,0.2212,0.4271,67.1559,65.9885,1.1675
-1.2136,-0.9861,-0.508,0.1151,-0.8474,-3.3917,5.8772,-9.2688
-0.3232,0.5723,0.4431,0.4889,0.4271,59.5348,57.997,1.5378
0.3467,0.7731,0.3732,1.2542,0.4271,69.5771,72.2139,-2.6369
-0.4103,0.3013,0.011,0.2652,0.4271,60.3672,49.1387,11.2286
0.6211,-0.5315,0.0388,0.3787,0.4271,53.7746,51.8269,1.9477
0.6837,0.2293,0.5282,0.3357,0.4271,64.0462,64.5191,-0.4729
-0.7102,0.0404,0.3274,-0.2558,0.4271,37.2747,41.8045,-4.5298
-0.4507,-1.1376,-0.7934,-0.114,-2.3842,-9.1549,-9.6976,0.5427
1.2036,1.1005,0.7529,1.3556,0.4271,87.1446,88.7033,-1.5587
0.3768,0.6663,0.1869,-0.0334,0.4271,66.5233,60.9542,5.5691
1.6475,0.4264,0.41,0.871,0.4271,80.0359,79.8727,0.1632
-1.6305,0.0841,0.229,-0.5746,0.4271,30.1367,29.4622,0.6745
-0.4062,-0.5092,0.8232,-0.5869,-2.3842,7.8457,6.9948,0.851
0.5746,-1.0414,0.182,-0.587,-2.3842,6.0502,6.5853,-0.5351
0.5944,0.7394,0.4642,0.397,0.4271,70.3042,69.2306,1.0736
1.4722,0.8238,0.6796,0.9281,0.4271,84.2797,84.934,-0.6543
-1.4339,-1.3868,-0.1452,-0.649,0.4271,8.6696,11.633,-2.9634
1.3419,0.8729,0.6596,0.2429,0.4271,73.8609,79.1734,-5.3124
0.9497,-0.2129,-0.6207,0.4614,-0.8474,41.2728,39.2906,1.9823
0.3144,-0.8325,0.0457,-0.0007,0.4271,44.3808,42.5714,1.8095
-0.5971,-0.8832,-0.9507,-0.5216,0.4271,33.6072,20.9501,12.6571
-0.4577,-0.1954,-0.9732,-0.484,-0.8474,8.3699,15.123,-6.7532
-1.2234,-1.3193,0.146,-0.6887,-2.3842,-15.7984,-16.7885,0.99
0.655,0.5348,0.6338,0.3111,0.4271,68.9055,68.2876,0.6179
-1.3981,-0.9543,-1.232,-0.6013,-2.3842,-25.3541,-24.5489,-0.8052
-0.0681,-0.8576,-0.1498,-0.3145,0.4271,33.5152,34.5065,-0.9913
-0.9002,-1.6065,-1.0856,-0.9051,-0.8474,-8.2983,-9.2766,0.9783
-0.6176,-0.6157,-1.2112,-0.3926,-0.8474,1.5519,7.4906,-5.9387
-0.3949,-0.3462,-0.0363,0.1089,0.4271,33.1898,40.5727,-7.3829
0.0843,0.7168,0.0644,0.5733,0.4271,69.0772,61.6627,7.4145
0.1544,0.5532,0.7677,-0.605,0.4271,63.8565,57.7941,6.0624
-0.7927,-0.4595,0.7144,-0.0566,0.4271,42.6375,39.6611,2.9764
0.3985,0.0331,0.0749,0.0492,0.4271,46.0952,53.779,-7.6838
-0.1576,0.1425,-0.2798,0.2741,0.4271,44.2054,47.8853,-3.68
0.6061,-0.4078,0.4714,0.4423,0.4271,58.1911,56.8278,1.3633
-0.5639,-1.0854,0.2799,-0.2097,-2.3842,-1.6566,-2.7321,1.0755
-0.0293,-0.604,0.4779,-0.1681,0.4271,47.9059,43.6208,4.2851
-0.5347,-0.8411,-1.5092,0.4865,0.4271,23.3375,24.802,-1.4645
-0.1846,-0.2537,-0.2876,-0.5249,0.4271,35.3029,37.5271,-2.2241
-0.2993,0.3179,0.0394,-1.0233,0.4271,41.5108,41.7755,-0.2647
1.2613,1.2672,0.4496,0.6004,0.4271,81.8417,83.6128,-1.7711
0.2133,-0.7982,-0.5917,-0.566,0.4271,28.3513,33.0407,-4.6894
0.3352,0.1826,0.1808,-0.0791,0.4271,55.1323,54.7049,0.4274
-0.4937,0.1233,0.1519,-0.3887,0.4271,37.5271,42.7827,-5.2556
0.3029,-0.5988,0.0929,0.0686,0.4271,46.7118,45.9206,0.7912
-0.6613,0.9963,0.9749,-1.3512,0.4271,54.5019,50.4444,4.0575
0.7883,1.5554,0.4163,-0.1007,0.4271,78.2031,76.6564,1.5467
-1.5375,-0.9907,-0.1111,-0.809,0.4271,6.1972,14.1277,-7.9305
1.2142,1.4095,0.563,0.1661,0.4271,78.3886,82.5621,-4.1735
0.2811,2.1988,-0.3489,-0.0446,0.4271,72.5748,72.9602,-0.3854
-0.1241,-0.8237,0.5239,0.3747,0.4271,50.8894,44.2615,6.6279
0.4786,0.8758,0.388,0.6108,0.4271,73.5589,70.4246,3.1343
0.1461,-0.2084,0.2536,-0.2137,-0.8474,26.7319,32.7647,-6.0328
0.2874,-0.4121,0.091,0.1127,0.4271,37.6952,48.1463,-10.4511
-1.4478,-0.7591,-0.4842,-0.4954,-0.8474,-1.9195,1.8611,-3.7805
0.8798,-0.1075,0.0735,-0.1598,0.4271,52.3627,55.8902,-3.5275
-0.5489,-0.2573,-0.2545,0.0019,0.4271,38.845,37.4994,1.3456
1.3511,-0.3867,0.8011,-0.0519,-0.8474,51.8794,49.0061,2.8733
1.1171,-0.2279,0.8673,-0.0068,0.4271,66.4918,64.2489,2.2428
1.0165,0.8577,0.5006,0.5979,0.4271,79.5678,76.7609,2.807
0.8712,0.4252,-0.6847,-0.0191,-0.8474,38.8609,41.7916,-2.9307
0.8644,0.4645,-0.2353,0.2998,0.4271,61.9333,62.9768,-1.0435
0.7035,0.4073,0.1924,-0.4123,0.4271,62.516,58.9497,3.5663
-0.1345,-0.0005,-0.1638,-0.1919,0.4271,38.544,44.1779,-5.6339
0.6653,-0.1192,0.8256,-0.5293,0.4271,62.3325,56.6778,5.6547
-0.9916,-0.4996,0.4163,-0.7989,0.4271,36.151,29.6269,6.5241
-0.1731,0.5561,-0.4244,-0.0991,0.4271,53.6511,48.6631,4.9881
-0.2584,-0.4731,-0.3979,0.0001,0.4271,34.7778,37.0685,-2.2907
-0.4585,-1.0445,-0.3172,-0.1908,-1.1097,1.467,9.5361,-8.0691
1.2597,0.9286,0.8191,-0.0308,0.4271,79.9877,78.2438,1.7439
1.0955,0.1102,-0.1334,-0.3861,0.4271,59.6482,57.4849,2.1633
0.2976,-0.0926,0.1714,-0.388,0.4271,42.3368,48.987,-6.6502
-0.1015,0.3954,0.7362,0.0196,0.4271,53.5348,57.3756,-3.8409
-0.6598,-0.5844,-0.3816,-0.1662,0.4271,40.2624,30.4865,9.7759
-0.3463,-1.0775,0.2064,0.0249,0.4271,25.334,34.1525,-8.8185
-0.0983,-0.4726,0.023,0.3095,0.4271,31.0642,44.1788,-13.1145
0.2479,0.3092,-0.195,-0.0318,0.4271,52.8367,52.6283,0.2084
0.0535,0.4513,0.4624,-0.1124,0.4271,54.606,56.6421,-2.0361
-0.3086,-1.1699,-0.3885,-0.052,0.4271,24.8846,28.407,-3.5224
-1.1652,-1.2897,-0.5385,0.0513,-2.3842,-10.5581,-15.9539,5.3958
0.5455,-0.2339,0.1545,0.0931,0.4271,55.4674,53.2682,2.1992
0.6972,0.7788,0.6681,0.5375,0.4271,70.9447,73.3212,-2.3765
-1.577,-0.7569,-1.5902,-0.5261,-2.3842,-27.9743,-26.4796,-1.4947
-0.523,-0.423,0.2911,-0.4569,0.4271,39.447,36.9228,2.5242
1.1337,0.5411,0.2028,0.402,0.4271,74.2278,70.8042,3.4236
-1.481,-0.7702,0.3728,-0.1442,-2.3842,-3.9429,-7.8425,3.8996
-0.7464,-0.621,-0.5635,0.1654,0.4271,27.1919,30.0531,-2.8612
1.1229,1.2052,-1.9276,0.7479,0.4271,71.7052,64.1698,7.5354
0.8655,-0.6334,0.0659,0.9969,0.4271,49.3866,57.8052,-8.4186
-0.7366,-0.7765,-0.8262,-0.002,0.4271,11.4702,25.2236,-13.7534
0.2746,0.3785,-0.397,-0.0444,0.4271,57.0803,52.0532,5.027
0.3113,0.8454,0.0408,0.1875,0.4271,55.2868,62.677,-7.3902
0.9848,0.2141,0.9568,0.1767,0.4271,63.8213,69.7661,-5.9448
-0.0377,0.0899,0.391,0.1615,0.4271,57.3977,52.9564,4.4413
1.3649,0.79,0.1322,1.0485,0.4271,70.3706,80.0301,-9.6594
-1.7058,-0.9705,-0.1403,-0.8079,0.4271,9.5926,12.3345,-2.7418
1.3477,-0.0329,0.5291,0.9955,0.4271,77.8973,73.2783,4.619
-0.0546,-0.2949,0.7202,0.1717,0.4271,49.0507,51.0517,-2.001
-0.2139,0.9366,-1.1266,-0.5929,0.4271,48.473,43.6699,4.8031
-0.4028,-0.6921,-0.8503,-0.2028,0.4271,19.7575,28.1694,-8.4119
-0.0258,-0.1887,-0.1535,-0.1032,0.4271,47.7339,43.9209,3.813
-0.8364,0.2463,-1.7454,0.1798,0.4271,25.0017,29.8476,-4.846
1.1122,1.2246,0.6539,1.123,0.4271,82.5049,86.7417,-4.2369
0.1076,0.5075,-0.5069,0.1828,0.4271,55.1625,52.449,2.7135
0.2953,0.3484,0.5324,0.152,0.4271,57.2315,60.4518,-3.2203
0.254,1.0423,0.4096,0.2378,0.4271,68.8551,67.4638,1.3912
-0.8199,-1.2583,-0.5702,0.2431,0.4271,27.4054,22.5868,4.8187
-0.1664,-0.3249,-0.3547,-0.6225,0.4271,43.7152,35.7259,7.9892
0.3591,0.2013,0.3346,-0.0184,0.4271,54.2057,56.7754,-2.5697
-0.047,-0.168,0.1195,-0.7734,0.4271,53.5606,41.3697,12.1909
-0.0639,-0.0883,0.0511,-0.4505,0.4271,45.4516,43.8028,1.6487
0.3069,-0.2219,0.681,-0.3899,0.4271,52.548,51.5405,1.0075
-1.1643,-1.2992,-0.4837,-0.1143,-2.3842,-19.982,-16.7803,-3.2016
-0.5545,0.8446,0.0921,0.1816,0.4271,63.4294,53.7452,9.6843
-0.4123,0.3938,-0.5235,-0.7118,0.4271,41.4533,39.2537,2.1996
-1.6746,-1.6912,0.331,-0.0767,0.4271,7.6476,13.2718,-5.6242
-0.2664,0.1707,0.2473,-0.7595,0.4271,39.938,43.9072,-3.9692
-0.2828,-0.9816,0.1016,-0.3296,0.4271,26.5125,32.6395,-6.127
0.2048,-0.5231,-0.6447,0.2341,0.4271,43.1704,41.1971,1.9734
-0.7651,-1.2625,0.0866,-0.1531,-2.3842,-7.1715,-7.9726,0.8012
1.2054,1.0137,0.5721,1.4023,0.4271,81.7294,86.6807,-4.9513
-0.1418,0.6784,-1.4598,0.0005,0.4271,45.1504,43.0998,2.0506
0.7362,1.1168,0.7207,0.7415,0.4271,70.953,79.3629,-8.4099
0.3213,0.1981,0.2081,0.2373,0.4271,57.6999,57.1384,0.5616
-0.1076,-0.624,0.4432,-0.7959,-0.8474,17.8169,22.7851,-4.9683
-0.3509,-0.8686,0.1963,-0.4887,-2.3842,-4.498,-0.5942,-3.9039
-0.374,0.2075,-0.503,-0.07,0.4271,40.1488,42.1876,-2.0388
-0.0135,0.2864,-0.0757,0.1749,0.4271,53.169,51.9274,1.2416
-0.8447,0.2346,0.2033,-0.4875,0.4271,46.9499,39.9814,6.9685
-1.4575,-0.7042,0.5945,-0.5327,0.4271,21.9497,25.5551,-3.6054
0.01,-1.0194,0.1076,-0.2387,-2.3842,-2.8965,2.6321,-5.5286
-0.1504,-0.1159,-0.5189,-0.3688,-0.8474,26.8777,23.6059,3.2718
0.9672,0.0895,0.7948,0.2471,0.4271,61.7855,67.4184,-5.6329
0.2448,0.6983,-0.6399,-0.2687,0.4271,50.0322,51.9027,-1.8705
-0.4693,-0.8725,0.3663,-0.3509,-0.8474,17.9346,18.6164,-0.6819
1.02,0.0472,-0.7148,0.5919,0.4271,56.1056,58.2926,-2.187
-1.7133,-0.4429,-1.3985,-1.0142,-2.3842,-27.7853,-26.3262,-1.4591
0.5815,0.7718,0.3129,0.2784,0.4271,69.9514,67.469,2.4823
0.9445,-1.1409,0.0079,-0.0135,-2.3842,11.6373,12.0764,-0.4391
0.0359,-1.1197,-0.1692,-0.1474,-1.1097,20.5815,15.4277,5.1538
0.7867,0.6331,0.5805,0.2959,0.4271,61.7625,70.2889,-8.5264
0.8219,-0.9178,0.2124,0.8506,0.4271,57.1539,54.2496,2.9043
-0.468,-0.4006,0.5173,0.1672,0.4271,45.4575,43.841,1.6166
0.3036,1.1645,0.3088,0.5506,0.4271,62.1561,70.7676,-8.6115
1.278,-0.0628,0.876,0.2265,0.4271,67.6554,69.519,-1.8636
-0.1392,-0.0818,0.3209,-1.0636,0.4271,47.4261,40.8831,6.543
0.3287,-0.1958,0.0244,0.0539,0.4271,38.9872,50.0998,-11.1125
0.6819,-0.1105,0.5139,-0.2025,0.4271,57.6195,56.8268,0.7927
0.6153,-0.0527,-0.27,0.2921,-2.3842,9.4966,20.7717,-11.2751
-1.1764,-1.0969,0.1524,-0.66,-2.3842,-11.0322,-13.5349,2.5027
0.3628,0.7542,-0.3429,-0.6252,0.4271,49.3077,53.6019,-4.2942
-0.2763,-0.7951,-1.2925,0.1469,-2.3842,-0.9808,-6.0039,5.0231
0.5217,-0.131,-0.5356,-0.1003,0.4271,52.8492,47.5171,5.3321
0.9653,-0.1823,0.4296,-0.077,0.4271,55.8668,59.2804,-3.4136
-0.1955,-0.7852,-1.2593,-0.449,0.4271,31.2719,24.4846,6.7873
0.5,0.2851,-1.5049,0.3147,0.4271,49.8907,47.39,2.5007
-0.4799,-0.0239,0.1142,-0.5273,0.4271,55.8873,40.0223,15.865
0.0546,0.0374,0.1939,-0.2159,0.4271,47.9938,49.2141,-1.2203
1.0475,0.4148,0.3833,0.4229,0.4271,67.8584,69.994,-2.1355
0.3886,0.5704,0.1716,-0.6163,0.4271,61.3343,55.8318,5.5025
-0.3319,-0.363,0.2677,0.2819,0.4271,36.0057,44.5995,-8.5938
-0.0089,-0.3907,0.5046,-0.0508,0.4271,53.1907,47.258,5.9327
0.5672,-0.413,-0.531,0.2302,-2.3842,12.2157,13.7671,-1.5514
-1.256,-0.3203,-0.15,-0.8089,0.4271,15.6523,24.3832,-8.7309
0.5682,0.8101,0.0664,0.0096,0.4271,67.2783,63.9931,3.2852
-0.1826,0.5695,-0.3081,0.0447,0.4271,53.5264,50.6068,2.9196
1.1208,0.67,-0.5745,0.0509,0.4271,62.2629,63.6945,-1.4316
0.3503,0.092,-0.6809,-0.2909,0.4271,34.3481,45.7451,-11.397
0.6325,0.3202,-0.8956,0.2324,0.4271,57.0359,53.3203,3.7156
-0.1719,-0.8306,-1.4926,0.2192,-2.3842,-7.4761,-6.3226,-1.1535
-0.9236,-0.1913,0.6975,-0.5083,0.4271,42.1448,38.0049,4.14
-0.3748,0.4274,0.555,-0.9971,0.4271,42.1316,46.3484,-4.2169
0.1379,-0.108,0.6093,-0.1813,0.4271,48.0232,51.909,-3.8857
-0.7046,-0.6807,0.3889,0.0235,-0.8474,14.9124,21.0286,-6.1162
-0.0067,0.3639,-0.2087,-0.4532,0.4271,48.7148,47.483,1.2318
-0.2016,0.2094,0.3164,-0.5175,0.4271,42.736,47.2501,-4.5141
1.4354,0.2189,-0.6638,1.0527,0.4271,62.8747,68.2684,-5.3936
-1.4354,-0.7527,-0.094,-0.4447,0.4271,22.6965,20.5603,2.1362
0.5877,-0.3833,0.9228,-0.1608,-0.8474,45.6896,41.0453,4.6443
0.5864,0.6939,0.1557,-0.6588,0.4271,63.5898,58.9218,4.668
1.0164,-0.3571,0.1636,-0.2041,0.4271,48.2,54.9328,-6.7328
-0.2883,0.5405,-0.4198,-0.0531,0.4271,50.128,47.6073,2.5207
-0.0372,0.1625,-0.1351,-0.8642,0.4271,36.1765,42.6008,-6.4243
0.5657,0.3578,-0.6459,0.291,0.4271,59.032,55.3558,3.6762
0.5423,0.7172,0.238,0.4307,0.4271,67.0155,66.9184,0.0971
-0.9334,-0.2786,0.1495,-0.2671,0.4271,36.6119,34.3788,2.2331
0.5203,0.3415,0.3645,0.3068,0.4271,61.2371,62.5697,-1.3326
0.4717,0.2774,0.321,-0.3351,0.4271,65.296,56.5317,8.7643
0.0726,-0.2934,-0.0561,0.054,0.4271,46.3767,45.6408,0.7359
-0.5981,-0.6068,-0.8587,-0.1933,-2.3842,-14.4073,-6.3621,-8.0452
-0.118,-0.6752,0.1025,0.3118,-2.3842,5.4917,8.9181,-3.4264
0.9559,0.7381,0.6607,-1.1955,0.4271,59.9277,63.5332,-3.6055
-0.1913,0.4142,0.0988,0.7245,0.4271,62.4498,56.6222,5.8276
0.3191,-1.2053,0.5029,0.345,-2.3842,6.2393,10.9518,-4.7125
1.0315,0.2595,0.2019,0.2336,0.4271,57.8138,65.3649,-7.5511
0.4656,0.6626,0.5469,-0.8419,0.4271,57.4042,59.0129,-1.6087
-1.0827,0.4856,0.5902,0.5243,0.4271,55.2636,50.2643,4.9993
-1.4662,0.6324,0.7292,-0.5267,0.4271,46.6319,41.5686,5.0633
-0.3196,-0.8477,-0.4029,0.2487,0.4271,35.4064,33.8917,1.5147
0.6151,-0.8243,0.5015,-0.0697,0.4271,49.4698,48.9132,0.5565
0.3851,0.4964,0.2427,0.9312,0.4271,69.4321,66.2649,3.1671
-0.08,-0.5449,0.762,0.4837,0.4271,51.9682,50.4572,1.511
1.2167,1.4358,0.1047,0.3463,0.4271,80.6187,80.6112,0.0074
-0.8593,-0.1825,-1.386,0.0077,0.4271,28.7791,26.3493,2.4299
0.6562,-0.3892,0.7786,0.8899,0.4271,62.3514,63.0479,-0.6965
0.1053,0.5454,-1.1688,0.179,0.4271,47.7022,47.7311,-0.0289
0.744,0.0106,0.2887,-0.2277,0.4271,64.8101,56.9467,7.8634
-0.2405,0.1281,0.0306,-0.8377,0.4271,45.9307,41.4949,4.4358
-1.5733,-0.6495,-1.3674,-0.7447,0.4271,12.398,8.3626,4.0354
1.1599,0.914,0.3259,1.1233,0.4271,87.7847,81.2384,6.5463
-1.6642,-1.8589,-0.9153,0.0434,-2.3842,-35.0491,-30.6541,-4.395
1.2333,0.9149,0.3839,0.2339,0.4271,75.5336,76.2989,-0.7653
-0.263,0.5246,0.6828,0.6814,0.4271,61.8203,61.2889,0.5314
-0.3748,1.2504,0.3938,-0.7425,0.4271,57.6229,56.132,1.4909
-0.1952,-0.1503,-0.0822,-0.0943,0.4271,40.7356,43.1498,-2.4142
0.1414,-0.7073,0.338,0.2495,-1.1097,34.0657,27.8559,6.2098
0.712,0.9126,-0.2987,0.2597,0.4271,61.0581,65.6156,-4.5575
-0.2046,0.0441,0.4395,-0.4351,0.4271,41.3671,46.8793,-5.5122
-0.3316,-0.1177,-0.0147,-0.9597,0.4271,32.7214,36.5585,-3.8371
0.0658,-1.3127,0.3055,0.0526,-2.3842,-1.1177,3.4793,-4.597
0.6895,-1.014,0.5685,-0.0366,-2.3842,10.8282,14.924,-4.0958
-1.6656,0.001,0.086,0.4551,0.4271,31.031,34.2086,-3.1775
0.6539,-0.4785,0.1788,0.4483,0.4271,49.9201,54.3359,-4.4159
0.8416,1.3436,0.2653,-0.0114,0.4271,71.9989,74.3052,-2.3063
1.59,1.0693,0.6438,0.8745,0.4271,83.9369,88.3092,-4.3723
0.839,-0.3096,-0.3768,-0.5685,0.4271,51.0356,46.8753,4.1603
-1.0623,-0.506,0.3182,-0.9241,0.4271,30.1452,27.1705,2.9747
1.0076,1.3217,-1.4452,0.4867,0.4271,71.797,66.1392,5.6578
0.4791,-0.2887,0.9048,-0.743,0.4271,51.6023,51.9003,-0.298
-1.3259,-0.8647,-0.1161,-0.2684,-2.3842,-5.1959,-11.8693,6.6734
-0.0546,0.5541,-0.1087,0.1788,-0.8474,44.0077,39.1291,4.8786
-0.2499,0.0567,0.2339,0.7878,0.4271,54.1352,53.4536,0.6817
0.3079,0.0564,0.2402,-0.6298,0.4271,49.7439,49.6214,0.1224
0.3456,0.9909,0.3006,0.1261,0.4271,70.0174,66.2524,3.765
0.7096,-0.4713,0.0784,0.3114,0.4271,63.7223,53.2892,10.4331
0.31,-0.5588,0.5215,-0.4132,-0.8474,44.7923,31.2534,13.5389
-0.8031,0.7188,-0.3344,-0.2086,0.4271,43.7722,43.6734,0.0988
-0.5621,-0.4013,0.3837,-0.27,-2.3842,7.724,5.3597,2.3643
-0.2392,-0.8488,0.6822,-0.3742,0.4271,44.5493,38.7581,5.7912
1.0146,0.5169,0.7941,-0.04,0.4271,72.4707,70.7324,1.7384
0.9821,-0.0241,0.5509,0.3047,0.4271,69.3915,64.8251,4.5664
2.1018,1.583,0.3019,0.9905,0.4271,97.4793,97.7457,-0.2664
0.0355,-0.2526,-0.1337,0.0151,0.4271,36.7486,44.8344,-8.0857
-0.4829,-1.2188,-0.4416,0.3476,-2.3842,-6.6978,-5.0411,-1.6566
0.393,0.2957,-0.6688,0.058,0.4271,57.7375,51.012,6.7255
0.3983,-0.6162,0.4848,-0.6939,-2.3842,20.8324,11.0634,9.7691
-0.614,-0.9,0.4854,0.1153,0.4271,40.21,36.0552,4.1548
-0.3336,1.0091,-1.172,-0.8604,0.4271,40.777,40.9931,-0.2161
0.2183,0.0386,0.3469,-0.0025,0.4271,40.1751,53.6427,-13.4676
-0.3304,-0.3909,0.0889,-0.3359,0.4271,32.1342,38.6316,-6.4974
-0.8681,-0.2165,0.8057,-0.2397,0.4271,44.8787,41.0146,3.8641
-0.6779,0.0174,0.656,-0.0777,-2.3842,10.1052,12.2579,-2.1528
-0.2602,-0.3227,-0.4882,-0.6917,0.4271,30.012,33.2382,-3.2262
0.3973,0.8539,0.5363,-0.3106,0.4271,61.7129,64.0446,-2.3316
0.8523,1.3253,-1.1197,0.1614,0.4271,68.126,64.7585,3.3675
1.1422,1.025,0.2727,0.064,0.4271,79.0136,74.5249,4.4887
-0.5545,-0.7932,0.2004,0.0751,-0.8474,24.8098,20.2811,4.5287
0.324,-0.3065,0.1924,0.5387,0.4271,61.2098,53.467,7.7429
1.2313,1.0135,0.7056,0.6088,0.4271,77.7989,82.4668,-4.6679
-0.5877,-0.6804,-0.2923,-0.9447,0.4271,24.9013,25.4548,-0.5535
0.9968,0.5591,-0.7407,-0.5141,0.4271,61.4263,55.9119,5.5144
-0.5412,-1.5476,-1.374,0.2781,-2.3842,-15.4967,-17.0198,1.523
0.4973,0.065,0.3024,-0.3825,0.4271,63.7058,53.9452,9.7606
0.5417,-0.0932,0.0661,0.6541,0.4271,58.2212,58.0286,0.1926
0.1333,-0.1048,0.2819,-0.3626,0.4271,45.3421,48.1152,-2.7731
0.0106,0.002,0.2161,-0.0737,0.4271,52.4467,49.5042,2.9425
1.1207,0.6187,0.4296,0.1798,0.4271,68.4592,71.7366,-3.2774
0.726,1.2581,-0.2764,-0.1674,0.4271,71.7685,66.8532,4.9152
0.2116,0.8218,-0.0706,-0.1234,0.4271,57.1706,58.3253,-1.1547
-0.6693,0.3689,-0.08,-0.0101,0.4271,45.8312,44.5106,1.3206
-1.7053,-1.1156,0.3583,-0.7073,0.4271,12.1275,15.2431,-3.1156
-0.2951,-0.2442,-0.8492,0.2808,0.4271,33.5793,37.7293,-4.1501
0.3736,0.5923,-0.5233,0.4171,0.4271,62.1435,57.7549,4.3886
-0.3977,-0.8968,-1.2901,0.515,0.4271,26.8149,27.5275,-0.7126
-0.4838,-0.9108,-0.2162,0.3376,0.4271,30.5702,33.4767,-2.9064
0.545,0.7506,0.217,0.0789,0.4271,66.7031,64.716,1.9871
0.3461,0.3098,0.2116,-0.1787,0.4271,54.1514,55.7959,-1.6445
0.4673,-0.0631,0.3631,0.4014,0.4271,57.9556,58.0979,-0.1423
-1.1014,-0.4396,0.1832,-0.8939,0.4271,19.5766,26.6706,-7.094
-0.2284,-0.2833,-0.2966,0.1957,0.4271,50.3129,41.6632,8.6497
1.3379,1.3122,0.5109,0.2741,0.4271,79.5858,83.1432,-3.5574
1.4,-0.0383,0.3556,0.5785,0.4271,76.5506,69.5439,7.0067
-0.2322,-1.2892,0.288,0.4511,-2.3842,-1.6944,3.185,-4.8795
-1.615,0.1422,0.5034,-0.8624,0.4271,33.8926,30.3929,3.4996
1.4295,1.4311,0.7856,1.1901,0.4271,83.7888,93.9416,-10.1528
1.1324,0.4225,-0.3214,0.9428,0.4271,74.8374,69.1822,5.6552
-0.2031,-0.4637,0.2209,0.338,0.4271,49.7424,44.876,4.8664
0.1396,-0.1162,0.419,-0.2296,0.4271,48.1613,50.0353,-1.874
-0.3858,-0.0618,0.276,0.4704,0.4271,51.4792,48.783,2.6962
0.2702,-0.4184,0.301,-0.7615,-0.8474,33.2347,28.2894,4.9453
-1.8011,-0.7049,-0.6955,-0.0141,-2.3842,-16.2434,-17.8524,1.609
0.1765,1.2246,0.7155,-0.4367,0.4271,65.4377,66.3483,-0.9106
0.174,-0.0052,0.6907,-0.2177,0.4271,55.4309,53.8242,1.6068
-0.6597,0.389,0.0558,-0.7395,0.4271,50.8422,40.8134,10.0288
0.6635,0.6255,0.1293,0.3802,0.4271,68.3823,65.9988,2.3835
1.0289,0.0277,0.418,0.208,0.4271,61.4024,64.2146,-2.8121
-1.3489,-1.5146,-0.7225,-0.5873,-2.3842,-21.1272,-26.3045,5.1772
0.686,0.6912,0.7144,0.0692,0.4271,62.5226,69.3167,-6.7941
0.7349,0.2686,0.1254,-0.3332,0.4271,54.3278,57.7596,-3.4318
0.7061,0.1566,0.2663,0.2229,0.4271,59.3098,61.1426,-1.8328
-1.1734,0.4394,-0.5056,-0.2539,-0.8474,25.7999,19.7914,6.0085
-0.4765,-0.0204,0.3152,-0.0181,0.4271,45.8373,45.1825,0.6549
1.4109,1.103,0.0591,0.3042,0.4271,81.4478,78.3053,3.1425
-0.9412,-1.1005,0.1864,0.8464,-2.3842,-4.0166,-0.322,-3.6946
-0.0286,0.6045,0.2147,-0.2451,0.4271,54.3628,54.6584,-0.2957
-0.1891,-0.7704,0.2488,0.1687,0.4271,44.6041,40.6154,3.9887
-1.4503,-0.6193,-0.755,-0.3266,-2.3842,-20.7059,-15.762,-4.9439
1.1185,0.459,0.951,0.5634,0.4271,87.7702,76.5944,11.1758
-0.3442,-0.2102,0.4369,-0.4499,0.4271,50.4223,42.4011,8.0211
0.768,0.4712,0.1646,0.104,0.4271,58.5416,63.7337,-5.1921
-0.4617,-1.2992,-0.439,-0.2917,0.4271,19.9258,23.2577,-3.3319
-1.1301,-0.4072,0.557,-0.5864,0.4271,36.2046,31.741,4.4636
-0.1163,0.3295,0.5446,-0.6336,0.4271,56.0823,50.4626,5.6197
1.048,0.2313,-0.2277,0.0832,0.4271,65.2909,60.8736,4.4173
0.9204,0.7915,0.6578,0.3455,0.4271,76.9171,74.4421,2.475
0.5248,0.749,0.6856,-0.212,0.4271,64.7881,66.0649,-1.2768
0.667,1.6416,0.7979,0.4302,0.4271,80.062,82.9523,-2.8903
1.7949,1.0364,0.5687,0.7032,0.4271,89.26,88.3663,0.8937
0.251,1.6083,0.5131,-0.1635,0.4271,66.6658,71.8027,-5.1369
1.332,0.8323,0.8615,0.5557,0.4271,82.3157,82.3388,-0.0231
-0.8311,0.1149,0.2866,-0.6478,0.4271,40.0993,38.3078,1.7915
0.5553,0.4666,0.6955,0.7108,0.4271,70.8498,69.7061,1.1437
-0.5522,-0.0833,0.0565,-0.8068,0.4271,32.475,36.1925,-3.7175
0.331,-0.0255,-0.213,-0.9431,0.4271,56.5754,43.2831,13.2923
0.0892,0.1513,0.3806,0.0739,0.4271,53.6031,54.317,-0.7139
-0.6873,1.3885,0.1032,-0.7929,0.4271,51.8627,51.7509,0.1118
-1.6108,-1.2936,-0.6019,-0.1296,0.4271,16.5337,10.8834,5.6503
0.0135,1.3742,0.5544,-0.6448,0.4271,65.8788,63.599,2.2798
-1.495,-0.967,-1.0477,-0.3578,0.4271,-0.8292,10.7799,-11.6091
0.1858,-0.0398,-1.5313,-0.9042,-0.8474,5.751,16.5541,-10.8031
0.2881,0.9496,-0.0173,0.0443,0.4271,67.1492,62.1572,4.992
1.1711,0.5101,0.5743,0.1543,0.4271,72.7371,71.9928,0.7443
-0.0775,0.3162,-0.4335,-0.2135,0.4271,45.6498,46.1245,-0.4747
0.8729,1.5339,0.1752,0.6931,0.4271,78.4692,80.9839,-2.5147
-1.4978,-0.4568,-1.1667,-0.5122,-2.3842,-10.4846,-18.9016,8.417
1.2402,0.9588,0.4525,0.2799,0.4271,80.0397,77.7136,2.3261
0.7478,0.2315,0.7474,0.5883,0.4271,73.1887,68.6725,4.5163
-0.4044,-0.543,0.3762,0.0328,0.4271,43.1754,40.9025,2.2729
0.5755,-0.7751,0.0367,-0.3546,0.4271,48.1837,43.486,4.6977
1.3875,1.088,0.0999,0.9151,0.4271,76.6239,82.4475,-5.8236
-0.1317,-0.0657,0.4054,0.3927,0.4271,53.7435,51.9163,1.8272
0.8106,-1.0138,0.6714,0.3058,-2.3842,17.592,19.3932,-1.8012
0.1951,0.3634,0.4895,-1.0251,0.4271,50.7128,51.0346,-0.3218
-0.6845,-0.8696,0.251,0.4101,0.4271,47.4696,35.887,11.5826
0.4804,-0.0641,0.8783,-0.4487,-0.8474,49.0849,41.1413,7.9436
-0.7443,0.122,0.1569,0.0246,0.4271,44.4255,42.9934,1.4321
0.582,-0.1201,0.7415,-0.1835,0.4271,69.7466,57.5334,12.2132
0.1798,-0.8839,-0.3547,0.4716,-0.8474,15.2281,25.6131,-10.385
0.3616,0.4059,-0.5595,-0.7424,0.4271,37.1138,47.1923,-10.0785
0.7262,1.2862,0.0932,0.5363,0.4271,67.7159,74.9066,-7.1907
-0.3002,0.1505,-0.1829,0.2184,0.4271,52.2291,46.8045,5.4247
-0.0052,0.687,0.2199,0.1672,0.4271,57.7323,58.7406,-1.0083
-0.7104,-0.0344,-0.238,0.2163,0.4271,52.6971,39.892,12.8051
0.1082,0.4246,0.3061,-0.0676,0.4271,58.8892,56.0366,2.8526
1.0936,0.4342,-0.4246,1.2399,0.4271,76.3031,70.1689,6.1342
-0.2942,-0.2487,-0.2149,0.3351,0.4271,35.961,42.9457,-6.9847
-0.6384,-0.4062,-0.6187,-0.5881,0.4271,31.8988,27.9633,3.9355
0.2308,-0.2061,0.2247,-0.223,0.4271,55.9268,48.5524,7.3744
0.4876,0.5154,-0.8007,0.0239,0.4271,66.71,53.2449,13.4651
-1.2446,-0.6483,0.719,-0.3121,-0.8474,11.9606,15.8153,-3.8547
-1.2394,-0.1618,0.133,0.4187,0.4271,37.6879,37.0546,0.6333
-1.3494,-0.2366,-0.1789,-0.3015,0.4271,23.825,27.6279,-3.8029
-1.2999,-0.3312,-0.4774,-0.7485,-0.8474,-5.139,6.5503,-11.6893
-0.1897,1.6045,0.5356,-0.0783,0.4271,66.9199,67.8041,-0.8842
0.8682,0.8703,0.4046,0.5495,0.4271,80.6562,74.2381,6.4181
-0.2756,0.5004,0.6401,0.1848,0.4271,61.1811,57.1017,4.0795
-0.1893,0.0184,0.8733,0.2614,0.4271,60.8508,54.9327,5.918
1.0032,1.4326,0.5352,-0.3111,0.4271,75.2851,77.0303,-1.7452
-0.2074,0.4854,-0.2677,0.423,0.4271,55.7282,52.3355,3.3927
-0.6014,-1.5388,-0.0527,0.4346,0.4271,25.6105,27.0874,-1.4769
-0.6781,-0.7685,-0.0985,-0.6484,0.4271,20.7494,27.0474,-6.298
0.848,0.4853,-0.0051,0.3723,0.4271,68.3262,65.3096,3.0166
0.2655,-0.1478,-0.0423,0.1137,0.4271,49.7431,49.8661,-0.123
0.4709,0.2414,-1.2972,-0.1776,0.4271,41.3526,44.7623,-3.4097
-0.4134,0.1067,0.4294,-0.5093,0.4271,50.0986,44.7514,5.3472
0.7291,0.8482,0.0271,-0.5414,0.4271,60.3618,62.0124,-1.6506
-1.273,-0.5928,0.8837,-0.2323,-0.8474,12.9795,17.9561,-4.9766
-0.3884,-0.0332,0.0257,-0.4198,0.4271,47.6276,40.9627,6.665
0.6222,0.8408,0.1483,0.1379,0.4271,69.4206,66.4393,2.9813
0.0724,-0.4382,-0.5016,0.0426,0.4271,44.8462,40.5032,4.3431
0.2274,0.2222,-0.1075,0.2705,0.4271,63.2628,54.2061,9.0566
-0.323,-0.5732,0.2198,0.2553,-2.3842,3.4053,8.3783,-4.973
-0.5139,-1.0939,-0.5244,-0.574,-1.1097,3.0373,4.1298,-1.0925
1.2387,-1.027,0.1166,-0.1494,-2.3842,14.8613,16.4007,-1.5394
-0.7873,-1.0995,-0.0756,-0.6998,-2.3842,-15.1588,-11.4261,-3.7327
-0.9373,-0.4583,0.1092,0.1041,-0.8474,25.3324,19.4462,5.8861
0.1243,-0.1061,-0.7089,-0.23,0.4271,40.5614,41.3036,-0.7423
0.7317,0.0846,0.7471,0.217,0.4271,60.4836,64.2659,-3.7824
-0.2093,0.7403,-0.9886,-0.5824,0.4271,41.9072,42.6462,-0.739
-0.4863,-1.0327,0.438,-0.2504,-0.8474,19.415,17.8832,1.5318
1.4543,0.6304,0.5833,0.9108,0.4271,79.8987,81.7078,-1.809
-0.9937,0.1823,-0.4352,0.1177,0.4271,42.9584,37.091,5.8674
0.2152,0.4484,-0.2496,1.1033,0.4271,55.6946,61.3152,-5.6206
1.5217,1.7128,0.9682,-0.1352,0.4271,92.1855,90.2899,1.8956
0.3526,0.1822,-0.3218,0.1833,0.4271,54.5565,52.8435,1.713
-0.7514,-0.9171,0.0852,-0.014,0.4271,41.1259,30.4124,10.7135
0.1309,-0.3298,0.1899,0.4571,0.4271,43.9651,50.5499,-6.5847
-0.5761,-0.3872,-0.3445,0.1549,-2.3842,-3.0113,2.7184,-5.7297
0.9185,0.4886,-0.1156,0.1332,0.4271,63.6746,63.5891,0.0855
0.6707,1.081,0.251,-0.0347,0.4271,66.4478,69.2489,-2.8011
-0.7386,-1.4435,0.4152,0.0009,-2.3842,-15.1807,-6.1256,-9.0551
-0.1868,-0.4563,-0.4068,0.0437,0.4271,40.7819,38.2595,2.5223
0.1188,0.2285,-0.679,0.5174,0.4271,47.7554,50.433,-2.6776
0.3611,0.3204,-0.8827,0.1869,0.4271,47.6354,50.1969,-2.5615
-0.105,0.2628,-0.4882,0.6035,0.4271,51.5818,50.4873,1.0945
-0.599,-0.3491,-0.3117,-0.0544,-1.1097,17.2924,16.8399,0.4525
-0.9375,-0.9418,0.5137,-1.0015,-2.3842,0.6338,-8.8254,9.4592
-0.9952,-1.3677,-0.7825,-0.1244,-2.3842,-18.6135,-18.1079,-0.5055
-1.1296,-0.0979,0.5388,-0.569,0.4271,34.2536,35.2052,-0.9516
-0.4099,-0.0401,-0.3903,-0.6528,-0.8474,21.391,20.6945,0.6965
-0.3907,-0.7481,-0.6676,-0.0324,-2.3842,-0.3436,-3.141,2.7973
-0.6241,-0.5224,-0.1644,-0.4786,0.4271,34.8123,31.0657,3.7466
0.9357,1.1746,0.0068,0.0419,0.4271,78.4829,71.7945,6.6883
0.4036,0.27,0.0766,0.4887,0.4271,56.9577,59.5654,-2.6077
-0.1888,-0.6979,-0.1615,0.3176,0.4271,26.9825,39.3128,-12.3303
1.8525,1.2679,0.4881,1.1188,0.4271,98.4281,93.8555,4.5726
0.1575,-0.0505,-0.5448,0.5946,0.4271,41.6399,49.2799,-7.64
0.614,-0.4843,-0.0941,0.1099,0.4271,60.1884,49.3902,10.7982
0.222,0.6133,0.0636,-0.4441,0.4271,49.9949,54.8953,-4.9005
-0.705,1.0261,-0.1341,0.1396,0.4271,51.8058,52.1417,-0.3359
-0.7311,-1.0085,0.5584,0.0276,-2.3842,3.8208,0.1338,3.687
-0.0127,-0.3834,0.5921,-0.6522,0.4271,43.7259,43.7917,-0.0658
1.14,0.5839,-0.2737,-0.3354,0.4271,49.5167,62.56,-13.0433
-0.0526,-0.3326,-0.1113,-0.5369,0.4271,33.8712,39.3272,-5.456
-0.5114,0.2741,-1.4106,0.1489,0.4271,40.7745,36.004,4.7704
1.0665,0.17,0.2198,0.7211,0.4271,68.9772,68.2591,0.7182
0.5739,-0.1124,0.649,0.3983,0.4271,68.0999,60.8647,7.2352
-0.0656,0.4033,0.1175,0.0686,-0.8474,35.9519,38.2889,-2.337
-0.23,-0.4278,0.3669,-0.6695,0.4271,30.2231,39.1119,-8.8888
0.9116,1.0451,0.8962,0.5151,0.4271,80.5098,80.212,0.2978
-0.1932,-1.541,-0.3085,0.0647,-2.3842,-5.06,-6.5027,1.4427
-0.7007,-0.5054,-0.359,-0.691,0.4271,25.564,27.4628,-1.8988
-0.9446,-0.1061,-1.9714,0.2389,-0.8474,9.1531,8.2573,0.8957
-0.6341,0.7807,0.339,0.5253,0.4271,53.4614,56.4625,-3.0011
-0.4991,0.6205,-1.7014,0.1049,0.4271,43.1048,37.4879,5.6169
-0.3982,-0.5386,0.3512,-0.2978,0.4271,48.7447,38.5278,10.2169
-0.6474,-0.7634,-0.3109,-0.2418,0.4271,31.4095,28.6256,2.784
-1.2201,-1.139,-0.5179,-0.041,-2.3842,-18.1698,-15.3308,-2.839
-1.6488,-0.4755,0.1766,-0.3253,-2.3842,-3.1465,-9.0963,5.9498
-0.7866,0.3807,0.1405,-0.7205,0.4271,41.2779,40.1437,1.1342
0.1315,0.6284,0.1626,0.1848,0.4271,57.1384,59.2288,-2.0903
0.1086,0.9749,0.1548,0.7471,0.4271,67.6917,66.7278,0.964
-0.1405,0.1935,-0.212,0.1264,0.4271,55.3653,48.137,7.2283
-0.5028,-1.001,-0.6362,0.2132,-0.8474,20.3642,13.022,7.3422
-0.2166,0.6521,0.2992,0.4668,0.4271,62.928,58.7765,4.1515
1.0466,0.3064,0.563,-0.2808,0.4271,62.0747,65.2564,-3.1817
-0.4059,0.1026,0.4642,0.155,0.4271,48.2853,49.6721,-1.3867
-0.3854,-1.2102,-0.2133,0.2012,0.4271,23.2253,30.2378,-7.0124
0.3055,0.6124,0.9226,-0.1694,0.4271,62.4695,64.2974,-1.8279
1.1454,0.008,0.593,0.5138,0.4271,58.1824,68.7133,-10.5309
1.1318,0.2928,-0.3939,0.0424,-0.8474,47.3637,45.7597,1.604
0.85,0.937,-0.3211,0.0166,0.4271,66.6364,65.506,1.1304
0.694,0.8939,0.292,-0.1148,0.4271,66.6361,67.1538,-0.5177
-0.5424,-0.311,0.0308,-0.3417,0.4271,40.3158,36.7719,3.5439
-1.5232,-0.6484,0.229,0.0261,-2.3842,-6.6635,-6.8487,0.1852
0.3206,0.5503,-0.3154,-0.6269,0.4271,52.8356,51.0573,1.7783
-0.0056,-0.7698,0.283,0.0011,-0.8474,32.0796,26.5452,5.5344
0.6101,-0.3103,0.2344,0.0667,0.4271,53.8139,53.5333,0.2806
1.1169,0.2635,0.1028,0.5347,0.4271,75.8833,67.6551,8.2282
0.6239,0.1206,0.6417,-0.2889,0.4271,61.6864,59.1872,2.4993
0.3197,-0.0702,0.0121,0.8487,0.4271,56.909,56.8467,0.0623
0.5928,0.9809,0.1011,-0.4689,0.4271,60.6971,63.1177,-2.4206
0.7246,0.3264,0.1483,-0.4841,-2.3842,27.3329,24.0279,3.305
0.7916,0.1158,0.3477,-0.1806,0.4271,68.8424,59.4208,9.4216
-0.8534,-0.3242,-0.8271,0.1122,0.4271,33.7377,29.8458,3.8918
0.2085,-0.0077,0.4951,-0.349,-2.3842,31.2395,18.3486,12.8909
0.1922,1.119,-1.2592,0.5167,0.4271,54.5488,56.7634,-2.2146
-0.2305,0.6371,-0.9734,-0.5993,0.4271,40.1239,41.2573,-1.1334
-0.3504,0.1176,-1.6698,0.5183,0.4271,40.2848,36.5431,3.7417
-0.5743,-0.823,-0.7783,-0.2003,0.4271,35.0258,25.4302,9.5956
0.2755,0.3143,0.0073,-0.6275,0.4271,49.9016,50.3989,-0.4973
-0.1087,0.2273,-0.2387,-0.0272,0.4271,48.3932,47.5841,0.8091
-1.482,0.2539,-0.979,-0.0212,0.4271,24.2406,27.5163,-3.2757
-1.0692,0.0314,0.5175,-0.0179,-0.8474,27.3106,25.8309,1.4797
0.4698,0.2869,0.3012,-0.4554,0.4271,52.4088,55.63,-3.2211
-1.526,-1.141,-1.083,-0.2033,-0.8474,-15.6498,-5.8484,-9.8014
0.1535,0.535,0.4718,0.0681,0.4271,64.5535,59.9818,4.5717
0.1271,-0.587,-0.1109,-0.6607,0.4271,34.9002,37.5332,-2.633
1.47,0.8894,0.7393,0.5421,0.4271,84.0471,83.4252,0.6219
0.4541,-0.7388,-0.1538,0.4744,0.4271,41.197,46.8895,-5.6925
-1.1596,0.9994,0.2081,-0.1382,0.4271,44.6116,47.6734,-3.0618
0.3757,0.8545,0.5636,0.3414,0.4271,72.0515,68.5611,3.4905
-0.1098,0.727,-0.7628,0.5246,0.4271,55.8703,52.995,2.8753
0.7387,-0.1593,-0.0273,0.5829,0.4271,62.2924,58.1831,4.1093
-1.8744,-0.3105,-0.0482,-0.8412,-0.8474,1.9933,3.2859,-1.2926
1.0159,0.4795,0.5001,1.1162,0.4271,73.8913,76.1013,-2.21
-0.038,0.9994,-0.5846,0.4278,0.4271,61.681,57.5259,4.1551
-0.0895,-0.1958,-0.1557,0.2993,0.4271,41.8372,45.9396,-4.1023
-0.4116,0.0323,-0.6217,-0.6905,0.4271,36.0504,34.5889,1.4615
0.9003,0.1527,-0.7457,0.6274,0.4271,57.6561,58.2049,-0.5488
0.2967,-0.2782,0.5867,0.8872,0.4271,58.264,58.9491,-0.6851
-1.3378,-0.7,0.3355,-0.6253,0.4271,26.5574,24.2488,2.3085
-0.5579,-1.5154,-0.5646,-0.5861,-2.3842,-10.222,-16.6164,6.3944
0.4528,-1.0805,0.5221,-0.3377,-0.8474,28.0866,27.448,0.6387
1.3389,0.0447,0.4536,1.0412,0.4271,72.1019,73.7934,-1.6915
0.4453,-0.7274,-0.2319,0.3241,-2.3842,9.9888,11.8792,-1.8904
0.5152,-0.5465,0.8009,0.0746,0.4271,52.5438,54.2729,-1.7291
-0.6098,-1.2396,0.6129,0.218,-2.3842,0.1856,0.5773,-0.3917
0.1921,0.3524,0.0089,-0.4841,0.4271,55.2962,50.9426,4.3536
-1.5357,-0.0494,0.6951,0.0771,-2.3842,-6.8364,3.6945,-10.5308
-1.585,-0.9937,-0.3284,-0.1163,0.4271,15.2068,16.7277,-1.5208
1.5697,1.4017,0.6699,1.1213,0.4271,93.9777,93.7457,0.2321
-0.6154,-0.9551,-0.2084,-0.2944,0.4271,29.9677,27.2347,2.733
0.2489,-0.4905,0.5398,-0.2189,0.4271,41.7248,48.0005,-6.2757
-0.5292,0.2183,0.5156,0.0083,0.4271,53.7236,49.0272,4.6965
0.1617,0.9861,0.2237,0.7666,0.4271,61.8989,68.0885,-6.1896
-0.7387,-0.0903,-0.228,0.6388,0.4271,47.8213,41.9745,5.8468
-0.3559,-0.4004,1.0835,-0.411,0.4271,44.2145,45.3819,-1.1674
-0.6438,-1.1345,0.6061,0.1927,0.4271,38.7905,34.5656,4.2249
0.5963,0.9127,0.4039,0.3971,0.4271,70.8981,70.7369,0.1612
0.1845,0.9242,0.495,-0.3926,0.4271,56.6527,61.6667,-5.014
-0.2643,-0.4031,-0.2421,0.1801,0.4271,43.7761,40.242,3.5341
-1.5336,-0.6588,-1.4272,-0.1903,0.4271,9.5015,12.0769,-2.5754
-0.3797,-0.9184,-1.2085,-0.5594,-0.8474,16.5887,5.4951,11.0936
0.844,1.1284,-0.4658,0.1379,0.4271,64.386,67.3243,-2.9383
0.9475,0.3413,-0.1375,0.2765,0.4271,55.3633,63.0722,-7.7089
-1.1881,-0.7548,0.5192,0.2221,-0.8474,20.1025,17.3974,2.7051
-1.3149,-0.4121,1.0182,0.2672,0.4271,41.4217,39.1877,2.234
0.0413,0.1616,0.123,0.0531,0.4271,52.5375,51.7929,0.7446
0.1051,0.8645,0.0819,-0.3524,0.4271,51.1911,57.2458,-6.0547
-0.2917,0.4829,0.1488,0.3903,0.4271,51.9894,54.3806,-2.3912
-0.7273,0.0234,-0.5025,0.6456,0.4271,52.6406,41.3106,11.33
-0.7323,-1.0836,0.5464,0.3807,-2.3842,-0.342,1.6376,-1.9797
0.1455,0.965,0.7829,-1.3876,0.4271,63.3316,57.0062,6.3254
0.9527,1.8018,0.3083,0.3561,0.4271,77.3063,83.5341,-6.2278
-0.4385,-0.0441,-0.8402,-0.1334,0.4271,28.9142,35.6319,-6.7177
-1.5618,0.1794,-0.0623,-0.3473,0.4271,26.682,30.6093,-3.9274
0.3272,-0.6797,0.0331,0.0656,0.4271,38.826,44.7919,-5.9659
1.4783,1.5459,-0.1943,0.5384,0.4271,72.1754,83.6877,-11.5122
-1.6169,0.2269,0.4724,-0.1483,0.4271,37.8148,36.0498,1.765
-0.0152,0.6753,-0.0956,0.1196,0.4271,54.9234,55.7444,-0.821
-0.4975,-1.081,-0.1188,0.2231,-2.3842,2.0603,-2.03,4.0903
-0.332,-0.7186,0.0338,-0.599,-2.3842,-2.2246,-0.7222,-1.5024
1.3148,0.129,0.4575,-0.9404,0.4271,62.2525,60.7379,1.5146
-0.825,-0.9782,0.6147,0.3877,-2.3842,-1.3543,2.4051,-3.7594
-0.6043,-0.7305,-0.905,-0.7135,-0.8474,6.9336,6.4658,0.4678
-0.6414,-0.4034,0.0212,-0.3581,0.4271,34.726,34.4844,0.2417
-1.5745,-1.2143,-0.184,-0.8068,-2.3842,-29.4478,-22.7283,-6.7195
-0.6098,-0.1509,0.4605,0.0225,0.4271,51.3577,43.6881,7.6696
0.3091,-0.3562,0.1677,-0.7223,-0.8474,34.1369,28.6535,5.4835
1.1038,1.5235,0.5386,-0.1421,0.4271,69.0522,80.3312,-11.279
-1.2297,-0.3255,0.4543,0.0401,-2.3842,-3.3453,1.7585,-5.1038
0.7555,-0.0202,-1.0114,0.7245,0.4271,54.2112,53.3407,0.8704
0.0646,-0.1685,0.7634,0.349,0.4271,48.726,55.3139,-6.588
1.0658,1.4781,0.48,0.4512,0.4271,74.2911,83.0868,-8.7957
-1.0683,-0.9378,0.0736,0.1336,0.4271,29.3461,27.7215,1.6247
-0.3083,0.3151,-0.0422,-0.7482,0.4271,45.9188,42.9329,2.9859
-1.4571,-0.8921,-1.7865,-0.7038,0.4271,4.218,3.9395,0.2784
0.6788,-0.2683,0.145,0.1554,0.4271,47.8973,54.6697,-6.7724
-0.1971,0.7642,0.167,0.2077,0.4271,63.0051,57.4289,5.5763
-0.4094,-0.3111,-0.5363,0.2371,0.4271,47.0073,37.855,9.1523
0.7067,0.9159,-0.2609,0.7712,0.4271,68.0995,69.4419,-1.3424
0.7674,0.2633,0.386,0.1203,0.4271,66.2022,63.2072,2.995
-0.1141,0.1216,0.6839,0.3928,0.4271,61.4429,56.3544,5.0886
0.5304,0.4594,0.3377,-0.0259,0.4271,64.7838,61.4843,3.2996
0.3542,0.9676,0.5997,-0.0259,0.4271,66.3465,67.3268,-0.9803
-1.5581,-1.3484,0.4952,-0.5784,0.4271,14.6469,16.1522,-1.5053
-1.54,-0.4032,0.5225,-0.6341,0.4271,31.741,26.797,4.9439
0.1461,-0.1164,-0.7623,-0.7217,0.4271,31.2938,37.5932,-6.2994
-0.4908,-1.2862,-0.3848,-0.8181,-2.3842,-10.6792,-13.5492,2.87
-1.5548,-1.6793,-0.9953,-0.9633,-2.3842,-36.8042,-35.075,-1.7292
-0.0776,0.9724,-0.0391,0.03,0.4271,65.7585,58.229,7.5296
-0.5603,0.6568,0.7478,0.0023,0.4271,61.5841,55.3695,6.2146
-0.6592,0.9371,-1.0725,0.6036,0.4271,59.8373,47.6367,12.2006
0.0062,1.0013,-0.0415,-0.6998,0.4271,46.6793,54.3601,-7.6808
-0.3771,0.1259,-1.8202,0.4867,0.4271,38.9528,34.9722,3.9806
-1.7564,-1.0282,-1.2915,-0.3953,-0.8474,-8.6645,-9.9869,1.3224
0.0992,-0.6963,-0.0677,0.1455,0.4271,38.8092,41.9423,-3.1331
-0.0006,-1.3975,0.0393,-0.0791,-0.8474,18.876,17.1084,1.7675
0.2492,0.6336,0.7659,-0.2146,0.4271,58.3024,62.4136,-4.1112
1.2382,0.3446,0.57,0.8551,0.4271,76.5436,75.6882,0.8554
-0.482,-0.2812,-0.4845,-0.235,0.4271,33.7706,34.5303,-0.7597
0.1454,-0.4728,-0.1906,0.4561,0.4271,41.3721,46.1629,-4.7908
0.3723,-0.2143,-1.1669,-0.1028,0.4271,42.7741,40.1055,2.6686
-0.1809,0.1862,-1.154,-0.0087,0.4271,38.2499,39.4343,-1.1844
0.632,-0.1323,0.3835,0.3564,0.4271,53.1946,58.9282,-5.7336
0.8329,-0.1027,0.8936,0.3065,0.4271,72.265,64.9923,7.2727
1.2372,1.1803,0.2846,1.0702,0.4271,80.2439,84.3737,-4.1298
0.4519,0.476,0.4402,-0.1228,0.4271,68.763,60.9454,7.8176
0.5107,2.691,0.3865,-0.131,0.4271,78.6651,86.0123,-7.3472
-1.3857,0.0763,0.1074,-0.8568,0.4271,35.5599,29.0996,6.4603
-0.8698,0.0183,-0.1474,0.6434,-0.8474,22.7626,27.3022,-4.5396
1.1695,1.0057,0.1689,1.1902,0.4271,85.7118,81.6289,4.0828
-1.8208,-0.3741,0.3186,-0.9454,0.4271,16.3427,20.3841,-4.0414
0.4848,-0.2652,0.2887,0.7558,0.4271,56.038,57.9048,-1.8668
-0.4433,-0.9812,0.2361,0.3486,-0.8474,18.1966,21.5335,-3.337
1.0467,0.7095,0.7102,1.0047,0.4271,86.2412,79.8577,6.3835
0.845,1.066,0.092,-0.5036,0.4271,60.6248,66.465,-5.8402
-0.4814,-0.726,0.503,-0.5606,-2.3842,-3.4074,1.4698,-4.8771
-0.2609,0.4996,0.0793,0.1149,0.4271,45.9279,52.4492,-6.5212
1.2919,0.3377,0.2757,-0.1489,0.4271,65.4014,66.9431,-1.5418
0.6865,0.0681,0.3344,0.3771,-0.8474,50.2677,46.3922,3.8755
0.9154,1.0136,0.585,-0.0723,0.4271,73.5956,73.4207,0.1749
-0.4731,0.4121,0.1384,0.1117,0.4271,55.4513,49.6239,5.8274
-0.0842,0.2372,-0.1017,-0.174,0.4271,44.7503,47.9918,-3.2415
-1.1337,-0.0554,-0.4249,-0.0935,-0.8474,7.5829,16.3894,-8.8065
-0.5834,-0.0733,-0.5974,-0.4183,-2.3842,-6.6143,0.2407,-6.855
1.2482,1.331,0.612,-0.0753,0.4271,79.4416,80.7434,-1.3018
0.2713,-0.2217,0.1691,0.531,0.4271,50.754,53.6237,-2.8697
0.7872,0.7833,0.4812,0.0748,0.4271,60.7721,69.6816,-8.9096
0.9861,0.7031,0.9247,0.1305,0.4271,74.9727,74.7106,0.2621
-0.5344,0.6774,-0.7,0.2345,0.4271,47.3548,46.3542,1.0006
0.4614,-0.6227,0.1558,1.1098,0.4271,59.7672,55.0721,4.6951
0.2462,0.2822,0.2441,0.5658,0.4271,63.6963,59.8397,3.8567
-0.432,0.8058,-0.1732,0.0101,0.4271,56.0985,51.3883,4.7103
0.7244,0.3309,-0.9978,-0.3967,0.4271,53.4628,49.2664,4.1965
0.7889,1.4652,-0.8275,1.0961,0.4271,73.2727,74.399,-1.1262
-0.8538,-0.9472,0.2577,-0.4373,0.4271,21.4563,27.3631,-5.9068
0.324,0.0797,0.1053,-0.2331,0.4271,46.3943,51.7758,-5.3815
0.6501,0.6325,0.7225,-0.4143,0.4271,67.5113,64.974,2.5373
-0.3838,0.635,-0.1698,0.4326,0.4271,52.2951,52.9466,-0.6515
-0.0703,-0.3886,-0.1808,0.0451,-2.3842,6.0998,8.6181,-2.5183
1.4168,0.8268,-0.1276,0.2238,0.4271,75.5077,73.2685,2.2392
-0.0418,-0.9948,-1.3092,0.4264,0.4271,25.7174,29.4749,-3.7575
1.5064,1.3097,0.2765,0.6931,0.4271,86.9342,86.029,0.9052
-0.7384,-0.6892,0.0378,0.039,0.4271,32.0078,33.1188,-1.1111
0.1616,0.5818,0.3547,0.211,0.4271,55.8452,60.687,-4.8418
-1.6812,-0.592,-0.5607,-0.315,-2.3842,-15.6457,-16.354,0.7083
0.3075,1.4567,0.2378,-0.1635,0.4271,69.4845,68.586,0.8985
-0.7428,-0.9588,-0.4942,0.0825,0.4271,29.9436,26.2496,3.694
-1.4348,-0.8288,0.8171,-0.7789,0.4271,21.8082,24.3985,-2.5903
-0.6925,-0.1464,-0.0137,0.2999,0.4271,40.8181,41.1318,-0.3137
-0.0959,0.596,-0.359,-0.1182,0.4271,47.5809,50.3088,-2.7279
0.7822,1.3252,0.2568,-0.0422,0.4271,71.7593,73.1815,-1.4222
0.9299,-1.1837,0.5041,-0.2504,-2.3842,18.0479,13.61,4.4379
-0.6238,0.7332,-0.2922,0.3277,0.4271,55.313,49.8094,5.5036
0.7063,-0.1494,1.0007,-0.0036,0.4271,67.8613,61.7796,6.0817
0.9371,-0.8093,-0.1116,0.0944,-2.3842,21.5979,15.5553,6.0426
1.2605,0.6359,0.7932,0.0876,0.4271,75.1334,75.5845,-0.4511
0.9325,0.1633,-0.2214,0.2582,0.4271,62.4343,60.1356,2.2987
-0.1652,-0.424,-1.1198,-1.0901,0.4271,29.8175,25.4879,4.3297
-0.762,-1.0716,-0.9372,-0.7233,0.4271,18.2456,15.7653,2.4804
0.327,0.0099,-0.1855,1.0998,0.4271,61.5304,58.0508,3.4795
0.1566,0.0097,0.002,0.672,0.4271,54.9433,54.6908,0.2525
-0.7879,-0.3188,-0.1649,0.8029,0.4271,47.0666,40.5037,6.5628
-0.0088,-0.1871,-1.2958,-0.3464,0.4271,41.6092,33.6426,7.9665
1.1629,0.8966,0.5242,0.3044,0.4271,69.1454,76.9081,-7.7627
1.099,1.3532,0.6424,-0.2117,0.4271,81.2043,78.6808,2.5235
0.8295,0.0064,0.7094,-0.0718,0.4271,60.0586,62.1352,-2.0766
-0.7918,0.1352,0.3844,-0.146,0.4271,41.8748,43.1977,-1.3229
-0.5184,-0.9517,-0.7427,-0.8682,0.4271,30.4296,20.2137,10.2159
-0.2312,-1.1317,-0.0853,-0.3109,0.4271,32.0828,30.1977,1.8851
-1.7102,-0.7118,0.1534,0.1463,0.4271,18.3701,24.0883,-5.7182
0.3998,0.5509,-0.1689,0.0376,0.4271,63.3376,57.6588,5.6787
0.0197,-0.7462,-0.1828,0.2658,-2.3842,-1.1228,7.0805,-8.2033
-0.256,0.0771,-0.2152,0.602,0.4271,50.4938,48.8713,1.6225
-0.6115,-1.0384,0.2184,-0.0964,-2.3842,8.9911,-2.3988,11.3899
1.5218,1.1968,0.0029,1.0633,0.4271,80.7324,85.393,-4.6607
-1.2528,-0.496,0.9736,-0.0979,-2.3842,-2.3957,2.63,-5.0257
-0.7638,-0.9318,-0.705,0.1801,0.4271,18.6535,25.3848,-6.7313
-0.2733,-0.6417,0.5615,-0.2858,0.4271,52.0712,40.4081,11.6631
-0.3777,0.2313,-1.5729,-0.0798,0.4271,38.4839,34.116,4.3679
-1.5405,0.1488,-0.4637,-0.2667,0.4271,29.5858,27.965,1.6207
-1.4979,-1.1755,-0.0339,-0.8415,-2.3842,-18.5159,-20.5584,2.0425
0.9821,0.7453,0.1535,-0.1115,0.4271,68.8047,67.5279,1.2768
0.4666,-0.6441,0.0584,0.3162,0.4271,43.9414,48.6221,-4.6807
-0.4963,-0.1537,-0.035,-0.6914,0.4271,33.4514,36.0962,-2.6448
0.0778,-1.1717,-0.3718,-0.018,-2.3842,5.7707,-0.5089,6.2796
0.1091,0.4321,0.2351,-0.0149,0.4271,55.9751,55.9506,0.0245
-1.7819,-1.2774,-0.4999,0.2873,-2.3842,-17.0524,-20.4861,3.4337
-1.5373,-1.378,-1.3412,-0.0482,-2.3842,-20.9159,-27.8012,6.8852
-0.6687,-0.7768,0.056,0.6448,0.4271,45.5559,37.2316,8.3243
-0.524,-1.0393,0.3773,0.1963,0.4271,31.6321,35.1843,-3.5523
-0.6978,0.101,-0.5785,0.2603,-2.3842,-2.0919,5.8369,-7.9288
-1.3471,-0.0006,0.4785,0.4294,0.4271,38.3431,40.4452,-2.1021
-1.5116,-1.009,0.0511,-0.3203,0.4271,8.5571,18.8439,-10.2868
-0.2141,-0.5651,0.5095,-0.6052,0.4271,36.9601,39.2838,-2.3237
-0.3507,-0.3052,-0.0049,0.0299,0.4271,41.0115,41.1987,-0.1872
1.4797,0.4625,0.56,0.9247,0.4271,72.779,80.0079,-7.2289
-0.2224,-0.6693,-0.9351,0.3981,0.4271,31.6948,33.8819,-2.187
0.1084,0.9844,0.8562,0.3307,0.4271,78.6468,69.3343,9.3125
-1.2288,-1.0409,-0.7942,-0.7089,-1.1097,-9.6959,-5.9475,-3.7484
1.7615,-0.1649,0.8668,0.3185,-2.3842,35.4636,40.7195,-5.2559
-0.3386,-1.0759,0.4431,-0.4907,-0.8474,19.2264,17.3485,1.8778
-0.2599,-0.4439,-1.5118,0.5018,0.4271,24.9401,32.2992,-7.3591
0.6764,-0.1208,0.3658,-0.1305,0.4271,56.8884,56.0125,0.8759
-0.3337,-0.1787,-0.2042,0.1951,0.4271,46.5597,42.4187,4.1411
0.3891,0.9582,0.537,0.2541,0.4271,70.5892,69.0592,1.53
0.174,0.7805,0.8206,0.9444,0.4271,76.665,71.7366,4.9284
-0.7105,-0.9482,0.1262,0.9171,0.4271,31.5464,37.2889,-5.7425
0.1058,0.7511,-0.4332,-0.0063,0.4271,57.701,54.4209,3.28
-0.1131,-1.138,0.239,-0.266,-2.3842,-0.6753,0.7999,-1.4752
0.71,0.6134,0.224,-0.1953,0.4271,65.1192,63.0888,2.0303
-0.6282,-0.4319,-0.6486,-0.4418,0.4271,35.2371,28.5703,6.6668
1.6523,0.8152,0.5891,-0.2883,0.4271,79.9803,77.615,2.3653
0.9168,0.5123,-0.0633,0.8684,0.4271,64.3616,69.3503,-4.9887
1.4257,0.366,0.7457,0.5716,0.4271,76.7582,77.3177,-0.5596
0.5118,-0.1892,0.1953,0.342,0.4271,57.5845,55.4535,2.131
0.4177,0.8569,0.3292,-0.2097,0.4271,59.8054,63.4037,-3.5983
-0.4574,0.016,0.4977,-0.0559,0.4271,57.462,46.9383,10.5237
0.2807,0.5101,0.1228,-0.7735,0.4271,48.2945,52.5293,-4.2348
-1.1274,-0.6913,-1.1624,-0.9234,0.4271,4.6197,13.0042,-8.3845
0.8044,0.8514,0.0769,0.2529,0.4271,71.8782,68.7593,3.1188
-0.7196,-0.7188,-0.9077,-0.2809,0.4271,14.3242,23.4899,-9.1656
-0.5997,-0.0077,-0.948,1.1226,0.4271,48.1718,42.2161,5.9557
1.0849,0.4889,0.3525,0.4368,0.4271,63.195,71.0871,-7.892
-0.3143,-0.9621,-0.1628,-0.065,-2.3842,-3.6092,-1.0712,-2.538
0.7909,1.3744,-0.2306,0.2301,0.4271,67.5659,71.9705,-4.4047
-1.7825,-1.3217,-0.1311,-0.5363,0.4271,9.2267,9.5213,-0.2946
-0.4448,0.2805,-0.0043,-0.2146,0.4271,53.2156,45.0826,8.133
-0.4447,0.1836,-0.6963,0.1188,0.4271,35.096,40.9866,-5.8906
-0.6312,-0.1859,0.0013,0.1323,0.4271,41.3629,40.2947,1.0682
-1.5109,-0.688,-0.9136,0.5142,-2.3842,-17.7196,-12.5595,-5.1601
-0.3437,-0.7981,0.5726,0.1519,-2.3842,5.7957,7.6229,-1.8272
-0.6449,-0.657,-1.0876,0.2773,0.4271,26.5555,27.4802,-0.9247
0.1454,0.2202,0.2941,0.1915,0.4271,60.088,55.8461,4.2419
-0.2097,-0.5598,-0.6542,-0.1508,0.4271,38.034,33.5961,4.4379
-0.3611,0.755,0.1651,0.1565,0.4271,52.7493,55.196,-2.4466
0.4525,1.1432,0.8794,-0.1393,0.4271,69.4121,71.7183,-2.3062
-0.6347,-0.2486,0.9711,0.1235,-1.1097,35.6075,28.6938,6.9137
1.4561,0.7215,0.1828,0.3578,0.4271,76.0198,75.8249,0.1949
-0.1725,-0.5115,0.1257,0.1387,0.4271,44.559,42.5495,2.0094
0.2997,0.9673,-0.076,-0.8344,0.4271,58.4213,55.9218,2.4994
1.4887,0.3118,0.3097,0.5306,0.4271,76.6017,73.7457,2.856
-0.0317,0.7082,0.2111,0.1681,0.4271,62.6788,58.6352,4.0437
0.421,-0.0022,-0.432,0.0528,0.4271,39.0317,49.7474,-10.7157
-0.9963,-1.042,-0.2961,0.1199,0.4271,34.4519,24.3815,10.0704
-0.47,-0.7201,0.4443,0.0896,0.4271,33.6553,39.1266,-5.4712
0.8881,1.3255,0.5862,0.0999,0.4271,75.6695,77.8421,-2.1726
0.2449,1.5818,0.072,-0.0184,0.4271,64.2148,69.0554,-4.8406
-0.0423,-1.0173,0.0259,-0.2835,0.4271,36.0871,34.5538,1.5333
-1.1234,-0.6123,-0.7954,-0.8946,0.4271,12.7507,16.9597,-4.209
0.0908,-1.39,0.5784,0.2581,-2.3842,6.9311,6.4053,0.5258
-0.7379,0.5862,0.3475,-0.5351,0.4271,46.3343,45.8572,0.4771
0.4781,1.1111,0.232,-0.3696,0.4271,63.6702,65.0505,-1.3803
-0.1965,-1.0164,0.3279,0.021,0.4271,41.2592,37.3522,3.907
0.1511,-0.6003,-0.552,-0.5691,0.4271,27.9809,34.8838,-6.9029
0.1755,1.1003,0.3385,1.2226,0.4271,68.3561,73.5733,-5.2172
-1.7218,-1.5353,0.1444,0.0057,-2.3842,-13.6439,-19.7416,6.0977
1.16,-1.0795,-0.0277,-0.5647,-2.3842,12.03,10.9691,1.061
-1.4896,0.2165,0.0028,-0.1135,0.4271,32.1172,33.9246,-1.8074
1.5508,0.827,0.7251,0.1025,0.4271,81.8924,80.4246,1.4678
0.1378,0.2287,0.2965,-0.0495,0.4271,52.9675,54.2041,-1.2366
1.1857,-0.0367,0.5275,0.1563,0.4271,61.638,65.653,-4.0149
0.2706,-1.0773,-0.1229,0.0183,0.4271,42.1595,38.1851,3.9744
-1.4967,-1.0458,-0.9581,-0.5817,0.4271,-5.9537,9.0087,-14.9623
0.5542,0.9886,0.39,-0.4087,0.4271,71.6932,65.4329,6.2603
-0.9548,0.6191,0.48,0.7223,0.4271,47.1106,53.6633,-6.5527
0.6741,1.0193,-0.0663,0.8191,0.4271,58.4716,72.0861,-13.6145
1.0419,-0.9619,0.2801,0.2275,-2.3842,21.3656,18.9011,2.4645
-0.2342,-0.3222,-0.2504,0.3148,0.4271,42.5491,42.3483,0.2008
-0.6798,-0.7865,0.6025,0.3434,0.4271,46.6748,39.1133,7.5615
-1.4092,-1.3206,0.6523,0.4201,-0.8474,15.0078,11.0679,3.9399
-0.4569,-0.584,0.1259,0.1279,0.4271,40.7066,38.6132,2.0934
0.6903,0.1442,0.2963,0.7521,0.4271,51.9223,64.742,-12.8197
-1.2352,-0.7107,0.1229,-0.9801,0.4271,16.565,21.1258,-4.5608
1.3331,1.0888,0.8096,0.3636,0.4271,93.6068,83.5003,10.1065
-0.3118,-0.8057,-0.1507,-0.0891,-1.1097,16.0406,15.7817,0.2589
1.4619,-0.6552,0.3505,0.6039,0.4271,72.6581,63.4083,9.2498
-0.013,0.5594,0.3204,0.2889,0.4271,53.3338,58.8421,-5.5082
0.2873,-0.8947,-0.5535,0.031,-2.3842,10.7103,3.7932,6.9172
-0.4113,-1.4229,-1.1606,0.2485,-2.3842,-15.1528,-12.7898,-2.3629
-1.4054,-0.8683,-0.6812,0.1627,0.4271,15.5664,19.2876,-3.7213
0.3615,0.4907,-0.4226,0.4401,0.4271,58.085,57.4171,0.6679
0.5205,0.2517,0.3682,0.0029,0.4271,60.4978,59.4778,1.02
-0.2457,-0.2487,-0.0424,-0.2374,0.4271,40.0153,40.8123,-0.7971
-0.9143,-0.2604,-1.0712,0.6448,0.4271,35.5023,31.7343,3.768
0.1513,-0.6024,-0.2304,-0.7181,0.4271,27.418,36.3014,-8.8834
-0.4073,-0.8832,-0.2774,0.0586,-2.3842,11.5034,-1.2032,12.7066
-1.4623,-1.1543,-0.6167,-0.6572,-0.8474,-6.8655,-4.8839,-1.9816
0.2199,-1.0875,-0.3746,0.1236,0.4271,27.5951,36.3234,-8.7283
0.775,-0.1158,-0.3115,1.1665,0.4271,57.3622,60.9304,-3.5683
0.7343,-0.59,0.3781,0.3005,-2.3842,18.457,21.0493,-2.5923
0.0243,-0.6583,-0.6177,0.2153,0.4271,32.9411,37.8205,-4.8794
-1.1434,-1.1538,0.6375,-0.2817,-2.3842,0.4121,-7.4589,7.871
-0.3968,0.328,0.0467,-0.4648,0.4271,47.1814,44.7833,2.398
0.889,0.6637,1.0021,0.3362,0.4271,80.5849,75.2531,5.3318
-0.0615,0.1472,0.4846,0.0392,-0.8474,41.7655,38.0733,3.6922
-0.2266,-1.5586,-0.5634,-0.616,0.4271,16.167,19.6481,-3.4811
1.4918,1.5147,-0.5557,0.8147,0.4271,81.0152,82.6216,-1.6064
-0.1341,-0.1474,-0.3272,0.113,0.4271,45.7582,43.3917,2.3664
0.9783,0.2089,0.9395,-0.7717,0.4271,60.4961,62.9118,-2.4158
0.1252,1.0773,-0.3136,-0.2872,0.4271,64.1578,57.2638,6.894
-0.7366,-0.7062,0.3626,-0.2508,0.4271,33.7627,33.431,0.3317
-0.9637,-1.0165,-0.2161,-0.1073,-2.3842,-11.2782,-9.3443,-1.9339
0.1878,0.1708,-0.347,-0.0705,0.4271,43.9897,48.9917,-5.002
-1.3374,-0.266,-0.8176,-0.774,-0.8474,-11.1584,4.0865,-15.2449
-0.4308,0.1765,0.2365,0.4756,0.4271,54.2557,50.7121,3.5436
1.1566,0.5578,-0.0799,0.2793,0.4271,61.2857,68.2079,-6.9222
-0.8673,-0.6158,0.1149,0.2287,0.4271,33.6102,34.4751,-0.8649
0.7646,0.6503,-1.033,-0.1295,0.4271,50.1792,54.8752,-4.696
-0.5612,0.1294,-0.6379,0.6015,0.4271,48.2592,42.9338,5.3254
-0.1098,-0.9522,0.0236,0.0676,0.4271,36.811,36.9856,-0.1747
0.3514,0.5642,0.554,0.1642,0.4271,68.0004,63.7305,4.2698
0.6937,-0.5551,0.087,-0.3601,0.4271,51.7527,47.5751,4.1775
1.2825,1.2538,0.6386,0.3311,0.4271,79.4354,83.2722,-3.8368
-1.8308,-0.9532,-2.4125,0.132,-2.3842,-28.7356,-33.158,4.4223
-0.7527,-1.1852,-0.1802,-0.3283,-0.8474,8.0943,8.0165,0.0778
-0.6526,-0.0959,-0.0018,-0.1553,0.4271,46.566,39.0541,7.5119
-0.7562,-1.5035,-1.4572,-0.145,0.4271,9.2292,10.9907,-1.7615
0.6257,1.1143,-0.1891,0.0511,0.4271,72.1654,66.3522,5.8132
-1.4409,-0.5923,-0.2788,-0.7088,0.4271,7.9647,19.048,-11.0833
0.9631,-0.0393,0.7023,0.6961,0.4271,68.3029,68.3366,-0.0336
0.6775,0.5988,-0.1284,0.3421,0.4271,56.7086,63.6001,-6.8915
-0.8394,-0.613,0.1701,0.1347,0.4271,49.6743,34.5767,15.0976
-0.8022,-1.3325,-1.3743,0.0717,-0.8474,3.1205,-0.5762,3.6967
-0.6691,-0.3275,-1.0934,-0.1633,0.4271,25.7642,27.8204,-2.0563
0.2416,0.678,-0.4548,0.3228,0.4271,60.4712,57.1747,3.2965
-0.406,-0.9468,0.1515,-0.5125,-2.3842,-4.1065,-2.5751,-1.5314
0.3944,0.564,0.0393,-0.252,-0.8474,48.4678,42.1956,6.2722
-0.3559,0.598,0.2918,0.196,0.4271,62.9232,54.7368,8.1864
0.5263,-1.1478,0.0069,-0.1828,-2.3842,9.3168,6.3331,2.9837
0.3724,0.7482,0.0141,0.6362,0.4271,67.8625,65.1524,2.71
0.2322,0.3719,0.0568,0.1608,0.4271,60.8035,56.443,4.3605
1.2081,-0.3649,-0.8334,0.5906,0.4271,67.7563,54.7513,13.0049
-1.4299,-0.9057,-0.6094,-0.6181,-0.8474,-4.7689,-1.4125,-3.3565
0.24,-0.0145,0.2875,-0.1747,0.4271,49.7077,51.6232,-1.9156
0.8133,0.201,0.0149,-0.8013,0.4271,54.4536,53.7362,0.7174
0.7308,-0.0528,0.649,0.243,0.4271,62.2257,62.1359,0.0898
-1.4663,-1.2573,0.5374,-0.5933,-2.3842,-17.2127,-15.018,-2.1947
-0.1465,0.844,-0.011,-0.104,0.4271,53.4105,55.3309,-1.9204
-0.4518,-0.611,-0.8172,0.3379,-2.3842,-5.4381,-0.8307,-4.6074
-0.3438,0.5776,-0.5067,-0.549,0.4271,43.9554,43.3155,0.6399
-0.4677,-0.0776,-1.1495,-0.5554,0.4271,28.2873,29.6311,-1.3439
1.2593,0.5926,0.2835,0.6824,0.4271,66.5367,75.2983,-8.7616
0.9138,-0.0583,-0.5055,1.078,0.4271,60.4807,60.957,-0.4762
-0.5552,0.9694,0.7189,-0.0202,0.4271,52.1929,58.5617,-6.3688
0.2853,-0.1147,0.0305,-0.7572,0.4271,34.463,44.9563,-10.4933
-0.8677,-1.141,-1.4642,0.2746,-0.8474,-2.407,1.5956,-4.0026
-0.3163,0.0322,0.1345,0.7525,0.4271,46.5104,51.4562,-4.9458
0.0946,0.4214,0.3593,0.9363,0.4271,63.2886,63.2413,0.0473
0.0806,0.1308,-0.1869,-0.4422,-0.8474,36.3485,30.8997,5.4488
-1.3479,-1.1973,0.1925,-0.7138,-2.3842,-14.8139,-16.5666,1.7527
-1.3716,-0.6559,-0.8471,0.5437,-2.3842,-19.9145,-9.9899,-9.9246
0.0807,-0.5424,-0.6936,0.2381,0.4271,44.418,39.3026,5.1154
-0.3946,-0.2099,-0.2039,-0.3199,0.4271,32.4664,37.8374,-5.371
0.1606,-0.5288,-0.0693,0.1045,0.4271,46.6005,44.185,2.4155
-0.1193,0.3844,0.5585,-0.321,0.4271,49.2964,53.3282,-4.0318
-0.2037,0.2028,-0.8703,0.2831,0.4271,32.5755,43.5877,-11.0122
0.3338,0.6012,-2.2473,-0.002,0.4271,47.5294,41.2505,6.2789
0.7139,-0.4031,0.0376,-0.1595,0.4271,49.7734,50.5146,-0.7411
0.7075,0.2702,-0.867,0.5936,0.4271,49.1803,56.2931,-7.1128
-1.0895,-0.2861,-0.6058,-0.0153,-0.8474,10.7027,13.4195,-2.7168
-0.1961,-0.7505,-1.0107,-0.6573,0.4271,26.6129,25.3325,1.2804
0.5432,0.6277,-0.1963,-0.5952,0.4271,59.2912,55.4489,3.8424
-1.6803,-1.5593,-2.3891,-0.4374,-0.8474,-19.3194,-23.88,4.5606
-0.4474,-1.1918,0.768,-0.1226,0.4271,29.5796,35.0796,-5.4999
-0.7249,0.881,-0.8119,-0.4219,0.4271,41.497,41.1799,0.3171
-0.0449,-0.4123,-0.5033,-0.2285,0.4271,36.172,37.6399,-1.4679
-0.3472,1.4789,0.6469,-0.24,0.4271,68.419,64.4359,3.983
-0.4729,0.4836,-0.9428,-0.0921,0.4271,47.0349,40.6956,6.3393
-0.2123,0.4383,0.5042,0.1698,0.4271,67.0628,55.9323,11.1306
1.1271,1.0583,0.3033,0.314,0.4271,75.4114,76.7107,-1.2993
0.7725,0.3205,0.5249,1.0632,0.4271,72.319,71.527,0.792
-0.4351,-0.2006,-0.33,-0.1316,0.4271,29.9215,37.8478,-7.9262
0.831,-0.2169,0.7738,-0.1169,0.4271,63.9646,59.8236,4.141
0.9064,0.8104,0.283,0.7925,0.4271,72.0364,74.7277,-2.6914
-0.3787,-0.2516,0.365,0.5748,0.4271,42.6046,48.1358,-5.5313
0.486,1.3414,0.3906,-0.0761,0.4271,63.9688,70.9839,-7.0151
-1.5435,-1.0408,-0.7585,0.37,0.4271,8.5191,16.7146,-8.1955
0.9662,0.6183,0.297,-0.2391,0.4271,72.1251,66.145,5.9801
1.0807,0.9372,-0.3641,-0.0107,0.4271,61.767,67.4597,-5.6927
-1.4289,-0.8411,-0.7848,-0.9073,0.4271,17.1162,11.1067,6.0095
0.0396,-0.1602,0.8972,0.3183,0.4271,66.6967,55.9555,10.7411
-0.244,0.8612,-0.1686,-0.1618,0.4271,45.6591,52.8657,-7.2066
0.1846,-0.5138,0.5646,0.0915,0.4271,54.0862,49.3981,4.6881
0.9348,0.3355,0.4806,0.5097,0.4271,71.9489,69.2479,2.701
-0.2859,-1.1187,0.0891,0.3169,0.4271,39.5739,35.4628,4.1111
-0.8395,-1.0894,-0.8182,-0.9757,-2.3842,-13.1869,-19.5024,6.3155
-1.117,-1.4258,0.0191,-0.7075,-2.3842,-24.4173,-17.9531,-6.4641
-0.6772,-0.5402,0.6918,-0.0778,-2.3842,0.4047,6.2701,-5.8654
-0.2386,-0.2545,0.4057,-0.6098,0.4271,33.9073,41.6832,-7.7759
-0.9741,-0.2082,0.7247,-1.0187,-0.8474,24.5799,18.795,5.785
0.0198,-0.4148,0.6056,-0.1139,0.4271,44.9507,47.634,-2.6833
-0.4065,-0.9987,0.98,0.1273,0.4271,37.9243,41.058,-3.1337
-1.3649,-1.302,-0.9869,-1.0699,-2.3842,-24.4577,-29.4746,5.0168
-1.5494,-0.868,0.3878,-0.5202,0.4271,20.6105,21.2263,-0.6158
0.6018,-0.7135,0.1231,-0.0226,-2.3842,18.2049,14.0339,4.171
-1.5027,-0.5428,-0.132,0.2176,0.4271,30.3575,26.5107,3.8468
-0.2676,0.4822,0.1746,0.0521,0.4271,57.4189,52.4781,4.9408
1.1423,0.2718,0.5822,0.8543,0.4271,67.7349,73.9303,-6.1954
0.0766,0.387,-0.5377,-0.1815,0.4271,43.8197,47.9924,-4.1727
-1.433,-1.138,-0.0751,0.0901,0.4271,19.1307,20.1162,-0.9855
0.4876,0.4201,0.1848,-0.4583,-0.8474,35.538,41.2603,-5.7223
-0.269,-0.0091,0.1481,-0.1516,0.4271,41.0549,45.3182,-4.2633
0.936,-0.0515,-0.4737,-0.1562,0.4271,46.0473,52.9372,-6.8899
1.262,1.6319,0.1513,0.3098,0.4271,87.9914,83.4066,4.5848
-0.9081,0.304,0.2022,0.2868,0.4271,53.266,45.4554,7.8105
0.7652,0.6214,0.5937,-0.0377,0.4271,71.4351,67.709,3.7261
0.0813,-0.242,-0.1887,0.3004,0.4271,42.2686,47.0043,-4.7357
-1.6502,-1.3955,-1.224,-0.6821,-0.8474,-12.5262,-14.4532,1.927
-0.5772,0.0666,-0.1439,0.7293,0.4271,52.9634,46.7449,6.2185
-0.5669,1.7355,0.7092,-0.2338,0.4271,63.2254,65.4902,-2.2648
-0.1236,-0.5242,-0.7286,0.2143,0.4271,35.2914,36.8836,-1.5922
-0.3184,0.6013,-0.3244,0.0052,0.4271,41.4433,49.1087,-7.6654
-1.4757,-1.6532,0.4501,-0.1806,-2.3842,-16.2348,-17.3739,1.1391
-0.6345,0.456,-2.0187,1.0318,0.4271,36.8896,38.1897,-1.3002
-0.2942,-0.5414,-0.6083,0.4407,0.4271,29.5328,37.3615,-7.8287
-0.7234,-0.8615,-0.955,-0.3621,0.4271,21.099,20.9164,0.1827
-0.8522,-0.2871,0.6536,-0.021,0.4271,45.7269,40.7417,4.9852
0.8263,0.3684,0.5414,-0.131,0.4271,64.8665,64.4687,0.3978
-0.0836,0.5186,0.2524,0.1708,0.4271,65.1332,56.2832,8.85
-0.5961,-0.2946,0.663,-0.0627,0.4271,44.9383,43.1841,1.7542
-0.3307,-0.1942,0.1865,-0.3216,0.4271,46.5247,41.6908,4.8339
-0.7046,-1.2381,-0.9119,-0.4717,-2.3842,-16.1003,-16.9471,0.8468
-1.0239,-0.9786,-0.0365,0.1664,0.4271,28.9998,27.1199,1.8799
-1.1687,0.9785,0.5124,-0.202,0.4271,46.1739,49.2378,-3.0639
0.4623,0.2989,-0.1511,0.408,0.4271,57.7332,58.2051,-0.4719
-0.0894,-0.4705,0.6093,-0.0059,0.4271,48.1538,46.6169,1.5368
-0.7696,-0.28,0.0524,0.1651,0.4271,34.0973,38.375,-4.2777
-0.3612,-0.5192,0.9846,-0.6176,-0.8474,29.317,26.6509,2.6661
0.2441,-0.0788,0.6664,0.1421,0.4271,56.318,56.0607,0.2573
-0.6955,-1.0633,-0.0035,-0.5616,-0.8474,14.9718,9.7381,5.2337
-0.1634,-1.4253,0.2485,-1.1234,-0.8474,6.6671,9.4023,-2.7352
-0.0292,-0.1812,0.3629,0.1746,0.4271,47.7218,49.8732,-2.1514
-0.6439,-0.6566,0.6183,0.2189,0.4271,40.987,40.2149,0.7721
-0.1242,-0.077,0.4947,-0.9318,0.4271,43.0464,43.351,-0.3046
0.5064,0.1178,0.4042,0.3402,0.4271,60.0014,60.4417,-0.4403
-0.0972,-1.2638,-1.5148,0.7219,0.4271,24.6503,26.3301,-1.6797
-0.7946,0.6965,-0.0066,-0.0076,0.4271,55.7604,47.4333,8.3271
1.0636,0.5247,0.3347,0.3562,0.4271,65.0571,70.5649,-5.5078
-0.3919,0.2616,-0.0699,-0.0865,0.4271,51.6468,45.8223,5.8246
0.723,0.2607,0.9459,0.5288,-2.3842,26.7013,36.45,-9.7488
-1.4146,-0.2525,-1.1476,-0.3998,0.4271,4.5142,18.6149,-14.1007
-0.0037,-0.927,0.0918,-0.2018,-0.8474,25.3246,21.9169,3.4077
1.3064,0.2885,1.0835,0.6232,0.4271,84.1784,78.1278,6.0506
-0.3836,-0.7575,-0.7264,-0.0058,-2.3842,-9.7768,-3.4378,-6.339
-0.8725,-0.0207,0.0245,-0.7172,0.4271,28.768,33.8404,-5.0724
-0.1674,0.7434,0.0255,0.548,0.4271,51.6134,58.79,-7.1766
-1.2798,-1.1606,-0.403,-0.7521,-0.8474,-7.7278,-2.0136,-5.7142
0.2991,-0.131,-0.0777,0.3936,-0.8474,39.2049,36.9468,2.2581
-0.7636,-0.4419,-0.6441,-0.811,0.4271,15.0925,24.4754,-9.3829
-1.5824,-0.2444,0.0111,-0.0083,-0.8474,-1.3863,13.4027,-14.789
0.4139,0.6371,-0.6505,0.3627,0.4271,64.0929,57.3332,6.7597
-0.6534,-0.3826,-0.051,0.1748,0.4271,39.4435,37.7378,1.7056
0.4766,1.1588,-0.1542,-0.8553,0.4271,59.8021,59.2235,0.5786
0.6428,0.7048,0.1223,-0.0298,0.4271,63.0431,63.7638,-0.7207
-0.4584,0.7342,0.1241,0.3394,0.4271,55.4069,54.8758,0.5311
-0.0576,0.9257,0.4709,0.3053,0.4271,70.689,63.7554,6.9336
-0.8348,-1.3112,-0.5318,-0.4664,-2.3842,-16.5511,-16.203,-0.3481
0.5182,0.2243,0.5267,0.2637,0.4271,61.8452,62.1775,-0.3323
0.2452,-0.0025,0.0004,0.1555,0.4271,53.0956,51.9009,1.1948
0.3294,0.3622,0.6743,0.1239,0.4271,66.1162,61.869,4.2472
1.0981,-0.1947,-0.3822,-0.1001,0.4271,58.888,54.1567,4.7313
-0.8288,-0.7511,-0.9549,-0.5577,0.4271,19.5939,19.6686,-0.0747
1.1026,1.0006,-0.5382,0.5519,0.4271,65.9404,70.9775,-5.0371
0.2361,-0.1766,-0.2411,0.0589,0.4271,48.5246,47.3163,1.2083
-0.1067,-0.8169,0.8526,0.2314,0.4271,42.0333,46.0567,-4.0234
0.8485,0.4646,0.7984,1.161,0.4271,70.2526,76.7455,-6.4928
-0.634,-0.8479,-0.5642,-0.274,0.4271,26.3298,25.646,0.6838
-0.3337,-0.8124,-1.0152,0.0006,0.4271,25.3554,27.7019,-2.3466
-1.3303,-1.1164,0.1233,0.2043,-2.3842,-9.8661,-9.6187,-0.2473
-0.0717,0.4177,0.0641,0.4448,0.4271,64.2254,55.7315,8.4939
-1.5447,-1.5188,0.5149,-1.1019,-0.8474,-8.3094,-4.2496,-4.0598
-0.7416,0.1642,-1.777,-0.8569,0.4271,20.3031,22.4919,-2.1888
0.8904,0.4239,-0.079,0.3354,0.4271,73.7311,64.248,9.4831
1.6884,2.1482,-0.0227,0.8406,0.4271,91.6132,96.1321,-4.5189
-1.0669,-0.1436,-1.51,-0.2638,0.4271,21.6731,21.7219,-0.0488
1.2127,-0.3109,-0.0346,1.0125,0.4271,66.1293,64.4871,1.6422
-0.3182,0.2701,0.0949,0.1427,0.4271,44.8633,49.5678,-4.7045
0.1737,-0.124,0.0958,-0.2093,0.4271,51.3835,47.967,3.4165
0.8872,-0.7332,0.3477,0.4839,0.4271,63.3388,55.5178,7.821
-0.916,-1.2994,-0.1024,0.129,0.4271,15.5435,23.9013,-8.3578
-0.3887,0.6501,0.4866,-0.8116,0.4271,51.2863,49.4661,1.8203
1.5401,0.3845,0.0738,0.5573,0.4271,76.9159,73.4833,3.4326
1.5361,0.9234,0.6176,1.3878,0.4271,90.8604,89.4572,1.4032
1.1028,1.0687,0.5907,0.766,0.4271,84.7534,81.9194,2.8339
-0.2711,-0.6974,0.0967,-0.0231,0.4271,32.0717,38.054,-5.9823
-0.0166,0.192,0.5299,-0.0098,0.4271,58.6824,54.2077,4.4747
0.066,-0.6809,-0.0552,-0.0535,0.4271,46.0146,40.4725,5.5422
-0.7465,-1.5035,-1.6891,0.3242,-2.3842,-16.3691,-20.828,4.4589
-1.6727,-0.4593,0.1641,-0.0455,-0.8474,18.9054,10.9363,7.9691
-0.5876,-0.1955,-0.2402,0.1144,0.4271,47.7933,38.6718,9.1215
-0.0329,-0.7912,-0.4802,-0.1995,0.4271,36.785,33.8882,2.8967
0.6137,-0.3702,0.5418,-0.0349,0.4271,60.5773,54.5564,6.0209
-0.1044,-0.2713,0.0913,0.8067,0.4271,49.9725,50.3586,-0.3862
0.5807,0.0629,-0.6362,0.7442,0.4271,62.9603,55.4245,7.5359
-1.3483,-1.7243,-0.3154,-0.8666,0.4271,6.0369,5.9331,0.1039
-0.8077,0.391,0.9383,0.0491,0.4271,44.703,51.5213,-6.8183
-0.547,0.3987,-1.2885,0.142,0.4271,44.5131,37.915,6.5982
-0.447,0.0882,-0.317,-0.093,0.4271,51.0384,41.3361,9.7024
-0.4931,-1.1954,0.0657,0.1224,0.4271,26.8883,30.849,-3.9607
-0.7536,-0.7305,-0.7301,-0.4939,0.4271,29.9416,22.8796,7.0621
0.3872,0.0368,0.5253,0.2005,0.4271,60.8524,58.2147,2.6377
1.2645,1.0196,0.3594,-0.0921,0.4271,79.7153,75.3556,4.3597
0.029,0.2714,-0.9336,0.0697,0.4271,38.8045,44.8824,-6.078
0.3827,1.6459,0.7937,0.6109,0.4271,74.377,81.1788,-6.8018
-0.0553,-1.0554,0.2747,-0.0455,0.4271,39.0824,37.556,1.5265
-0.5544,-0.5958,-0.1096,0.7925,0.4271,34.9951,40.2445,-5.2494
0.1405,-0.539,0.4991,0.0301,0.4271,46.0718,47.7114,-1.6396
-0.5791,-1.5098,0.4277,-0.0588,-2.3842,-3.6309,-5.4811,1.8502
-0.229,0.472,0.6421,-0.8344,0.4271,53.118,50.2128,2.9052
0.7845,0.382,0.1882,-0.0923,0.4271,64.0374,61.7242,2.3132
-0.8677,0.6106,-0.4086,0.1434,0.4271,52.4522,43.641,8.8112
0.5331,-0.2499,0.5876,-0.7593,0.4271,55.7237,50.3621,5.3616
-1.6915,-1.5658,-0.1048,-0.1492,-2.3842,-24.3475,-22.7537,-1.5938
-0.4966,0.3394,-0.4592,-0.5294,0.4271,40.3338,39.5007,0.8331
0.5317,1.3789,-0.2437,-0.1432,0.4271,62.7119,66.5488,-3.8369
-1.621,-0.3452,-0.4946,-0.4082,0.4271,13.7856,20.3259,-6.5404
1.2899,0.9486,0.2888,-0.0727,0.4271,69.2335,74.4212,-5.1877
1.2514,0.0671,0.6264,-0.0426,0.4271,66.336,66.9033,-0.5672
-0.8862,-1.3225,-0.5502,-0.0778,-0.8474,0.1549,3.9371,-3.7823
1.0635,1.4348,-1.0284,0.47,0.4271,71.0355,71.1009,-0.0654
-0.0043,-0.3199,0.0661,0.2124,0.4271,33.8504,46.5597,-12.7093
-1.1797,-0.3568,-0.027,0.187,-2.3842,-1.3254,-0.7405,-0.5849
0.6082,-0.2238,0.1552,0.2221,0.4271,54.8709,54.9558,-0.0848
1.0885,0.8441,0.7147,0.0406,0.4271,70.1628,75.1525,-4.9897
1.1503,0.8195,0.7198,-0.1752,0.4271,75.0959,74.0773,1.0185
0.2486,-0.1557,0.0705,0.2055,0.4271,63.868,51.1015,12.7666
-0.732,-0.3404,-0.7192,-0.3315,0.4271,29.0232,28.7102,0.313
-0.3163,-0.6262,-0.3819,0.2971,0.4271,38.9302,36.9147,2.0155
1.3095,0.6992,0.2592,0.8273,0.4271,74.9582,77.8549,-2.8968
-0.2462,-1.6395,0.2174,-0.2962,-2.3842,-9.5822,-6.6415,-2.9407
1.4506,0.6598,0.3834,0.2029,0.4271,83.5634,75.5397,8.0237
-1.4497,-1.0508,0.3202,-0.6006,-2.3842,-10.7122,-14.2399,3.5277
0.4943,0.6511,-0.9551,-0.1363,0.4271,48.947,52.5396,-3.5926
0.0767,0.1332,-1.2074,-0.0771,-0.8474,43.2178,25.5721,17.6458
-0.1142,-0.0773,-0.7975,-0.7987,0.4271,37.8886,34.438,3.4506
0.4238,1.0435,0.4175,0.3647,0.4271,69.9779,70.2398,-0.2619
0.3931,-0.2655,0.2381,0.4764,0.4271,56.5191,54.5875,1.9316
-0.1425,-0.5471,-0.0863,0.1659,-0.8474,27.8302,25.8873,1.9429
0.0897,-0.0196,0.5125,-0.0096,-0.8474,40.5261,37.6942,2.8319
-1.6452,0.2799,-1.4947,-0.6665,0.4271,19.7497,17.606,2.1436
0.0347,-0.1025,0.0771,0.2793,0.4271,54.4897,49.9715,4.5182
0.0987,0.4285,-0.207,0.7603,0.4271,66.0889,57.7862,8.3027
-0.1322,-0.8147,0.2736,-0.1634,0.4271,32.7058,38.6095,-5.9037
-0.6855,-0.1135,-0.0755,-0.0486,0.4271,40.5632,38.6795,1.8837
-0.5014,-1.1481,0.0014,0.2702,0.4271,36.4561,31.8246,4.6315
-1.2286,-1.3685,-0.4754,-0.1195,-2.3842,-20.8726,-18.2211,-2.6515
0.9008,0.0515,-0.8732,0.2862,0.4271,55.4458,53.7192,1.7266
0.7147,0.7805,-0.1601,0.7966,0.4271,71.9951,68.9567,3.0384
1.0287,0.8775,0.5968,0.2166,0.4271,76.7815,75.2031,1.5784
-0.0245,-1.0831,0.0525,0.2634,0.4271,25.6066,38.0105,-12.4039
-1.6317,-1.9111,-0.3271,-0.0065,-2.3842,-21.8251,-26.7143,4.8892
1.224,1.175,1.0368,-0.0742,0.4271,87.687,82.0049,5.6821
0.8185,1.5052,-0.0173,0.5706,0.4271,79.8883,77.7462,2.1421
0.4011,-1.3487,0.0221,0.4144,0.4271,35.3035,40.4007,-5.0971
0.0254,0.0377,-0.1009,-0.2118,0.4271,40.217,46.6664,-6.4494
0.9014,1.1949,-0.1962,0.3799,0.4271,72.8258,72.4429,0.3829
0.2166,0.8176,0.7658,-0.0085,0.4271,67.9416,65.5647,2.3769
-0.6217,0.2069,-0.9641,-0.5241,0.4271,34.5929,32.8242,1.7688
0.205,1.2066,0.4778,0.1477,0.4271,68.6747,68.685,-0.0103
-0.7506,-1.1369,-0.309,0.0348,0.4271,21.1241,25.257,-4.1329
0.3074,-0.2528,-0.0813,-0.0534,0.4271,46.4432,47.673,-1.2298
-0.9999,-0.593,0.3483,-0.5806,-2.3842,2.4711,-3.9184,6.3895
0.6497,-0.3346,-0.2048,0.2732,0.4271,61.2105,51.7396,9.4709
-1.0359,-0.4835,0.1416,-0.1655,-0.8474,19.3331,16.4803,2.8527
0.6351,1.1405,0.6154,0.1505,0.4271,75.1209,73.6275,1.4935
1.2073,0.3019,0.2403,0.0644,0.4271,71.1046,66.8435,4.261
0.6727,1.4931,0.5772,0.1928,0.4271,75.5794,77.9961,-2.4167
-1.6114,-0.8904,0.1267,-0.1416,-0.8474,5.9898,5.7906,0.1992
0.1621,1.5848,-0.7182,0.0072,0.4271,59.8605,62.3001,-2.4396
-0.0064,-1.308,-0.1386,-0.6214,-0.8474,7.4223,12.9156,-5.4933
0.6967,-0.3344,0.3716,-0.2007,0.4271,53.9795,53.3866,0.5929
0.8311,-1.2809,0.1733,0.629,0.4271,38.7118,48.4249,-9.7131
-0.3028,0.1548,-0.2656,0.1216,0.4271,46.844,45.5161,1.3279
-1.372,-0.7733,-0.3084,-0.1729,-2.3842,-11.9823,-12.1502,0.1679
0.4604,-0.7845,0.1432,0.1704,-2.3842,21.2746,13.2155,8.0592
0.8277,0.1924,0.2472,0.1985,0.4271,62.5159,62.5309,-0.0151
-1.4763,0.9675,-0.2472,-0.6207,-0.8474,9.6042,21.9229,-12.3187
1.6525,1.5259,0.1135,0.2582,0.4271,82.7017,85.7486,-3.047
0.302,0.8698,-0.6154,0.0034,0.4271,61.0722,56.5224,4.5499
-0.305,-0.1177,-0.0091,-0.2516,0.4271,26.9447,41.8085,-14.8637
-0.6351,-0.4459,-0.3765,-0.6659,0.4271,28.7854,28.8742,-0.0888
-1.0574,-0.9223,-0.186,0.0452,-0.8474,7.5388,10.26,-2.7212
-0.542,-0.399,0.31,-0.7464,0.4271,44.509,35.1208,9.3882
0.9394,0.5193,0.4208,0.0993,0.4271,58.5897,68.0498,-9.4601
-1.3199,-0.894,-0.9754,-0.6808,-2.3842,-30.2323,-21.6121,-8.6202
0.6132,0.5684,0.4689,-0.0738,0.4271,57.0031,64.2742,-7.271
0.4242,0.9563,-1.147,0.0954,0.4271,46.3764,55.3547,-8.9784
-1.4376,-0.4247,-0.5481,-0.4148,0.4271,18.4996,20.9411,-2.4415
-0.2932,-0.1091,-1.406,-0.126,0.4271,20.3639,32.1582,-11.7943
-0.6656,-0.2883,-0.8743,-0.8334,0.4271,17.9782,25.3259,-7.3476
-0.2913,-0.9807,-0.4223,-0.9146,0.4271,19.3499,24.464,-5.1142
-1.5177,-0.4191,-0.2966,-0.2315,0.4271,19.2214,23.3543,-4.1328
-0.4959,-0.6374,-0.181,0.2488,0.4271,31.7123,36.0742,-4.3619
-1.3484,-0.3812,0.4015,0.3852,-2.3842,-5.3672,1.8513,-7.2185
-0.6362,-0.8648,-0.6197,-0.3941,0.4271,23.7569,24.1707,-0.4138
-0.6093,-0.0674,0.0746,0.0691,0.4271,47.9216,41.9871,5.9345
-1.1006,-1.2194,-0.1943,-0.676,-2.3842,-19.7582,-16.8785,-2.8797
-0.2884,0.4317,0.1635,0.0096,0.4271,59.9597,51.3067,8.653
1.58,1.7528,0.0816,1.1238,0.4271,93.68,93.2954,0.3846
0.6913,-0.3019,0.5297,0.0808,0.4271,55.0785,56.8669,-1.7884
-0.4682,-0.453,-0.1798,0.2492,0.4271,29.6035,38.4568,-8.8533
0.5025,1.0257,-0.0719,0.2347,0.4271,59.1032,66.214,-7.1108
-0.0184,-0.3984,-0.1164,-0.898,-1.1097,21.5251,18.1453,3.3798
-0.6243,0.8553,-0.0055,0.7742,0.4271,62.8485,56.4851,6.3633
-0.7895,-1.057,-0.2212,0.056,0.4271,31.5435,26.5614,4.9821
-1.1378,-0.8319,0.0631,-0.0272,-1.1097,3.7877,8.7113,-4.9236
-1.3921,-0.5715,0.7416,0.5113,0.4271,35.7264,36.1366,-0.4102
-0.0118,-0.7605,0.3569,0.1338,0.4271,40.254,43.2157,-2.9618
0.4171,-0.5946,-0.475,0.5762,0.4271,44.0413,46.3521,-2.3108
-0.0871,-0.27,0.4077,0.2219,0.4271,48.8252,48.9281,-0.1029
-0.627,0.5963,0.894,-0.472,0.4271,48.1584,51.8028,-3.6444
-1.4735,-1.4855,-1.1648,-1.086,0.4271,-7.8464,-0.7824,-7.064
1.4926,-0.3315,0.4721,0.1256,0.4271,70.9301,64.9872,5.9429
0.4471,-0.2916,0.7577,0.1113,0.4271,53.6629,56.3316,-2.6686
0.2722,0.1438,0.9145,0.076,0.4271,54.4447,60.3155,-5.8709
-0.3679,0.4093,-0.1168,-0.3221,0.4271,44.7789,45.7408,-0.9619
0.6864,1.1579,0.2008,0.151,0.4271,71.8091,71.1864,0.6227
-0.6434,-1.3558,-0.657,-0.8174,0.4271,10.966,15.3431,-4.3771
-0.4342,0.3729,-0.8973,-0.9779,0.4271,36.6145,34.0579,2.5565
-0.1269,-0.1414,-0.4423,0.4276,0.4271,49.6333,44.838,4.7953
-0.7137,-0.7592,-1.0625,-0.8335,-0.8474,7.558,2.926,4.632
0.8559,0.2629,0.4241,0.4375,0.4271,68.8169,66.649,2.1679
-0.6568,0.4133,-0.387,0.3697,0.4271,45.3653,45.4207,-0.0554
-0.0116,-0.0614,0.0877,0.9772,0.4271,51.8515,54.8698,-3.0184
-0.3013,0.2116,0.7869,0.2152,0.4271,43.5207,54.9203,-11.3996
-0.5972,0.6087,-0.8946,-0.1329,0.4271,47.3091,40.8574,6.4517
-0.4775,-0.7688,0.3524,0.3308,0.4271,40.4616,39.4683,0.9933
-1.195,-1.0057,-0.5629,-0.0771,0.4271,19.4684,19.2397,0.2287
0.1873,-1.2062,-0.5821,0.4086,0.4271,26.8983,35.0234,-8.1251
-0.1582,-1.2264,0.588,0.0487,-0.8474,23.5241,22.4543,1.0698
-0.5194,-0.0606,-0.1519,-0.3758,0.4271,35.3563,38.1909,-2.8346
-0.3522,-0.0366,0.54,-0.502,0.4271,55.0265,44.6972,10.3293
0.7746,0.5322,0.8092,-0.2649,0.4271,66.6624,66.8862,-0.2238
-0.1451,1.2859,0.8594,-0.307,0.4271,64.5657,65.6009,-1.0352
1.3023,1.3981,0.4764,1.1579,0.4271,88.4974,89.6054,-1.108
-1.5527,-1.3403,-0.6034,-0.0637,-2.3842,-27.5633,-21.9737,-5.5896
-0.3911,0.5307,0.0869,0.3296,0.4271,53.1068,52.9545,0.1523
0.7637,0.2234,0.8049,-0.5068,0.4271,66.965,61.5822,5.3828
1.7033,1.6439,0.0061,0.4096,0.4271,83.5744,87.8454,-4.2711
0.1253,-0.9049,0.1865,-0.654,-2.3842,0.076,2.8747,-2.7986
-0.7849,-0.0272,-0.862,0.2682,0.4271,30.2906,34.7352,-4.4445
0.5322,-1.0698,0.6581,0.0117,0.4271,46.0203,47.0346,-1.0143
0.6141,-0.9865,-0.6398,-0.0073,-0.8474,15.402,23.5913,-8.1893
0.9506,0.954,0.7694,0.0526,0.4271,73.1543,75.4161,-2.2618
1.0441,0.0508,0.5586,0.0843,0.4271,68.7158,64.8595,3.8563
0.2671,0.2561,0.5723,0.3,0.4271,57.0457,60.4466,-3.4009
-0.9096,-2.0916,-2.2712,0.1457,-2.3842,-16.6816,-34.9073,18.2257
0.4773,-0.358,0.1571,-0.6256,0.4271,37.6295,46.1662,-8.5367
-0.0065,0.0279,0.247,0.1027,0.4271,52.5694,51.0764,1.4931
-0.4487,-0.158,0.0318,0.7582,0.4271,38.4465,47.1483,-8.7017
-0.8072,-1.4384,0.1696,-0.4508,-0.8474,4.7755,6.4257,-1.6502
0.6639,1.1116,0.6992,0.3469,0.4271,75.3123,75.6199,-0.3076
0.1821,-0.0634,0.333,-0.5858,0.4271,49.6045,47.9455,1.659
-0.1827,0.8693,0.3502,0.0204,0.4271,60.0756,58.872,1.2036
-1.4406,-0.116,-0.8824,0.0061,0.4271,19.2642,24.7324,-5.4682
-0.6332,0.6112,0.5833,-0.2585,0.4271,52.08,50.997,1.083
-0.3922,-0.8273,-0.2761,-0.9292,0.4271,29.3715,26.1305,3.241
-0.0989,-0.3654,-0.4283,-0.5282,-0.8474,16.9659,20.9405,-3.9746
0.0497,0.1212,-0.7461,0.1498,0.4271,43.3223,45.4153,-2.093
0.981,0.7414,1.0763,0.0711,0.4271,77.0732,75.8398,1.2334
1.0093,0.2508,0.9002,-0.2997,0.4271,68.9624,66.6944,2.268
-0.7713,-1.1377,0.0608,-0.0306,0.4271,25.5401,27.416,-1.8759
1.4571,0.1568,0.2235,0.6175,0.4271,73.238,71.6044,1.6335
0.0511,0.5598,0.2194,0.0562,0.4271,56.6828,57.1379,-0.4551
-0.563,-0.525,-1.0733,-0.2531,0.4271,27.6655,26.2654,1.4001
-0.5718,0.3231,0.3425,-0.4354,0.4271,38.737,45.3338,-6.5968
0.19,0.3499,0.6953,0.1796,0.4271,57.6501,60.7861,-3.1361
-0.5975,0.1996,-0.1929,0.0798,-0.8474,27.4927,27.9913,-0.4986
-0.7539,-1.13,-0.7281,0.2619,-2.3842,-2.7846,-9.7464,6.9619
-0.1035,0.8041,-0.3876,-0.0876,0.4271,57.5318,52.5592,4.9726
0.5921,-0.0489,0.2595,0.2619,0.4271,57.6225,57.8282,-0.2057
0.6855,0.8484,0.6573,0.183,0.4271,65.6172,71.4313,-5.8141
1.1209,0.6012,0.4388,-0.0574,0.4271,60.365,69.9645,-9.5995
1.2591,0.9825,-0.2387,0.0965,0.4271,79.8101,71.5899,8.2201
-0.2472,-0.4071,0.5291,0.0826,0.4271,51.8923,45.6371,6.2551
-1.3835,-1.5412,-0.1501,0.0401,-2.3842,-12.85,-18.21,5.36
-1.3572,-1.6735,0.6149,-0.8305,-0.8474,-6.4703,-1.3241,-5.1462
-1.4151,-1.171,-0.9633,0.046,0.4271,18.4887,12.7979,5.6908
-0.4499,-0.8076,-0.2911,-0.5757,0.4271,27.6356,28.0765,-0.4408
-0.4155,0.81,0.6733,-0.2001,0.4271,54.5755,56.6636,-2.0882
1.5123,0.3348,-0.08,-0.5134,-0.8474,45.1482,48.8596,-3.7114
1.7779,1.414,0.2509,0.9792,0.4271,85.9504,91.9034,-5.953
-1.5119,-0.804,-0.2055,-0.4479,0.4271,11.0874,18.2846,-7.1972
-0.4826,-0.2676,-0.5394,-0.0573,0.4271,40.8074,35.4899,5.3175
-1.5231,-0.5192,-0.673,-0.5608,-2.3842,-10.1265,-16.4134,6.2869
1.4349,1.1016,0.2054,0.6965,0.4271,75.1957,82.4,-7.2043
-0.4587,-0.2877,-0.4868,-0.9677,-0.8474,19.4287,14.456,4.9727
-0.0215,-0.151,-0.506,-0.4351,0.4271,34.7466,39.372,-4.6254
0.0396,0.0272,-0.0597,0.7073,0.4271,58.8865,53.4056,5.4808
-0.6521,-0.4387,-0.1654,0.1381,0.4271,33.0745,35.9849,-2.9104
0.5896,0.2725,0.8574,-0.2173,0.4271,57.949,62.6855,-4.7365
-0.1902,-0.6237,0.6724,0.1092,-2.3842,15.3646,11.7007,3.6639
1.5211,1.226,0.8706,-0.3252,0.4271,84.8358,82.738,2.0978
-0.3481,-0.019,-0.7286,-0.118,0.4271,43.868,37.8496,6.0184
-0.5698,-0.4899,0.291,-0.3061,0.4271,27.6552,36.7165,-9.0614
0.8004,0.1659,0.1927,-0.0525,0.4271,61.1938,59.7759,1.4179
-0.6713,0.0144,-0.7281,0.3638,0.4271,33.9404,38.1157,-4.1753
-0.657,0.112,-0.5081,-0.215,0.4271,36.6141,37.0337,-0.4196
0.73,-0.8072,0.241,0.2194,0.4271,43.575,50.341,-6.7659
1.035,0.5298,0.5275,0.026,0.4271,62.8029,69.5036,-6.7008
-1.0655,-0.4719,-0.249,-0.924,-0.8474,13.8294,8.0161,5.8134
-0.3593,-0.4093,-0.9319,-0.3903,-0.8474,13.9611,14.7431,-0.782
-1.309,-1.0882,-0.2656,-0.8661,-0.8474,0.7423,-1.2486,1.991
-0.3596,-1.1215,-0.9536,0.1812,-2.3842,-4.0887,-7.7217,3.633
0.8019,0.8594,0.2452,0.3174,0.4271,75.6561,70.5665,5.0896
0.9097,-0.5313,-0.0536,-0.6093,-0.8474,32.6466,32.2002,0.4465
-0.4012,-0.6774,0.4023,0.2658,0.4271,44.2917,41.2438,3.0479
-0.8081,-0.8543,-0.1935,-0.3439,-0.8474,4.4155,10.9332,-6.5177
0.9492,0.5247,0.2238,-1.0479,0.4271,59.3367,58.726,0.6107
-0.2839,-0.4649,0.5777,-0.5377,0.4271,44.4926,40.6559,3.8366
0.4384,0.0611,0.1947,0.1481,0.4271,61.751,56.1293,5.6217
-0.8125,-0.5578,-0.6412,-0.6345,0.4271,32.072,23.8968,8.1753
-0.4816,0.6073,0.0024,0.1416,0.4271,51.8489,50.8904,0.9585
0.6398,-0.588,0.1945,-0.1358,0.4271,55.8678,49.0131,6.8547
0.4613,-0.1233,0.232,-0.9614,0.4271,45.7848,46.8755,-1.0908
-0.4288,-1.0648,0.2038,0.1985,-0.8474,13.677,19.457,-5.78
-0.1625,-0.3658,-0.0603,0.1895,0.4271,45.2329,43.2179,2.0149
0.0162,-0.0277,0.8111,-0.0959,0.4271,55.95,53.654,2.2959
0.7603,0.5719,0.145,-0.5488,0.4271,54.5474,60.0954,-5.548
-0.3559,-1.2677,0.4697,-0.242,-0.8474,21.3906,16.941,4.4496
-1.4372,-1.0474,-1.6795,-0.285,-0.8474,-2.5833,-9.002,6.4187
0.8125,0.6022,0.5034,0.0334,0.4271,70.5803,67.8002,2.7801
0.3073,-0.847,-0.3349,-1.1875,0.4271,22.8515,31.1553,-8.3038
0.7479,-0.2337,0.4018,0.1147,0.4271,45.5649,57.4914,-11.9265
-0.4429,-0.2189,-0.4362,-0.9864,-0.8474,14.801,15.6572,-0.8562
-0.9114,-0.864,-1.2008,-0.926,-2.3842,-14.1198,-20.3357,6.216
-0.2541,0.3524,0.5733,-0.5685,0.4271,51.3863,49.9171,1.4692
-1.5502,-0.2252,0.1269,-0.2765,-2.3842,1.3912,-5.2673,6.6585
1.0143,1.0072,0.4668,0.327,0.4271,71.099,76.2754,-5.1765
0.5583,-0.4601,0.3932,0.0645,-2.3842,18.832,19.1005,-0.2685
-0.4101,0.3442,-1.1423,0.5884,0.4271,44.1332,42.997,1.1361
0.7762,0.7414,-0.1784,0.3186,0.4271,78.328,65.7138,12.6142
0.4164,0.5209,0.2332,-0.6677,0.4271,56.8407,55.689,1.1517
-1.3701,-0.1581,0.0547,0.3433,0.4271,28.0807,34.5677,-6.487
-0.5723,0.1307,0.6918,0.123,0.4271,47.7147,49.732,-2.0173
-1.5754,-1.0885,-0.3694,-0.2001,-2.3842,-14.7754,-18.5319,3.7564
-0.1657,0.6447,-0.6863,-0.0102,0.4271,40.3724,48.341,-7.9686
-0.2665,1.183,-0.4971,0.1471,0.4271,53.7874,55.8637,-2.0763
-1.4195,0.2457,0.4295,-0.4365,0.4271,28.5442,36.0427,-7.4985
0.1882,-0.3152,-0.3227,0.5786,0.4271,60.6593,48.2292,12.4301
0.3513,0.5773,0.7063,0.0328,0.4271,69.3648,64.1348,5.23
0.4696,-0.1506,0.4881,0.1013,-0.8474,41.3974,40.8736,0.5238
-0.5515,-0.1247,-0.3617,-0.5442,0.4271,40.6005,34.3414,6.2591
-1.0092,-1.1579,0.1836,0.1176,0.4271,24.4201,26.6147,-2.1946
-1.4268,-1.5094,-0.0564,-0.4349,-1.1097,-6.5534,-5.756,-0.7974
-0.5781,-0.9228,0.0494,-0.5548,0.4271,38.3744,28.172,10.2025
-0.097,0.43,0.2016,0.1969,0.4271,55.6056,54.9331,0.6725
-0.5734,-0.6538,0.6181,-0.2082,0.4271,48.6975,38.0307,10.6668
0.6545,0.4106,-0.3135,1.1919,0.4271,67.8627,65.7203,2.1424
0.4846,1.2585,0.4436,1.3189,0.4271,82.7585,80.1425,2.616
-0.1604,-1.3443,-1.365,-0.4848,-0.8474,3.0973,2.3712,0.7261
-0.2162,-0.0058,-0.719,0.224,0.4271,45.79,41.8618,3.9283
-0.238,-0.9768,-0.2417,-0.8324,0.4271,20.3775,27.0388,-6.6613
1.4778,1.0462,0.8125,1.1672,0.4271,95.015,90.1796,4.8354
-0.2592,-0.747,0.3672,-0.3165,0.4271,39.3416,37.6666,1.675
0.9428,0.3365,0.1994,0.2778,0.4271,65.7598,65.5687,0.1911
-0.4458,0.2502,0.0478,0.3102,0.4271,55.0506,48.7789,6.2717
1.2026,0.7775,0.0612,0.2322,0.4271,76.7088,71.9309,4.7779
-0.3141,-0.1835,0.4092,0.4473,0.4271,48.8297,49.0458,-0.2161
0.9961,0.934,0.6266,-0.4215,0.4271,71.545,71.2843,0.2607
1.4139,1.328,-0.2611,0.6358,0.4271,87.1167,80.7101,6.4066
-0.439,-0.9418,0.2788,0.2634,-0.8474,17.9392,21.7593,-3.8202
1.4319,0.2073,0.3563,1.0752,0.4271,74.8061,76.1056,-1.2995
1.0045,0.1776,0.4168,-0.3869,0.4271,67.7776,61.4958,6.2818
-0.1072,0.412,-0.2808,-0.3592,0.4271,37.8796,47.0456,-9.166
1.0106,0.389,-0.0729,0.084,0.4271,68.1793,63.443,4.7362
-0.0274,-0.0193,0.7396,-0.0434,0.4271,54.4605,53.0964,1.3641
1.1924,1.2363,0.193,0.4345,0.4271,84.4603,79.4009,5.0595
1.0749,1.4271,0.0371,1.241,0.4271,81.9797,84.6939,-2.7142
-0.2719,-0.69,-1.3611,0.0826,0.4271,28.4898,27.648,0.8419
-1.412,-1.2801,-1.0285,-0.5158,-2.3842,-30.9746,-26.202,-4.7726
0.5911,0.7097,-0.9099,0.2639,0.4271,65.6686,57.3661,8.3025
0.9192,0.6559,0.5193,0.0342,0.4271,66.6037,69.6755,-3.0718
-0.0718,0.3109,0.3058,0.4519,0.4271,65.6232,56.4393,9.1838
-1.3733,-0.7167,0.0398,-1.1148,-0.8474,8.8,2.8619,5.9381
-0.9157,-0.2619,0.965,-0.2146,0.4271,46.2756,41.3945,4.8811
-0.1984,-0.6793,0.1782,0.2267,0.4271,46.2978,41.4011,4.8967
-0.6541,0.5337,0.1478,0.1336,0.4271,49.4588,49.2775,0.1814
0.5252,-0.5812,0.6127,-0.2271,0.4271,48.1594,50.4457,-2.2863
-1.0961,0.049,0.2306,-0.3287,0.4271,42.0023,36.5154,5.4869
1.0949,0.1761,0.5341,0.1361,-2.3842,37.5803,33.5854,3.995
-0.5624,0.0527,0.2384,0.1108,0.4271,39.7703,45.3894,-5.6191
0.9242,0.5748,-0.3728,1.1053,0.4271,68.4965,69.3981,-0.9016
0.4143,0.4709,0.308,0.0712,0.4271,59.4718,60.816,-1.3442
1.35,1.6819,0.1768,0.092,0.4271,76.8305,83.5931,-6.7625
-0.4634,1.0627,0.3978,-0.0448,0.4271,52.9062,57.9519,-5.0457
0.2069,0.0701,0.6135,-0.4387,-0.8474,46.0892,37.7511,8.3381
-1.5559,0.1808,-0.4486,-1.0058,-0.8474,5.5427,7.9974,-2.4546
0.9602,0.9516,0.1591,0.3437,0.4271,62.3822,72.8191,-10.4369
0.0749,-0.7831,-0.0087,-0.5166,0.4271,34.3066,36.5565,-2.2499
0.3324,-0.4685,0.3121,0.1485,-2.3842,17.8151,16.5456,1.2695
0.3418,0.5084,-0.3457,0.2027,0.4271,58.9565,56.346,2.6106
0.9851,0.0697,0.6127,1.4034,0.4271,74.341,74.0253,0.3158
-1.7693,-1.2449,0.341,0.3564,-2.3842,-10.9088,-13.0352,2.1264
-0.697,0.6241,-0.2838,0.051,0.4271,51.7037,45.9393,5.7644
-0.2814,-0.9088,-0.0881,-0.2726,-0.8474,14.3096,17.2697,-2.9601
0.0549,-0.7055,0.3143,-0.527,0.4271,38.3674,39.6284,-1.2609
0.8596,0.5159,0.721,0.6239,0.4271,68.1133,73.1124,-4.9991
1.3697,0.9212,0.6926,0.1893,0.4271,85.2987,79.8952,5.4035
0.0002,-1.1366,0.0114,-0.4388,-2.3842,0.8547,-0.9233,1.7781
-1.026,-0.5276,0.1008,-0.1411,-2.3842,-8.0242,-2.3113,-5.7129
-0.6026,-1.3338,-1.0461,-0.8813,-1.1097,-0.9328,-5.6681,4.7352
-0.4521,-0.8779,-0.943,0.3509,0.4271,28.9876,28.6866,0.301
1.5721,1.0118,0.5095,1.215,0.4271,91.3315,88.8046,2.5269
0.5867,-1.2985,-0.0408,-0.0159,0.4271,33.6311,39.4776,-5.8465
-0.0473,-0.0716,-1.6145,0.069,0.4271,42.0814,34.9649,7.1165
1.3872,0.1474,0.3385,-0.1741,0.4271,63.2103,66.1325,-2.9222
-1.7519,-1.3183,-0.6409,-0.5037,-2.3842,-24.1306,-27.2063,3.0757
-1.4642,-1.2901,-0.6345,-0.2052,0.4271,6.4335,11.7162,-5.2827
0.7537,0.5168,0.4835,-0.7127,0.4271,59.1497,60.8711,-1.7213
-0.0227,0.3088,0.5389,0.1391,0.4271,56.9038,56.5602,0.3436
-0.2815,0.1048,0.487,0.4234,0.4271,61.4633,53.0696,8.3936
0.5367,1.596,0.8179,0.071,0.4271,78.45,78.7015,-0.2515
0.0509,-1.0889,0.7661,-0.1685,0.4271,35.9527,41.2426,-5.2899
0.9941,1.6294,-0.7364,-0.1081,0.4271,76.519,70.7732,5.7458
0.0288,-0.9744,-0.7695,0.3613,0.4271,28.7553,34.161,-5.4057
1.3212,0.2991,-0.0103,-0.217,0.4271,60.1354,64.1487,-4.0134
-1.2466,-0.9347,-0.3913,-0.79,-2.3842,-20.6749,-17.5489,-3.126
0.4084,-0.0547,0.7972,0.277,0.4271,65.4832,60.0371,5.4462
-0.052,0.8149,0.0578,-0.156,0.4271,48.9801,56.1851,-7.205
0.1741,1.0452,0.119,-0.4627,0.4271,65.2,59.5363,5.6637
-0.3419,0.244,-0.216,0.102,0.4271,47.1857,46.3462,0.8395
0.1191,-0.8224,0.3116,0.0769,0.4271,45.9194,43.1785,2.7409
-0.4,-0.4341,0.1817,-0.2262,0.4271,36.5092,38.8767,-2.3675
-1.3658,-0.5427,0.426,-0.9111,0.4271,22.1507,24.4279,-2.2772
-0.9116,-0.5063,0.9356,0.1404,0.4271,36.2055,40.932,-4.7265
-0.0787,0.8159,-0.9956,-0.0565,0.4271,46.6914,48.4963,-1.8048
0.3096,0.024,0.2032,-0.692,0.4271,44.3632,48.5587,-4.1954
0.8284,0.4427,0.3807,0.4338,0.4271,70.4106,68.0166,2.3941
1.1978,0.4562,0.7139,-0.3096,0.4271,72.3626,69.5216,2.841
-0.055,-0.7749,0.8205,0.1541,0.4271,47.2038,46.2989,0.9049
-0.356,-1.0277,0.1871,-0.0946,0.4271,30.7456,33.6299,-2.8843
-1.6128,1.1244,0.626,-0.7131,0.4271,43.5544,43.4413,0.1131
-0.385,-0.8534,0.4444,0.1251,-0.8474,24.7929,23.6451,1.1479
-1.6056,-1.2785,-0.9018,-0.1089,-2.3842,-26.5876,-24.4553,-2.1323
-0.5122,-0.0795,-1.655,0.0184,0.4271,23.2164,29.2312,-6.0148
0.7425,0.8614,0.5399,-0.1364,0.4271,72.9235,69.0652,3.8582
0.3411,1.3151,0.1683,-0.3045,0.4271,56.2821,65.8383,-9.5562
-0.6702,-0.4807,-0.3755,-0.1684,0.4271,36.2403,31.5732,4.667
0.1878,-0.1477,0.2322,0.5319,0.4271,52.1323,54.0524,-1.9202
-0.6537,-1.0782,-0.7246,-0.6359,-2.3842,-15.4875,-14.3041,-1.1834
-0.3576,0.1884,-0.1744,0.2526,0.4271,49.8091,46.9192,2.8899
0.6825,1.0318,0.254,0.0852,0.4271,70.8482,69.6785,1.1696
0.4412,0.8811,-0.1186,-0.7714,0.4271,55.4924,56.5788,-1.0864
-0.8605,-0.6452,-1.1058,0.5302,0.4271,33.0235,26.9224,6.101
0.3339,0.405,0.2898,-1.0651,0.4271,58.5094,51.1755,7.3339
1.3353,0.1127,0.3091,-0.0694,-0.8474,58.9826,50.5461,8.4365
-0.3361,-0.2765,-0.3564,0.1168,0.4271,44.3763,39.5772,4.7991
0.0557,-0.577,0.241,-0.9004,0.4271,43.5792,37.9225,5.6566
0.2173,0.0066,0.4451,0.4899,0.4271,66.2444,57.4504,8.794
-0.5017,-0.1247,-0.2456,1.0658,0.4271,48.5521,46.9601,1.5921
-0.3007,0.2197,0.2841,0.1671,0.4271,45.8409,50.8146,-4.9737
0.6481,0.4495,-0.1648,-0.3832,0.4271,63.1735,56.2846,6.8889
1.2296,0.2872,0.0318,0.2938,0.4271,63.4972,66.9077,-3.4105
-0.9905,-0.591,0.6363,-0.4018,0.4271,40.1544,33.0618,7.0926
0.7179,0.4437,0.1127,-0.5211,0.4271,56.6655,58.144,-1.4785
-1.5923,0.6271,-1.3756,-0.3404,0.4271,33.1152,25.2607,7.8545
0.8766,1.3022,0.5958,0.499,0.4271,79.1961,80.3046,-1.1085
-1.2531,-0.3486,-1.5115,-0.8124,0.4271,1.5265,13.5977,-12.0712
0.1792,1.2856,-0.4305,-0.5252,0.4271,64.8531,57.632,7.2211
0.356,0.5713,0.0392,-0.5256,0.4271,55.043,55.1043,-0.0613
1.0281,0.8382,0.1964,0.0469,0.4271,72.3551,70.4955,1.8595
-1.1927,-0.5932,0.8285,-0.5661,-0.8474,16.0869,16.0677,0.0191
0.6586,0.5407,-1.0651,1.2831,0.4271,55.0316,62.0783,-7.0467
0.5497,0.4106,-0.3471,0.9309,0.4271,58.531,62.5245,-3.9935
-0.8139,-0.0029,-1.659,0.2879,0.4271,23.9398,28.7029,-4.7631
-0.3814,-0.4726,0.0948,0.2716,0.4271,40.8588,41.4351,-0.5763
-0.2857,0.1574,0.0704,0.2634,0.4271,53.8836,49.2996,4.584
1.5595,0.6217,0.3908,0.3754,0.4271,79.2811,77.5342,1.747
0.2731,-0.0781,-0.1298,0.2522,0.4271,46.7721,51.0205,-4.2484
0.5893,-0.0586,-0.0281,-0.5797,0.4271,60.9891,49.6271,11.362
0.1765,-0.6505,0.3422,0.3219,-2.3842,8.733,14.2659,-5.5329
0.5945,-0.0054,0.6019,-0.5555,0.4271,64.5758,55.296,9.2798
1.1898,0.535,1.0008,0.6793,0.4271,86.2289,79.4022,6.8267
-0.0386,0.139,-0.5947,0.136,0.4271,40.5962,45.7386,-5.1424
0.294,0.715,0.2729,0.8719,0.4271,73.7617,67.5682,6.1935
0.7243,-0.1851,0.8659,-0.0003,0.4271,64.4362,60.5556,3.8806
-0.8779,0.3225,0.1097,-0.4996,0.4271,40.6691,39.8095,0.8597
0.5505,-0.649,0.3568,-0.7999,0.4271,34.8421,44.0036,-9.1614
0.9799,-0.3483,-0.1723,0.1761,-0.8474,25.5116,39.5579,-14.0464
0.4392,0.179,0.3491,0.1407,0.4271,63.902,58.6,5.3021
-0.9161,-1.429,-1.3295,0.3321,0.4271,13.895,14.4133,-0.5183
1.4247,0.9502,0.6974,0.3797,0.4271,83.8752,82.1714,1.7038
0.9651,1.0565,0.0703,0.0965,0.4271,72.446,71.6493,0.7967
0.1781,0.4394,-0.2441,-0.3971,0.4271,58.3617,50.4299,7.9318
-0.9076,-0.7317,0.3523,-0.1578,-2.3842,1.6395,-1.5202,3.1597
0.8409,0.2595,-0.6072,0.3719,0.4271,56.4631,58.0598,-1.5967
-0.3459,0.1369,0.2749,0.3347,0.4271,57.0302,50.4933,6.5369
1.1183,1.7714,0.2184,0.3008,0.4271,81.2431,83.8899,-2.6468
-0.37,-0.7822,0.4105,-0.2916,0.4271,32.6991,36.59,-3.8908
-0.4038,-1.2573,0.1185,-0.3574,0.4271,30.6855,28.181,2.5045
-0.4567,0.4573,0.385,-0.254,0.4271,59.4164,49.6631,9.7533
-0.2988,-0.5052,-0.2555,0.2114,0.4271,35.2086,38.8395,-3.6309
-0.5828,0.2906,-0.8993,0.0791,0.4271,39.1185,38.8725,0.246
0.4738,0.5864,0.7576,-0.7173,0.4271,64.3531,60.731,3.6221
-0.2249,-0.0303,0.2873,0.4776,0.4271,48.2477,50.9973,-2.7496
0.1533,0.6609,-0.4591,0.2281,0.4271,56.9395,55.3453,1.5942
0.1541,0.256,-0.4349,0.0295,0.4271,40.7546,49.6072,-8.8526
-1.254,-0.3996,-1.0313,0.0635,-2.3842,-9.232,-10.6028,1.3708
-0.6448,-0.5703,-0.2194,-0.4666,0.4271,30.3485,29.9661,0.3824
-0.9715,0.0288,0.0184,0.0956,-2.3842,7.4283,5.5388,1.8895
-1.7763,-0.9089,0.1689,-0.1637,0.4271,20.7995,19.1284,1.671
-1.3834,-0.673,-0.5355,-0.5144,0.4271,11.9461,18.1335,-6.1874
-0.4909,-1.0631,-0.0714,-0.5384,0.4271,35.8003,26.7121,9.0882
-1.7062,-0.2332,-0.3141,-1.0252,0.4271,16.7486,17.7733,-1.0247
0.0813,0.4393,0.3634,-0.4,0.4271,57.4034,54.0438,3.3596
-1.7289,-1.1131,1.0835,-0.9116,-0.8474,9.5252,4.0362,5.489
0.1482,-0.5273,0.3007,0.1531,0.4271,45.8984,47.253,-1.3546
-0.6799,0.2304,1.0835,0.1094,0.4271,51.1272,52.6211,-1.4939
-0.6117,0.2621,0.3533,0.316,0.4271,54.2619,49.5266,4.7354
0.0057,-0.5007,0.3396,-0.0789,-0.8474,27.2778,29.5719,-2.2941
-1.855,1.2165,-0.4656,-0.2504,0.4271,39.3617,36.7001,2.6616
0.9228,-0.0924,0.1454,0.717,0.4271,67.104,63.1672,3.9368
0.46,0.6802,-0.0515,-0.2105,-0.8474,47.0471,43.7954,3.2517
-1.7494,-1.206,-0.7946,-0.6607,-2.3842,-24.4,-28.1901,3.7901
-0.3505,-0.9063,0.2346,-0.5281,-0.8474,16.9854,17.2653,-0.2798
-0.2615,-1.1343,0.2072,-0.1563,-0.8474,13.7215,18.0286,-4.3071
0.6872,1.2062,-0.393,0.7526,0.4271,63.6561,71.3522,-7.6961
-0.1772,0.5135,-0.3882,-0.207,0.4271,37.5471,47.6687,-10.1215
-0.2784,-0.1733,0.0777,0.2938,0.4271,42.4108,45.9265,-3.5158
0.3096,0.2218,0.2092,-0.3618,0.4271,47.6369,53.124,-5.487
-1.1422,-1.2391,0.113,0.0598,-2.3842,-17.5507,-10.067,-7.4837
0.7515,0.3407,0.4961,0.1989,0.4271,71.1439,65.3002,5.8437
-0.4443,-1.2591,-0.4543,-0.2508,0.4271,26.5078,24.0613,2.4465
-0.5291,-0.9337,-0.1007,-0.6087,0.4271,17.48,27.0447,-9.5646
1.6822,1.6424,0.6198,0.3032,0.4271,86.8647,91.5853,-4.7206
0.1158,0.384,0.4726,-0.306,0.4271,58.4575,55.286,3.1715
1.058,0.8936,0.5531,0.2882,0.4271,66.0602,75.8598,-9.7996
0.7442,-0.6887,-0.7656,1.1178,0.4271,42.1279,50.3258,-8.1979
0.2048,0.3137,0.0778,-0.1658,0.4271,55.118,53.3861,1.7319
0.309,-0.7701,-0.5877,-0.1559,0.4271,38.4595,37.2635,1.196
0.2013,0.4768,0.1885,0.0201,0.4271,54.7795,57.3264,-2.5468
-0.2152,0.1544,0.2472,0.0409,0.4271,55.1992,49.8357,5.3635
1.2006,1.2914,0.645,0.5543,0.4271,82.2519,84.4173,-2.1654
-0.1417,-0.1063,0.1591,0.2174,0.4271,44.4787,48.2396,-3.7609
0.8559,0.8155,0.4107,-0.1406,0.4271,56.3048,68.741,-12.4362
-1.412,-0.3163,-0.1892,-0.4902,0.4271,26.7568,24.671,2.0858
0.4698,0.5265,-0.95,1.1074,0.4271,62.7635,59.5607,3.2028
-0.3124,0.8235,0.8597,0.123,0.4271,57.8479,61.6007,-3.7528
0.2189,-0.0479,0.63,-0.1691,0.4271,58.5906,53.6955,4.895
0.4181,0.3963,0.6292,0.2244,0.4271,70.6121,63.5541,7.058
0.8644,1.05,0.9113,0.0318,0.4271,73.2697,76.5188,-3.249
-1.0507,0.1146,0.9301,0.1832,0.4271,50.7783,46.679,4.0993
0.7428,-1.067,0.2969,0.2262,0.4271,49.7585,48.034,1.7245
-1.1299,-0.1893,-0.0853,0.463,0.4271,20.9799,36.5455,-15.5656
0.2073,0.1391,0.2349,-0.0056,0.4271,40.4901,53.7704,-13.2803
0.9994,0.6454,0.8159,0.3064,0.4271,76.025,74.5897,1.4353
0.8758,0.2769,0.0357,-0.1647,0.4271,58.4665,59.8454,-1.3789
0.7227,-0.2862,0.0778,-0.3925,0.4271,55.1764,50.6136,4.5629
-1.2075,0.964,-1.0295,-0.2933,0.4271,35.1379,36.1622,-1.0242
0.3911,0.5505,1.0181,-0.0474,0.4271,72.0006,66.1013,5.8993
0.6096,-0.3716,-0.1988,-0.3894,0.4271,36.1755,46.3348,-10.1592
-0.5852,-0.3327,0.2085,-0.5118,0.4271,35.0461,36.2539,-1.2078
0.4671,0.7916,0.4913,0.4168,0.4271,68.3411,68.8009,-0.4597
-0.4416,-0.4834,0.2522,0.0252,-0.8474,16.4836,25.026,-8.5425
0.9338,0.5547,1.0835,0.5589,0.4271,67.989,76.6809,-8.6919
0.9293,0.3175,0.8603,-0.5769,0.4271,61.5375,64.3531,-2.8156
-0.3718,-0.0707,0.0835,-0.2635,0.4271,52.6415,42.2511,10.3904
-0.6153,-0.5818,0.1748,-0.0529,0.4271,28.8048,36.061,-7.2562
-0.6366,0.1195,-0.0115,0.6961,0.4271,59.8697,47.4916,12.3781
1.0599,0.0431,0.5228,-0.0266,0.4271,55.4503,63.896,-8.4457
1.0168,1.6674,0.243,0.8965,0.4271,88.8236,85.9634,2.8603
1.1111,0.406,1.0835,1.4002,0.4271,88.3116,82.7562,5.5554
0.85,1.4583,0.1835,-0.2459,0.4271,67.1272,73.4255,-6.2983
0.5051,1.3166,0.2815,0.1197,0.4271,67.5197,71.4324,-3.9127
0.2964,-0.8074,0.5657,0.2939,0.4271,41.3623,48.709,-7.3467
-1.3058,-0.2438,0.7008,-0.1939,0.4271,47.4002,35.5303,11.8699
-0.5058,-1.0182,-0.3714,-0.7395,-0.8474,5.2943,8.2104,-2.9161
1.2948,0.5676,0.5855,0.7527,0.4271,82.6848,78.2096,4.4752
0.5784,0.1302,0.0797,0.4645,0.4271,55.0245,59.7207,-4.6962
-0.241,0.4391,0.2035,0.2469,0.4271,51.4781,53.8552,-2.3771
-0.3133,-0.3904,0.2104,-0.1075,0.4271,33.0031,41.3426,-8.3394
0.0262,-0.3533,-1.0551,-0.0003,-0.8474,20.7939,21.265,-0.4711
-1.0366,-0.3622,-0.1589,0.2567,-2.3842,-10.4669,0.2023,-10.6692
-0.0222,-1.44,0.2371,-0.3882,-2.3842,-6.5794,-2.4865,-4.093
0.3661,0.1554,-0.4604,-0.2577,0.4271,47.9113,48.5547,-0.6435
-0.8262,-0.6424,0.7264,0.0951,0.4271,41.0189,38.3928,2.6261
0.3537,-0.6661,0.3128,-0.2565,-0.8474,38.1447,29.9998,8.1449
0.4682,0.3058,0.4078,-0.0955,0.4271,63.2325,59.146,4.0865
-0.1979,1.2257,-1.0201,-0.5581,0.4271,39.7409,48.1526,-8.4118
-0.2915,-0.7683,-0.0301,-0.1806,0.4271,35.4873,34.9681,0.5192
0.7488,0.5498,0.6746,0.124,0.4271,68.7589,68.4756,0.2833
-0.235,0.273,-0.038,0.0856,0.4271,54.713,49.0726,5.6404
0.5141,-0.8075,0.4102,-0.7533,0.4271,38.1774,42.5651,-4.3877
-0.7746,-1.5484,-0.8657,-0.7814,-2.3842,-9.2553,-22.9825,13.7272
0.2145,-0.3454,0.2731,0.0677,0.4271,52.2788,49.2047,3.0741
-0.7794,-0.7324,-0.5207,-0.0276,0.4271,16.8509,27.4339,-10.583
0.5819,0.5056,1.035,0.6706,0.4271,72.1451,72.7612,-0.616
-0.0324,-0.514,-0.522,0.1956,0.4271,36.844,39.4343,-2.5904
-0.8118,-0.6113,-1.9535,0.2599,0.4271,26.0048,19.4247,6.5801
-0.3271,1.2915,0.5589,0.6884,0.4271,64.5787,68.3211,-3.7423
0.943,-0.8574,0.7783,0.3928,0.4271,54.7293,57.3991,-2.6698
-0.4709,-0.9569,0.2807,-0.4202,-2.3842,-2.9077,-1.7475,-1.1602
1.0556,1.0513,0.4069,0.0826,0.4271,70.267,75.0542,-4.7873
0.4457,0.1941,0.7222,-0.1479,0.4271,58.5628,59.7041,-1.1413
-0.0185,-0.2116,-0.4324,0.428,0.4271,45.0941,45.2878,-0.1937
0.6235,0.1171,0.7399,-0.0127,0.4271,63.7906,61.8195,1.9711
1.2115,0.8305,0.3582,0.1141,0.4271,76.5257,74.0858,2.4399
0.9701,0.2326,-0.0989,-0.5003,0.4271,61.0082,56.989,4.0192
0.4467,-0.9674,0.0775,-0.3544,0.4271,34.7396,40.258,-5.5183
0.1554,0.2878,0.6739,-0.2578,0.4271,57.0828,56.5118,0.5711
-0.4417,-0.63,0.1857,0.4931,0.4271,34.8656,41.259,-6.3934
-1.2441,-0.5096,-0.7425,0.1932,0.4271,20.1166,24.7897,-4.6731
-0.1609,-0.1523,-0.2931,0.5587,0.4271,39.0206,46.4103,-7.3897
-0.6318,-0.8554,0.2025,-0.1701,0.4271,24.9321,32.2054,-7.2733
-0.0508,0.3227,-0.0196,0.2675,0.4271,56.4159,53.0117,3.4042
0.9898,1.2573,-0.1349,0.293,0.4271,81.8008,73.9593,7.8415
-0.4298,-0.27,-0.6116,-0.7637,-0.8474,12.4516,15.4223,-2.9708
0.3818,-0.1268,0.8711,-1.002,0.4271,47.15,50.6204,-3.4704
0.5779,-0.1536,0.5571,0.4261,0.4271,64.605,59.9306,4.6744
1.1313,0.4642,0.5807,-0.4171,0.4271,70.5522,67.1273,3.4249
-0.3987,-0.325,0.5395,0.349,0.4271,47.9666,46.868,1.0986
-0.1721,-1.6535,-0.3346,-0.3345,-1.1097,1.3857,4.6245,-3.2387
-1.2017,-0.4303,-0.4666,0.0747,0.4271,21.5846,27.4333,-5.8487
0.2159,1.3667,0.8978,0.1811,0.4271,69.1791,74.0668,-4.8876
0.1661,0.4476,0.1708,0.0007,0.4271,60.9024,56.3487,4.5537
0.852,-0.9877,0.3978,0.572,-0.8474,39.6245,38.1358,1.4888
0.6349,0.6054,0.5019,-0.5607,0.4271,66.2926,61.7912,4.5014
0.4175,0.2093,-0.2316,0.0779,0.4271,58.1245,53.804,4.3204
0.2242,0.1403,-0.1281,0.4012,0.4271,51.8036,54.0005,-2.1968
-0.111,0.7908,-0.3735,-0.1009,0.4271,60.1753,52.3461,7.8291
-0.5117,-0.6524,1.0736,0.2447,0.4271,45.5343,45.3605,0.1738
1.169,0.2018,0.2561,0.0238,0.4271,62.7642,65.1476,-2.3834
-1.259,-0.1606,0.4729,-0.0677,0.4271,34.6456,36.0905,-1.4449
-0.0176,0.2977,0.0671,-0.1862,0.4271,49.3413,50.599,-1.2577
0.3936,-0.4695,-0.5966,-0.3544,0.4271,46.905,40.1033,6.8017
0.9923,1.7567,1.0835,0.3178,0.4271,90.558,89.1488,1.4092
-0.0363,0.3024,0.1496,0.7611,0.4271,58.5054,57.6705,0.835
0.0313,-1.1002,0.2563,-0.282,-0.8474,24.3993,21.0527,3.3466
-0.7285,-0.8527,0.0696,-0.2087,0.4271,27.9001,29.9089,-2.0089
0.1154,1.5034,0.2744,-0.1064,0.4271,71.9087,67.7316,4.177
-0.0495,-0.7442,-0.5948,0.4181,0.4271,29.4797,37.65,-8.1702
0.4185,-0.2476,-0.2838,-0.0928,0.4271,56.8912,47.0887,9.8024
2.0868,1.7435,0.3919,0.9223,0.4271,96.3097,99.6071,-3.2974
-0.7485,-0.2503,-1.0656,-0.4216,0.4271,35.012,26.256,8.756
-1.1909,0.5612,1.0424,-0.1828,0.4271,50.2042,48.5184,1.6858
-0.6901,-0.4681,0.5375,0.2245,0.4271,48.3416,41.2562,7.0854
0.7426,0.877,-0.0128,0.9314,0.4271,84.7263,72.4112,12.3151
-0.4846,0.5155,0.5344,-0.0523,0.4271,55.7713,52.5705,3.2008
0.0143,-0.5794,0.1403,-0.5726,0.4271,45.0225,38.955,6.0674
-1.504,-0.809,0.6328,0.3359,0.4271,30.746,30.2112,0.5349
0.8197,1.5281,0.2851,0.2013,0.4271,77.4969,77.7765,-0.2796
-0.219,0.4817,0.257,-0.0641,0.4271,59.3062,52.8188,6.4874
1.2034,0.4821,0.4353,0.081,0.4271,66.8056,70.4438,-3.6382
1.2767,-0.6701,-0.2248,1.1589,-0.8474,42.5307,45.5463,-3.0156
0.9003,-1.0606,0.4958,-0.2312,-0.8474,27.9397,33.0043,-5.0647
0.7181,0.7852,0.5833,-0.0832,0.4271,72.3108,68.6505,3.6603
-0.3759,0.3857,-0.1939,0.5752,0.4271,52.1741,51.0348,1.1393
0.0061,-0.4782,0.0359,-0.0984,0.4271,49.1846,42.499,6.6856
-0.8893,-0.3009,0.6108,0.2886,0.4271,46.6322,42.0114,4.6207
-0.3761,0.3708,-1.3135,-0.4199,0.4271,45.9321,35.3339,10.5982
0.1549,0.8184,0.4233,0.0843,0.4271,68.2225,62.9228,5.2997
-0.7894,0.4052,0.1655,-0.0246,0.4271,45.804,45.4199,0.3841
-0.2268,0.8436,0.1063,0.0912,0.4271,54.6708,56.7262,-2.0554
-1.8061,-0.9654,-0.709,-0.4662,-0.8474,-3.1109,-5.8243,2.7134
0.9458,0.9842,0.929,0.3874,0.4271,77.2711,79.2582,-1.9871
1.0876,0.749,0.3176,0.0638,0.4271,74.8385,71.1803,3.6582
-0.7179,-0.5194,0.8731,0.3935,0.4271,48.0392,44.1379,3.9013
0.539,-0.1261,0.0216,0.345,0.4271,57.4349,55.1392,2.2956
-0.0507,0.4381,-0.0027,-1.0516,0.4271,36.9155,45.2701,-8.3546
-1.3638,-0.8234,-1.0595,-0.7547,-2.3842,-23.3481,-22.4492,-0.8989
-0.4623,-0.6616,0.3439,0.3196,-0.8474,28.901,25.5518,3.3492
0.7372,-0.6197,-0.4631,0.1771,0.4271,50.0114,46.8163,3.1951
-0.08,-0.6375,-0.9064,-0.6133,0.4271,26.73,28.9557,-2.2257
0.6698,-1.2327,-0.2467,0.7793,-2.3842,17.2584,11.6527,5.6056
-1.3372,-1.3356,-0.2904,-0.8828,-2.3842,-23.7793,-22.8976,-0.8817
-0.625,-0.4885,-0.4403,-0.6677,0.4271,30.9383,28.001,2.9373
-1.0015,-0.3341,0.0189,-0.1789,-0.8474,10.9752,17.4913,-6.5161
0.0739,0.1375,0.5287,1.2993,0.4271,50.831,63.6543,-12.8233
0.0945,-0.7367,-0.326,-0.2029,-2.3842,6.6922,3.6289,3.0632
0.2126,-0.617,0.0259,-0.6104,0.4271,42.0304,39.5135,2.517
-0.2056,-0.2327,-0.6322,0.0174,0.4271,37.5543,38.6572,-1.1029
0.358,0.0787,-0.0715,-0.9068,0.4271,48.5902,46.0854,2.5047
-0.3563,-0.7547,0.4858,0.0334,-2.3842,17.9382,6.4847,11.4535
-0.5617,-0.6968,0.2856,-0.0036,-0.8474,23.3534,21.3953,1.958
-0.0958,-0.2868,0.5738,-0.1221,0.4271,50.7303,47.5327,3.1976
-0.4675,0.0916,-2.085,-0.2646,-0.8474,10.9705,11.2185,-0.248
-0.2647,-0.1122,-0.9884,-0.1491,-2.3842,1.4684,2.08,-0.6115
-1.4497,-1.1639,-0.5114,-1.1265,-0.8474,-8.311,-7.3076,-1.0034
0.3245,-0.1928,0.7779,-0.0545,0.4271,57.3621,55.1318,2.2304
-0.2079,0.0707,-0.7715,-0.4112,0.4271,41.3895,37.9912,3.3983
0.1264,1.1238,-0.914,0.0955,0.4271,56.8674,55.8411,1.0262
-0.3976,-0.1449,-0.0974,-0.6677,0.4271,27.5842,36.9379,-9.3536
-0.5404,-1.3031,-0.4566,-0.3114,0.4271,21.2892,22.0981,-0.8089
0.197,-0.1831,0.7432,-0.7368,-0.8474,37.5569,33.7244,3.8325
0.7003,-0.7551,0.5998,0.3439,-2.3842,20.1238,20.8361,-0.7122
-1.1009,-0.9567,0.3433,0.2879,-2.3842,-1.7349,-3.0912,1.3562
1.8623,1.0006,0.5835,0.8488,0.4271,88.1823,89.8114,-1.6291
-0.8662,-0.8708,-0.5372,-0.3314,0.4271,18.2598,22.7088,-4.449
-0.6588,-1.346,-0.2333,-0.3459,0.4271,20.2845,21.8256,-1.5411
-1.5282,-1.171,-0.1097,-0.6394,0.4271,8.8235,13.3892,-4.5657
1.0372,0.4978,0.6233,0.907,0.4271,88.4072,76.0267,12.3805
0.3465,0.1578,-0.6208,0.0388,0.4271,51.9146,49.1988,2.7158
-1.5728,-0.5536,0.7483,-0.3156,0.4271,33.7976,28.7059,5.0917
-1.515,-0.6114,0.0768,-0.5041,0.4271,19.3025,22.1983,-2.8959
-0.295,1.1303,-0.9381,0.0189,0.4271,52.3262,50.6809,1.6453
-0.4382,-0.7094,-0.232,0.0445,0.4271,40.3965,34.07,6.3266
-0.4711,-1.4227,-0.514,-0.6415,-0.8474,5.9717,3.6169,2.3549
0.0093,-1.0902,-0.4128,-0.0852,0.4271,29.5247,32.2903,-2.7656
-0.6331,0.337,-0.1957,0.0923,0.4271,40.9003,44.3608,-3.4606
-0.214,1.1861,0.0803,0.1562,0.4271,60.4822,60.9658,-0.4837
-0.0123,-0.0072,-0.1522,-0.2441,0.4271,51.2597,45.1381,6.1216
-0.3812,-0.8659,0.2155,-0.2684,0.4271,33.238,34.1892,-0.9512
1.4093,0.1916,0.105,0.6464,0.4271,76.5267,70.7722,5.7545
1.0036,1.1037,0.8247,-1.0338,0.4271,70.8099,70.5415,0.2685
0.6075,-0.9018,0.2547,0.2651,-0.8474,28.3052,33.2477,-4.9425
-0.0963,-1.1184,0.0512,-0.1571,0.4271,32.207,33.9117,-1.7047
-0.1738,0.9754,0.0986,-0.3637,0.4271,49.5803,55.5546,-5.9743
-1.5033,-1.7124,-1.248,0.3382,-1.1097,-22.1653,-12.6517,-9.5136
0.1351,-0.2902,-0.4112,-0.2527,0.4271,44.4025,41.4827,2.9198
0.8851,0.5687,0.7238,0.1479,0.4271,72.0207,70.6925,1.3282
-0.627,-1.1399,-0.5995,-0.2416,0.4271,21.0046,22.3916,-1.387
-0.5087,0.4274,-0.7408,0.004,0.4271,42.9209,41.9025,1.0183
-1.5871,-0.3514,-0.4936,-0.3922,0.4271,26.9352,20.7382,6.1971
0.5308,0.7057,-0.0221,0.0264,0.4271,66.4768,61.854,4.6228
0.8707,0.3953,0.1292,-0.891,0.4271,55.1464,56.7928,-1.6464
-0.2113,0.2666,-1.6484,0.6526,0.4271,41.5285,40.8066,0.7219
-1.0343,-0.8353,0.2251,-0.4315,-2.3842,-1.3583,-6.923,5.5647
-0.6653,0.7584,-0.0507,0.0074,0.4271,62.1282,49.2799,12.8483
0.1413,-0.2615,0.0537,0.0568,0.4271,60.117,47.5997,12.5173
0.2311,-1.0878,-0.2677,-0.2843,0.4271,31.0915,34.4257,-3.3342
0.3298,-0.4468,-0.0954,-0.1001,0.4271,47.6419,45.2972,2.3447
0.7595,-0.9054,-0.1359,-0.2838,-2.3842,13.0218,9.7571,3.2647
-0.1694,0.4358,0.2893,-0.1796,0.4271,50.0511,52.2815,-2.2305
0.1622,-0.7311,-0.4053,-0.3334,-2.3842,-2.4825,2.8999,-5.3823
-1.0821,-0.0256,-0.4274,-0.0298,0.4271,32.7905,32.8412,-0.0507
0.3897,-0.1134,0.3779,-0.3514,0.4271,56.9178,51.5834,5.3344
-0.1026,-0.3253,0.0387,0.3532,0.4271,41.0346,46.2136,-5.179
1.2144,0.2279,-0.1518,0.3072,0.4271,60.6568,64.7601,-4.1032
-0.7319,0.8136,0.3257,0.0822,0.4271,51.1237,52.6024,-1.4787
-0.0923,-0.2999,0.3798,-0.5436,0.4271,41.9111,43.0007,-1.0895
-0.6383,-0.188,-0.0451,0.4543,0.4271,33.2642,42.0757,-8.8116
-0.2922,0.1375,0.6528,0.26,0.4271,53.7767,53.4619,0.3148
-0.4885,0.5439,-0.2555,0.2608,0.4271,46.2382,48.9474,-2.7093
0.8188,-0.1931,0.5989,-0.0732,0.4271,63.0682,58.9183,4.1499
1.2791,0.8818,-0.4865,0.8691,0.4271,64.3867,74.136,-9.7493
0.1896,0.1839,0.0544,0.3216,0.4271,54.8958,54.9717,-0.0759
0.7861,0.6249,1.0308,0.3853,0.4271,68.6238,74.2753,-5.6516
-0.207,-0.6239,0.3367,0.0472,0.4271,36.456,41.9034,-5.4474
0.3795,0.7022,0.0792,-0.5857,0.4271,61.6375,56.7184,4.9191
-1.465,-0.5878,0.0203,-0.208,-0.8474,12.6469,9.4823,3.1647
1.1991,1.7376,0.92,-0.1055,0.4271,82.8795,86.9489,-4.0694
-1.8178,-1.3252,-1.4,-0.2925,-0.8474,-19.5299,-14.1045,-5.4254
-0.4886,1.4367,0.078,0.07,0.4271,58.5534,60.2264,-1.673
0.4136,1.2924,-0.4141,-0.1847,0.4271,61.4421,62.7133,-1.2712
-0.0947,-0.1295,-0.4481,-0.385,0.4271,35.4218,39.6233,-4.2015
-0.3132,-0.703,-0.2707,-0.8148,0.4271,22.9827,29.2112,-6.2285
0.2352,0.709,0.0754,0.3794,0.4271,61.4962,61.9284,-0.4322
1.14,0.0765,0.3232,0.3242,0.4271,63.5028,66.0317,-2.529
0.8298,0.3535,1.0835,0.2733,0.4271,73.6233,71.3196,2.3037
-1.5251,-1.095,0.753,-0.1482,-0.8474,5.4515,9.1872,-3.7357
1.1285,0.063,-0.4122,0.1532,0.4271,56.7269,58.9111,-2.1841
0.4462,0.4013,0.1102,-0.3001,0.4271,48.718,56.2724,-7.5544
-0.3457,0.3117,0.9636,0.0268,0.4271,44.7027,55.6198,-10.9171
-0.8018,-0.6974,0.0234,-0.3775,0.4271,22.3239,29.3426,-7.0187
-0.012,0.4462,0.5935,-0.0019,0.4271,55.5251,57.6607,-2.1356
1.2189,0.9552,-0.1732,-0.1715,0.4271,63.4957,69.4935,-5.9979
0.1987,-0.3411,-0.2606,-0.6563,0.4271,39.2156,39.9451,-0.7295
-0.0331,1.3795,-1.457,0.2419,0.4271,64.448,53.8469,10.6011
-0.3737,0.6829,0.1893,0.3102,0.4271,56.3822,55.5064,0.8759
0.6727,-0.2027,0.6656,-0.0067,0.4271,54.047,58.2204,-4.1734
-0.4147,-0.448,-0.4649,0.9433,0.4271,43.3572,41.717,1.6403
-1.319,-1.1435,-0.162,-0.4302,0.4271,16.9736,16.9911,-0.0174
-1.5298,-0.8936,0.6995,-0.7353,0.4271,10.6552,22.0504,-11.3951
1.8072,1.0793,0.6095,1.357,0.4271,94.0133,93.8383,0.175
-0.8101,0.9237,-0.7654,0.0708,0.4271,34.8951,44.5293,-9.6342
-0.4981,-0.3768,-0.7493,0.1663,0.4271,23.6374,34.0351,-10.3976
-0.64,-0.7875,-0.3548,0.2784,0.4271,34.2811,31.7121,2.5691
1.0318,-0.2384,-0.6048,-0.2081,-2.3842,19.0147,17.0934,1.9212
0.4401,-0.0141,-0.441,0.0483,0.4271,44.7572,49.7175,-4.9603
0.0418,0.6112,0.8317,0.2771,0.4271,66.6866,63.8634,2.8232
0.8474,0.0804,0.2797,0.212,0.4271,59.7348,61.8264,-2.0916
0.0912,-0.9988,-0.4639,-0.2809,0.4271,37.0239,32.4418,4.582
0.5581,0.2377,0.6729,0.0446,0.4271,67.7018,62.3585,5.3433
-0.1403,-0.4036,-0.2835,0.2268,0.4271,48.1131,41.5709,6.5423
-0.5282,0.1552,-1.5824,0.6582,0.4271,40.0048,36.7048,3.3
1.0747,0.7032,0.1289,0.8609,0.4271,77.5185,74.6157,2.9029
-1.0977,-0.3735,0.4691,0.0343,-2.3842,0.6341,2.7056,-2.0715
-0.8661,-0.8595,0.2827,-0.3461,-2.3842,-8.198,-4.3561,-3.8419
-0.2747,0.7278,-1.5149,-0.2448,0.4271,43.9318,40.1017,3.8301
0.7488,0.0869,-0.2855,-0.1537,0.4271,46.1943,53.9534,-7.7591
0.1911,-0.1338,0.3277,0.3132,0.4271,50.056,53.4593,-3.4033
-0.1033,-0.0897,0.3527,0.9649,0.4271,51.3534,55.5227,-4.1693
-0.4322,0.1844,-0.6522,0.6013,0.4271,42.6668,44.8221,-2.1553
-0.3334,-1.1163,-0.4764,-0.0117,0.4271,23.2428,28.3482,-5.1054
0.3328,0.0764,0.782,0.1813,0.4271,61.8839,59.919,1.9649
-1.5977,-0.9161,0.3264,-0.1309,-0.8474,14.7449,7.2587,7.4862
0.9364,0.3403,-0.1671,-0.5121,0.4271,46.1811,57.2322,-11.051
-0.7258,-0.8021,-0.9092,-0.7546,0.4271,14.4058,19.1827,-4.7769
-0.6604,0.4293,0.1746,-0.4873,0.4271,41.591,43.926,-2.335
0.8793,0.7281,0.6772,0.4694,0.4271,64.9133,74.2993,-9.3859
0.9214,0.408,0.5785,0.6964,0.4271,70.0304,71.9697,-1.9394
0.3299,-0.5738,0.5095,-0.1666,0.4271,45.3506,48.0619,-2.7113
-0.3268,-0.4244,-1.3136,0.1424,-0.8474,16.6464,15.6871,0.9593
-1.5424,-0.7704,-0.5758,0.0264,-0.8474,-0.9397,3.6423,-4.582
-1.4699,-1.253,0.2505,-0.9982,-2.3842,-19.8623,-20.0302,0.1679
-1.7238,0.3479,0.4082,-0.7173,0.4271,23.3094,31.8165,-8.5071
-0.3729,-0.5379,-0.9073,1.0953,0.4271,30.1309,38.8076,-8.6767
-1.358,-0.7516,-0.5906,-0.1011,-2.3842,-16.8193,-13.4286,-3.3907
0.8602,0.7911,0.9751,0.4653,0.4271,81.8413,77.0667,4.7746
0.6719,-0.0958,-0.1998,0.1542,0.4271,50.7157,53.8743,-3.1587
-0.0432,-0.4292,0.0469,-1.2588,0.4271,20.4964,34.5396,-14.0432
0.5037,-0.3279,0.5872,-0.9292,-2.3842,20.8886,14.5875,6.3011
-0.6624,-0.98,-1.1191,0.0993,0.4271,22.5911,22.1817,0.4093
0.273,1.6071,-0.3028,0.245,0.4271,70.3437,68.5882,1.7556
-0.6409,-0.579,0.1418,0.3275,-0.8474,22.9341,23.067,-0.1329
-0.2139,0.525,0.8069,-0.0251,0.4271,61.5532,57.8626,3.6906
0.3715,-0.0143,0.3717,-0.3264,-2.3842,23.0545,19.2293,3.8253
0.2313,-0.2858,0.8147,0.3664,0.4271,46.5309,56.297,-9.7662
-0.3461,-0.3979,-1.362,0.2363,0.4271,39.2138,31.2004,8.0134
0.4895,-0.2571,0.1307,-0.2,-2.3842,26.4822,16.788,9.6942
0.9352,0.9689,-0.4498,0.3635,0.4271,68.4694,68.1992,0.2702
-0.5778,-0.2073,-1.0433,-0.3886,0.4271,29.799,28.9681,0.8308
0.4989,0.1015,-0.0578,0.3501,0.4271,52.8222,56.693,-3.8709
0.6134,1.4252,-0.351,-0.7691,0.4271,62.2057,62.7689,-0.5632
0.5293,0.1593,0.1283,0.1283,0.4271,60.3505,57.5587,2.7917
-0.8788,0.7333,0.0232,-0.7915,0.4271,35.5785,41.7244,-6.1459
-0.0265,0.7894,0.4301,0.1768,0.4271,59.6811,61.3489,-1.6678
0.5839,0.9992,0.1012,-0.2706,0.4271,59.2808,64.6079,-5.3272
-0.4135,-0.7719,-0.1484,-0.0043,0.4271,19.8292,33.9365,-14.1074
1.3848,0.7658,-0.2979,0.9881,0.4271,84.908,76.242,8.6661
0.6193,-0.3213,0.5465,0.7567,0.4271,61.5792,60.7045,0.8747
1.0247,0.9627,0.6036,0.5595,0.4271,74.0237,78.5549,-4.5312
0.879,0.4279,0.1934,0.6313,0.4271,74.6386,68.3227,6.3158
0.7495,0.8652,0.268,-0.3439,0.4271,65.9448,65.6479,0.2968
1.6307,1.4735,0.2478,0.7788,0.4271,89.0108,89.5788,-0.5679
-0.4025,-0.7258,0.5687,-0.2717,-0.8474,15.665,23.0897,-7.4248
-1.4146,-1.0825,0.3596,0.0352,-0.8474,9.0858,8.7589,0.3269
-0.2114,0.1952,-0.7232,0.0128,0.4271,38.8371,42.6725,-3.8354
-1.2061,-1.2885,-0.245,-0.8066,-2.3842,-22.959,-20.084,-2.875
-0.0736,0.0825,-0.1092,0.1339,0.4271,50.7807,48.4474,2.3333
1.2658,0.7708,0.0825,0.7186,0.4271,79.9692,76.0762,3.893
0.5262,-0.0311,0.2553,0.1593,0.4271,59.1395,56.5779,2.5615
-0.2918,-1.3874,-1.1484,-0.067,-0.8474,3.05,5.0477,-1.9977
-0.2745,1.2016,-0.3203,0.4954,0.4271,58.1393,59.768,-1.6286
-0.1936,-1.1234,-0.0717,-1.2692,-0.8474,10.4422,8.9976,1.4446
0.0826,0.1571,-0.0351,-0.0472,0.4271,57.7204,50.272,7.4484
-1.387,-0.0347,-0.2766,0.0296,0.4271,33.2469,31.0456,2.2013
-0.2293,-0.0925,0.7034,0.2433,-0.8474,34.7388,36.6832,-1.9444
0.7617,0.8895,0.2104,0.1039,0.4271,67.0707,68.7213,-1.6507
-0.7892,-0.8559,-1.3032,0.224,0.4271,29.8898,21.6696,8.2202
0.3176,-0.3231,0.369,0.4333,0.4271,55.0398,53.8386,1.2012
-0.0539,-0.3616,0.3168,0.5209,0.4271,54.7773,49.6313,5.146
0.0053,1.0386,0.3221,0.0163,0.4271,61.738,62.5453,-0.8074
1.399,1.2695,-0.211,0.3035,0.4271,66.1489,77.9685,-11.8196
0.5007,0.2175,0.3982,0.3786,0.4271,59.6226,61.7226,-2.1
-0.5334,-0.6988,-0.0526,-0.7402,0.4271,38.1155,29.0959,9.0196
0.6004,1.0903,0.4224,-0.051,0.4271,69.832,69.8056,0.0264
0.1164,0.529,0.48,0.4599,0.4271,65.4147,62.3031,3.1116
0.8297,0.99,0.0184,0.3365,0.4271,67.9258,70.72,-2.7942
0.7567,-0.1331,0.5693,0.3144,0.4271,61.4042,61.3928,0.0114
-1.6717,-1.1708,0.194,-0.8581,-2.3842,-17.8171,-20.7281,2.9109
0.5428,-0.2103,-0.4879,0.2027,0.4271,36.8611,49.3244,-12.4633
-0.7734,-0.4011,-0.2337,-0.3963,0.4271,38.6502,30.8685,7.7816
0.1514,0.0436,0.3603,0.4139,0.4271,62.8122,55.9793,6.8329
-0.2879,-1.3216,0.711,-0.243,-2.3842,2.4142,0.6549,1.7592
0.9754,-0.0387,0.9761,0.2874,0.4271,68.4345,67.7412,0.6933
0.1004,-0.86,-0.3776,0.2273,0.4271,30.9262,38.2981,-7.372
0.2098,-0.3768,0.006,0.1723,-2.3842,20.6376,14.0731,6.5645
0.5719,-0.2298,0.3635,0.9504,-2.3842,29.77,27.7649,2.0051
-0.2326,-0.4796,-0.3737,0.2833,0.4271,35.4011,39.427,-4.0259
0.7944,0.9095,0.2561,0.3238,0.4271,74.2752,71.1765,3.0987
-0.2886,-0.398,-0.2879,0.2208,0.4271,48.4276,39.9708,8.4567
0.8477,0.7048,0.5753,0.29,0.4271,70.3919,71.6679,-1.276
-0.7038,0.1058,0.1709,-0.1397,0.4271,34.4705,42.2114,-7.7409
0.6265,0.2312,0.8211,-0.7194,0.4271,55.6209,58.8463,-3.2254
-0.3166,-1.056,0.5344,-0.048,0.4271,31.7808,36.7293,-4.9485
-0.3547,0.5427,0.6244,-0.5434,0.4271,49.617,51.5466,-1.9296
0.5667,-0.1227,0.27,0.3966,0.4271,57.1667,57.7435,-0.5768
-0.3807,-0.0614,-0.5992,-0.8303,0.4271,35.9039,33.0669,2.8371
0.5935,1.4402,0.4913,-0.8238,0.4271,68.2325,68.8261,-0.5936
1.2914,0.09,0.8831,0.1916,0.4271,78.8117,71.1914,7.6203
0.6223,-0.6188,0.4461,0.0012,-0.8474,36.8851,36.2262,0.6589
0.5573,0.316,-0.872,-0.3367,0.4271,45.3086,48.6929,-3.3843
-0.4216,0.1858,0.7095,0.4295,0.4271,46.9347,54.2344,-7.2997
-0.5898,-0.6216,-0.3442,0.1307,-0.8474,19.9266,18.0287,1.8979
0.8205,-0.0316,0.5632,-0.817,0.4271,58.6897,55.3076,3.382
-0.328,-0.7108,0.0987,0.8942,0.4271,49.5993,43.6864,5.9129
-0.7094,-1.3227,-0.9741,-0.3129,-2.3842,-13.952,-17.3246,3.3726
0.4952,-0.3493,0.5924,-0.0254,-1.1097,38.5716,35.7197,2.8519
-0.2852,-0.2627,0.2567,0.0969,0.4271,54.6847,44.8574,9.8274
-1.368,-0.1607,-0.4623,0.1479,-2.3842,-2.3117,-4.1728,1.8611
1.1179,0.8672,-0.0391,-0.0432,0.4271,78.2237,69.3449,8.8789
1.5158,1.4238,0.0876,0.6534,0.4271,78.8982,85.6842,-6.786
0.3056,-0.677,-0.0212,0.0322,-2.3842,9.046,10.5423,-1.4964
-0.1923,1.0978,0.2406,-0.9343,0.4271,61.5429,53.8593,7.6836
0.6854,0.7915,0.659,0.1147,0.4271,72.4967,70.3288,2.1679
0.6798,-0.4676,-0.0021,-0.7129,0.4271,45.7414,45.2725,0.4689
-0.2234,-0.2613,0.1455,-0.1386,-2.3842,6.1687,9.6436,-3.4749
0.9473,0.4425,0.8787,-0.0245,0.4271,68.7753,69.9325,-1.1572
-1.5285,-0.1769,-0.2257,-0.1877,0.4271,20.9075,26.8119,-5.9044
1.5137,1.6048,0.5923,0.3221,0.4271,90.4062,89.2779,1.1283
-1.2357,-0.5226,0.137,-0.2741,0.4271,30.6563,28.2513,2.405
-1.3028,0.6199,0.0888,-0.5264,0.4271,42.1452,38.2543,3.8908
-0.8604,0.3331,0.4922,-0.2647,0.4271,48.7802,44.6917,4.0885
1.0293,0.0933,0.4007,0.1709,0.4271,64.2404,64.5659,-0.3255
-0.5512,-0.435,0.2722,-1.373,-2.3842,-13.2148,-3.4273,-9.7875
0.1112,-0.0066,0.2098,-0.2182,0.4271,46.5243,49.4334,-2.9091
-1.2704,-0.6027,-0.6595,-0.7279,0.4271,18.6646,17.6966,0.968
1.4665,0.0454,0.2378,1.1114,0.4271,77.7098,73.9954,3.7145
1.544,0.6972,0.7993,-0.0166,0.4271,77.0505,78.6342,-1.5837
-0.4166,-0.4184,0.4353,0.3949,0.4271,48.0065,45.1428,2.8637
0.4322,-0.2456,0.6337,-0.1263,-1.1097,39.6304,35.8267,3.8036
-0.7344,-0.462,0.6377,-0.2538,-2.3842,0.4506,4.8977,-4.447
0.8456,1.5899,-0.7206,0.3488,0.4271,66.7165,72.0368,-5.3203
-0.6933,0.5237,-0.4172,-0.0838,0.4271,43.8371,42.8866,0.9505
-0.2289,-0.686,0.0018,-0.475,-0.8474,14.9208,19.623,-4.7023
0.7715,0.1125,-0.3664,-0.1933,0.4271,58.1181,53.5863,4.5318
-0.4702,-0.2183,-0.0509,-0.2192,0.4271,41.1673,38.8096,2.3578
0.2673,0.6017,0.1051,0.1498,0.4271,63.8684,59.6979,4.1705
0.0325,0.9936,-0.1713,0.3009,0.4271,56.8305,60.5129,-3.6824
-0.4781,-0.7625,-0.737,-0.4395,0.4271,17.7368,25.7971,-8.0603
0.3222,-0.2861,0.317,-0.094,0.4271,37.7194,50.239,-12.5196
-0.0431,0.4186,0.1924,-0.0512,0.4271,56.4273,53.5889,2.8384
1.1003,0.783,0.5037,-0.0964,0.4271,79.7857,72.0153,7.7704
-0.9089,-0.1496,-1.74,-0.0911,0.4271,35.876,22.7788,13.0973
-0.6293,0.7748,-0.2098,0.7093,0.4271,54.8194,53.5039,1.3155
-0.5774,-0.8532,0.3875,0.1974,0.4271,40.2154,36.7916,3.4239
-0.4236,-1.0878,-1.0082,-0.4309,0.4271,24.7949,20.696,4.0989
1.1631,1.2238,0.0428,-0.1309,0.4271,72.3265,73.8599,-1.5334
-0.0865,-0.1096,0.0528,0.1419,0.4271,47.9486,47.4518,0.4968
1.6247,1.7022,1.0835,-0.0022,0.4271,86.8963,93.0867,-6.1904
-0.1091,-0.1477,0.5886,-0.0274,0.4271,45.2801,49.7269,-4.4468
-0.0554,-0.3401,0.2984,-0.1777,0.4271,29.2053,44.8609,-15.6557
1.1486,-0.6826,0.9037,-0.1324,-2.3842,26.396,25.4814,0.9145
-0.9471,0.4841,-0.8599,-0.2073,-1.1097,13.9748,17.2006,-3.2258
-0.4282,-0.6511,0.6862,-0.0537,-2.3842,8.8588,7.8155,1.0433
0.3041,-0.4529,-0.6402,-0.2244,0.4271,37.3709,39.8983,-2.5274
-0.9449,-0.2524,0.5634,-1.4704,0.4271,33.2123,29.3697,3.8426
0.77,0.2623,0.5697,0.24,0.4271,72.5967,65.4684,7.1282
1.0096,0.4065,0.4173,-1.0099,0.4271,60.1865,59.7967,0.3898
-1.1397,-0.69,0.0658,-0.4982,-2.3842,-8.9955,-8.1069,-0.8885
1.1059,0.4974,0.3872,-0.1029,0.4271,71.1991,67.9232,3.276
1.2176,0.8733,-0.3063,1.3596,0.4271,85.1154,78.1774,6.938
-0.2974,0.3213,0.8657,0.5939,0.4271,70.1642,59.4326,10.7315
-0.7199,-0.1379,0.4072,-0.0082,0.4271,52.3339,42.0297,10.3042
0.3176,0.2043,0.1145,0.0017,-0.8474,41.278,39.6698,1.6082
-0.0617,0.568,0.2404,0.2389,0.4271,60.5596,57.4546,3.105
0.5956,-0.6428,-0.0562,0.3065,-2.3842,13.6218,15.67,-2.0482
-0.153,0.6356,0.486,0.4085,0.4271,58.6166,60.3047,-1.6881
0.2194,0.587,0.1292,-0.0064,0.4271,62.0042,58.1195,3.8847
0.6213,0.3554,0.3725,-0.0636,0.4271,57.6372,61.2954,-3.6583
-0.7713,-0.0032,0.3346,0.1321,0.4271,44.0579,43.4114,0.6464
-1.0983,-1.6186,-1.0958,-0.7869,-2.3842,-28.1534,-29.049,0.8956
0.0509,0.0556,-0.6275,0.6347,0.4271,54.7668,48.9719,5.7949
0.4678,-0.5739,0.157,-0.9242,0.4271,43.9566,41.5617,2.3949
-0.1586,-0.1269,-0.8686,0.6184,0.4271,46.2665,42.7081,3.5584
-1.2913,-1.4154,-0.7177,-0.9006,-2.3842,-25.2136,-26.7138,1.5002
-0.2562,-0.083,0.1968,-0.1459,0.4271,44.8676,45.0394,-0.1718
-1.5049,-0.1574,-0.7296,-0.4955,0.4271,14.0713,21.2684,-7.1971
-0.5394,-1.078,-0.1315,-0.0787,-1.1097,10.2284,10.4998,-0.2714
-1.0438,-0.5824,-0.7551,0.2836,0.4271,21.934,26.6472,-4.7133
1.1137,0.9639,-0.0239,0.0548,0.4271,70.249,71.1863,-0.9373
0.5581,-0.6509,-0.2087,-0.5275,0.4271,51.2964,41.6071,9.6892
1.2254,0.8496,-0.0412,-0.1152,0.4271,70.5452,69.7832,0.7621
0.8393,-0.2084,0.2193,0.3127,0.4271,56.7875,58.7283,-1.9408
0.0135,-0.6034,0.2458,-0.5785,0.4271,31.8414,39.4478,-7.6064
-0.6408,-1.0247,-0.0321,0.2904,0.4271,31.8972,31.6025,0.2947
-0.903,-0.391,-0.6927,-0.044,-0.8474,25.6209,13.3713,12.2496
-0.1354,-0.6106,-0.5993,0.5516,-2.3842,9.4855,5.7249,3.7606
0.6127,0.9772,0.5076,0.5414,0.4271,76.084,73.4392,2.6449
-0.4487,-0.9369,-0.3013,0.2938,0.4271,26.7461,32.5997,-5.8536
1.1476,0.8496,-0.0525,0.1987,0.4271,62.0168,71.0438,-9.027
-0.1381,-0.2945,0.016,0.1075,-0.8474,26.1694,29.1561,-2.9868
-0.3987,-0.7925,0.2353,0.0733,0.4271,36.4972,37.3546,-0.8574
-0.0902,0.2122,-1.039,-0.2531,0.4271,28.8271,39.8844,-11.0573
-1.2728,-0.7919,1.0835,0.3536,-2.3842,0.8479,3.0715,-2.2236
1.4225,0.6287,0.3993,0.1025,0.4271,73.4214,74.3129,-0.8915
0.0569,-1.0673,0.3275,-0.2624,0.4271,36.0759,37.5209,-1.445
0.0849,0.5818,0.5001,0.7419,0.4271,72.584,64.6747,7.9093
0.8149,-0.1506,-0.2073,-0.6069,-0.8474,47.6985,34.3013,13.3972
-0.1054,0.3004,0.1294,0.1517,0.4271,54.9345,52.5162,2.4183
-1.1251,-0.457,0.2607,-0.5684,-2.3842,-9.6839,-4.319,-5.3649
-0.7064,0.7091,-0.888,0.3875,0.4271,46.919,44.4844,2.4346
0.8004,0.4905,0.341,0.4332,0.4271,69.2412,67.943,1.2982
-0.8481,-0.3645,-0.242,-0.3779,0.4271,25.9063,30.5449,-4.6385
0.5645,0.1393,0.4995,-0.3449,0.4271,50.0266,57.278,-7.2514
-0.1247,-0.8054,-1.0024,-0.2167,0.4271,22.2339,28.6068,-6.3729
0.5479,-0.1579,0.0602,-0.0852,0.4271,43.8047,52.1843,-8.3796
-0.7317,-0.5794,0.4201,-0.4475,-2.3842,1.4658,0.5866,0.8792
0.8787,0.6829,0.1294,0.4438,0.4271,77.0987,69.3922,7.7064
0.648,-0.0674,0.2749,1.1751,0.4271,71.065,64.6853,6.3797
0.4385,0.4598,-0.0151,0.321,0.4271,63.8093,60.2005,3.6088
-0.1565,-1.2291,-1.3532,0.1704,-2.3842,-11.6646,-9.9047,-1.7599
1.358,1.0762,0.6244,1.3592,0.4271,80.1386,89.1207,-8.9821
1.0214,0.7302,0.0546,0.4925,0.4271,73.1695,71.2155,1.954
-0.4881,0.2358,0.2303,-0.2509,0.4271,48.4578,45.6674,2.7905
0.0465,0.9097,-1.0546,1.1791,0.4271,67.0852,59.0269,8.0584
-0.1169,-0.271,0.382,-1.3272,0.4271,41.7333,37.631,4.1022
0.3933,0.067,-0.1754,-0.2708,0.4271,54.8088,49.9537,4.8551
1.3919,1.2089,0.8923,0.1434,0.4271,72.5514,84.5865,-12.035
1.3102,-0.7577,-0.4484,0.9712,0.4271,54.3303,57.0358,-2.7055
-0.1209,0.6482,-1.6198,-0.0045,0.4271,45.0354,41.7189,3.3165
0.7044,0.218,0.7385,0.2362,0.4271,59.2267,65.5391,-6.3124
0.3433,-0.6004,0.7569,0.1193,0.4271,60.2655,51.7971,8.4684
1.5881,0.3479,0.1992,-0.1679,0.4271,73.7449,69.5104,4.2345
0.1658,0.4196,0.61,0.3967,0.4271,67.5255,62.1628,5.3627
0.2289,1.0036,0.9182,0.169,0.4271,64.3148,70.1955,-5.8806
0.1329,0.1454,0.1762,0.2767,0.4271,56.3131,54.5551,1.758
-1.4766,-0.9452,0.2419,0.0566,-2.3842,-13.6432,-9.3749,-4.2684
1.6442,0.3632,1.0071,0.4777,0.4271,86.9905,80.9859,6.0045
1.4601,1.197,0.2976,0.8176,0.4271,80.4873,85.2941,-4.8068
0.677,0.1663,-0.2826,0.3508,0.4271,51.6299,57.6055,-5.9756
1.5557,1.023,0.7594,0.309,0.4271,85.4504,84.3798,1.0707
-0.237,-0.7524,0.3222,-0.7147,0.4271,35.3999,34.7302,0.6697
-0.2452,0.6848,0.1751,-0.052,0.4271,42.5085,54.277,-11.7684
-0.6585,0.6257,-0.7936,-0.7518,0.4271,27.0085,36.867,-9.8586
0.0025,0.5005,0.3133,-0.0009,0.4271,53.9355,56.2774,-2.3419
-0.2016,-0.5902,-0.1925,-0.3383,0.4271,41.1222,35.5894,5.5328
-0.1149,-0.2438,-0.9306,0.1281,0.4271,41.5973,37.9778,3.6195
0.7987,1.2893,0.4917,-0.2181,0.4271,68.5818,73.539,-4.9572
-0.4047,-0.9998,-0.3083,-0.3757,0.4271,29.0654,27.6575,1.4079
0.9298,0.1689,-0.312,-0.8038,0.4271,46.3243,52.0906,-5.7663
-1.2892,-0.7928,0.5699,0.0047,-2.3842,-1.7467,-3.4909,1.7442
-1.4594,-1.4012,-0.9185,-0.6364,-2.3842,-30.1217,-28.0627,-2.059
0.4798,0.0343,-0.3942,0.5624,0.4271,44.5181,54.62,-10.1019
-1.2522,-1.2163,1.0082,-0.0082,-2.3842,-12.0758,-4.575,-7.5008
-0.9942,-0.1919,-1.2075,-0.5685,-2.3842,-18.6538,-11.2326,-7.4213
0.3061,0.8808,0.2923,0.0915,0.4271,61.4311,64.2874,-2.8562
0.6654,0.5005,-0.6405,0.7131,0.4271,56.9808,61.0043,-4.0235
0.6561,0.4861,-0.4055,-0.5052,-0.8474,33.0762,38.9408,-5.8646
1.7035,0.5264,0.1515,0.5588,0.4271,78.3777,77.439,0.9387
1.177,1.6963,0.329,-0.0664,0.4271,80.8671,81.9728,-1.1057
0.016,-0.9562,-1.3822,0.2398,-2.3842,-6.8702,-4.7282,-2.1419
-0.5684,-1.465,0.0269,-0.8982,0.4271,9.4863,19.6189,-10.1326
0.8116,-0.0151,-0.4473,0.2514,0.4271,50.9333,55.0507,-4.1174
0.4915,1.0651,0.2899,0.0477,0.4271,62.4735,68.0226,-5.549
0.9765,-0.3605,0.2472,-0.3571,0.4271,51.8281,54.046,-2.2178
-0.0681,-1.1777,-0.4998,-0.4746,0.4271,17.6303,27.1016,-9.4713
-0.087,0.2686,-0.2097,-0.6424,0.4271,48.3395,44.2278,4.1117
-0.4339,-0.9784,0.0428,-0.6558,-0.8474,9.0243,13.1977,-4.1734
-1.3405,-0.6775,-0.519,-0.8147,-2.3842,-13.2885,-16.8174,3.5289
0.6176,0.3974,-0.2021,-0.1919,0.4271,64.1325,56.4155,7.7169
1.3995,1.0555,0.5459,-0.3748,0.4271,83.1981,76.6757,6.5225
-0.579,-0.9085,0.5348,-0.4534,-0.8474,13.6028,17.6201,-4.0173
-0.3169,-1.1484,-0.0567,-0.1793,0.4271,27.7821,30.2267,-2.4446
-0.8781,-1.7078,0.19,-1.058,-0.8474,-0.3901,-1.4272,1.037
0.9627,-0.244,0.8133,-0.0888,0.4271,59.8857,61.429,-1.5433
0.1495,-0.3433,0.1512,-0.219,0.4271,35.8333,45.6003,-9.767
0.3908,-0.8009,-1.0605,-0.4242,-2.3842,-4.7803,-1.1083,-3.672
0.1188,0.7326,0.2692,0.2248,0.4271,61.9767,61.3627,0.614
-0.2426,0.3951,0.0502,0.1306,0.4271,51.0358,51.3564,-0.3206
0.9067,1.0466,0.2163,-0.9223,0.4271,60.3973,64.9536,-4.5562
0.068,0.981,0.1242,0.3407,0.4271,58.1846,63.3016,-5.117
0.2658,0.6366,-0.1148,-0.6511,0.4271,55.8693,52.815,3.0543
-0.0885,0.6589,-0.4143,0.2387,0.4271,55.7179,53.1507,2.5673
-0.2389,0.8409,-0.6947,-0.0294,0.4271,51.4404,49.5646,1.8758
0.3566,0.3207,0.0139,0.055,0.4271,49.4831,56.1335,-6.6504
-1.4272,-0.2592,-1.0914,-0.0098,0.4271,17.3836,21.5479,-4.1643
0.67,-0.1072,0.4962,-0.0222,0.4271,71.0349,57.8539,13.181
-1.2972,-0.6555,-0.3426,-0.601,0.4271,20.6291,20.1362,0.4929
-1.2847,0.3053,0.8886,-0.1394,0.4271,45.453,43.7541,1.6988
-0.073,0.3169,0.4552,-0.5484,-0.8474,26.9521,35.5488,-8.5968
0.6399,-1.206,0.6032,-0.7111,-2.3842,10.2327,7.8117,2.421
0.1416,-1.209,0.2537,0.3038,-2.3842,8.6223,6.8054,1.8169
0.6944,-0.5089,0.3475,-0.065,0.4271,54.2914,52.1578,2.1335
-0.9168,-0.7614,-0.2222,-0.3668,0.4271,18.6052,25.5745,-6.9693
-0.2034,1.137,-0.7952,0.06,0.4271,44.5842,53.1235,-8.5392
-0.8227,-0.8172,0.393,-0.602,-2.3842,-10.7493,-4.3459,-6.4035
0.5011,0.6462,0.3913,-0.1579,0.4271,66.8745,62.7662,4.1083
1.5046,1.5963,0.3692,1.0883,0.4271,90.7817,92.6934,-1.9117
0.6705,0.1279,0.8717,0.1302,0.4271,65.2071,64.4513,0.7558
0.3543,0.0107,0.4515,-0.2387,0.4271,61.8299,53.9487,7.8812
0.49,0.0922,0.4717,0.2806,0.4271,61.0355,60.0847,0.9508
-0.9633,-0.2489,0.0541,-0.3632,0.4271,40.7597,32.9896,7.7702
-0.2363,-0.1315,-0.1752,0.1873,0.4271,41.7697,44.1623,-2.3926
1.1907,-0.6929,-0.8529,0.0104,0.4271,39.2249,46.6942,-7.4693
-0.6086,-0.2358,-0.3509,-0.6335,-0.8474,14.8887,16.8013,-1.9126
1.1831,0.8102,0.1289,0.3873,0.4271,75.4776,73.688,1.7896
-0.3403,-0.5307,0.5154,-0.7769,-0.8474,24.5615,22.0285,2.533
0.3128,0.6864,-0.5088,0.0141,0.4271,52.6888,55.4714,-2.7826
-1.486,-1.1165,-0.1942,-0.63,-2.3842,-21.4208,-19.53,-1.8908
0.3429,0.0419,0.2832,0.6871,0.4271,67.6352,59.3172,8.318
0.3888,-0.3553,0.2286,-0.4218,0.4271,43.7549,47.2154,-3.4605
1.0537,1.0396,0.4835,-0.0948,0.4271,78.6634,74.2571,4.4062
1.1233,0.0816,0.8193,-0.0274,0.4271,63.974,67.2839,-3.3099
-0.7231,0.5042,0.504,-0.2819,0.4271,43.8284,48.0585,-4.2301
-1.3308,-0.7385,-0.0806,-0.752,-2.3842,-16.0459,-13.5905,-2.4554
-0.4993,-0.3215,-1.3239,0.1786,-0.8474,6.3672,15.1674,-8.8002
-0.7237,-1.419,0.2472,0.2464,0.4271,30.0532,28.1226,1.9306
0.8193,-0.1648,-0.1388,0.1352,0.4271,52.5743,55.0152,-2.441
-1.2953,-0.9929,0.3039,-0.1117,-0.8474,8.4536,9.5957,-1.1422
0.3369,0.5284,0.5475,0.1078,0.4271,62.2596,62.731,-0.4714
-1.4801,-1.4478,0.2395,-0.3166,0.4271,6.8768,15.722,-8.8452
-0.4871,-0.6437,0.3954,-0.0726,0.4271,34.7637,38.2989,-3.5352
-0.7643,-1.5488,0.0492,0.0849,0.4271,23.4981,23.5832,-0.0851
0.5668,-0.7437,0.3409,0.4339,0.4271,46.5878,51.5663,-4.9785
0.1529,-0.0464,-0.8656,-0.8626,0.4271,34.4842,36.6794,-2.1951
0.0041,-1.3545,0.4595,0.2248,-2.3842,2.8754,4.7299,-1.8545
0.9544,0.1185,0.3848,0.419,0.4271,68.1575,65.6481,2.5094
-1.5128,-1.4885,0.0881,0.0806,0.4271,16.7604,16.5111,0.2493
-0.5318,-0.5362,-0.2504,-0.293,-0.8474,20.5232,17.3861,3.137
-1.2219,-0.9865,0.4535,0.0292,-2.3842,-8.3422,-5.6731,-2.6691
-0.3045,1.0026,-0.1784,0.9986,0.4271,60.0661,61.7981,-1.732
0.3771,0.0887,0.3054,-0.1258,0.4271,48.9272,54.7318,-5.8046
-0.0706,-0.6299,0.7088,-0.4045,0.4271,41.7285,43.0201,-1.2917
-0.5752,-0.8908,-0.3019,0.1549,0.4271,31.0497,30.7926,0.2571
0.0181,-1.1871,0.0922,0.1888,-2.3842,2.9418,3.6865,-0.7447
0.1703,0.719,-1.0507,-0.7798,0.4271,40.2154,44.6228,-4.4075
0.3926,0.7564,-0.0655,0.9514,0.4271,66.5675,67.0388,-0.4713
0.5521,1.2439,0.3954,-0.3097,0.4271,72.1904,69.01,3.1804
0.1671,0.7596,0.2941,-0.3734,0.4271,56.4687,58.2175,-1.7488
-0.3307,0.6539,-0.2349,-0.0716,0.4271,46.4702,49.7224,-3.2522
0.1206,-0.0041,0.3693,0.2977,-0.8474,44.553,39.2333,5.3197
-0.8589,-0.9163,-0.4323,-0.3255,0.4271,26.0533,23.1231,2.9302
1.2972,0.5087,0.8192,0.1802,0.4271,82.2871,75.3906,6.8965
-0.4531,-0.0489,0.4846,-0.1449,0.4271,53.7092,45.535,8.1742
1.0315,-0.2934,0.7789,0.0804,-2.3842,32.477,29.1225,3.3545
-0.3042,-0.722,-0.0147,0.4608,-2.3842,6.6349,6.5316,0.1033
-1.0926,-0.3824,0.3782,-0.0965,0.4271,36.6727,34.4512,2.2215
-0.6985,-0.7856,-0.623,-0.64,0.4271,18.8688,22.6585,-3.7897
-0.8429,-0.8841,-1.1371,0.1235,-2.3842,-13.0001,-12.0427,-0.9574
0.6734,0.5354,-0.0553,-0.1755,0.4271,61.0225,59.808,1.2146
-1.5984,-0.8351,-0.4153,0.3798,0.4271,14.398,21.1468,-6.7488
1.3732,-0.2027,-0.4645,0.3769,0.4271,62.0241,59.697,2.3271
0.3126,0.5541,0.6378,-0.1248,0.4271,73.1282,61.8375,11.2907
0.3212,0.2455,-0.2903,0.5652,0.4271,56.3887,56.1152,0.2735
-0.3178,-0.731,0.7381,-0.1171,0.4271,51.1224,41.4575,9.6649
1.2775,-0.1102,-0.5446,0.5186,0.4271,56.2065,60.0812,-3.8747
1.0889,0.6318,0.2138,0.6554,0.4271,78.5856,73.1896,5.396
-0.2066,0.1001,-0.0242,0.1445,0.4271,46.1718,47.9493,-1.7775
-1.512,-1.5572,0.2951,-0.7334,0.4271,6.4566,11.6803,-5.2237
-0.5973,-1.0581,-0.7866,-0.0522,-2.3842,-5.4341,-9.8935,4.4594
0.356,0.6067,-0.5313,1.0902,-0.8474,48.5621,47.2027,1.3594
0.0479,0.1953,-0.8005,0.2475,0.4271,38.5869,46.4892,-7.9023
-0.0839,-1.1769,0.1046,0.6931,0.4271,34.3559,39.7084,-5.3525
-0.1298,0.3028,0.6618,-0.0738,-0.8474,43.0132,39.6695,3.3437
-0.7178,0.1808,0.5918,0.0265,0.4271,55.2005,47.2974,7.9032
1.1513,1.2876,0.3349,0.1893,0.4271,74.2804,78.9244,-4.6441
-0.9874,0.5725,0.4309,-0.2878,0.4271,46.2698,45.3912,0.8786
1.0682,1.4322,0.2286,0.8853,0.4271,81.4479,83.679,-2.2311
-0.5351,0.0857,-0.7147,0.1379,0.4271,35.095,38.9077,-3.8128
-1.3956,-1.1652,0.2161,-0.2469,0.4271,7.3091,20.11,-12.8009
0.446,0.0024,-0.8453,0.1737,0.4271,51.0723,47.7264,3.3458
-0.2524,-0.6328,0.3412,-0.1144,0.4271,49.6254,40.2274,9.398
-0.4531,-0.8693,-0.0601,-0.0953,0.4271,36.1616,32.4632,3.6985
-1.7747,-0.8341,0.6568,-0.5241,0.4271,22.878,21.2341,1.644
-1.4845,-0.2593,0.1218,-0.038,0.4271,37.3384,30.0708,7.2676
-0.8384,-0.1949,-0.0429,-0.71,-2.3842,-8.8436,-1.6213,-7.2223
0.7082,0.7973,-0.4391,0.3948,0.4271,59.7563,64.1373,-4.381
-0.5415,0.0614,-0.3803,0.4354,0.4271,44.4401,43.2079,1.2322
1.4247,0.3464,0.2912,-0.1858,0.4271,63.1924,68.3272,-5.1349
0.5902,0.6733,0.5118,-0.1083,0.4271,69.2196,65.2963,3.9233
1.3326,1.3293,0.3547,0.8559,0.4271,76.0281,86.1209,-10.0928
0.7162,0.3629,0.3935,-0.0144,0.4271,60.1314,62.8994,-2.768
0.7445,0.4184,0.2081,0.0815,0.4271,58.4976,63.0671,-4.5695
-0.9021,-1.2471,-0.0366,-0.6945,-2.3842,-18.2469,-13.9784,-4.2686
0.4375,0.2175,-0.1862,-0.0668,0.4271,59.3922,53.4531,5.9392
1.4235,1.0679,0.9524,0.6194,0.4271,86.0283,87.1103,-1.082
0.262,0.0324,-0.8091,0.7314,0.4271,45.8288,50.2488,-4.42
0.6283,-0.3167,0.7585,0.3602,-2.3842,26.1856,26.3284,-0.1428
-0.6144,1.2576,-0.0227,-0.013,0.4271,61.5437,55.5119,6.0317
0.0509,1.2003,-0.6441,0.2583,0.4271,59.5516,59.1,0.4516
0.7935,-0.3413,0.1939,-0.1722,0.4271,50.6557,53.177,-2.5214
0.0896,-0.2576,0.4149,0.4881,-0.8474,43.7961,37.7251,6.071
0.6799,0.759,0.1916,0.0526,0.4271,62.5182,65.8763,-3.3581
0.0942,-0.7304,-0.0673,-0.0568,0.4271,31.0214,40.1008,-9.0794
0.3443,0.2325,0.6669,0.0418,0.4271,65.8412,59.9433,5.8978
-1.8388,0.1388,0.5048,-0.9087,0.4271,23.0667,27.6454,-4.5787
-1.0863,-1.1428,0.434,-1.203,-2.3842,-14.6105,-14.6925,0.082
-0.2663,-1.039,0.1328,0.2748,-0.8474,25.9731,21.4725,4.5006
0.6592,-0.5994,-0.5896,0.7415,0.4271,54.7726,49.1585,5.6141
0.9227,-0.9824,0.5681,0.4107,-2.3842,15.0331,20.8826,-5.8496
-0.8754,0.8396,-0.1583,0.3484,0.4271,44.6259,49.4844,-4.8585
-1.5476,-0.1142,-0.8893,-1.0474,0.4271,11.9549,16.2314,-4.2765
1.4909,1.384,-0.282,0.7962,0.4271,88.3487,83.1187,5.23
-0.5626,0.5059,-0.4337,-0.135,0.4271,51.1674,43.6031,7.5643
0.771,-1.038,-0.6769,0.1003,0.4271,36.6998,40.2958,-3.596
0.9149,-0.5843,0.6911,0.4344,0.4271,56.6057,59.7869,-3.1812
-0.6344,0.7507,0.5742,-0.156,0.4271,56.629,53.1965,3.4325
-0.2281,-0.0499,0.4264,-0.1615,0.4271,52.3383,47.3704,4.968
1.0953,1.4005,1.0835,0.2467,0.4271,82.8793,85.7521,-2.8728
0.4954,-0.2783,0.3525,-0.7452,0.4271,50.7969,47.9281,2.8688
1.455,0.4965,-0.0083,-0.0058,0.4271,74.94,69.2856,5.6543
0.773,0.6494,-0.7056,-0.1591,0.4271,52.3529,57.2671,-4.9142
-1.8459,-1.3268,-0.7579,0.2911,-0.8474,-7.8961,-5.4271,-2.469
-0.7556,0.0108,0.1203,0.435,0.4271,46.9477,44.1939,2.7538
-0.3714,-1.0539,0.2615,0.1257,-1.1097,17.0215,17.0158,0.0056
-0.4038,-0.573,0.5088,0.5102,0.4271,47.5383,44.9089,2.6294
-0.4436,0.581,0.1515,0.3736,0.4271,47.8216,53.7611,-5.9395
-1.5079,-0.1517,0.1456,0.1051,0.4271,30.4217,32.2072,-1.7856
-0.8278,0.5819,-1.0821,0.3168,0.4271,49.2454,39.769,9.4765
-0.179,0.2244,0.259,0.348,0.4271,52.6693,53.2353,-0.5661
0.004,-1.021,0.1074,-0.2441,0.4271,30.8438,35.9098,-5.066
0.9227,0.7056,0.0907,-0.2757,0.4271,64.0474,64.8189,-0.7715
0.3345,-0.6235,0.3962,0.2852,0.4271,56.7278,49.8215,6.9063
0.8753,0.5864,0.553,0.173,0.4271,70.3003,69.6462,0.6542
0.0359,0.2516,0.3827,-0.3986,0.4271,48.6334,51.6051,-2.9718
-0.2917,-0.4416,-0.1982,0.0709,0.4271,39.3292,39.0956,0.2336
0.2474,-0.878,0.4456,0.5665,0.4271,50.4697,48.3608,2.1089
-0.5277,0.6432,0.8818,-0.5093,0.4271,60.6938,53.0401,7.6537
0.3,-0.789,0.6606,-0.1475,0.4271,48.6913,46.6177,2.0736
-0.2582,0.6521,0.5491,0.0906,0.4271,54.0981,57.639,-3.5409
0.3504,-0.863,-0.3511,-0.1871,-2.3842,2.3948,4.8672,-2.4725
1.1795,1.1498,0.6177,-0.2545,0.4271,75.8094,76.767,-0.9576
-0.2841,-0.2642,-0.0099,0.3619,0.4271,41.7876,44.643,-2.8554
1.0593,-0.0323,0.983,0.7471,0.4271,72.2666,71.9595,0.3071
-0.308,-1.0246,0.0793,-0.2161,0.4271,26.1895,32.505,-6.3155
-0.3516,0.2662,0.5728,0.3011,0.4271,52.61,53.9439,-1.3339
1.0927,-0.791,0.5575,0.1917,-2.3842,23.7898,23.2523,0.5375
-1.6072,0.2602,-0.3292,-0.1953,0.4271,19.8505,30.0348,-10.1843
1.175,-0.4484,0.9671,0.1696,-0.8474,49.6273,49.2423,0.385
1.3662,1.3371,0.4185,0.2666,0.4271,85.427,82.9643,2.4627
-0.3831,0.9013,-0.5994,0.6086,0.4271,56.589,53.8676,2.7214
-0.679,0.8444,0.3692,0.1614,0.4271,49.0598,54.4008,-5.341
-1.2183,0.032,-0.084,0.1378,0.4271,40.401,35.8374,4.5635
-0.0972,-0.852,0.1689,-0.0452,0.4271,38.6056,38.5822,0.0234
0.1027,-0.2399,-0.1265,0.1497,0.4271,43.909,46.6876,-2.7786
-1.1366,-0.2824,0.9931,-0.4061,-0.8474,20.2491,22.5425,-2.2935
-0.0313,0.5066,-0.77,-0.1297,0.4271,37.5872,46.7544,-9.1672
1.154,0.4133,0.4286,0.739,0.4271,77.0884,73.663,3.4255
-1.4285,-0.6782,-0.5594,0.2181,0.4271,14.1322,22.4991,-8.3669
-1.4269,-0.8872,-0.5255,0.1845,-2.3842,-22.1693,-13.2066,-8.9627
-0.3925,0.0148,0.348,0.2742,0.4271,43.7792,48.762,-4.9828
0.7193,0.2407,0.174,-0.0023,0.4271,64.0823,59.9541,4.1282
0.4062,-0.0816,0.0754,-0.32,0.4271,40.856,50.0094,-9.1534
-0.7816,-1.02,0.205,-0.0749,0.4271,30.5468,29.4318,1.115
0.2868,0.0585,-0.5098,-0.2602,0.4271,51.8858,46.2178,5.668
0.1317,-0.4494,-0.0128,0.5111,0.4271,38.018,48.0293,-10.0113
-0.4783,-0.4884,0.5475,-0.2044,-2.3842,9.4835,6.9932,2.4903
0.563,0.2598,0.0174,-0.1229,0.4271,52.7827,56.4511,-3.6684
0.6292,-0.1839,-0.8495,0.7471,0.4271,49.0912,51.5484,-2.4573
0.261,-1.1854,0.1776,0.4063,-2.3842,14.6716,8.4766,6.195
1.4904,1.1184,0.4464,0.9977,0.4271,83.2721,87.1323,-3.8602
-0.9771,-1.0115,0.8935,0.1476,-2.3842,-5.7181,0.8755,-6.5936
-0.6178,-1.3513,0.1005,-0.4934,0.4271,15.2507,23.7476,-8.4969
0.9088,1.0759,-0.364,0.3025,0.4271,73.9424,69.3566,4.5857
-0.5457,0.0498,-0.8897,-0.0573,0.4271,37.5273,35.6888,1.8385
-0.8418,-0.3122,0.1025,-0.3102,0.4271,34.3213,34.3203,0.001
-0.0458,0.4139,0.1435,-0.1913,0.4271,54.9344,52.156,2.7783
0.0609,-0.2905,0.66,0.2841,0.4271,58.6355,52.6563,5.9792
0.5725,-0.8137,-0.5714,-0.1524,-2.3842,3.8631,6.3472,-2.4842
0.1062,-0.4913,0.6205,-0.304,0.4271,54.2636,46.4932,7.7705
-1.4596,-1.345,-0.6777,0.1529,-2.3842,-20.7091,-20.0943,-0.6148
-1.2726,-0.4015,1.0835,0.5858,-0.8474,23.7231,27.3357,-3.6126
0.4046,-0.2899,0.4101,0.013,-2.3842,21.3048,19.1393,2.1655
-0.0978,0.2574,-0.606,-0.4964,0.4271,38.4251,41.9524,-3.5273
0.9833,0.4711,0.5302,0.2746,0.4271,74.0509,70.0373,4.0136
1.0465,-0.0872,0.3178,0.5211,0.4271,69.0023,64.5166,4.4858
-0.3846,-0.7148,0.5851,-0.2032,0.4271,44.8003,39.1494,5.6509
-0.3088,0.141,0.1922,-0.0109,-2.3842,9.2771,14.4979,-5.2208
-0.5127,-0.1606,0.3183,0.107,0.4271,48.5128,44.1115,4.4013
-1.2127,-1.1801,-0.0742,0.2597,-0.8474,8.0893,8.0495,0.0399
-1.3063,0.098,0.6808,-0.0613,0.4271,37.1924,40.136,-2.9436
-0.5111,-0.9745,-0.9011,0.1353,0.4271,22.5144,25.7917,-3.2772
0.1209,0.7385,-0.3598,-0.0099,0.4271,64.3129,54.9807,9.3322
-1.3772,-0.5665,-0.7419,-0.425,0.4271,22.2236,18.4308,3.7929
0.0016,0.6375,0.1006,0.0012,0.4271,60.2463,56.1868,4.0594
0.5874,1.0104,0.6626,0.0525,0.4271,78.399,71.3354,7.0637
-1.2125,-0.1074,0.8412,0.3267,0.4271,49.254,42.7623,6.4917
-0.5289,-0.3179,-0.0288,-0.9337,0.4271,44.4967,32.2656,12.2311
1.1301,0.1611,0.8142,0.526,0.4271,72.9267,72.0579,0.8688
-0.3544,-0.1007,-0.2097,0.296,0.4271,50.203,43.7333,6.4697
1.1458,1.1924,0.5766,0.8199,0.4271,85.7959,84.0374,1.7585
-1.461,0.2115,-1.0972,0.006,0.4271,28.4255,26.5437,1.8818
-1.6582,-1.0936,0.8261,-0.3398,-0.8474,7.9153,7.0065,0.9088
0.1103,-0.9241,-0.0684,1.0403,-2.3842,12.6695,12.3139,0.3557
-0.0999,0.6803,0.1317,-0.5713,0.4271,49.8701,51.8389,-1.9689
1.3336,1.6391,0.7057,0.8205,0.4271,91.2515,92.0699,-0.8184
0.3647,-0.0949,0.5109,-0.4085,0.4271,60.9778,52.1487,8.829
-0.7886,0.8159,-0.2436,-0.3458,0.4271,47.5522,44.6663,2.8858
0.1747,0.5105,0.0814,-0.8732,0.4271,44.0926,50.3877,-6.295
1.3893,2.1781,0.137,0.4927,0.4271,78.2023,92.0733,-13.871
0.994,-0.709,-0.0908,-0.539,-2.3842,15.2106,13.0512,2.1594
-0.4275,-0.3067,0.4675,-0.0899,0.4271,48.8787,43.1607,5.718
-0.2374,-0.456,0.5009,-0.3962,0.4271,37.3599,41.6454,-4.2855
-0.0846,-0.6259,0.3835,0.0151,0.4271,34.9053,43.3287,-8.4234
-0.9092,0.6963,-0.2188,1.046,0.4271,54.7252,51.8934,2.8318
-0.3501,0.395,0.5039,0.1658,0.4271,56.2943,53.9378,2.3566
0.1036,-0.905,-0.2114,0.0217,-2.3842,6.4435,4.2772,2.1663
-1.4745,0.1028,0.0055,-1.2468,0.4271,21.7291,24.9511,-3.222
0.909,-0.1227,0.8605,0.2445,0.4271,63.166,64.8969,-1.7309
0.5987,-0.7733,0.6475,0.4914,0.4271,54.2453,54.3338,-0.0885
-0.3573,0.8104,0.1829,0.361,0.4271,65.8141,57.4189,8.3952
1.0065,0.3624,-0.05,0.0721,0.4271,60.7488,63.1922,-2.4433
0.8585,1.3134,0.3349,1.1655,0.4271,75.9278,82.8621,-6.9342
0.3366,0.2947,0.3077,0.5522,0.4271,62.7929,61.3448,1.4481
0.0728,0.1633,-0.1426,0.3282,0.4271,51.7512,52.0192,-0.268
0.4051,-0.0352,0.1907,0.1771,0.4271,44.7526,54.8603,-10.1076
0.8624,1.7063,-0.658,1.2895,0.4271,76.4685,80.5451,-4.0767
0.8947,0.1367,0.22,-0.2738,0.4271,64.3045,59.1299,5.1746
0.976,0.6565,0.4737,-0.1468,0.4271,67.1607,68.6814,-1.5206
0.5205,-0.5635,0.6096,-0.3365,-2.3842,17.529,16.41,1.1189
0.5864,1.0215,0.4272,0.0706,0.4271,54.5717,69.7648,-15.1931
0.4335,0.4136,0.391,-0.5841,0.4271,59.4038,56.461,2.9427
0.0229,-0.1762,0.1012,-0.3047,0.4271,46.1953,45.1432,1.0521
-0.6563,-1.0451,-0.0173,0.0227,0.4271,27.402,29.4605,-2.0585
-0.0744,0.563,-0.8516,-0.7936,0.4271,47.8816,41.6828,6.1987
0.586,0.3584,-0.2064,-0.4984,0.4271,60.7226,53.4746,7.248
-0.9681,-0.82,-1.1326,-0.0183,-2.3842,-5.3804,-13.615,8.2346
0.3768,0.5204,0.9001,0.1481,0.4271,60.688,66.0619,-5.3739
1.2172,1.526,0.183,0.1353,0.4271,78.9084,80.7668,-1.8584
0.0989,-0.6475,-1.0476,-0.16,0.4271,30.442,32.8237,-2.3817
-0.8927,-0.0521,-1.2968,-0.4751,0.4271,32.2382,24.7881,7.4502
-1.3905,-1.0628,0.0951,0.2651,-2.3842,-10.773,-9.456,-1.317
0.1125,-0.5535,0.8148,0.0386,0.4271,41.8311,49.7359,-7.9048
-0.2902,-1.33,0.0324,-0.7616,-2.3842,-6.7276,-8.29,1.5624
-0.799,0.0849,-0.5942,-0.7863,0.4271,35.0662,30.5752,4.491
-0.506,0.0624,0.2938,0.27,0.4271,47.4427,47.6357,-0.193
0.1555,-1.0798,0.4125,0.0404,0.4271,36.6305,41.1963,-4.5657
-1.4422,-1.6579,-0.2892,0.0206,-2.3842,-22.1357,-21.3566,-0.7791
-0.1041,0.2494,-0.7831,0.0222,0.4271,50.319,44.036,6.283
1.3546,0.6553,0.1973,-0.5833,0.4271,66.9408,67.5645,-0.6237
-1.8178,-0.8911,-1.4225,0.0688,-0.8474,-13.9866,-6.8846,-7.1019
-0.5177,-1.2575,0.5232,0.8479,-2.3842,-0.6547,5.0498,-5.7045
0.526,-0.0418,-0.0495,-0.6854,0.4271,39.7028,48.2388,-8.536
0.5715,0.1549,-0.4508,0.0359,0.4271,57.5174,52.8645,4.6529
-0.5199,-1.3038,0.2728,-0.3191,-1.1097,4.7769,9.6095,-4.8326
-0.5098,-1.0999,0.6459,-0.8224,0.4271,31.0014,29.6406,1.3607
0.22,0.3263,-0.3627,0.1529,0.4271,52.3006,52.5158,-0.2153
0.9602,1.5931,-0.1383,0.1346,0.4271,71.1139,76.2909,-5.177
0.9233,0.5686,-0.2773,-0.0156,0.4271,52.8216,62.2625,-9.4408
1.1064,1.1176,0.091,0.1997,0.4271,76.0195,74.7276,1.2919
-0.3518,-0.5404,-1.1794,-0.4127,0.4271,17.9842,26.43,-8.4458
-1.3809,0.0048,0.1964,-1.1033,0.4271,26.3319,27.3186,-0.9867
1.7072,0.5309,0.0605,0.7517,0.4271,85.0006,78.169,6.8316
-1.5199,0.104,0.5452,-0.6598,-0.8474,18.7095,17.5711,1.1385
0.5231,-0.1003,0.2081,0.1551,-2.3842,27.4258,21.9757,5.4501
-0.646,-0.8835,-2.6979,-0.1082,-0.8474,1.1821,-5.2876,6.4697
-0.2407,-0.2566,-0.3208,0.1551,0.4271,37.2314,41.3649,-4.1335
-0.4611,0.0213,0.2285,0.1235,0.4271,49.1794,46.1339,3.0455
-0.4184,-0.2685,0.9665,0.1334,-0.8474,32.0615,33.9378,-1.8763
0.4899,-0.0366,0.3435,0.1103,0.4271,56.2867,56.4642,-0.1775
-0.6534,-0.3307,0.4192,-0.2126,0.4271,38.8709,39.2456,-0.3747
0.4845,-0.1817,0.2377,-0.4511,0.4271,48.9581,50.0592,-1.1011
-0.0962,-0.6349,0.2896,0.2326,-1.1097,33.188,25.6353,7.5527
-0.6802,-0.7149,-0.1902,-0.435,0.4271,34.5459,28.4055,6.1404
0.9759,0.8119,0.8584,0.6052,0.4271,84.1398,78.6141,5.5257
0.261,-0.5186,0.0918,0.0554,0.4271,40.3516,46.2746,-5.923
-0.9585,-1.1375,0.2249,-0.6114,-2.3842,-14.051,-10.7623,-3.2887
-1.0418,-0.4316,0.4358,-0.5781,0.4271,30.7614,31.5376,-0.7762
-0.2032,-0.709,-1.8099,0.4566,-2.3842,-2.3532,-6.082,3.7288
-0.2627,0.3702,-0.9019,-1.0941,0.4271,40.9623,35.0229,5.9394
0.2354,0.4812,0.3213,0.1784,0.4271,63.7876,59.8631,3.9245
0.6199,-0.3087,0.0869,-0.0667,0.4271,59.48,51.5922,7.8878
0.2232,-0.2055,-0.4267,-0.1157,-2.3842,2.9715,10.8126,-7.8411
-1.1924,-0.4453,0.0113,-0.123,0.4271,25.2195,29.6679,-4.4485
0.4885,-0.7769,0.7919,-0.2612,-0.8474,32.2938,33.8524,-1.5586
1.3194,1.4064,0.7782,0.0129,0.4271,82.6706,84.2465,-1.5759
0.5727,0.247,0.6715,0.6182,0.4271,66.3724,66.5953,-0.2229
-0.4079,-0.1764,0.8148,0.0416,0.4271,49.7846,48.4212,1.3634
0.5226,0.4945,0.238,0.147,0.4271,65.6473,62.2298,3.4175
-0.3172,0.5751,-0.2066,-0.204,0.4271,48.3753,48.2798,0.0955
1.0935,1.3637,0.2234,0.2364,0.4271,77.5755,78.6305,-1.055
-0.5934,0.1544,-0.7192,0.4364,0.4271,34.5839,41.097,-6.5131
-1.0656,-1.6937,-1.1334,-0.083,-2.3842,-16.6714,-24.9391,8.2677
0.758,-0.493,0.0919,-0.2076,0.4271,49.8798,50.0606,-0.1807
0.1611,0.0666,0.4345,0.0283,0.4271,50.434,54.2333,-3.7993
-0.7601,-0.7519,0.1907,0.1912,0.4271,23.8263,34.4154,-10.5892
0.6361,-0.1664,0.3958,-0.4052,0.4271,52.4685,53.3911,-0.9227
0.8577,0.6801,-0.2008,-0.4356,0.4271,55.3831,60.4831,-5.1
0.5546,1.3795,-0.6954,0.8923,0.4271,63.2124,70.5246,-7.3123
-0.473,-0.005,0.826,-0.4146,0.4271,48.5673,46.5668,2.0005
1.0238,0.7799,0.1618,-0.025,0.4271,66.0451,69.028,-2.9829
-0.494,-0.2941,0.3388,-0.4758,0.4271,33.0629,38.9177,-5.8547
0.8074,1.0048,-0.088,-0.4854,0.4271,60.9769,64.1162,-3.1394
-0.2018,0.401,-0.7512,0.0228,0.4271,44.7515,44.9449,-0.1934
-0.9426,-0.2118,0.1806,-0.1016,0.4271,40.9326,36.4207,4.5119
-1.436,-0.4496,-0.0079,-0.1225,-2.3842,-1.6491,-6.535,4.8859
-0.3778,-0.6562,-0.5566,-0.6917,0.4271,33.4806,27.7022,5.7784
-1.6454,-0.7661,-0.4973,0.0397,0.4271,13.4178,18.4246,-5.0068
-0.225,-0.5898,0.1016,1.2517,0.4271,58.7452,48.6577,10.0875
-1.2483,-0.7497,-0.752,0.3944,0.4271,22.3926,23.3685,-0.976
0.1816,-0.1693,-0.6315,-0.3212,0.4271,34.7934,41.169,-6.3756
-0.4102,0.4986,-0.443,0.0732,0.4271,30.1892,46.5309,-16.3418
1.0018,-0.5549,0.3316,0.2911,0.4271,60.7522,57.2873,3.465
-0.4924,-0.2349,0.0021,0.0953,-0.8474,21.4145,25.839,-4.4245
-1.4769,-1.8294,-0.2587,-0.6704,-2.3842,-30.6079,-28.226,-2.3819
0.968,0.45,-0.0596,0.0786,0.4271,73.7332,63.7374,9.9958
-0.6457,-0.1723,-0.9455,-0.5561,0.4271,18.3889,28.2236,-9.8346
-0.001,-0.255,-1.1625,0.299,0.4271,47.1681,38.4758,8.6923
-0.1171,0.637,-0.4538,-0.3148,0.4271,41.3888,48.4472,-7.0585
-0.4166,-0.0163,-0.1717,-0.223,0.4271,42.825,40.7004,2.1247
-0.8474,0.1371,0.9301,-0.4645,0.4271,40.5535,44.6079,-4.0544
-0.7285,0.1427,0.2464,-0.0813,0.4271,45.4256,43.3484,2.0772
1.2994,1.3614,0.1757,1.1593,0.4271,82.6796,86.8585,-4.1789
0.8818,-0.8708,0.6392,0.3891,-2.3842,22.1127,22.097,0.0157
-0.484,-1.0334,0.1702,-0.2106,0.4271,29.1563,31.2583,-2.102
1.0979,0.7805,0.1724,-0.1189,0.4271,71.3913,69.2571,2.1342
0.4208,-0.1918,-0.7136,0.0792,0.4271,40.9245,45.6303,-4.7059
0.3626,0.5327,0.5102,-0.6286,0.4271,56.3013,57.6484,-1.347
-0.7575,-0.839,-0.6311,0.0349,-0.8474,14.4868,10.9127,3.5741
-1.0597,-0.9234,0.2789,0.2139,0.4271,36.6029,30.1142,6.4887
-0.4988,-0.4262,-0.1564,-0.7289,0.4271,31.8663,31.8118,0.0545
-1.224,-0.2948,-0.3174,0.6323,-0.8474,19.0441,18.6013,0.4428
-0.0734,-0.2808,-0.1685,0.6325,0.4271,54.2986,47.3747,6.9239
1.015,0.9532,0.1373,-0.1002,0.4271,77.0002,70.171,6.8292
-1.2714,-1.2454,-0.7246,-0.4707,-2.3842,-24.2673,-21.6542,-2.6131
-1.395,-0.6929,-0.2106,-0.243,-2.3842,-23.1829,-11.228,-11.9549
-0.676,-0.3888,0.0365,-0.0691,0.4271,34.2418,36.4039,-2.1621
0.5502,0.4205,-0.5882,-0.247,0.4271,34.6646,52.5991,-17.9345
0.5268,1.6705,0.5164,0.4544,0.4271,81.1687,79.7774,1.3913
-0.1796,-0.0194,0.2977,-0.2861,0.4271,42.1281,46.3773,-4.2492
-0.5041,0.5375,-0.9575,-0.8721,0.4271,49.2304,35.4313,13.7991
-1.0001,0.0227,0.2745,-0.0392,0.4271,45.0906,39.5977,5.4929
-0.1548,0.2425,-0.307,-0.2595,0.4271,27.3469,45.1207,-17.7738
-0.4534,-0.8537,0.4462,-0.072,0.4271,34.9557,36.6922,-1.7365
0.353,-0.4812,0.3589,0.2527,0.4271,52.1263,51.1069,1.0195
-0.3733,-0.1962,-0.0959,0.3505,0.4271,52.8198,43.7106,9.1092
0.043,0.0393,-0.1081,0.4249,0.4271,53.5087,51.2427,2.266
-0.1061,-0.8976,0.0821,-0.3315,-2.3842,-2.1237,1.916,-4.0396
1.4851,1.1977,0.4916,0.7638,0.4271,88.8529,86.688,2.1649
0.3833,0.6946,0.8673,-0.305,0.4271,61.2866,64.6871,-3.4005
0.6601,0.8903,-0.5201,0.011,0.4271,59.9987,61.3768,-1.3781
0.1582,-1.1535,0.1832,-0.4158,0.4271,30.4067,35.4616,-5.0549
1.1882,0.4566,-0.1381,-1.0251,0.4271,63.433,57.8945,5.5384
-1.583,-0.0087,0.1656,-0.2074,0.4271,26.6877,30.9933,-4.3056
-1.3449,-0.9901,-0.2902,-0.0917,-2.3842,-18.7485,-13.5941,-5.1544
0.0584,0.4796,1.0835,0.1552,-0.8474,54.5631,48.5104,6.0527
0.4151,-0.9405,-0.0024,-0.4707,0.4271,37.9126,38.7995,-0.8869
-0.3172,-0.4554,1.0835,0.3784,0.4271,51.5884,50.6655,0.923
-0.3801,-0.3176,0.4095,0.2937,0.4271,51.1863,45.7668,5.4195
-0.8989,-0.6996,0.1385,-0.1696,0.4271,36.0448,30.6062,5.4385
-1.5095,-0.4692,-0.6596,0.0411,-0.8474,4.1287,6.8397,-2.711
1.4223,1.441,0.9337,-0.609,0.4271,78.9838,82.6102,-3.6264
-1.5979,-1.4753,-1.0304,-0.1819,-2.3842,-31.9449,-28.0816,-3.8632
-0.4536,-1.4522,-1.0971,-0.9796,-0.8474,-5.6064,-3.362,-2.2445
1.26,1.1003,0.6237,0.1727,0.4271,82.8744,80.0889,2.7856
-1.1866,-0.4382,0.6437,-0.2268,-0.8474,16.2345,18.8121,-2.5775
-1.2132,-0.5711,0.4742,-0.837,-2.3842,-15.2502,-6.7712,-8.479
0.809,0.3861,-1.071,-0.0629,0.4271,47.8732,52.5506,-4.6774
0.369,-0.4252,0.4919,-0.1393,0.4271,53.1137,50.2074,2.9062
0.9057,1.5129,-0.0664,0.4471,0.4271,70.3925,77.531,-7.1385
-0.3828,-0.7156,-0.3256,0.2611,0.4271,43.6474,35.3809,8.2665
-1.0759,-0.82,0.2842,0.0776,0.4271,30.0586,30.1954,-0.1368
1.0667,1.0485,0.8338,-0.1561,0.4271,79.5254,76.7665,2.7589
-0.5233,0.0483,0.4149,-0.4289,0.4271,49.1999,43.3656,5.8343
0.0555,-0.3697,0.3995,-0.1593,-0.8474,30.2712,31.4803,-1.2091
0.2026,-0.2677,0.0284,0.5034,0.4271,55.8709,51.096,4.7748
-0.3106,0.8503,0.5919,-0.1903,0.4271,59.3451,57.6832,1.6619
0.6634,-0.8433,0.1683,-0.8028,0.4271,37.0312,41.557,-4.5258
-0.118,0.9234,-0.9471,0.4079,0.4271,49.3981,52.8859,-3.4878
-0.9036,-1.1168,0.0794,-1.1097,0.4271,19.0853,18.8763,0.209
-0.5742,0.848,-1.303,-0.1995,0.4271,35.6353,40.1909,-4.5556
-0.89,-0.2059,0.2059,-0.1061,0.4271,46.1472,37.2138,8.9334
-0.3457,0.2281,-0.1699,0.1126,0.4271,55.662,46.5533,9.1088
-1.4608,-1.3211,0.3826,-0.4091,-2.3842,-12.8206,-15.5881,2.7675
-0.7619,-0.2724,-0.7907,0.3965,0.4271,33.5533,33.665,-0.1117
1.4958,0.8695,0.4088,1.4224,0.4271,89.2514,87.0527,2.1987
-0.9314,-0.6615,-0.0472,-0.6822,-2.3842,-0.3897,-7.7033,7.3135
1.2657,1.6694,-0.4184,0.8676,0.4271,75.071,83.3628,-8.2917
0.7903,0.202,-0.7085,0.7708,0.4271,71.1786,58.8624,12.3162
0.5957,0.3215,-0.0987,0.0199,0.4271,49.9413,57.5949,-7.6535
-0.4785,-0.7382,0.0833,0.1278,-2.3842,-0.0498,2.9205,-2.9703
0.3461,0.5606,0.6531,0.3494,0.4271,68.2928,65.6845,2.6082
-1.6237,-0.6519,0.1675,-0.0287,0.4271,22.5035,24.5804,-2.0769
-0.1315,-0.337,-0.6451,-0.0398,-0.8474,19.2886,22.6383,-3.3498
-0.1734,-1.1269,-0.4783,-0.2188,0.4271,21.8594,28.488,-6.6286
-1.5735,-1.447,-0.9619,-0.7328,0.4271,3.8689,2.5949,1.274
-0.5282,-1.1031,-0.575,-0.4949,0.4271,21.0649,22.291,-1.2261
-0.2226,-0.3486,0.5197,0.3678,0.4271,40.7633,48.4677,-7.7044
0.8431,0.3356,0.7861,-0.9281,0.4271,57.4922,60.6211,-3.129
0.2182,-0.6628,0.3426,-0.1132,0.4271,34.4051,44.9511,-10.546
-1.0117,-1.6587,-2.8429,-0.086,-0.8474,-17.7893,-18.8833,1.094
-0.7396,-0.6505,-0.2335,-0.0549,0.4271,31.5516,30.8014,0.7502
-0.654,-0.1564,-0.9318,-0.0239,0.4271,42.247,32.1167,10.1303
-0.0747,0.5179,-1.0754,-0.2311,0.4271,39.4874,43.3627,-3.8752
0.4799,0.3598,-0.1883,0.0954,0.4271,63.4223,56.619,6.8034
-1.2806,-0.6733,0.1773,-0.4703,0.4271,32.807,25.0225,7.7844
-1.5581,-0.2524,-0.2639,-0.0834,0.4271,34.078,26.0765,8.0015
0.0451,0.4735,0.2235,-0.1298,0.4271,51.1144,54.8426,-3.7282
-0.1984,-0.9174,-1.0283,-0.1957,-2.3842,-12.4541,-6.8939,-5.5602
-0.2952,-0.2853,0.1921,-0.0127,0.4271,38.7059,43.2364,-4.5305
0.5126,-0.4959,-0.2249,-0.7145,-0.8474,19.0887,26.2956,-7.2069
-0.393,0.0299,0.5016,0.3522,0.4271,53.1347,50.6513,2.4834
0.4742,0.4118,0.0743,-0.2921,0.4271,42.1798,56.4708,-14.2911
0.931,0.7853,-1.0724,0.118,0.4271,66.0373,59.592,6.4452
-0.6196,-0.022,-0.1323,0.3664,0.4271,46.146,42.8606,3.2854
1.4893,0.5191,0.1105,0.7206,0.4271,76.6276,75.8704,0.7571
0.2459,0.4171,-0.9997,0.0438,0.4271,49.7528,48.1567,1.5961
0.8956,-0.185,0.0245,0.0734,0.4271,46.4402,56.4316,-9.9915
0.5356,0.3571,0.56,0.048,0.4271,65.9836,62.6139,3.3697
-0.3429,-0.5069,-0.0106,-0.9072,0.4271,38.0071,32.4566,5.5505
-0.2619,-0.1717,-0.1155,0.091,0.4271,40.5739,43.2253,-2.6514
0.0051,0.8366,1.0835,-0.4561,0.4271,61.1005,62.8467,-1.7462
0.6985,0.9798,0.5354,0.829,0.4271,72.0361,76.6004,-4.5643
0.9836,0.6972,-0.4561,0.0897,0.4271,58.3456,63.7116,-5.366
-0.0041,0.8777,0.4403,-0.8944,0.4271,58.9383,55.214,3.7244
-0.077,-0.743,0.7672,-0.9538,-0.8474,15.0633,23.1697,-8.1064
-0.5243,-0.467,-1.9169,0.118,0.4271,20.5106,23.4223,-2.9117
-1.4871,-0.3249,-0.1396,1.1019,-2.3842,4.2013,1.8187,2.3827
-0.6908,-0.4339,0.7393,-0.3735,0.4271,39.6179,39.029,0.5889
0.4043,0.9038,0.3042,0.09,0.4271,61.7485,65.6791,-3.9306
0.8496,0.7541,0.0813,0.467,0.4271,74.8202,69.6714,5.1488
-0.6474,-0.091,-0.8364,-0.0584,0.4271,30.9247,33.4177,-2.493
-0.1266,0.3803,-0.7693,0.3855,0.4271,46.1105,47.8991,-1.7887
-1.2902,-1.1334,-0.0756,-0.6067,0.4271,13.5508,16.8516,-3.3008
-1.1061,-0.0857,0.4719,0.5432,0.4271,46.8733,42.809,4.0643
-1.4264,-1.7223,-0.0737,0.2173,-2.3842,-17.2828,-18.8876,1.6048
-0.8126,0.56,0.4711,0.081,0.4271,45.1997,49.9975,-4.7978
1.5537,0.1209,0.3795,0.7206,0.4271,73.9674,74.1523,-0.1849
-0.5941,0.7467,-1.2931,0.4741,-0.8474,28.4138,28.4553,-0.0415
0.3087,-1.5488,0.2464,0.322,-1.1097,19.4224,19.9851,-0.5627
0.4657,-0.4858,0.0885,0.3609,0.4271,56.38,50.9345,5.4455
-0.4807,-0.3698,0.0683,-0.1611,0.4271,33.694,38.3158,-4.6218
-0.5364,-0.1063,0.1645,-0.2207,0.4271,44.6828,41.0077,3.6751
-0.7065,-1.0475,0.1373,0.3051,-1.1097,9.6833,13.7894,-4.1061
0.3179,0.8367,-0.4912,-0.4974,0.4271,47.3315,53.7959,-6.4644
-0.2184,-0.1272,0.2831,0.5179,0.4271,54.7841,50.2263,4.5578
-1.2887,-0.9642,-0.3387,0.0064,-2.3842,-24.8102,-12.3908,-12.4194
1.5366,0.8921,0.7669,-0.074,0.4271,79.0485,80.0986,-1.0501
0.169,0.1423,-0.3654,0.3399,0.4271,47.7298,51.1803,-3.4505
0.1957,0.3503,0.1291,0.4371,0.4271,62.9608,58.2843,4.6764
0.1834,0.5839,0.7474,0.4798,0.4271,63.4491,65.8342,-2.3851
-0.4342,-0.886,0.4796,-0.0292,0.4271,33.1097,37.0895,-3.9799
-0.6272,0.3103,-0.163,0.2139,0.4271,48.9463,45.2197,3.7266
-1.6055,-1.5874,0.6375,0.1249,-2.3842,-18.8779,-14.4593,-4.4186
1.1701,0.4402,0.6831,0.5345,0.4271,78.7816,74.6754,4.1062
0.1554,0.157,-1.8756,0.3731,0.4271,39.2995,39.8125,-0.513
-1.4434,-0.7741,-0.4493,-0.6562,-0.8474,2.1787,0.8891,1.2897
0.0228,-0.2045,0.4049,-0.8796,0.4271,47.4207,43.1638,4.2569
-0.3363,-0.4319,-0.0493,-0.1526,0.4271,45.4397,38.3182,7.1215
0.8618,-0.5601,-0.0292,0.4665,0.4271,49.8406,54.1708,-4.3303
-0.2017,0.3428,0.5784,0.3959,0.4271,55.3124,57.1128,-1.8005
1.1126,-0.1137,0.3203,0.2073,0.4271,65.5999,62.7651,2.8348
0.7591,1.2939,-0.3993,0.3377,0.4271,71.0933,70.1755,0.9178
-0.5779,0.0244,-0.066,-0.8248,0.4271,37.9666,36.0594,1.9072
0.2767,0.7444,0.3182,0.4861,0.4271,66.3661,65.3804,0.9857
0.5098,0.1554,0.1268,0.4597,-0.8474,49.3795,44.4575,4.922
-0.4203,-0.2887,-0.5005,0.9344,-0.8474,27.944,27.9723,-0.0283
-0.2709,0.4827,-0.1239,0.0651,0.4271,48.1435,50.2429,-2.0994
-0.1802,0.3767,0.0451,0.8421,0.4271,50.7636,56.7237,-5.9601
-0.063,-0.0402,-0.7127,-0.2873,-2.3842,-6.0015,6.2117,-12.2132
-0.101,-0.4813,-0.2728,-0.063,-0.8474,27.9623,24.046,3.9162
0.669,1.7328,0.0079,0.5487,0.4271,75.608,78.7442,-3.1362
1.4608,0.8793,0.0262,0.1411,0.4271,70.8437,74.9385,-4.0948
-0.3029,-0.4546,-0.0918,-0.0145,0.4271,32.7743,39.0542,-6.2798
-0.4937,1.4774,0.9675,-0.6354,0.4271,60.0133,62.5691,-2.5557
-0.8117,-0.5394,-0.7666,-0.2732,0.4271,24.1737,25.6593,-1.4856
0.3363,0.1413,-0.2772,0.0524,0.4271,56.2884,51.6415,4.6469
0.7677,-0.2855,0.4483,-0.0098,-0.8474,42.9778,41.4717,1.5061
-0.0781,0.1107,-0.303,0.1172,0.4271,47.666,47.1105,0.5555
-0.3397,-0.8313,0.7346,-0.145,0.4271,33.3724,39.8743,-6.5019
-1.5275,-1.1487,0.4364,-0.0618,-2.3842,-11.3094,-11.5368,0.2274
0.2927,1.3421,0.613,0.1402,0.4271,73.2043,72.1368,1.0676
0.7131,-0.0037,0.5392,0.1759,0.4271,62.2793,61.1883,1.091
-0.7516,-0.3505,-1.2521,-0.2827,0.4271,25.4053,24.6261,0.7792
1.3607,0.2673,-0.2951,0.9118,0.4271,55.1677,69.8697,-14.702
-0.362,-0.0216,0.2269,0.2661,0.4271,54.7111,47.6917,7.0194
-0.4137,-0.8387,-0.9164,-0.0898,0.4271,23.0255,26.6799,-3.6544
1.7927,0.9293,0.2458,0.7148,0.4271,82.112,84.7343,-2.6223
-1.5335,-0.9134,-0.5752,-0.2042,0.4271,14.6512,15.6723,-1.0211
-0.2403,-0.6803,-0.7706,1.0203,0.4271,38.41,39.1568,-0.7468
-0.6998,-0.5325,-0.3111,-0.0468,0.4271,37.5989,32.0145,5.5844
0.9048,-0.3652,0.1241,0.1778,0.4271,69.2871,55.9949,13.2922
-1.4413,-0.5567,-0.2867,-0.3668,-0.8474,-0.3791,6.619,-6.9981
0.8655,0.7935,0.157,0.2853,0.4271,64.2658,69.6048,-5.339
0.7493,1.2865,0.4928,-0.0551,0.4271,76.8752,74.1216,2.7537
0.9356,0.2586,0.8838,-0.4838,0.4271,56.9921,64.5866,-7.5944
0.1409,-0.2377,-1.0686,-0.189,-2.3842,9.8538,4.1209,5.7329
0.2601,-0.124,0.056,0.0843,0.4271,50.828,50.6266,0.2014
-0.6549,0.4384,0.705,0.2168,0.4271,66.8824,53.0625,13.8198
0.3294,0.6802,-0.2266,0.2235,0.4271,65.0956,59.2067,5.8889
0.9284,-0.5366,0.4746,-0.4821,0.4271,56.4498,52.4314,4.0184
-0.7844,-0.3505,0.3925,1.0027,0.4271,42.9722,45.8617,-2.8895
-0.7993,0.568,0.8137,-0.0871,0.4271,55.1095,51.6968,3.4126
-1.0924,-0.4287,0.0789,-0.0089,0.4271,27.8783,32.2394,-4.3611
1.2128,1.0538,-0.3551,0.7833,0.4271,68.154,75.7745,-7.6205
-0.4097,0.0396,0.3207,-0.5086,-0.8474,19.2708,28.065,-8.7942
0.5366,-0.3062,-0.6292,0.0021,0.4271,34.3313,45.6982,-11.3669
-1.3276,-0.9617,-0.2373,-0.1167,-2.3842,-12.5714,-12.8553,0.2838
0.0099,-0.1668,-0.6342,0.0461,0.4271,46.0128,41.8903,4.1225
0.1712,-0.1844,-0.7891,-0.2924,0.4271,39.8716,39.8754,-0.0038
-0.5752,-0.3552,-0.4691,0.2849,-1.1097,19.03,18.1747,0.8552
0.8561,0.4071,-0.2942,0.4883,0.4271,59.5374,63.0993,-3.5619
-0.0296,-0.008,-1.354,0.1419,0.4271,33.0471,38.3812,-5.3341
1.3167,1.512,0.4652,-0.2282,0.4271,80.0714,81.3188,-1.2474
-1.6194,-0.1548,-0.7645,-0.1275,0.4271,24.0425,22.3598,1.6827
-1.573,-0.6323,-0.04,-0.6889,0.4271,8.6508,19.1591,-10.5083
-0.6,-0.7048,-0.1485,-0.6957,0.4271,29.8956,27.886,2.0096
0.1543,0.3353,0.1299,0.3729,0.4271,72.1688,57.233,14.9358
1.5263,1.033,0.3417,0.6489,0.4271,90.0348,83.3261,6.7087
0.0797,0.2105,0.2473,-0.7203,-0.8474,38.831,33.1937,5.6373
0.8769,0.1654,0.3153,-0.0124,-2.3842,29.0033,28.4134,0.5899
-0.2432,0.5701,-0.2027,0.5187,0.4271,56.006,54.0697,1.9363
-0.8344,-1.0447,-1.9389,-0.1909,-2.3842,-17.4431,-22.1119,4.6689
-0.5663,0.2432,-0.7203,-0.6991,0.4271,25.4181,34.4851,-9.067
0.0487,-0.1874,1.0557,0.3576,0.4271,67.7556,57.2394,10.5161
-0.2267,0.5431,-0.1429,0.1766,0.4271,52.0168,52.0245,-0.0077
-0.9489,0.2182,0.2782,-0.018,0.4271,34.6002,42.5199,-7.9198
0.0216,0.4669,0.9817,-0.1797,0.4271,64.5955,60.0024,4.5931
-0.204,-0.2335,0.508,-0.5578,0.4271,51.2561,43.4374,7.8187
1.0754,-0.5813,-0.1536,0.1436,0.4271,56.9372,53.0199,3.9173
0.2619,0.2024,0.6701,0.1255,0.4271,66.4755,59.327,7.1485
0.06,-0.3947,0.0909,0.161,0.4271,44.8531,46.2407,-1.3876
1.0552,0.777,0.9034,0.1526,0.4271,71.4445,76.2715,-4.8269
-0.0027,0.9758,0.1829,0.4729,0.4271,52.4098,63.8557,-11.4459
1.2056,0.5793,0.6411,-0.4619,0.4271,70.78,69.3698,1.4102
-0.0428,-0.4939,0.4543,0.2601,0.4271,50.9837,47.5085,3.4752
-0.8447,-0.3984,-0.5628,-0.5777,-2.3842,-4.2968,-7.056,2.7592
-0.6146,-1.1798,0.6019,0.5914,0.4271,38.2563,37.1074,1.149
-1.268,-0.768,-0.2683,-0.2723,-2.3842,-7.2255,-11.3596,4.1341
0.279,0.6046,0.0927,0.8429,0.4271,66.7086,64.5781,2.1305
-0.8345,0.0439,-1.2041,-0.632,0.4271,27.117,26.1137,1.0033
-0.3649,-0.7246,0.0263,0.1306,0.4271,30.7651,37.2698,-6.5048
-1.371,-1.2473,-0.5324,0.0851,-2.3842,-22.3508,-17.3987,-4.9521
-1.2676,-0.8814,-0.0151,-0.2588,-2.3842,-10.9019,-10.5885,-0.3134
-1.2467,-0.2136,-0.6683,0.0837,-0.8474,10.1349,12.7587,-2.6238
0.2631,-0.5734,-0.1329,0.5208,0.4271,43.2026,47.187,-3.9844
-0.8422,0.3565,0.836,0.0784,-0.8474,35.372,35.0388,0.3332
-0.222,0.3815,0.3265,0.0991,0.4271,58.6547,53.3306,5.3241
0.7829,0.7433,0.6185,-0.6706,0.4271,64.8283,65.0615,-0.2332
0.9293,0.6019,1.0008,-0.3071,0.4271,75.7548,70.5073,5.2476
-0.3998,-1.2666,-0.5221,-1.0467,-0.8474,-5.0115,3.259,-8.2705
-1.2243,-1.0486,-0.3406,-0.5017,-2.3842,-18.1683,-16.197,-1.9713
-0.2944,0.6143,0.228,-0.2671,0.4271,55.0665,51.8695,3.197
1.0587,0.9799,0.3436,0.2888,0.4271,65.876,75.2308,-9.3548
-0.6037,-0.3525,-0.5182,0.2947,-0.8474,15.9487,20.7076,-4.7589
-1.2759,-1.2,0.0665,-1.2552,0.4271,10.4971,12.8419,-2.3447
0.8785,2.554,0.8244,0.1005,0.4271,86.2322,93.3905,-7.1583
-0.3923,-0.3915,0.4482,0.5391,0.4271,47.4565,46.8075,0.6489
1.1418,0.3647,-0.7619,0.9209,0.4271,71.6186,65.0914,6.5272
-1.3629,-1.0009,-0.2921,0.1382,-2.3842,-15.2547,-12.3236,-2.931
1.2275,0.5979,0.5903,0.1083,0.4271,73.4558,73.387,0.0688
0.8446,-0.3209,0.1257,0.4829,0.4271,54.5003,57.9826,-3.4822
0.5613,0.4671,0.4331,-0.018,0.4271,63.4347,62.6912,0.7435
-1.3002,-0.5897,-1.0213,-0.5659,0.4271,8.6075,15.8663,-7.2588
-1.4704,-1.3452,-0.5448,-0.5564,-2.3842,-22.6754,-24.1205,1.4452
0.2679,0.8421,0.269,0.2424,0.4271,65.7549,64.3122,1.4428
-1.1682,0.025,-0.4871,-0.793,-2.3842,-0.9925,-6.6762,5.6836
-0.1691,1.1523,0.6138,0.4158,0.4271,73.7214,66.975,6.7464
-1.7136,-1.0486,-0.008,-0.7828,-2.3842,-14.7338,-20.8344,6.1006
0.6063,0.2434,-0.9436,0.5072,0.4271,46.7474,53.7165,-6.9692
-1.303,-0.856,0.4866,-1.01,0.4271,19.6038,21.3566,-1.7528
0.5248,0.3335,0.1096,-0.0825,0.4271,62.2009,57.8612,4.3397
-0.7498,-0.18,0.6472,-0.3383,0.4271,44.536,40.7892,3.7468
-0.0743,-1.1022,-0.992,-0.6209,-0.8474,4.3748,7.9393,-3.5645
1.2883,-0.3199,0.6095,0.5129,0.4271,68.8823,66.6779,2.2044
0.2112,-0.1383,0.3568,0.5963,0.4271,62.3761,55.8161,6.56
-0.4967,0.0698,0.5163,-0.7715,0.4271,41.1873,42.2903,-1.1031
0.2437,0.2409,0.1981,0.0205,0.4271,59.1753,55.2039,3.9714
0.8147,1.4177,-0.0885,-0.0552,0.4271,67.2229,71.8239,-4.601
0.5514,1.1062,0.3864,0.2108,0.4271,72.4921,71.0016,1.4905
-1.4863,-1.4838,-2.0268,0.3335,0.4271,-0.5096,2.3344,-2.844
-1.56,-1.0373,-0.8016,-0.3283,-2.3842,-15.8997,-22.0086,6.1089
0.9966,0.5554,1.0367,0.1658,0.4271,75.1823,74.2693,0.9131
1.243,0.6157,0.5249,0.9056,0.4271,75.021,78.7926,-3.7717
1.5453,0.3782,0.416,0.9288,0.4271,79.9944,78.684,1.3105
-0.5409,-1.3962,-0.1336,0.0456,-2.3842,-13.2152,-7.3868,-5.8284
0.6601,0.7515,-0.1773,0.7341,0.4271,73.5785,67.4791,6.0994
0.0367,-1.1151,0.2377,0.1312,-2.3842,4.107,5.4134,-1.3064
0.8142,-0.2578,-0.1014,-0.5981,-2.3842,16.2848,15.7053,0.5795
-0.8165,-1.1331,-0.209,-0.0977,-0.8474,6.0681,9.3013,-3.2333
-0.6415,-1.4115,0.1123,-0.347,-1.1097,7.7333,5.667,2.0664
0.1841,0.328,0.1638,-0.1342,0.4271,51.5767,54.2055,-2.6288
-1.4328,-1.4371,-0.4852,0.2201,-0.8474,-12.8387,-0.6357,-12.2029
-0.5039,-1.04,-0.3606,-0.9617,0.4271,26.6681,21.665,5.003
-0.4355,0.6493,0.2706,-0.2711,0.4271,53.7141,51.0504,2.6636
-1.2718,-1.1551,-0.3882,-0.8476,-2.3842,-26.644,-20.6747,-5.9694
0.2737,0.4087,0.0749,-0.6259,0.4271,50.7435,51.9717,-1.2281
0.4804,-0.6497,-1.0689,-0.2192,0.4271,41.598,36.3122,5.2858
0.6642,1.2341,-0.065,0.4044,0.4271,70.2123,71.5219,-1.3097
0.8641,0.3653,-0.4025,-0.0591,0.4271,69.9769,58.0774,11.8995
1.4533,0.9483,0.5948,0.2674,0.4271,73.6935,80.8856,-7.1922
2.0071,0.954,1.0074,1.4283,0.4271,96.7428,98.1278,-1.385
-1.1919,-0.6428,-0.2652,-0.3911,0.4271,14.6461,23.4608,-8.8147
-0.5813,-1.1111,-0.324,-0.0232,-2.3842,-11.0216,-6.5564,-4.4652
-0.1293,2.134,-0.6624,0.211,0.4271,62.0964,67.1992,-5.1028
0.391,-0.7843,0.2711,0.1702,-0.8474,23.3807,31.715,-8.3344
-0.4786,-0.6149,-0.5079,-0.6353,-1.1097,-3.4491,9.5939,-13.043
-0.387,0.1243,-0.9823,0.0137,-0.8474,29.839,22.8662,6.9728
0.4731,0.4621,-1.0169,0.0729,0.4271,41.9816,51.1671,-9.1856
-1.5122,-1.3356,-0.6922,-0.5403,-0.8474,-6.424,-7.2241,0.8
0.8634,-0.1333,-0.0497,0.1361,0.4271,47.1387,56.5339,-9.3952
0.6411,0.5559,-0.1211,1.0069,0.4271,65.2913,67.4058,-2.1145
-0.5146,0.3536,-0.466,0.3841,0.4271,45.7903,45.7648,0.0255
0.3408,-0.3644,0.1783,-0.4425,0.4271,40.3246,46.068,-5.7434
-1.5085,-1.3779,-0.8434,-0.0185,-0.8474,-7.5585,-5.1963,-2.3622
-1.2172,-0.7038,1.0835,-0.2334,-2.3842,-4.6946,0.5768,-5.2714
0.8701,0.0707,0.7443,-0.9178,0.4271,61.4249,57.6822,3.7426
-0.1571,-0.2828,0.8151,-0.6233,0.4271,50.7648,45.2936,5.4712
0.1453,0.3394,0.2586,0.2462,0.4271,53.4438,57.2926,-3.8488
0.3315,-0.1778,0.7295,-0.6277,-2.3842,24.0253,17.6209,6.4045
-0.6751,-0.3021,0.7446,-0.4076,-2.3842,6.6027,7.0841,-0.4815
-0.2186,0.7623,-0.4809,-0.6265,0.4271,41.8758,46.3928,-4.517
0.5313,0.327,0.3652,0.9115,0.4271,83.2701,66.733,16.537
0.9026,0.8292,0.3583,0.2901,0.4271,77.0417,71.9861,5.0556
1.0291,-0.3053,0.514,0.194,0.4271,56.5104,61.1136,-4.6032
0.0255,-0.1738,0.7636,-0.0791,0.4271,46.5945,51.8618,-5.2673
0.4752,1.0059,0.6065,0.0787,0.4271,65.5509,69.8341,-4.2833
-0.621,-0.014,-0.8015,0.4589,0.4271,35.4845,38.4303,-2.9458
-0.1048,-0.6559,0.4093,-0.1744,0.4271,46.0724,41.6564,4.416
1.1341,0.5123,0.5703,0.4441,0.4271,65.7192,73.6033,-7.8841
0.8928,1.2086,0.491,0.1989,0.4271,70.1742,76.5335,-6.3593
1.5325,0.8773,0.4819,0.9344,0.4271,85.5781,84.704,0.8741
0.0418,-0.2143,-0.2574,0.0337,0.4271,42.8358,44.5094,-1.6736
0.5509,0.6228,0.4037,0.4322,0.4271,61.8783,67.2329,-5.3547
1.6982,1.6401,0.5177,0.7548,0.4271,84.6106,94.0846,-9.474
-0.6599,-0.6435,0.6304,0.4141,-2.3842,10.7724,8.2415,2.5308
1.0616,0.7702,-0.193,0.1612,0.4271,68.3977,67.8879,0.5098
-1.0938,-0.1181,0.504,-0.3488,0.4271,26.7978,36.6243,-9.8265
-0.8641,-1.2902,-1.2752,-0.843,0.4271,8.805,8.7827,0.0224
0.7938,0.3041,1.029,-0.7198,0.4271,59.7782,63.0555,-3.2773
-0.0152,-0.2881,-0.0515,0.2431,0.4271,43.5098,46.1085,-2.5986
1.1653,1.9343,0.5469,0.7683,0.4271,86.2442,92.0015,-5.7573
-1.242,-1.6308,-0.7335,-1.0585,-0.8474,-18.0934,-11.5689,-6.5245
-0.323,-0.2574,-0.0035,0.0007,0.4271,48.4588,41.8401,6.6186
-0.2403,-0.7361,-1.5997,0.2091,0.4271,23.6324,26.513,-2.8806
0.0996,-0.2875,0.5574,-0.5958,0.4271,38.5845,46.1993,-7.6148
-0.1316,-0.0419,0.4319,0.1688,0.4271,41.4982,50.8328,-9.3346
0.2682,0.1328,0.2658,-0.1505,0.4271,51.1912,53.5836,-2.3924
-1.0397,-0.8239,-0.0686,-0.2923,-2.3842,-7.3757,-8.1453,0.7695
0.535,1.3099,-0.41,-0.338,0.4271,59.282,63.1766,-3.8945
-0.5449,-0.6934,-0.2228,-0.3494,0.4271,23.1748,30.4412,-7.2664
0.3382,-0.2252,-0.3824,0.9338,0.4271,51.5996,52.8587,-1.2591
0.7819,0.3337,0.523,0.0534,0.4271,63.4966,64.7429,-1.2463
-0.4535,-0.9243,-0.3148,-0.2228,0.4271,26.7699,28.9964,-2.2265
-0.3748,-0.8303,0.2366,-0.2493,0.4271,38.6478,34.9527,3.6951
-0.1436,-0.6017,-0.1558,-0.992,0.4271,26.9314,31.82,-4.8886
0.413,0.3699,0.3464,0.2833,0.4271,60.2003,61.4366,-1.2362
0.866,-0.411,0.1778,-0.1032,-0.8474,37.5108,38.3845,-0.8738
-1.2388,-0.6491,0.7139,-0.0303,-2.3842,-0.5089,-0.4704,-0.0385
0.1844,0.7068,0.3899,-0.1068,0.4271,54.3452,60.3984,-6.0532
-1.6427,-1.213,0.0731,-0.7923,0.4271,12.1485,12.0339,0.1146
1.1039,0.8348,0.3316,0.7686,0.4271,71.0815,77.3263,-6.2448
-0.1677,0.1187,0.7694,0.0787,0.4271,46.0893,54.2226,-8.1333
-0.966,0.0607,0.4044,0.0411,-0.8474,24.2713,26.8068,-2.5355
0.5879,1.1117,-0.9028,0.3059,0.4271,60.7121,62.1989,-1.4868
-0.2736,-0.3847,-0.0578,-0.5508,0.4271,40.6367,36.6868,3.9498
0.5336,0.4139,-0.3041,0.3287,0.4271,55.2879,58.5335,-3.2456
0.8666,0.3968,0.3118,0.1468,0.4271,65.5252,65.3839,0.1413
1.0333,1.2639,0.5118,0.3787,0.4271,80.9853,80.0711,0.9142
0.5867,-0.2928,0.305,-0.051,0.4271,57.9983,53.2043,4.794
0.1898,-0.5814,0.7978,0.0876,0.4271,50.5498,50.4597,0.0901
0.0418,0.4769,0.876,0.0272,0.4271,62.1354,60.9572,1.1782
-1.5806,-0.7346,0.6501,0.0863,0.4271,36.6617,28.6247,8.037
-1.2283,-0.9025,0.1408,-0.7214,-2.3842,-9.0472,-12.4201,3.3729
0.274,-0.637,-0.3795,-0.2774,0.4271,36.1161,39.1434,-3.0273
-1.6338,-1.206,0.2082,-0.1338,-2.3842,-17.7745,-15.5758,-2.1987
-1.5252,-1.01,0.5857,-0.0285,0.4271,24.9081,24.8287,0.0795
0.9687,1.4454,-0.2912,-0.2402,0.4271,71.6592,70.9403,0.719
1.7947,0.5419,0.6661,0.6996,0.4271,79.4696,83.5279,-4.0583
-0.3422,0.7414,-1.005,0.1585,0.4271,54.8941,46.259,8.6351
-0.4776,-1.4334,0.2274,-0.0643,-2.3842,-7.0164,-5.1131,-1.9033
1.599,1.0343,0.2807,0.8291,0.4271,75.9191,84.9025,-8.9834
-0.063,0.5199,-0.3301,0.5828,0.4271,62.8836,54.9005,7.9831
0.1252,-0.9307,-0.5372,-0.0433,0.4271,32.436,34.6604,-2.2244
0.1595,-1.1306,0.2057,0.105,-2.3842,5.0497,6.1268,-1.0771
0.4205,0.3721,0.5642,1.462,0.4271,77.1998,71.4101,5.7897
0.4064,0.0926,-0.0256,-0.2496,0.4271,52.6515,51.6817,0.9698
-1.6505,-0.4217,-0.8884,-0.9028,-2.3842,-25.0149,-20.7161,-4.2987
1.429,-0.306,0.081,-0.0715,-1.1097,40.6182,41.9558,-1.3376
-0.3824,0.8646,-1.1802,-0.0682,0.4271,43.4986,44.2898,-0.7912
0.0198,0.4228,-1.9179,0.4613,0.4271,50.1008,41.6353,8.4655
0.0843,0.7318,-0.1648,0.7875,0.4271,56.0282,61.5556,-5.5274
1.3996,1.3476,0.3871,0.3472,0.4271,77.1836,83.7581,-6.5745
0.6363,0.739,0.5219,-0.1505,0.4271,66.275,66.3139,-0.0389
-1.2186,-1.172,-0.1396,-0.0429,-0.8474,4.0451,5.469,-1.4239
0.8867,-0.5844,0.5335,0.1317,0.4271,51.661,56.1664,-4.5054
-0.4684,0.5212,-0.9131,-0.8849,0.4271,33.0167,35.8854,-2.8688
-0.0434,0.6624,0.0896,0.2912,0.4271,51.805,57.9146,-6.1097
-1.079,-1.2305,0.1481,-0.3557,-2.3842,-16.7245,-11.9106,-4.8139
-0.5748,-0.5527,-1.8284,0.7994,0.4271,24.8113,27.3345,-2.5232
0.2974,0.3118,0.263,-0.9267,0.4271,43.2663,50.4922,-7.2259
-0.7166,-0.5673,0.0211,0.1486,0.4271,42.1047,35.3561,6.7486
0.8664,-0.1876,-0.542,0.5812,0.4271,57.3997,55.2613,2.1383
-0.066,0.6273,-0.384,-0.1124,0.4271,56.5377,50.8285,5.7091
-0.1926,0.3756,0.1044,0.3161,0.4271,58.5558,53.3784,5.1774
-0.4027,0.0077,-0.2399,-0.851,0.4271,47.8557,36.2287,11.627
-0.036,-0.1583,-1.6527,0.0491,0.4271,36.4541,33.6798,2.7743
1.0361,0.7838,0.6424,0.5257,0.4271,71.0308,76.7289,-5.6981
0.6424,0.576,0.2592,1.0422,0.4271,70.6885,70.8156,-0.1271
-1.1133,-0.0356,-0.725,-0.2908,0.4271,31.2796,28.291,2.9886
-0.0272,-0.7977,-0.044,0.0204,0.4271,37.0642,38.7595,-1.6952
1.1499,0.514,0.8196,0.4473,0.4271,67.707,75.7331,-8.0261
0.6647,0.3803,0.4346,0.5065,0.4271,64.6119,66.4793,-1.8674
0.9142,0.5301,0.4854,-0.363,0.4271,58.2972,65.185,-6.8879
-0.6368,-0.7039,1.0007,-0.2439,-0.8474,18.8093,24.3416,-5.5322
1.0092,1.2338,-0.2699,0.1409,0.4271,69.9014,71.8069,-1.9055
0.6626,0.9661,0.6388,-0.3476,0.4271,66.5293,68.6785,-2.1492
0.0607,0.0183,-0.0387,-0.2381,0.4271,44.43,47.1213,-2.6913
-0.5563,-0.4158,-0.0874,-0.4989,-2.3842,-3.5728,0.0439,-3.6167
1.0167,0.1123,-0.5143,-0.1172,0.4271,57.8549,55.6023,2.2527
0.6426,0.765,0.411,0.1314,0.4271,57.6131,67.7806,-10.1676
-0.2865,-1.1801,-0.0701,-0.8343,-2.3842,0.848,-7.8586,8.7066
1.1601,0.8382,0.0149,0.725,0.4271,80.5799,75.2266,5.3533
0.8718,1.0664,0.5323,-0.1331,0.4271,72.1243,72.7206,-0.5963
-0.7336,-0.1118,-2.296,-0.4715,0.4271,23.4188,18.16,5.2588
0.162,0.8684,0.0324,0.3167,0.4271,68.0181,62.1686,5.8495
0.8592,1.51,-0.002,0.0697,0.4271,80.5038,74.872,5.6319
-1.2283,-1.2276,0.3243,-0.2331,-0.8474,5.4711,6.987,-1.5159
-0.9796,-1.133,0.7886,0.1117,-2.3842,-1.6071,-1.5738,-0.0333
0.6436,-0.3051,-0.0723,-0.1335,0.4271,40.6121,50.1988,-9.5867
-0.0152,0.8762,0.7354,0.2593,0.4271,65.8064,65.3673,0.4391
0.2025,0.5585,0.14,0.0191,0.4271,62.8834,57.8777,5.0057
-0.2529,-0.6727,-0.2333,-0.0956,-2.3842,0.2402,2.0843,-1.8441
-1.5848,-0.6065,0.3755,-0.1534,0.4271,24.381,26.2417,-1.8607
0.9179,-0.2721,0.2602,0.2867,0.4271,57.3516,58.9883,-1.6367
-0.4043,0.6538,-0.4014,-0.6913,0.4271,39.9377,43.3448,-3.4071
-0.0546,-0.709,0.1885,-0.7278,-2.3842,3.6305,2.6526,0.9778
1.5646,0.948,0.485,0.8429,0.4271,78.1354,85.2312,-7.0959
1.6439,2.2037,-0.2926,1.0594,0.4271,84.0555,95.7231,-11.6676
0.2057,0.5756,-0.7671,0.1097,0.4271,54.1204,51.756,2.3644
0.2433,1.2351,-0.0713,-0.1442,0.4271,69.4152,63.1632,6.2521
0.229,0.7941,-0.7322,0.2888,0.4271,61.1222,55.9747,5.1476
-1.2908,-0.2935,0.0383,-0.7457,-2.3842,-7.9061,-7.1989,-0.7072
0.1922,0.4482,0.4463,-0.8023,0.4271,57.4018,53.1737,4.228
0.6923,-0.3376,0.5688,0.1737,0.4271,47.6965,57.4227,-9.7262
-0.8841,-1.1546,0.2741,-0.2085,0.4271,22.865,26.4217,-3.5567
-0.2901,-1.2872,0.0856,-0.5543,-0.8474,4.7924,12.3001,-7.5076
0.9363,0.3216,-0.0357,1.0751,0.4271,64.0292,69.0645,-5.0353
0.1399,0.1183,-0.5947,0.7204,-2.3842,15.7734,18.0801,-2.3067
0.331,0.1321,-0.1617,-0.9228,0.4271,51.581,45.5911,5.9899
-0.7971,-0.1848,-0.3671,0.0582,0.4271,41.1434,35.1817,5.9617
-0.406,0.0404,-0.4165,0.0726,0.4271,41.9575,41.6224,0.3352
1.0409,0.3261,0.227,0.7787,0.4271,77.014,70.1962,6.8178
1.5723,0.7942,0.5849,0.7193,0.4271,85.3282,83.4937,1.8345
-1.2984,-0.0194,-0.9095,0.2382,-2.3842,-8.7778,-4.6511,-4.1268
-0.992,0.152,-0.6569,-0.7886,-2.3842,-9.0261,-4.6354,-4.3907
0.6146,0.502,0.5935,-0.3833,0.4271,60.8009,62.3501,-1.5492
0.6237,0.6671,0.2784,-0.6126,0.4271,61.3219,60.2865,1.0354
1.2589,-0.6348,0.196,0.4738,0.4271,66.9815,59.3685,7.6131
-0.318,-0.2708,0.9565,0.1154,0.4271,47.8232,49.927,-2.1037
-0.417,-1.0139,0.5726,0.3496,-0.8474,22.8698,24.0441,-1.1743
-0.1267,-0.1975,0.2664,-0.9532,0.4271,42.24,40.0641,2.1759
0.7464,0.9097,-0.0979,-0.3894,0.4271,65.4758,62.9834,2.4923
-0.2187,0.3674,-0.6531,-0.5436,0.4271,33.5447,41.2028,-7.6581
0.4025,-0.6418,0.6726,0.0581,0.4271,54.3489,50.8926,3.4562
0.8998,0.7985,0.3134,0.302,0.4271,69.9431,71.3477,-1.4046
0.8163,0.7975,-0.1241,-0.2338,0.4271,63.1621,63.3523,-0.1902
0.5084,-0.4655,0.3058,-0.0833,0.4271,48.6748,50.2047,-1.5298
-0.7933,-0.2682,0.5457,-0.3447,-0.8474,25.2759,23.364,1.9119
-1.6771,-1.3336,-0.0217,-0.0844,0.4271,20.5998,14.4993,6.1005
0.4772,1.1197,0.6039,-0.2368,0.4271,60.6618,68.9216,-8.2598
0.7388,0.5515,0.1845,0.2618,0.4271,72.8503,65.5738,7.2765
0.9555,0.4977,0.5581,-0.1433,0.4271,66.5258,67.3482,-0.8224
-0.657,-0.8526,0.1147,0.4321,-0.8474,20.4607,20.3362,0.1244
0.5544,0.5751,-0.0554,0.3718,0.4271,66.2583,62.7824,3.4759
1.093,0.5163,0.2665,0.2998,0.4271,62.9289,69.8685,-6.9396
0.4162,1.0477,0.0328,0.5048,0.4271,74.4958,68.2193,6.2764
0.7088,-0.521,0.0077,-0.3284,0.4271,53.8425,47.7302,6.1123
0.0403,-1.3917,0.4579,-0.2183,0.4271,32.6266,35.0073,-2.3807
0.034,-0.3903,0.2793,-0.3286,-0.8474,23.4661,28.9175,-5.4514
0.872,0.6822,-1.2643,0.8622,0.4271,61.2925,61.4989,-0.2064
-1.3625,-0.9582,0.2366,-0.2177,0.4271,26.0506,23.153,2.8976
1.4566,0.361,1.0454,0.6823,0.4271,81.8526,80.6678,1.1848
-0.7121,-0.0396,0.0396,-0.5113,0.4271,38.5636,36.8953,1.6683
0.9846,-0.06,0.1653,0.9134,0.4271,61.4803,65.7123,-4.232
1.3397,1.247,0.2125,0.9383,0.4271,80.2653,84.7504,-4.4851
-0.0338,1.2869,-0.174,0.2391,0.4271,70.8748,62.6496,8.2251
0.9485,0.6808,0.3885,-0.3995,0.4271,67.6394,66.2481,1.3913
-0.5035,0.4111,0.2313,0.064,0.4271,53.7074,49.6708,4.0366
0.8574,1.1349,0.4166,0.3572,0.4271,73.537,75.8545,-2.3174
0.4279,0.1602,0.2266,0.1316,0.4271,70.3252,57.2618,13.0634
-1.2647,-1.1776,-0.4377,-0.4232,-2.3842,-17.3307,-18.2827,0.952
0.5407,0.0467,0.2778,-0.0438,0.4271,62.7046,56.3692,6.3354
-0.0042,1.2926,-1.2343,0.7435,0.4271,69.965,58.3802,11.5848
-0.174,-0.5115,0.7936,-0.4,0.4271,45.8674,43.9281,1.9393
0.5607,0.9917,-0.2834,0.392,0.4271,60.5254,65.9218,-5.3964
0.8818,0.5249,-0.1766,1.1429,0.4271,72.4938,70.1537,2.3401
0.6644,1.6892,0.4087,-0.1335,0.4271,79.325,76.5478,2.7772
-0.3482,0.6122,-0.3097,0.02,0.4271,59.8326,49.1278,10.7048
1.7338,1.5118,0.3433,0.8476,0.4271,85.0142,92.3264,-7.3122
-0.4606,0.5013,0.495,0.0829,0.4271,52.2848,53.3047,-1.02
-1.1144,-1.4307,-0.4535,-0.2214,-0.8474,-2.9791,0.0217,-3.0008
-1.4927,0.3306,-0.7001,-0.7037,0.4271,27.8116,25.6653,2.1462
0.6975,0.863,0.341,-0.4205,0.4271,62.0053,65.0956,-3.0903
0.5816,0.936,0.7309,0.6079,0.4271,76.1177,74.8225,1.2953
1.144,0.9315,0.1043,0.2886,0.4271,71.8455,73.7569,-1.9114
-0.369,-1.3315,-0.0222,0.1682,-0.8474,11.2812,15.1489,-3.8676
0.1144,-0.0523,0.7428,0.5977,0.4271,53.7551,58.7241,-4.969
-0.2531,0.4817,0.0308,-0.1702,0.4271,50.1521,49.9767,0.1754
0.2177,-0.7245,0.5613,0.0241,0.4271,42.5952,46.8902,-4.295
-0.5744,0.5599,0.2418,-0.6001,0.4271,43.6083,46.0485,-2.4402
-0.8827,0.071,-0.2831,0.2508,0.4271,51.0658,39.1249,11.9409
0.1097,-0.2293,-0.0727,0.7011,0.4271,52.8335,51.1277,1.7058
1.8049,0.8392,0.2302,0.9532,0.4271,78.0543,85.3888,-7.3345
-0.3591,1.8146,0.8316,0.3221,0.4271,77.7479,73.4123,4.3356
-0.944,-0.4891,0.3874,-0.8769,0.4271,26.2381,29.4889,-3.2509
-0.3022,-1.2208,0.3647,-0.3732,-1.1097,13.5953,13.2063,0.389
0.3653,0.6189,-0.8351,0.1437,0.4271,55.3819,53.6662,1.7157
1.1312,-0.9416,-0.2717,0.0503,-2.3842,7.4121,14.61,-7.1979
-0.5205,-0.3044,0.4367,-0.6425,0.4271,45.2294,38.112,7.1175
-1.666,-1.1986,0.2425,0.707,0.4271,23.0829,23.6703,-0.5874
-0.284,0.1794,0.2237,0.3457,0.4271,49.5497,51.3175,-1.7678
-1.2493,-0.1677,-0.0231,-0.3279,-2.3842,4.3733,-2.9089,7.2822
-0.2344,0.1521,-0.3579,0.4747,0.4271,40.6515,47.9638,-7.3123
-1.5676,-0.5447,0.0462,-0.9577,-2.3842,-18.4853,-14.4027,-4.0826
0.8946,1.5758,-0.2241,0.2952,0.4271,71.0609,75.8506,-4.7896
0.3957,0.4325,0.2721,0.3209,0.4271,65.2031,61.6448,3.5583
0.9719,-0.8521,0.609,-0.4734,-2.3842,12.8645,17.0451,-4.1806
-0.6298,0.0814,-0.0974,0.5512,0.4271,52.3967,45.468,6.9287
-0.3546,-0.909,-1.1096,-0.6659,-2.3842,-5.7644,-12.3661,6.6018
0.616,1.9808,-0.5692,-0.0236,0.4271,54.9885,72.5477,-17.5592
-0.339,-1.0185,-0.4854,-0.6903,-2.3842,-2.6073,-8.798,6.1907
-0.4358,0.0448,-0.1836,0.4075,0.4271,51.4428,45.4722,5.9707
0.634,0.4844,0.6448,-0.201,0.4271,65.237,64.0202,1.2169
1.1625,0.1554,0.1409,-0.581,0.4271,70.6244,59.4649,11.1595
-1.6276,-1.0717,-0.4084,-0.6739,-0.8474,-4.1052,-4.2391,0.134
1.7816,1.088,0.4883,0.3154,0.4271,82.4872,85.4883,-3.0011
-0.2946,0.1654,-0.5677,0.016,0.4271,36.0754,42.6653,-6.5899
-0.388,-0.8064,0.49,-0.1044,0.4271,43.8045,38.0383,5.7662
-0.6549,-0.8638,-0.0753,-0.0281,-2.3842,2.0481,-2.6855,4.7336
-0.9079,0.3498,0.0499,0.326,0.4271,44.8778,45.0735,-0.1958
-1.5743,-0.0444,-1.3527,-0.6965,0.4271,14.8662,15.6028,-0.7366
-0.23,-0.6287,-0.2544,0.1881,-0.8474,23.9865,22.8934,1.093
0.2394,0.6046,0.3958,0.1087,0.4271,63.0048,61.3822,1.6226
0.7167,0.4436,-0.2834,0.1705,0.4271,73.8692,59.8897,13.9795
0.6954,0.5281,0.1885,0.3889,0.4271,64.4212,65.761,-1.3397
-0.0131,-0.1273,-0.2635,-0.6395,0.4271,39.1291,40.1744,-1.0453
-0.5399,-0.6153,-0.9908,0.3408,0.4271,28.8568,30.2617,-1.405
0.0982,0.056,0.4937,-0.4157,0.4271,32.097,50.8084,-18.7114
-0.2429,-0.8846,-0.0865,0.2022,0.4271,26.4213,36.4085,-9.9872
0.2771,0.9166,0.6763,0.1695,0.4271,61.5845,67.8753,-6.2908
-1.316,-1.1422,-0.8358,0.3314,-2.3842,-6.7754,-16.2521,9.4766
-0.373,-0.5552,0.1375,-0.815,0.4271,41.2252,33.372,7.8532
-0.324,0.4401,0.0413,0.0436,0.4271,42.618,50.3156,-7.6977
0.0425,-0.6077,-1.3196,-0.6461,-2.3842,-9.4239,-6.2034,-3.2205
1.2404,0.8207,-0.471,0.1206,0.4271,72.7946,67.9514,4.8432
0.2826,-0.2263,0.3319,0.3715,0.4271,45.0781,53.8371,-8.759
0.8818,0.2035,0.7871,-0.2702,0.4271,57.9477,64.131,-6.1833
-1.6726,-1.5741,-0.9235,0.5181,-2.3842,-22.4928,-24.3051,1.8124
1.008,0.2523,-0.316,0.3406,0.4271,56.664,61.791,-5.1271
-0.518,-1.194,-0.6778,-0.2117,0.4271,18.7862,22.5558,-3.7697
0.4141,-0.3895,0.2813,-1.0813,0.4271,45.0691,42.923,2.1462
-0.4446,-0.5717,0.1388,0.776,-0.8474,24.704,28.3476,-3.6436
-0.5217,-0.1435,0.2036,0.129,0.4271,45.2448,43.4791,1.7657
1.1232,0.3667,0.8792,-0.4139,0.4271,75.7628,68.2623,7.5005
0.1676,-0.3719,0.1651,-0.2467,0.4271,43.1301,45.387,-2.2569
1.3389,1.4459,0.4153,0.9633,0.4271,85.8902,88.712,-2.8218
0.7787,-0.4754,-0.0918,0.546,-2.3842,18.8318,20.9047,-2.0729
-0.0098,0.1051,0.456,-0.4329,0.4271,50.8679,49.7946,1.0733
1.2894,1.2786,0.5754,0.0648,0.4271,77.8436,81.2876,-3.444
1.3576,0.8464,0.3121,1.1117,0.4271,86.6173,82.4091,4.2082
0.1991,0.6439,0.6268,0.0594,0.4271,72.0077,62.8271,9.1805
-0.5087,0.4038,0.7549,-0.3871,0.4271,47.1031,50.4261,-3.323
0.0453,-0.3387,0.0289,0.6927,0.4271,43.8937,49.9325,-6.0389
-1.1252,-0.8824,0.4337,0.1837,-2.3842,-2.9503,-2.5464,-0.4039
-0.8893,0.2035,-1.078,0.4403,0.4271,29.9761,35.7447,-5.7686
-0.0864,-0.9038,-0.3998,0.1825,0.4271,41.225,35.3222,5.9028
-0.7423,-1.0734,-0.609,-0.3801,-1.1097,-2.0575,2.6103,-4.6678
0.0776,0.7535,-0.7502,-0.066,0.4271,54.7581,51.2913,3.4668
-0.5035,-0.5151,0.3272,0.2907,0.4271,38.9238,41.5699,-2.6461
0.3661,-0.6214,0.8587,0.6453,-0.8474,47.9026,41.104,6.7987
-0.3496,-0.9725,0.5262,0.038,-2.3842,3.4532,4.4501,-0.9969
-0.0086,-0.1242,-0.142,0.347,0.4271,49.9079,48.049,1.859
-0.3631,-0.9662,0.0322,-0.226,0.4271,31.697,32.1411,-0.4441
-1.4421,-0.9318,-0.4007,-0.5313,-2.3842,-19.5696,-17.8859,-1.6838
0.619,0.0222,0.4074,0.1276,0.4271,62.2628,59.1207,3.142
-0.3865,0.0603,-0.9348,0.3762,0.4271,44.7952,40.178,4.6173
0.082,-0.7597,0.2922,0.0362,-1.1097,31.6928,24.797,6.8958
0.9479,0.3324,-0.112,-0.7245,0.4271,60.3604,56.2143,4.146
0.8699,0.3486,-0.0213,-0.5311,0.4271,55.957,57.6016,-1.6446
0.4692,0.7168,0.4525,-0.1672,0.4271,68.5424,63.624,4.9185
-0.6923,0.0392,-0.2749,0.4315,0.4271,45.7762,42.126,3.6502
1.6332,0.8406,-0.0472,0.0887,0.4271,79.821,75.4206,4.4004
-0.7729,-0.1182,0.3732,0.0873,-0.8474,18.8997,26.9452,-8.0455
-0.4956,-1.0737,0.1588,-0.029,0.4271,32.779,31.8555,0.9236
-0.3564,-0.2272,0.6677,-0.4742,0.4271,40.9559,43.6851,-2.7293
-0.6939,-0.4284,0.1015,-0.4277,0.4271,27.7095,33.7739,-6.0644
0.8362,-0.5211,0.4248,-0.1147,0.4271,57.9761,53.7889,4.1872
0.6126,1.1589,0.1847,0.9715,0.4271,77.5402,75.9863,1.5539
-0.4272,-1.0432,-0.1132,-0.1935,0.4271,19.4353,29.6957,-10.2605
-1.1871,-0.3506,0.9271,-0.2831,0.4271,31.1759,36.7228,-5.5469
-1.4211,-0.8114,0.644,-0.0848,-2.3842,-1.7509,-5.1652,3.4143
0.2581,0.5004,-0.0226,0.0738,-0.8474,38.8311,41.8073,-2.9762
1.1914,-0.2153,0.3307,-0.3151,0.4271,58.0487,58.9167,-0.868
-0.5665,-0.8268,-0.2246,0.1219,0.4271,28.9991,31.9709,-2.9718
-0.456,0.6136,0.7539,0.1749,0.4271,52.3156,57.2477,-4.9321
0.0867,0.7343,0.0508,-0.6181,0.4271,53.8273,53.4982,0.3292
-0.2124,1.0053,0.6987,-0.4702,0.4271,59.131,59.3543,-0.2233
1.2507,0.668,0.5935,0.2472,0.4271,76.7905,75.4145,1.376
0.2644,-1.4611,0.7205,-0.0932,-2.3842,9.9538,6.1177,3.8361
-1.3196,-1.3966,-0.0002,-0.1699,0.4271,15.9491,17.193,-1.2438
0.9276,0.7169,0.5002,0.6843,0.4271,72.8495,74.8228,-1.9734
1.0934,0.9039,-0.0651,0.1596,0.4271,68.3067,70.7055,-2.3987
0.376,1.6624,0.9298,-0.0229,0.4271,73.5487,77.9335,-4.3849
0.0257,-0.0556,0.7448,0.0017,0.4271,52.2216,53.6105,-1.3889
1.5755,1.4477,-0.0375,1.0824,0.4271,80.0027,88.6122,-8.6095
-0.2773,0.0555,-0.7616,0.3723,0.4271,42.6656,42.6006,0.0651
1.0221,0.8722,0.2647,0.3461,0.4271,74.6334,73.4185,1.2148
1.254,1.2296,-0.1298,0.6877,0.4271,78.6458,79.261,-0.6152
0.7773,0.8479,0.2758,-0.3993,0.4271,67.6348,65.4268,2.208
-1.8039,-1.4359,-0.2198,-0.1599,-2.3842,-20.5324,-23.4574,2.9251
-0.1214,-1.4748,0.1604,-0.4432,-0.8474,9.8246,13.3461,-3.5215
-0.9266,-0.2801,0.8507,-0.2598,0.4271,38.3285,39.8807,-1.5522
-0.4246,0.7298,-0.149,-0.4941,0.4271,47.0138,47.2955,-0.2817
-0.2735,-0.0806,0.1277,0.3728,0.4271,42.1847,47.9547,-5.7699
0.5239,-0.1082,0.5627,0.4248,0.4271,66.4399,59.8968,6.5432
-0.604,-0.4579,0.0947,0.7414,0.4271,40.3771,42.4795,-2.1024
-0.1838,-0.8565,0.3632,-0.2972,-0.8474,26.6793,22.2048,4.4744
-0.1145,-0.5103,0.6199,0.285,0.4271,58.7538,48.0031,10.7507
-0.4548,0.3184,-0.4322,0.2838,0.4271,47.6894,45.5725,2.1169
0.1895,-1.1527,-0.2862,-0.1683,-2.3842,-3.0759,0.515,-3.5909
0.4538,0.1225,0.1469,-0.13,0.4271,48.8263,54.6843,-5.858
-0.3133,-0.4702,-0.1329,-0.169,0.4271,35.8691,37.3769,-1.5078
1.0028,0.25,-1.0487,0.184,0.4271,52.3407,54.9847,-2.6439
-1.2947,-0.3645,-0.4961,0.0106,-2.3842,-2.758,-6.8943,4.1363
0.1708,0.2459,-0.7646,0.1471,0.4271,48.1772,47.9533,0.2239
-0.303,-0.1837,0.6495,0.3176,-0.8474,45.3775,34.9689,10.4086
-0.2169,-1.2863,0.119,0.6464,-2.3842,4.1687,3.4395,0.7293
-0.2768,0.1329,0.0316,-0.6743,0.4271,51.8791,42.3036,9.5754
-1.1557,-0.3292,0.0507,-0.4784,-2.3842,-4.3412,-4.2004,-0.1408
-0.2975,-0.8978,-0.6779,0.3466,0.4271,26.0137,32.1292,-6.1155
0.8897,1.0809,-1.1294,0.1893,0.4271,64.9934,62.5305,2.4629
-0.4545,-1.1238,0.6538,-0.1478,-2.3842,-0.654,1.3144,-1.9684
-0.294,1.0798,0.256,-0.3965,0.4271,62.1345,56.4235,5.711
0.4338,0.2569,0.4566,1.07,0.4271,70.6945,66.7054,3.9891
-0.7475,0.9614,-1.5217,0.1665,0.4271,42.1403,40.4708,1.6695
-0.1828,0.4483,-0.0313,-0.2524,0.4271,55.5529,49.3047,6.2482
-0.7256,1.1289,-0.6983,-0.1382,0.4271,54.7279,46.8046,7.9233
0.3672,0.4904,0.284,0.3848,-0.8474,50.4366,47.3851,3.0514
-0.0982,-0.8234,0.8366,0.7151,0.4271,51.8183,49.3145,2.5038
0.2381,-0.617,0.1146,-0.6224,0.4271,38.5097,40.3867,-1.877
0.5305,-0.3974,0.4546,-0.0477,0.4271,55.6577,52.5992,3.0585
0.4948,0.0031,0.1247,-0.0264,0.4271,58.8943,54.3292,4.5652
-0.1822,-0.9149,0.6846,0.0972,0.4271,40.9172,41.9205,-1.0033
-0.8242,-1.1965,-0.2214,0.3124,-2.3842,-5.8437,-6.9977,1.154
-0.0754,-0.2577,-1.0983,0.0644,0.4271,40.7244,36.5106,4.2138
0.7957,0.835,-0.2739,0.1819,0.4271,68.8669,65.2902,3.5767
-0.1656,-0.9033,0.4099,0.3753,0.4271,30.9169,42.0485,-11.1316
-1.6224,-1.389,0.2811,-0.7645,-2.3842,-17.2092,-21.3335,4.1243
0.7847,0.4311,-0.0149,0.0794,0.4271,66.381,61.9109,4.4701
0.2718,-0.6173,-0.6012,0.1244,-2.3842,13.2007,7.0299,6.1708
0.2959,-0.1439,-0.2076,0.3375,0.4271,47.1933,50.5185,-3.3253
0.1121,0.1571,-0.6582,0.213,0.4271,35.6313,47.6018,-11.9705
1.8496,1.0529,0.9881,0.6992,0.4271,92.7194,92.3371,0.3823
-0.1507,-1.0082,0.1538,-0.7562,-2.3842,1.2433,-2.2051,3.4484
0.8579,0.7451,0.5204,0.0214,0.4271,58.6693,69.9409,-11.2716
0.9043,0.3551,0.5173,0.0125,0.4271,70.8833,65.9668,4.9165
0.6864,0.9693,-0.0026,-0.0033,0.4271,69.9247,66.4284,3.4963
-1.5572,-0.4418,-0.2286,-0.888,0.4271,11.2778,18.6352,-7.3574
0.9064,0.5729,0.2204,-0.1886,0.4271,67.1687,64.7559,2.4128
-0.4914,0.9403,-0.3462,-0.8237,0.4271,49.3894,45.1381,4.2513
-0.8322,-1.4774,0.2584,-0.3082,-0.8474,7.1586,7.3947,-0.2361
1.3532,0.0982,0.5489,0.4748,0.4271,76.7658,71.344,5.4219
-0.2711,0.3596,-0.3654,-0.7705,-0.8474,30.0563,26.0493,4.007
-0.4817,-0.0033,0.2753,0.0194,0.4271,41.9627,45.2734,-3.3107
0.1046,-0.5898,-1.079,0.7489,-2.3842,4.5599,6.2119,-1.6521
-0.3246,-0.7082,-0.4643,0.1684,-2.3842,-1.2282,0.9761,-2.2043
1.5695,1.0198,0.4873,0.9041,0.4271,83.4631,86.5347,-3.0716
-0.0646,-0.3512,0.4182,0.0495,0.4271,46.5651,47.138,-0.5729
-0.9831,0.124,-0.3283,-0.6521,-0.8474,11.2293,16.8801,-5.6508
-0.1546,-0.841,1.0835,0.0394,-0.8474,24.172,30.5736,-6.4016
1.3175,0.0356,0.568,-0.6928,0.4271,63.1246,62.2887,0.8358
-0.8071,0.1975,-1.0957,-0.3733,0.4271,33.6096,30.7672,2.8425
0.0824,0.4936,0.6613,-0.019,0.4271,71.3467,59.6066,11.7401
-0.7074,-1.181,-0.2341,-0.2736,0.4271,26.4166,23.6561,2.7605
-0.1656,0.7083,-0.5911,-0.471,0.4271,35.9849,46.586,-10.601
1.0208,1.0711,-0.4928,0.7433,0.4271,71.1371,72.5738,-1.4366
-0.2452,0.3427,-0.5711,0.1409,0.4271,53.6044,46.0305,7.5739
0.8053,-0.6452,0.6042,0.1165,0.4271,62.8825,55.0489,7.8335
0.292,0.7774,-1.0893,0.2392,0.4271,51.912,53.3703,-1.4583
0.0158,-0.0484,-0.8326,-0.4993,-2.3842,0.641,4.5675,-3.9265
-1.6732,-0.6894,-0.7309,-0.4991,0.4271,-0.2,13.4465,-13.6466
0.5615,0.0883,0.2752,0.0822,0.4271,57.7277,57.9168,-0.1891
1.1292,1.6734,0.1805,-0.2827,0.4271,74.1391,78.5571,-4.418
1.2975,1.145,1.0627,0.2659,0.4271,82.5651,85.0184,-2.4533
1.5297,1.7559,1.0835,0.0005,0.4271,89.264,92.6915,-3.4274
1.323,0.4861,0.5821,-0.3067,0.4271,76.9456,70.2046,6.741
-1.3527,-0.6441,-0.1736,0.4559,-2.3842,-10.5502,-5.0842,-5.4659
1.0922,0.9521,0.243,-0.0007,0.4271,75.0669,72.4902,2.5767
0.8784,0.6731,0.7302,0.1212,0.4271,54.7618,71.6577,-16.896
-1.0984,-1.0834,0.2707,-0.8772,0.4271,17.8815,20.2522,-2.3707
-0.039,-0.6398,0.0762,0.0842,0.4271,50.706,41.777,8.929
-1.6111,-1.4493,-0.9934,-0.4793,-2.3842,-29.1981,-29.7131,0.515
-1.6762,0.3702,0.4406,-0.7465,0.4271,31.7132,32.6226,-0.9095
0.1465,-0.1227,-1.0224,0.2133,0.4271,31.8287,42.0247,-10.196
-0.554,-1.4162,-0.2257,-1.1035,0.4271,16.0106,16.9504,-0.9398
-1.5487,-1.2908,-0.6054,0.0162,-2.3842,-11.3977,-20.8335,9.4357
0.2243,0.1662,0.9648,0.4697,0.4271,58.4193,63.1768,-4.7575
2.1552,1.8702,0.8098,0.8372,0.4271,98.0291,104.3878,-6.3587
-0.2377,0.1902,-0.1597,0.2169,0.4271,46.3612,48.0902,-1.7291
1.1653,0.8574,-0.8317,0.2252,0.4271,69.897,65.5104,4.3866
-0.7642,0.7066,-0.4379,-0.1344,0.4271,40.5531,43.6732,-3.12
-1.0707,-0.4045,0.3982,-0.6958,0.4271,33.2618,30.4254,2.8364
-0.2241,-0.2375,-1.788,-0.2759,0.4271,31.2445,27.4727,3.7718
-0.7101,0.4807,-1.3085,1.124,0.4271,44.7295,43.7614,0.9681
-0.051,-0.3347,-1.239,-0.4381,0.4271,37.0077,31.3309,5.6768
-0.0324,-0.163,0.0812,-0.5453,0.4271,48.1541,42.8718,5.2823
-0.3018,0.3909,-0.6134,-0.6939,0.4271,49.4698,39.8365,9.6333
0.4769,1.0697,-0.6352,0.2751,0.4271,65.8474,62.382,3.4654
-0.3929,-1.4557,-0.4614,-0.6802,0.4271,14.1918,19.3614,-5.1695
0.3607,0.5864,0.4821,-0.1869,0.4271,67.8021,61.0867,6.7154
0.4025,1.0878,0.2876,-0.0712,0.4271,65.2106,66.4798,-1.2692
-0.6049,-0.2431,0.8639,-0.7151,-0.8474,26.9699,25.5387,1.4312
0.9644,0.7404,0.193,0.55,0.4271,73.7428,72.1838,1.5591
-0.2231,-0.0845,0.2504,0.0258,0.4271,46.1782,46.9832,-0.805
-0.4004,-0.4791,-0.9222,0.9236,0.4271,36.3491,37.8655,-1.5165
-0.8369,-0.3217,0.8634,-0.5733,0.4271,38.4012,38.2914,0.1098
-1.3819,-0.0917,-0.5544,-0.4912,-2.3842,-10.2888,-8.6969,-1.5919
0.9364,-0.1453,0.8042,-0.2341,0.4271,56.4878,61.1755,-4.6877
0.7706,0.523,0.16,0.1413,0.4271,61.6992,64.568,-2.8688
-0.581,-0.7155,-0.5443,-0.391,0.4271,32.3935,27.0415,5.3519
-0.6437,-0.9322,-1.2653,-0.4649,-0.8474,8.9351,2.7325,6.2027
0.1825,0.6084,-0.2779,-0.0508,0.4271,43.3585,54.5239,-11.1654
-0.2884,-0.4355,0.4479,-0.1112,0.4271,37.9921,42.9042,-4.9121
0.4899,0.3589,0.2731,-0.1112,0.4271,63.7803,58.831,4.9493
-0.1674,0.9479,0.1052,0.5905,0.4271,72.8155,61.9986,10.8168
0.6093,-0.5166,0.3682,-0.7461,0.4271,50.7671,46.5846,4.1825
-0.8083,-0.7851,0.3678,-0.5611,-2.3842,-1.4901,-3.7391,2.2491
0.6372,-0.1116,0.7219,0.228,0.4271,58.9971,60.9284,-1.9314
0.6162,-0.2483,0.2659,0.0771,0.4271,60.63,54.6083,6.0217
0.7156,-0.4695,0.5685,0.5431,0.4271,60.2933,58.7541,1.5392
-0.3117,1.3231,0.1868,-0.769,0.4271,53.6027,55.8474,-2.2447
-0.7026,-0.8981,-0.7594,-0.1586,0.4271,30.3307,23.6463,6.6844
-0.4492,-0.1463,0.4577,-0.5041,0.4271,45.7221,41.7786,3.9435
-0.6795,-0.5744,0.4345,-0.1231,0.4271,39.7874,36.9666,2.8209
0.0916,-0.036,-0.9053,-1.0645,-2.3842,-6.3842,1.0309,-7.4152
-1.4666,-1.38,0.1881,0.2037,-2.3842,-7.9008,-13.5486,5.6478
0.9597,0.5665,-0.1982,0.2297,0.4271,64.4446,64.9421,-0.4976
0.8734,1.8262,0.9235,0.2344,0.4271,81.3643,86.8456,-5.4814
-0.3948,-1.1343,-0.705,0.0839,-2.3842,-6.3565,-7.0064,0.6499
0.7211,0.0382,0.4747,0.3028,0.4271,63.38,62.1303,1.2496
0.4263,0.0605,0.113,0.3639,0.4271,68.6422,56.8653,11.7769
1.3063,0.619,0.1721,1.4873,0.4271,85.7966,80.8363,4.9604
-0.4048,-0.7888,-0.6861,-0.4901,0.4271,28.7634,26.3253,2.4381
0.4549,-0.6007,0.4195,-0.2362,-2.3842,19.0893,14.5227,4.5665
-0.9207,0.7333,-1.1621,-0.0532,0.4271,35.6558,37.2895,-1.6336
0.6296,0.5587,-0.5616,-0.4006,0.4271,50.0186,54.141,-4.1224
-0.6993,-0.607,-0.2295,-0.0811,0.4271,26.0594,31.5719,-5.5124
-0.7243,-0.6678,-1.6971,-0.7455,0.4271,28.036,14.7112,13.3248
-0.2402,-1.0265,-0.0874,0.2272,0.4271,46.957,35.009,11.948
0.478,-0.0358,0.5735,0.8477,-2.3842,28.4356,29.8422,-1.4066
-0.0439,-0.8076,-1.0298,0.0577,-2.3842,0.1867,-2.2553,2.4421
0.4936,-0.6763,0.3737,-0.6013,0.4271,50.0697,44.5974,5.4723
-1.4435,-1.3056,-0.8988,0.2524,-2.3842,-25.3185,-20.4874,-4.831
1.3279,0.3101,0.5107,0.7287,0.4271,80.7756,74.9263,5.8494
-0.8532,-0.7066,-0.7254,-0.1245,-2.3842,-4.9166,-8.7144,3.7977
-0.4098,-0.9202,0.5138,0.0181,-0.8474,24.448,22.4179,2.0301
-0.0259,-1.2232,0.0227,-0.64,0.4271,25.1848,29.9126,-4.7278
0.3187,0.3744,-1.1605,0.1539,0.4271,48.8831,47.985,0.8981
-0.5407,-0.0715,-0.2244,0.1467,0.4271,40.6253,40.9152,-0.2899
-0.855,-0.2732,0.4143,0.1425,-2.3842,6.2919,6.7641,-0.4722
0.3479,0.0016,-0.0915,-0.7767,0.4271,43.6215,45.861,-2.2395
-0.3093,0.7142,0.2456,0.2529,0.4271,56.6711,56.5837,0.0873
1.4435,0.712,-0.0124,0.7931,0.4271,75.2967,77.1073,-1.8105
-0.5624,-1.1509,-0.1674,-0.4299,0.4271,21.5285,24.975,-3.4466
0.2581,-1.1024,0.0072,-0.2385,-1.1097,13.933,18.7265,-4.7935
-0.4735,0.1222,0.2459,-0.6214,0.4271,42.2811,42.0919,0.1893
0.1739,0.4439,-1.1344,0.3826,0.4271,54.6437,49.0034,5.6403
-0.4101,0.6457,0.3377,-0.0618,0.4271,54.7259,53.253,1.4728
0.4981,-0.1688,0.0574,0.3332,0.4271,47.3866,54.4136,-7.027
0.5866,-0.7198,1.0306,-0.3014,-0.8474,37.9019,37.1017,0.8002
-0.7427,-0.0794,-0.2968,0.4396,0.4271,41.4157,40.1393,1.2764
0.3146,0.7861,0.2752,-0.1788,0.4271,68.9211,61.3023,7.6188
0.2381,-0.4209,0.3318,0.2786,0.4271,43.2992,50.5256,-7.2264
-0.6112,-0.1708,0.177,-0.4176,0.4271,46.1351,38.2088,7.9263
0.4423,0.364,-0.7788,0.3556,0.4271,52.1472,53.5293,-1.3821
0.358,0.8828,0.9357,0.7707,0.4271,75.9764,74.5358,1.4405
0.0828,0.3956,-0.2011,-0.057,0.4271,56.7906,51.6101,5.1805
-0.5997,-1.362,-0.0217,0.2528,0.4271,20.8477,28.0678,-7.2201
0.9947,0.6246,0.8031,0.2032,0.4271,74.1117,73.4897,0.622
0.0359,0.273,-0.559,0.0416,0.4271,43.0267,47.6615,-4.6348
0.5656,1.5321,-1.079,0.3047,0.4271,63.4396,65.3233,-1.8837
-0.4361,-0.0873,-1.5102,-0.8889,-0.8474,13.5484,9.6254,3.923
0.2862,0.4004,0.0865,-0.2583,0.4271,54.5687,54.6573,-0.0887
-0.1496,0.2593,-1.324,-0.1045,0.4271,43.4897,38.6185,4.8711
-0.2134,1.3901,-0.7998,0.2872,0.4271,66.7885,57.4054,9.3831
-0.8967,-0.6434,-0.7398,0.2036,0.4271,35.8322,27.0998,8.7324
-1.5684,-1.3881,0.2391,-0.6825,0.4271,10.8703,12.9019,-2.0315
1.6622,0.7259,0.4942,1.037,0.4271,74.6047,85.2,-10.5953
0.7241,0.2633,-0.064,0.4985,0.4271,57.373,61.9096,-4.5366
0.7181,1.1147,0.2857,0.4023,0.4271,78.1445,73.4418,4.7026
-0.4814,-0.2617,0.0639,-0.1312,0.4271,29.8953,39.697,-9.8017
0.2618,0.0421,0.4253,0.2126,0.4271,52.548,56.2452,-3.6972
-0.1697,-0.7152,0.1449,0.3026,0.4271,36.2497,41.5759,-5.3261
-1.0142,-1.3313,0.3614,-0.119,-2.3842,0.8764,-9.064,9.9404
-0.2072,-0.7729,-0.1515,0.1828,-0.8474,28.0124,22.2721,5.7403
-0.4373,0.4416,0.6564,-0.021,0.4271,63.345,53.4029,9.9421
-1.1819,0.5446,0.8757,0.3037,0.4271,45.9767,50.5274,-4.5507
1.4271,0.2218,0.513,0.1901,0.4271,70.1695,71.2703,-1.1008
1.0333,-0.1747,-0.9579,-0.0562,0.4271,58.9588,49.5649,9.3939
-0.7023,0.4233,0.0794,0.014,0.4271,50.1964,46.1625,4.0339
1.3434,0.118,0.6447,0.2892,0.4271,69.0599,70.909,-1.8491
-0.4885,0.3736,0.5042,-0.0428,0.4271,56.0058,50.767,5.2389
-1.2322,-0.9254,0.5569,0.0461,0.4271,30.7436,29.2152,1.5284
0.7673,0.6644,1.0835,0.1736,0.4271,81.139,73.4525,7.6865
-0.4143,-1.3521,-0.4149,0.0482,0.4271,22.3437,25.718,-3.3743
0.6157,-0.6862,-0.0546,0.4783,0.4271,57.992,50.002,7.9901
1.2007,0.6089,0.686,1.0902,0.4271,74.2328,80.7844,-6.5516
-0.4738,-0.942,-0.2916,0.0367,-2.3842,-5.2038,-2.8382,-2.3656
0.4885,-0.0866,-0.2285,-0.302,0.4271,53.7239,48.6215,5.1024
-0.2182,-1.1817,-0.7753,0.4918,-0.8474,2.9505,14.9048,-11.9543
0.5275,-0.1709,0.0205,0.3456,-0.8474,39.5121,39.3663,0.1458
-0.6193,-0.4687,-0.8085,0.1314,0.4271,32.569,31.0061,1.5628
-0.6325,-0.943,-1.1193,-0.4833,0.4271,15.1238,18.8666,-3.7428
-0.6655,0.6748,-0.2886,0.0528,-2.3842,4.1997,13.4226,-9.2229
0.7862,1.0538,0.9113,0.2219,0.4271,80.5033,77.0447,3.4586
0.0972,0.4072,0.5194,0.6661,0.4271,63.8791,62.4637,1.4154
0.4239,0.2756,0.4815,-0.6888,0.4271,50.2643,54.7753,-4.511
1.0598,-0.06,0.2774,0.8558,0.4271,68.5716,66.981,1.5906
0.4137,0.0503,0.7376,-0.3692,0.4271,55.887,56.3239,-0.4369
-0.3578,0.6605,-0.2331,-0.1062,0.4271,50.0262,49.2813,0.7448
0.1427,0.166,0.0831,-0.0785,0.4271,54.5398,51.7063,2.8335
0.9512,0.7844,0.439,0.8838,0.4271,75.3263,76.7502,-1.4239
-0.2541,-0.8626,0.6027,-0.2736,-2.3842,0.1576,5.1315,-4.9739
1.0281,0.7839,-0.071,0.8328,0.4271,75.791,73.2904,2.5006
-0.2873,-1.5888,-0.1405,-0.7905,-2.3842,-12.5293,-12.7002,0.1709
-0.6946,-0.6224,-0.441,0.3938,-0.8474,23.5856,17.9808,5.6048
0.1957,-0.0913,-0.0358,-0.5049,0.4271,45.6627,45.5037,0.159
-0.3912,-0.5909,-0.2399,0.3237,0.4271,40.2734,37.7877,2.4857
0.2417,0.3824,-0.2299,-0.0757,0.4271,52.1591,52.8128,-0.6537
-0.1226,0.2034,-0.4414,0.033,0.4271,36.3821,46.0256,-9.6435
0.415,0.5141,-1.0165,0.2592,0.4271,56.4164,52.4266,3.9898
1.439,1.0861,0.3095,1.0126,0.4271,81.3403,85.2679,-3.9276
0.6254,0.9983,-0.7603,0.1977,0.4271,61.4834,61.6692,-0.1858
-0.0086,0.3911,-0.4937,0.7823,0.4271,51.22,54.1635,-2.9435
0.6566,-0.6291,-0.4703,0.1558,-2.3842,23.6917,12.2442,11.4476
1.1319,1.2238,0.5455,-0.0841,0.4271,75.6859,77.7175,-2.0316
-1.1916,-0.9264,0.049,-0.6707,-0.8474,3.2505,5.6075,-2.357
0.5742,0.2574,0.7424,-0.1508,0.4271,51.7965,61.9275,-10.131
0.0414,-1.1185,0.0741,0.2358,0.4271,28.2179,38.2936,-10.0757
-1.6943,-1.0845,0.1427,-0.4633,0.4271,8.7392,15.748,-7.0088
-0.5573,-0.5752,0.1816,-1.0677,0.4271,30.7207,29.7546,0.9661
-1.6412,-1.377,-0.5676,0.327,-2.3842,-25.167,-20.343,-4.824
0.866,1.1172,-0.4432,1.2244,0.4271,77.8962,75.1604,2.7358
-0.2702,-0.9715,-2.083,0.2777,-0.8474,10.7018,5.1622,5.5396
-0.1699,-0.7718,0.1373,0.1508,-0.8474,28.8442,24.6819,4.1623
0.2347,1.0006,-0.122,-0.5866,-0.8474,42.5792,41.8275,0.7518
0.0958,-0.2734,0.4632,0.1148,0.4271,45.1468,50.5316,-5.3848
0.8973,-0.2338,0.6827,0.6202,0.4271,59.3375,64.7664,-5.4289
-0.5729,1.1301,0.1616,-0.4344,0.4271,49.4461,53.0122,-3.5661
0.3949,0.1045,0.5974,-0.1099,0.4271,56.5216,57.4563,-0.9347
0.8432,-1.3486,-0.03,-0.0324,0.4271,37.9817,41.6301,-3.6484
0.0723,0.2713,-0.6292,-0.0925,0.4271,41.2207,46.56,-5.3393
-1.4523,-1.5109,-0.9108,-0.6424,-2.3842,-25.1736,-29.203,4.0294
-1.4661,-1.0939,0.3061,0.081,-2.3842,-17.0521,-10.2719,-6.7802
-0.6864,-0.2921,-0.9792,-0.0858,0.4271,23.9819,29.4497,-5.4678
0.5667,0.6238,0.725,0.2242,0.4271,76.1495,68.4404,7.7091
-1.5901,-0.763,-1.3731,-0.0265,-2.3842,-18.6375,-21.5449,2.9073
-0.1248,0.1471,-0.152,-0.6645,0.4271,46.0188,42.7466,3.2722
-1.1714,0.2734,0.2112,0.1118,-0.8474,34.4228,26.0036,8.4191
0.2963,0.1841,-0.2444,0.8846,0.4271,58.9701,57.7312,1.2389
-0.1214,-0.4047,0.4835,0.0973,0.4271,41.8333,46.7626,-4.9292
0.7592,-0.6004,0.7393,0.3694,0.4271,64.8193,57.8558,6.9635
1.2007,0.5732,-0.0315,0.6039,0.4271,69.136,71.4824,-2.3464
-0.5183,0.2084,0.4782,-0.0777,0.4271,48.8672,48.1471,0.7201
0.6157,0.3588,0.4246,0.3999,0.4271,73.1129,64.8947,8.2182
-0.6144,0.7228,0.1331,0.2991,0.4271,65.4384,52.866,12.5724
-0.4632,0.1226,1.0812,0.1292,0.4271,66.4359,53.8498,12.5861
0.2361,0.9583,0.2676,0.1535,0.4271,61.2115,64.6495,-3.4381
-1.5747,-1.8364,-0.7581,-1.2302,-0.8474,-21.8265,-18.8278,-2.9986
0.7474,0.346,0.568,0.107,0.4271,67.0646,65.2296,1.835
0.616,1.3072,-0.3393,0.4627,0.4271,70.5168,70.1218,0.395
-0.103,0.3032,0.9276,-0.5229,0.4271,50.2864,54.0251,-3.7387
-0.0684,0.633,-0.0176,0.4907,0.4271,66.3403,57.8783,8.462
0.3442,0.4706,-0.1981,0.3973,0.4271,64.7152,58.4344,6.2808
0.0254,-0.4561,0.5022,-0.7436,0.4271,41.8281,42.0572,-0.2291
-0.5023,0.7813,-0.522,0.7217,0.4271,56.2485,52.622,3.6264
0.8796,-0.3312,-0.118,-0.0823,0.4271,50.5224,52.4385,-1.9161
-0.4404,-0.3706,0.0939,-0.8752,0.4271,33.2543,33.9717,-0.7174
-0.6235,-0.6779,-0.9342,-0.8667,0.4271,9.6784,20.7047,-11.0264
-1.6713,0.0003,-1.4476,-0.6794,-0.8474,-11.19,-0.6869,-10.5031
-0.5307,-1.2372,0.2607,0.4277,-0.8474,14.6879,18.4582,-3.7703
1.2367,1.0611,0.2576,0.5123,0.4271,72.5453,78.9427,-6.3973
-1.0757,0.0745,0.4034,-0.6816,-2.3842,5.6871,2.4969,3.1901
-0.6094,-0.5067,-0.8831,-0.0163,0.4271,33.9034,29.0845,4.8189
-0.405,-1.1685,-1.4882,-0.3598,0.4271,10.0318,16.7888,-6.757
-1.3122,-1.3958,0.158,-0.3433,-0.8474,-5.3549,2.1509,-7.5059
-0.8787,0.3111,-0.0275,0.6347,0.4271,51.5781,46.5029,5.0752
0.4932,-0.963,0.6352,-0.7656,0.4271,38.0371,42.2387,-4.2016
0.5431,0.4835,0.4048,0.5631,0.4271,71.5681,66.502,5.0661
-1.6456,-0.5558,0.3978,-0.029,-2.3842,-8.3256,-6.2034,-2.1222
-0.1735,-0.6565,-0.0722,0.1155,-1.1097,18.5575,20.9667,-2.4092
-0.1987,-0.054,-0.2476,0.6142,0.4271,46.6002,47.8457,-1.2456
-0.2615,-0.1888,-0.4033,0.0498,0.4271,45.7391,40.5371,5.2021
0.1915,-1.1895,-0.4372,-0.6652,0.4271,27.4021,28.9064,-1.5042
-1.8194,-0.5336,0.5521,-0.2663,0.4271,24.1743,25.1212,-0.9469
-0.4659,-0.2974,-0.3469,-0.5008,0.4271,37.9654,33.7324,4.233
-0.2046,-0.0183,-0.9922,-0.3052,0.4271,33.8418,36.0646,-2.2228
0.8353,0.8498,0.7179,0.6225,0.4271,66.139,76.5743,-10.4353
0.8949,-0.0218,0.7634,0.3067,0.4271,68.086,65.5665,2.5195
-1.7252,-1.4522,-1.7177,-0.5127,-2.3842,-34.8345,-36.7738,1.9393
-0.7065,0.073,0.157,0.0255,0.4271,41.7917,42.8539,-1.0622
-0.185,-0.6318,-0.7052,0.7185,0.4271,32.9377,38.7011,-5.7634
-0.4865,0.2597,0.7404,0.3593,0.4271,54.4551,54.1199,0.3352
-0.3715,0.1689,0.0178,0.3791,0.4271,42.8932,48.9091,-6.0159
-0.5737,0.2349,-0.1622,-0.6042,-2.3842,4.0363,5.8646,-1.8283
0.242,0.3701,0.1935,-0.1831,0.4271,50.241,55.1886,-4.9476
0.7101,-0.7149,0.4723,-0.3666,0.4271,38.0242,48.8728,-10.8486
-0.8434,-0.9459,-0.8151,1.0419,0.4271,18.4767,29.5159,-11.0392
-1.5724,-0.868,-0.1516,-0.6344,0.4271,18.9634,16.0349,2.9284
-1.2912,-0.3683,0.5924,-0.5507,-2.3842,-4.199,-2.4265,-1.7725
0.0692,0.8655,-0.575,0.1354,0.4271,49.2768,55.2095,-5.9328
-1.3621,-0.7526,0.4972,-0.0692,-0.8474,9.7126,13.3649,-3.6523
0.233,-0.6895,-0.2447,0.4288,0.4271,49.8033,44.0594,5.7439
-0.7611,-0.7695,0.4129,-0.41,-2.3842,0.4828,-1.6612,2.144
0.7906,1.2119,-0.642,0.9696,0.4271,80.1526,72.1157,8.0369
0.3917,1.7217,-0.4849,0.5482,0.4271,71.6842,71.8547,-0.1705
0.7355,0.651,1.0722,0.4157,0.4271,77.7542,74.557,3.1972
1.1418,0.7696,-0.0318,0.3564,0.4271,70.4878,71.3384,-0.8506
-0.6528,-0.0164,-0.6067,0.5251,0.4271,40.9746,40.0221,0.9524
-0.6016,-0.0226,0.1439,-1.0866,0.4271,34.6562,35.0729,-0.4168
-1.5817,-0.7383,-1.3536,-0.4178,0.4271,11.2658,9.6523,1.6135
-0.3822,0.9945,0.2737,-0.6324,0.4271,54.5799,53.0167,1.5631
1.1913,1.3218,1.0835,0.4145,0.4271,85.1075,87.0618,-1.9543
-0.3944,-0.1717,0.2725,0.0187,0.4271,42.7272,44.289,-1.5618
-1.5874,-0.8025,-0.2344,-0.4451,0.4271,8.5418,17.2898,-8.748
0.6831,-0.7625,-0.3931,-0.7392,-2.3842,3.9986,5.3999,-1.4013
-0.4008,-0.7094,0.2383,0.9486,0.4271,47.9952,44.3737,3.6215
-0.0849,-0.3406,0.3437,-0.525,-2.3842,-4.5734,9.0754,-13.6488
-0.1388,0.0074,0.0374,-0.2576,0.4271,43.7194,45.3118,-1.5924
-0.5656,-0.528,-0.0466,0.3829,0.4271,45.7139,38.5233,7.1907
-0.4658,-1.18,-0.6311,-0.6894,-0.8474,9.8382,5.1705,4.6677
-0.0724,0.0583,-0.4974,0.5419,0.4271,43.0186,48.0379,-5.0193
-1.3306,-1.1039,-0.5113,-0.3243,-2.3842,-16.1369,-18.0374,1.9005
0.7278,-0.2416,0.2782,0.1082,0.4271,58.041,56.1914,1.8496
-1.2991,-1.4975,0.5117,0.1666,-2.3842,-17.1214,-10.8436,-6.2778
-1.0698,0.3981,0.8337,-1.2215,0.4271,40.596,39.1565,1.4395
0.6429,0.2297,0.4657,0.1614,0.4271,64.5666,62.3936,2.1729
-0.5897,-1.2603,-0.1678,-0.5585,0.4271,16.1779,22.5555,-6.3776
0.7392,-0.0519,0.7318,0.1773,0.4271,69.2139,62.4169,6.797
0.7065,0.3831,0.6243,-0.395,0.4271,62.9643,62.1521,0.8122
-1.6057,-1.1059,-0.2839,-1.1344,-0.8474,-7.7368,-6.6318,-1.1051
-0.5078,0.7359,-0.317,-0.8518,0.4271,34.4767,42.6933,-8.2167
-1.5733,-1.4027,0.3589,-0.1435,-2.3842,-14.0671,-16.0468,1.9797
0.6696,0.4406,-0.7224,-0.0962,0.4271,65.5715,54.1199,11.4516
-0.1671,0.609,-0.1177,-0.1686,0.4271,53.5265,51.1982,2.3282
-0.216,-0.0094,0.8953,0.2528,0.4271,57.4717,54.4434,3.0283
-1.5239,-0.7698,-0.9404,-0.9531,0.4271,5.6066,9.3746,-3.768
0.9592,1.5409,0.0493,0.8254,0.4271,74.1754,81.9392,-7.7638
0.075,-0.2137,0.091,-0.2881,0.4271,46.2774,45.3164,0.961
-0.5244,-0.6484,-2.2201,-0.7082,-2.3842,-16.5875,-20.0936,3.506
-0.583,-0.9074,-0.1946,-0.8835,0.4271,22.9204,24.1305,-1.2102
-0.5719,-0.2245,-0.0817,0.0225,0.4271,39.9832,39.0954,0.8879
-0.0681,0.0285,-1.477,-0.5882,0.4271,26.8253,32.3568,-5.5314
-1.8299,-1.3917,-0.2595,-1.0384,-2.3842,-20.4557,-29.6503,9.1946
1.38,0.363,0.8885,1.1213,0.4271,76.006,81.7155,-5.7095
-0.9248,-1.1975,-2.6703,-0.0195,-0.8474,-1.0662,-10.976,9.9099
-0.1726,-0.0392,-1.1095,0.2934,0.4271,41.4095,39.4311,1.9784
-0.022,-0.4912,0.1247,-0.4189,0.4271,39.2234,40.5077,-1.2843
0.0496,-0.0622,0.624,-0.7512,0.4271,51.4749,47.6291,3.8458
-0.173,-1.1158,-1.2494,0.7223,0.4271,23.9356,29.2267,-5.2911
0.7405,-0.4198,0.2201,0.2695,0.4271,53.5959,54.9977,-1.4018
-0.3784,-0.0523,-1.2353,0.0392,0.4271,32.6491,34.3446,-1.6955
-1.0969,-0.8804,0.3156,-0.1974,-2.3842,-5.2729,-5.7779,0.505
0.0756,0.07,-0.5343,0.1475,0.4271,55.3169,46.729,8.5879
-0.6267,0.0448,0.0832,0.5628,0.4271,45.5334,46.5597,-1.0263
0.7972,-0.6787,0.088,0.8664,0.4271,50.627,55.8265,-5.1995
0.3497,0.1944,0.3241,-0.277,0.4271,58.496,54.7187,3.7773
-0.1105,0.7922,0.5082,0.0028,0.4271,64.1258,59.8719,4.2539
-0.5411,-0.191,-0.6286,-0.0842,-2.3842,-0.947,1.4528,-2.3998
-0.2987,-0.3612,0.0916,0.0991,0.4271,37.1233,42.3497,-5.2264
0.4385,0.5558,0.4598,0.9402,0.4271,73.3985,69.2392,4.1593
-1.4297,-1.0995,0.3123,-0.4093,-2.3842,-10.1176,-13.3062,3.1886
-0.3928,-1.1696,0.4225,-0.1461,-2.3842,5.5724,-0.3052,5.8776
0.0246,0.5525,0.5654,0.2233,0.4271,55.1033,60.5967,-5.4934
-0.5878,-0.5685,0.1988,0.4608,0.4271,49.0667,40.2603,8.8064
-0.7273,0.3534,-1.0941,-0.2488,0.4271,30.337,34.2538,-3.9168
-1.1262,-1.0048,-0.1791,-0.2755,-2.3842,-24.5802,-11.8394,-12.7408
-0.4521,0.0697,-0.8244,0.4459,0.4271,40.1831,40.9147,-0.7316
1.1106,0.6711,0.5618,0.4226,0.4271,84.6307,74.923,9.7078
-0.8219,-1.0406,-0.7232,-0.5328,-2.3842,-11.7788,-14.9561,3.1773
-0.2942,0.8018,0.3313,0.3853,0.4271,59.3353,59.3084,0.0268
-1.0293,-0.6819,-0.0785,-1.0245,-0.8474,0.7793,6.6557,-5.8763
0.7387,1.0852,-0.7588,0.5509,0.4271,61.2713,66.3267,-5.0554
-1.5134,-0.9547,0.6209,0.1852,-2.3842,0.9597,-6.0676,7.0273
-1.6074,-1.1096,-1.0895,0.0473,-2.3842,-26.9062,-22.9332,-3.973
-1.6524,0.3429,-0.0741,-0.1238,0.4271,37.5255,32.9392,4.5864
-1.0482,-0.5342,-0.1065,-0.7895,-0.8474,5.6249,9.5325,-3.9075
-0.3453,-0.7027,0.1584,-0.3654,0.4271,35.797,35.2961,0.5008
0.5348,-0.8727,0.4345,0.3069,0.4271,53.8442,49.6101,4.2342
-1.0028,-0.5417,0.8566,0.3576,-0.8474,29.0165,25.3179,3.6987
-0.4575,-0.8746,-0.5008,-0.4106,0.4271,29.6722,26.7754,2.8967
-0.6505,0.4796,-0.0702,-0.0829,0.4271,47.1857,45.5263,1.6593
-0.0403,0.1003,-0.3885,-0.0141,-2.3842,24.7407,12.4284,12.3123
-1.4752,-0.4716,-0.7585,-0.1547,-0.8474,2.0132,5.0586,-3.0454
-0.6953,-0.2827,-0.8946,-0.0017,0.4271,25.9822,30.6956,-4.7134
-0.2583,-0.4574,0.3308,0.1867,0.4271,44.8025,44.1505,0.652
0.804,-0.3592,-0.2102,0.359,0.4271,54.7749,53.6717,1.1033
1.0945,0.285,0.4414,0.7461,0.4271,82.3907,71.7309,10.6598
0.815,0.0802,1.0043,0.6756,0.4271,66.5995,70.2746,-3.6751
0.8263,-0.0592,0.1224,-0.7718,-0.8474,39.1787,36.8421,2.3366
0.7298,-0.6517,0.4151,0.301,0.4271,48.459,53.9942,-5.5352
-0.3498,0.9828,0.1176,-0.3671,0.4271,41.5808,53.8738,-12.293
-1.626,-1.1959,-1.016,0.0634,-0.8474,1.5618,-5.1676,6.7294
-1.7192,-1.1577,-0.7521,-0.7045,-0.8474,-15.2198,-9.0429,-6.1769
-1.3828,0.5651,0.3485,-0.8967,-2.3842,0.2926,2.8059,-2.5133
-0.5853,0.1889,-0.3788,-0.6255,0.4271,43.5881,36.8091,6.779
0.8205,1.0609,0.5414,0.4679,0.4271,79.2769,76.3563,2.9207
-1.3536,-0.6417,-0.7136,-0.756,0.4271,2.9702,15.7548,-12.7846
-1.3725,-0.2898,0.5928,0.0883,-2.3842,6.932,2.0301,4.902
0.8204,-0.0842,-0.9551,-0.0944,0.4271,35.1227,48.0567,-12.934
0.6506,-0.6997,0.8662,0.5868,0.4271,59.8155,58.063,1.7525
-0.7118,-1.1161,0.3222,-0.6659,-2.3842,-13.4972,-7.508,-5.9893
0.0284,-0.6243,0.0591,-0.1915,0.4271,37.2578,40.626,-3.3682
-0.4898,-0.0274,-0.3196,0.8791,0.4271,49.6819,46.3133,3.3685
-1.5258,-0.3336,-0.5719,-0.7001,-2.3842,-20.949,-14.5455,-6.4034
0.1557,-0.9691,-0.5326,-0.0528,-2.3842,12.3664,1.1244,11.242
0.016,-0.0887,0.2688,-0.2426,0.4271,54.2728,47.7733,6.4994
0.3198,0.5848,0.1436,0.3745,0.4271,62.8742,61.9277,0.9465
0.5301,1.2791,0.461,-0.4103,0.4271,59.6058,68.9753,-9.3695
0.0811,0.4835,0.6734,-0.1165,0.4271,65.2877,58.8955,6.3922
0.3444,-0.072,0.05,0.2421,0.4271,54.9505,53.166,1.7845
0.7854,-0.1775,0.2972,0.4513,0.4271,57.1547,60.0606,-2.9058
-0.0859,-0.1647,-0.3042,0.337,0.4271,48.8714,45.4475,3.4239
-0.868,-1.2185,-0.0395,0.286,-2.3842,0.8002,-6.4983,7.2984
0.1731,-0.5068,-0.1346,0.4821,0.4271,53.0724,46.6888,6.3836
-1.5327,-1.1839,-0.5012,0.0985,-1.1097,-10.9672,-2.9451,-8.0222
-1.2645,-0.7263,-0.7451,-0.1645,-0.8474,0.516,4.4848,-3.9689
-1.5774,-1.1503,0.2725,-0.0533,-2.3842,-20.0384,-13.2905,-6.7479
0.0159,0.2031,0.6965,-0.1197,0.4271,50.3314,55.1988,-4.8674
-0.7159,-0.8094,-0.0998,-0.2644,0.4271,26.0581,28.8397,-2.7817
0.3256,-0.2607,0.2817,-0.3081,0.4271,38.7188,48.8004,-10.0816
0.0989,-0.064,0.0562,-0.5652,0.4271,45.3437,45.0614,0.2823
0.0281,-0.7696,-0.8968,0.2065,0.4271,31.8961,34.4018,-2.5057
-0.5213,-1.1377,-0.0414,-0.3112,0.4271,24.4042,27.3584,-2.9541
0.0508,0.5639,0.05,-0.5427,0.4271,58.2025,51.7154,6.4871
0.7482,-0.2896,0.4915,-0.5581,0.4271,52.7717,52.8797,-0.108
0.131,0.7879,-0.3006,-0.0912,0.4271,55.7135,55.5336,0.1798
-0.0716,0.0194,-1.0825,0.4725,0.4271,36.6884,42.625,-5.9366
0.2607,-1.1655,0.4531,-0.8972,0.4271,32.2225,35.1539,-2.9314
-0.4768,0.0434,0.3669,-0.3114,0.4271,50.9316,44.2555,6.6761
-0.3023,-0.5945,-0.4614,0.3249,0.4271,44.2419,37.0021,7.2398
-1.0789,-0.6299,-0.9791,0.0083,0.4271,16.2022,22.1003,-5.898
-0.3162,-0.2981,-0.8749,0.4708,0.4271,38.0847,38.0204,0.0643
-0.5222,-1.1564,-0.0479,0.1521,0.4271,31.0026,30.3092,0.6934
-0.1005,-0.7671,0.3269,0.2216,0.4271,44.8205,42.571,2.2495
0.4243,-0.5521,0.1777,0.0198,0.4271,48.9421,48.0607,0.8814
1.073,1.2656,0.4613,-0.2083,0.4271,70.7613,76.0463,-5.2851
-0.0501,0.5592,-0.4767,-0.11,0.4271,49.722,49.5373,0.1847
-0.0533,0.1829,0.3604,-0.233,0.4271,52.6093,50.8579,1.7514
-0.7177,-1.146,-0.2233,0.3924,-1.1097,9.0468,10.3941,-1.3473
-0.8535,0.022,0.5703,0.8625,0.4271,51.8103,49.7035,2.1068
0.3597,0.0401,0.3107,0.123,0.4271,59.4216,55.7686,3.6531
-0.3822,-0.1358,0.4866,0.0652,0.4271,47.5418,46.7931,0.7487
-0.9587,-0.2959,-0.3321,-0.1754,0.4271,25.9372,30.8451,-4.9079
-0.0013,0.2883,0.4666,-0.7824,0.4271,43.5763,49.5969,-6.0206
0.2833,-0.1223,0.0436,-0.8881,0.4271,42.9663,44.0404,-1.0741
0.1756,-0.77,0.0152,-0.0181,0.4271,43.4673,41.4324,2.0349
-0.7235,-0.4751,0.6481,0.0384,0.4271,42.6235,40.3769,2.2466
0.3843,0.299,0.431,0.7498,0.4271,69.6111,64.2251,5.386
-0.9225,-0.7454,-0.4286,0.4491,0.4271,34.5249,29.7774,4.7475
-0.5745,-0.2442,-0.53,0.2464,0.4271,43.9191,36.9523,6.9668
-0.5517,-0.6592,1.0835,-0.6077,-2.3842,13.0489,5.6078,7.4411
0.9144,0.5498,1.0511,0.1334,0.4271,78.0255,73.2112,4.8143
-0.6363,-0.7214,0.1904,-0.6399,-2.3842,-8.1681,-3.0936,-5.0745
0.3279,0.3091,0.1882,0.2372,0.4271,67.1718,58.3039,8.8679
-0.7831,-0.6787,0.2673,-0.3109,-0.8474,12.8558,16.9501,-4.0942
-0.2302,0.0227,-0.3882,-0.2407,0.4271,44.1996,41.3477,2.8518
-0.5497,-0.86,-0.5076,0.0324,-2.3842,-4.625,-4.4216,-0.2034
1.1939,0.4626,0.2078,0.7621,0.4271,77.5991,73.1086,4.4905
-1.1247,-1.0559,0.7807,-0.3682,-2.3842,-4.3185,-5.6568,1.3383
1.1727,1.5517,0.486,1.1508,0.4271,89.1032,89.9687,-0.8656
-0.5974,0.5386,0.2883,-0.2707,0.4271,45.5993,48.2104,-2.6111
0.99,0.753,0.0595,0.2885,0.4271,81.3794,69.7546,11.6248
-0.8851,0.6867,0.5762,-0.7384,0.4271,37.919,45.7573,-7.8382
0.9358,-0.3136,0.7842,0.5663,0.4271,68.9622,64.6866,4.2756
-0.2665,0.3346,0.2806,0.6556,0.4271,50.5063,55.8415,-5.3351
-0.4578,-0.315,0.9245,0.4451,0.4271,52.3067,49.9777,2.329
-0.8656,0.0461,-0.2638,0.2738,0.4271,48.3949,39.3361,9.0588
-0.0733,-0.1331,0.7621,0.1061,0.4271,54.0259,52.5367,1.4892
1.3731,0.0837,0.6055,0.7241,0.4271,75.5067,73.5624,1.9443
-0.1706,0.1932,-0.2156,-0.3059,0.4271,43.3822,44.7774,-1.3952
-0.6857,-0.1329,0.486,0.0431,0.4271,42.4118,43.4172,-1.0054
0.041,0.6374,-0.1077,-1.0478,0.4271,42.2575,47.7128,-5.4553
-0.1348,0.7338,-1.4022,-0.014,0.4271,40.3163,44.1406,-3.8243
0.1312,1.1692,0.374,0.2037,0.4271,66.4615,67.0644,-0.6029
1.3492,0.5247,-0.2198,-0.0962,0.4271,73.9112,66.2142,7.697
1.4203,0.8658,0.0892,0.3628,0.4271,82.3654,76.3788,5.9866
0.5298,0.6531,0.3139,0.5199,0.4271,65.7872,67.2669,-1.4797
-0.3445,-0.5911,-0.5734,0.2787,0.4271,24.2768,35.4057,-11.1288
-0.3567,-1.4715,-0.7641,-0.089,-2.3842,-10.5376,-12.0455,1.5078
0.2205,0.6368,0.5304,0.0181,0.4271,51.1733,61.9471,-10.7738
-0.455,0.3776,0.449,-0.5432,0.4271,50.4442,47.267,3.1772
0.6893,1.0591,0.6508,0.0895,0.4271,76.4933,73.1411,3.3523
-0.7001,-1.5774,-0.934,-0.512,-2.3842,-24.2019,-21.1638,-3.0381
0.1769,-0.3721,-0.6185,0.3198,0.4271,32.9917,43.3939,-10.4022
0.7445,1.1535,0.7204,-0.4662,0.4271,69.5472,71.4677,-1.9205
0.3614,0.3078,0.821,-0.284,0.4271,60.1568,59.8935,0.2633
-0.5609,-0.8792,0.307,0.4296,0.4271,43.1169,37.6701,5.4468
-1.0968,-0.7883,-1.6669,-0.7483,-0.8474,-9.3375,-5.5635,-3.774
-0.5465,-0.2406,-0.088,-0.6138,0.4271,36.1088,34.7148,1.394
0.6849,0.2273,0.547,1.132,0.4271,65.5131,70.1886,-4.6755
1.095,0.6897,0.2867,-0.0532,0.4271,69.8758,69.5413,0.3345
-0.3677,0.1142,-1.3022,-0.5462,0.4271,32.0575,31.7481,0.3094
-1.8317,-0.892,-1.3121,-0.5196,0.4271,4.4628,4.8568,-0.394
0.5856,-1.2217,-0.2491,1.1005,-2.3842,13.017,13.0886,-0.0717
-1.6034,0.0777,-0.1395,-0.226,0.4271,28.672,29.2686,-0.5967
0.4662,0.7825,0.0747,0.9178,0.4271,77.3736,68.9659,8.4077
-1.0903,0.206,-0.1791,0.4062,-0.8474,25.4394,25.1575,0.282
-0.6258,0.2294,0.5194,-0.421,-0.8474,33.893,30.0215,3.8715
-1.3747,-0.0218,0.1156,-0.6215,0.4271,39.3167,29.8145,9.5023
0.7559,0.7636,0.944,1.0612,0.4271,81.3777,79.5427,1.835
0.8218,0.3703,0.9955,0.0381,0.4271,73.9827,69.1112,4.8716
-0.2398,0.7045,1.0835,0.4526,0.4271,59.2157,65.0531,-5.8374
1.3006,0.8548,0.3689,-0.0293,0.4271,70.3354,74.3991,-4.0638
-0.6605,-0.8948,0.279,0.1818,-0.8474,18.2778,19.3485,-1.0708
-0.1811,-0.6781,-0.7516,-0.1263,0.4271,35.5058,31.9925,3.5134
-0.5672,0.664,-0.7454,-0.0328,0.4271,39.575,43.646,-4.071
-0.0792,0.778,-0.1259,0.0038,0.4271,57.3105,55.1756,2.1349
0.8249,0.3245,0.4464,0.1988,-0.8474,47.2517,50.3794,-3.1277
1.5605,0.6366,0.1349,-0.1113,0.4271,76.2328,72.3602,3.8726
1.0843,0.1948,-0.6165,0.4299,0.4271,74.5843,60.2711,14.3132
1.7659,0.494,0.2807,0.1829,0.4271,78.928,76.123,2.8049
-0.1736,-0.2523,0.2491,0.4265,0.4271,48.0152,48.4015,-0.3863
-0.3181,0.8938,-0.5485,0.2788,0.4271,54.4619,52.5774,1.8844
-0.464,-1.0122,-0.3531,-0.3606,-0.8474,8.1521,11.5006,-3.3485
0.9262,-0.0628,-0.2455,0.289,0.4271,54.3967,57.5558,-3.1591
0.1979,-0.5612,0.2261,0.1596,0.4271,45.8427,46.8765,-1.0338
1.0619,0.237,0.0163,-0.1334,0.4271,65.8161,61.4586,4.3575
0.8603,1.291,0.725,0.1854,0.4271,65.9627,78.819,-12.8563
-0.3329,-0.7488,0.2404,-0.3668,0.4271,39.2283,35.53,3.6983
0.7726,-0.247,-0.4553,0.9792,0.4271,55.9907,57.0222,-1.0315
-0.4571,0.1438,0.1974,0.4181,0.4271,50.7134,49.3621,1.3513
-0.8083,-0.3558,-0.7116,0.6733,0.4271,36.3479,34.7633,1.5846
-0.4073,-0.4363,0.0645,0.0661,0.4271,46.841,39.9038,6.9372
1.3064,1.379,-0.0204,0.5323,0.4271,70.8733,81.2646,-10.3913
1.2858,0.777,0.6366,-0.2165,0.4271,75.832,74.1242,1.7077
0.2255,0.7449,0.4669,0.9021,0.4271,71.626,68.8735,2.7525
0.4031,-0.7549,0.1075,0.13,0.4271,46.912,45.7798,1.1322
-0.2336,-0.3352,0.693,-0.1714,0.4271,40.6185,46.0871,-5.4686
0.1944,-0.4479,-1.0146,-0.6523,0.4271,30.8767,32.9247,-2.048
-0.622,-1.2625,0.4058,-0.8164,-2.3842,-7.4899,-8.5949,1.105
0.9251,0.1251,-0.3325,0.3544,0.4271,56.2537,59.4417,-3.188
0.989,-0.6322,0.4891,-0.728,-0.8474,46.2492,35.2667,10.9825
-0.0212,-0.161,0.0184,0.4993,0.4271,54.802,49.7933,5.0087
0.924,0.2403,-0.0043,0.3278,0.4271,65.4401,63.0657,2.3744
0.9768,0.2373,0.7959,0.2445,0.4271,57.8917,69.1737,-11.282
1.5439,1.8968,-0.3713,0.8356,0.4271,82.6281,89.0392,-6.4111
0.9872,0.4175,-1.3032,1.0637,0.4271,55.4055,60.8577,-5.4521
1.287,0.5097,0.1198,1.2683,0.4271,75.7246,77.4759,-1.7513
-0.9985,-1.4225,-0.8309,-0.0942,-0.8474,3.9271,-0.664,4.591
0.8014,1.1556,0.6292,0.1198,0.4271,72.552,75.4718,-2.9199
1.1664,0.4587,1.0006,0.2361,0.4271,74.3331,75.2118,-0.8786
0.4795,-0.501,0.081,0.1345,-2.3842,8.8469,15.8809,-7.0341
-0.0793,0.2451,-0.4369,-0.9255,0.4271,39.4888,40.3309,-0.8421
-0.5093,-0.6052,0.3879,-0.0238,0.4271,44.0594,38.7749,5.2846
0.8641,0.5576,-0.3197,0.2719,0.4271,62.4501,63.1764,-0.7263
-1.6193,-0.611,-0.2002,-0.5616,0.4271,13.1028,18.5554,-5.4526
-0.4854,0.4439,0.1878,0.0799,0.4271,46.7489,50.0094,-3.2605
0.042,-0.8957,0.4282,-0.289,-0.8474,24.4769,24.741,-0.2641
-1.6037,-0.7066,-0.5803,-0.1632,-0.8474,3.1483,2.3504,0.7979
0.1921,0.1344,0.3015,-0.437,0.4271,56.4122,51.0696,5.3426
-0.2017,-1.007,-0.1185,0.2209,-0.8474,14.1765,20.2158,-6.0393
-0.292,0.5865,-0.3871,-0.7036,0.4271,48.2618,43.8162,4.4456
0.2928,-0.4559,0.2769,0.2542,0.4271,50.2971,50.1266,0.1705
-1.6943,-1.286,0.304,0.0383,-2.3842,-13.3785,-15.1893,1.8108
0.0421,0.4796,-0.564,0.3841,0.4271,54.6933,52.3928,2.3005
0.3541,0.0346,-0.1956,0.3953,0.4271,61.7359,53.6444,8.0916
1.2779,0.5288,0.4303,-0.5918,0.4271,64.3256,67.0521,-2.7264
0.7108,-0.7255,0.0713,-0.1776,-2.3842,4.7596,13.5906,-8.831
0.6458,1.0715,-0.4329,0.1808,0.4271,75.7287,65.1121,10.6166
0.5012,0.506,-0.1804,-0.0943,0.4271,52.9573,57.2337,-4.2763
-0.0704,-0.413,-0.0147,-0.3943,0.4271,45.2499,39.9662,5.2837
0.3438,-0.1343,0.1792,0.2578,0.4271,53.9901,53.5621,0.428
1.6445,1.7341,1.0058,0.3773,0.4271,91.9911,95.6973,-3.7062
0.0146,0.1221,0.1387,-0.0665,0.4271,41.9952,50.352,-8.3567
0.4747,1.7913,-0.6921,0.0421,0.4271,61.3805,68.4142,-7.0336
0.667,-0.0113,0.7991,-0.414,0.4271,61.555,58.508,3.047
-0.6245,-0.2313,-0.1753,-0.0706,0.4271,46.3969,37.0867,9.3102
-1.5068,-1.5051,0.8559,0.1205,-2.3842,-12.7482,-10.8263,-1.9219
-1.3112,-1.3979,-0.2005,0.0895,-2.3842,-20.3883,-15.8693,-4.5189
-1.4459,-0.0817,-0.4509,0.2019,-0.8474,23.3877,14.6015,8.7862
1.0266,0.1203,0.254,0.1649,0.4271,69.7621,63.6689,6.0932
-0.2287,-1.5855,0.2487,-0.4936,-2.3842,-8.5106,-6.9778,-1.5328
0.8149,1.8174,0.462,0.5863,0.4271,76.4428,85.0144,-8.5716
-0.3329,0.149,-1.0713,-0.0683,0.4271,39.1229,37.6107,1.5122
-0.1321,0.9169,0.5646,0.0004,0.4271,55.1333,61.4596,-6.3263
-1.547,0.5232,-0.3052,-0.5615,0.4271,24.4709,31.2758,-6.8048
-0.1733,-0.9869,0.0011,0.1808,0.4271,38.1096,36.5292,1.5804
-1.1914,-0.8654,-0.3737,-0.6761,0.4271,20.2102,18.1473,2.0628
0.8826,1.5855,0.369,0.8318,0.4271,82.2884,84.1236,-1.8352
0.4784,0.4062,0.265,0.3273,-0.8474,45.1625,47.0839,-1.9214
0.1786,0.3887,0.9737,1.3317,0.4271,71.3045,71.2507,0.0538
0.4296,0.4976,0.5453,0.3649,0.4271,68.0425,65.1481,2.8943
0.3208,0.7161,-1.2888,0.2871,0.4271,49.9627,51.7879,-1.8252
0.0995,0.2042,-0.5483,0.5866,0.4271,55.7255,51.4406,4.2849
0.9207,0.0258,0.6703,-0.0789,0.4271,66.9643,62.9817,3.9826
-0.6668,-1.0894,-0.6732,-0.1381,-0.8474,11.6376,7.5438,4.0939
-0.7985,0.9391,-0.3056,0.3223,0.4271,57.764,50.1122,7.6518
-0.5905,0.1803,-1.8968,0.1765,0.4271,28.6743,30.5538,-1.8795
0.5355,0.13,0.632,-0.026,0.4271,71.9591,60.0984,11.8607
0.3457,-0.2556,0.4022,0.0923,-1.1097,36.7797,34.5256,2.2541
-0.0466,1.4362,0.0165,-0.585,0.4271,61.7309,59.9288,1.8022
-0.0439,0.6578,-0.8282,0.5974,-0.8474,28.7871,37.7847,-8.9976
0.2438,0.6191,-0.6728,0.31,0.4271,64.3902,54.7697,9.6205
-0.4625,-0.9275,0.3365,-0.6983,-0.8474,9.341,15.4264,-6.0854
1.2067,1.2777,0.3302,0.4996,0.4271,67.8209,81.5276,-13.7067
0.0206,-1.1048,0.4057,0.179,0.4271,38.8667,40.3814,-1.5147
-0.2136,-0.8512,-0.4234,-0.478,-2.3842,-8.2446,-3.6214,-4.6232
0.5148,0.6014,-0.4948,0.0791,0.4271,54.7805,57.2399,-2.4594
-0.0963,-1.37,0.3213,-0.2932,0.4271,28.595,32.215,-3.62
-0.3821,-0.6606,0.0426,0.5248,-2.3842,3.2806,7.2715,-3.9909
1.2815,-0.6063,-0.1876,0.3417,0.4271,56.9868,56.0607,0.9261
-0.0262,-0.7033,0.2704,0.1367,0.4271,57.1248,43.0586,14.0663
-0.1883,-1.6349,-1.5469,0.2355,0.4271,9.2426,17.5525,-8.3099
-0.6524,-1.1768,0.1023,0.5221,0.4271,35.5251,32.4121,3.113
0.6975,-0.2954,0.6731,-0.3736,0.4271,55.1791,54.9509,0.2282
-0.9045,-0.9853,-0.7605,0.4914,-2.3842,-9.121,-8.3868,-0.7342
-1.0653,0.7772,0.5619,-0.7351,0.4271,42.5677,44.7565,-2.1888
-1.6836,-1.2656,-0.3187,-0.0895,0.4271,14.2617,12.8746,1.3871
-0.4065,1.0703,0.5515,0.6731,0.4271,61.8133,64.8204,-3.0071
-0.6466,0.1892,0.6376,-0.0099,0.4271,55.1447,48.2555,6.8893
0.9058,0.8659,0.8841,0.1916,0.4271,78.6964,75.7936,2.9028
0.8389,0.7454,-0.3552,0.2335,0.4271,70.4919,64.4784,6.0134
-0.9021,0.4478,1.0835,-1.1272,0.4271,46.489,44.0895,2.3996
0.8395,0.3806,0.2679,-0.2263,0.4271,65.2634,61.9794,3.2841
-1.5056,-0.4643,0.2748,0.2299,-0.8474,15.6622,15.4382,0.224
0.551,0.8571,0.5246,0.1693,0.4271,65.1189,68.972,-3.8531
-0.1384,0.6085,0.6407,0.4494,0.4271,58.8158,61.6308,-2.8149
0.1769,0.8021,0.2472,-0.0954,0.4271,68.376,60.3722,8.0037
0.8017,-0.0013,0.1782,0.8718,0.4271,60.3886,64.224,-3.8354
-0.2119,1.0674,-0.5575,-0.3041,0.4271,32.8969,51.5484,-18.6515
-0.0986,-0.5244,-0.9189,0.6496,-2.3842,4.2635,5.3115,-1.048
1.2964,0.9723,0.4422,0.8522,0.4271,82.6318,82.3671,0.2647
-1.4664,-0.5363,-0.9343,-0.0182,0.4271,11.0267,19.1618,-8.135
-0.0446,0.2317,-0.4203,-0.2015,0.4271,48.0652,45.7117,2.3535
0.6696,0.7483,0.3392,0.1001,0.4271,73.3778,67.1121,6.2657
-0.4125,-0.3149,0.5649,0.323,0.4271,48.7441,46.8487,1.8954
0.5946,-0.2678,0.3491,-0.0482,0.4271,48.5152,53.9276,-5.4123
0.1825,-0.0625,-0.5875,-0.1783,0.4271,34.4544,43.7107,-9.2563
0.6666,0.4347,0.2321,-0.126,0.4271,57.7867,61.1578,-3.3711
0.6415,-0.2491,0.2848,0.2494,0.4271,61.9674,56.2143,5.7531
-0.2997,0.2014,-0.405,0.1692,0.4271,49.4426,45.3321,4.1105
-0.9991,-0.1398,0.5927,-0.6705,-0.8474,24.0279,20.7011,3.3268
0.856,1.014,0.3332,0.0566,0.4271,74.3399,71.7483,2.5916
-0.5303,-0.2711,1.0835,0.4633,-0.8474,37.3587,35.9039,1.4547
-0.0459,0.5175,0.4427,-0.1261,0.4271,53.5667,56.0751,-2.5085
-0.2332,-0.3331,0.2688,0.1278,0.4271,37.5614,44.93,-7.3686
0.8546,0.116,0.0303,-0.1586,-2.3842,22.133,24.4098,-2.2767
-1.6178,-0.6735,0.6935,-0.6886,-2.3842,-2.2565,-9.5382,7.2818
-1.5074,-1.026,0.19,-0.3622,-0.8474,-4.2476,4.3346,-8.5822
0.3682,0.2603,0.4691,-0.3756,0.4271,67.9538,56.0878,11.866
0.6627,0.2491,0.4938,-0.0772,0.4271,61.5574,61.3812,0.1763
0.155,-0.7174,0.1215,-0.1764,0.4271,37.8561,41.5201,-3.664
0.288,0.2565,-0.6928,0.1466,0.4271,49.4922,49.877,-0.3848
-1.5807,-0.5129,-0.8955,-0.468,-2.3842,-23.6463,-18.0272,-5.6191
0.7112,-0.4821,0.7573,0.6448,0.4271,56.9294,60.7257,-3.7962
0.894,1.0688,0.645,0.1513,0.4271,67.3679,75.8284,-8.4605
0.0013,-0.3223,-0.7419,0.3187,-0.8474,20.6122,25.9741,-5.3619
-1.673,-1.1779,-0.0441,-0.3959,-0.8474,-6.2502,-1.1843,-5.0659
-0.4304,0.1819,-1.2375,1.3134,0.4271,42.4524,45.2618,-2.8095
0.0797,-0.1517,0.5501,-0.343,0.4271,54.4682,49.2131,5.2551
0.142,-0.4653,-0.4125,-0.5376,0.4271,33.765,37.5975,-3.8325
-0.4461,-0.7316,-1.1648,-0.7537,0.4271,20.1546,21.011,-0.8563
-0.1165,-0.0791,0.4659,0.676,0.4271,51.8112,54.3638,-2.5526
-1.4158,-1.3095,-0.1977,-0.9534,-0.8474,-7.8835,-4.9658,-2.9176
0.8919,0.7722,-0.3023,-0.639,0.4271,54.6199,59.6898,-5.0699
-0.3939,-0.4724,0.0924,-0.2071,-2.3842,2.9419,4.5582,-1.6162
-0.1816,-0.2267,-0.378,-0.0532,-2.3842,13.6381,7.0467,6.5914
0.3548,0.1602,0.4618,0.1254,0.4271,51.2897,58.2455,-6.9558
0.7173,1.2055,0.3376,-0.3054,0.4271,73.4554,69.933,3.5224
0.4191,-0.6325,0.6055,0.6452,0.4271,57.3141,54.7391,2.575
0.2923,-0.1441,0.3129,-0.5697,-0.8474,37.6159,33.0354,4.5804
0.4454,-1.0733,-0.2599,0.5258,0.4271,48.5301,42.5771,5.953
0.8052,-0.4157,0.437,0.3881,0.4271,56.6478,58.2296,-1.5818
-0.5012,-0.2481,-0.1061,0.0259,0.4271,38.2355,39.423,-1.1875
-0.0865,-0.8087,-0.8575,-0.0207,0.4271,26.9872,31.4563,-4.4692
0.8932,-0.0929,0.4703,0.1192,0.4271,58.7119,61.1897,-2.4778
-0.2835,-0.9286,0.1514,-0.7826,0.4271,28.8206,30.4639,-1.6433
-0.3653,-0.8952,-0.2285,-0.0824,-0.8474,21.0874,16.7661,4.3214
-0.5762,-0.1604,-0.386,-0.0299,0.4271,35.0712,37.0642,-1.993
0.3043,-0.7479,0.8438,0.2858,-2.3842,20.2854,18.1484,2.137
-0.5136,-1.0876,0.32,0.3222,-0.8474,16.0744,20.0465,-3.9721
0.3434,0.4628,0.5334,0.0385,0.4271,57.8116,61.4732,-3.6616
-0.7166,0.137,-0.1959,0.268,0.4271,45.9715,42.437,3.5345
-1.5262,-1.1166,0.1118,-0.5176,-2.3842,-12.6911,-16.8264,4.1353
-1.1418,-0.8991,0.0717,-0.7687,-2.3842,-7.1427,-12.3168,5.1741
0.5688,-0.2146,-0.2779,0.0914,0.4271,51.3892,50.3967,0.9925
-0.8946,-0.8882,-0.1499,0.7177,0.4271,26.6656,32.481,-5.8154
-0.0744,-0.1776,0.3503,-0.131,0.4271,45.3397,47.2073,-1.8675
-0.5292,0.434,0.2613,-0.7943,0.4271,40.8226,43.9172,-3.0946
-1.5708,-0.3039,0.7359,-0.9863,-2.3842,-8.7284,-6.622,-2.1064
-0.4278,1.0915,0.4435,-0.4307,0.4271,55.1927,56.3264,-1.1337
0.0601,-0.4413,0.2484,-0.4109,0.4271,49.2326,42.9541,6.2785
-1.6392,-1.5757,0.302,-0.1592,0.4271,10.0011,14.1539,-4.1528
1.2902,1.1522,0.6334,0.2153,0.4271,78.4678,81.3673,-2.8995
-0.4244,-0.8345,-0.4228,-0.8739,0.4271,13.0752,24.9602,-11.8849
-1.8584,-1.1125,-0.9018,-0.9571,0.4271,5.4234,2.2059,3.2175
-1.1695,-1.2409,0.2881,-0.7596,-2.3842,-18.6829,-14.7283,-3.9545
-1.4726,-1.3823,-1.0957,-0.1764,0.4271,-0.0059,7.2405,-7.2463
-0.3517,-0.4195,0.114,-0.398,0.4271,45.9963,37.8427,8.1535
-0.12,0.9808,0.0642,-0.0611,0.4271,61.1547,58.0298,3.1249
1.4774,0.7716,0.9832,1.0219,0.4271,82.4875,87.3901,-4.9026
0.6119,0.1613,0.5836,0.0645,0.4271,59.6477,61.5253,-1.8776
0.8557,0.1496,-0.0382,0.0668,0.4271,61.7713,59.2393,2.532
-1.1102,-0.6325,0.1954,-0.1855,0.4271,24.583,29.4251,-4.8421
-0.273,0.2999,-0.6831,-0.3153,0.4271,49.4173,41.2181,8.1993
0.3911,-0.1341,-0.0808,-0.4035,0.4271,42.8605,47.4747,-4.6141
1.5924,0.7284,0.5505,0.7148,0.4271,80.0942,82.6738,-2.5796
0.1056,0.5176,0.5659,-0.0155,0.4271,55.6701,59.4157,-3.7456
-0.1611,0.4123,0.8179,0.1255,0.4271,66.4605,58.2923,8.1682
-0.3962,-0.9086,0.3764,-0.2591,0.4271,35.684,34.8514,0.8326
1.6649,0.7628,-0.1045,0.4473,0.4271,87.796,76.9394,10.8565
-0.4088,0.537,0.119,-0.5218,0.4271,49.3679,47.1651,2.2028
-1.2953,-0.4765,0.2377,-0.2323,0.4271,31.1775,29.1958,1.9817
-0.2961,-0.4302,-0.7446,0.3474,-0.8474,21.9487,21.7532,0.1955
-0.3942,-0.6259,0.0941,-0.6248,0.4271,28.362,33.3379,-4.9759
1.4242,0.677,0.1137,0.2439,0.4271,78.6297,73.6581,4.9716
0.3928,0.0929,0.3804,-0.8691,0.4271,54.9316,50.3564,4.5752
1.117,0.0542,0.2366,-0.0648,0.4271,64.7874,62.1663,2.6212
-0.2614,0.409,0.4186,-0.5274,0.4271,41.6601,49.5708,-7.9108
1.0222,0.7497,0.4421,0.5421,0.4271,71.425,74.7693,-3.3443
-1.2486,-1.2231,0.0242,-0.9949,-2.3842,-22.868,-19.0411,-3.827
-0.0025,-0.4211,-2.172,0.026,0.4271,18.3176,26.9264,-8.6088
1.2307,1.2834,0.3334,0.3821,0.4271,82.5294,81.0567,1.4727
0.2926,0.514,0.0108,-0.0223,0.4271,64.0095,57.0604,6.9491
-0.8674,-0.2037,-0.627,-0.1133,-2.3842,-6.7721,-2.3756,-4.3965
-1.5706,-1.0658,-0.0534,0.3519,0.4271,25.4498,21.4412,4.0085
0.5098,0.0398,0.0511,-0.5247,0.4271,51.5859,50.8731,0.7128
-0.021,-0.0521,0.3635,-0.3504,0.4271,38.7256,47.7683,-9.0427
-0.7225,0.4326,-0.9122,0.1213,0.4271,47.1249,39.1668,7.9581
0.9354,0.8657,-0.3372,0.8751,0.4271,65.88,71.4632,-5.5831
0.021,-0.6119,0.0152,-0.8926,0.4271,38.8672,35.474,3.3931
0.0057,-0.5805,-0.0233,-0.2007,0.4271,41.6887,40.1766,1.5121
-0.4316,-1.0211,0.3501,0.1655,0.4271,31.0317,35.9561,-4.9244
0.9836,0.8903,0.2879,-0.9312,0.4271,67.1056,64.5092,2.5964
0.4053,0.7673,0.5119,0.4259,0.4271,70.5318,68.088,2.4439
0.4413,1.1467,0.8904,0.2465,0.4271,71.2313,74.4036,-3.1723
-0.9234,0.0964,-0.4692,0.0213,-2.3842,11.5616,2.5477,9.0139
0.417,0.3109,0.2528,0.4048,0.4271,54.9104,60.9398,-6.0294
-1.294,0.6044,-0.5006,-0.2864,0.4271,29.7375,35.3093,-5.5717
1.4432,0.5974,0.6602,1.166,0.4271,88.4886,83.5813,4.9073
-1.0618,0.4301,-0.4003,-0.6327,0.4271,28.7394,34.2005,-5.461
-0.3388,-0.8129,0.1082,-0.3773,0.4271,32.9003,33.6575,-0.7572
-0.5647,-1.4507,-0.6837,-0.6402,-2.3842,-14.8198,-17.2544,2.4346
-0.9793,-1.2968,0.1968,-0.8537,-2.3842,-15.7055,-14.6754,-1.0301
0.2957,-0.2178,0.4215,0.1984,0.4271,54.9674,53.5593,1.4081
-0.9389,-0.1834,-0.9546,-0.0679,0.4271,29.9379,28.2805,1.6574
-0.1293,0.1801,0.1813,-1.0101,0.4271,43.5717,43.2317,0.34
1.227,0.7006,-0.1086,0.6407,0.4271,80.6663,72.8599,7.8064
-0.9877,0.8774,-1.6626,0.289,0.4271,43.0114,36.7207,6.2907
-1.4796,-0.3467,0.4442,-0.6732,0.4271,30.606,27.2053,3.4007
-0.2782,-0.2678,-0.3832,-0.1267,0.4271,41.8391,38.3974,3.4418
-0.8607,0.3188,0.0978,0.4428,0.4271,38.1294,46.4115,-8.2821
-1.6254,-0.5311,1.0835,-0.8928,0.4271,30.6957,26.9611,3.7346
-0.986,0.2048,-0.7487,0.4155,-0.8474,17.9191,21.9435,-4.0244
0.4295,1.1194,-0.5271,0.3724,0.4271,65.965,63.9398,2.0252
-1.6696,-0.4193,-0.0185,-0.0593,0.4271,22.8756,25.0615,-2.1858
0.7617,1.4806,0.4254,-0.0675,0.4271,74.1544,75.8319,-1.6776
-0.3071,-0.3848,0.4509,-0.2302,0.4271,42.9806,42.4705,0.5101
0.9342,0.4776,-0.2948,0.4986,0.4271,57.8229,64.7954,-6.9724
-0.6967,-0.0994,-1.1332,0.1329,0.4271,28.5953,31.8426,-3.2472
0.3178,0.3232,-0.408,0.1591,0.4271,50.1269,53.2248,-3.0978
0.5006,-0.5861,0.3266,-0.4692,-2.3842,6.0682,12.8439,-6.7758
0.5903,-0.1276,0.5267,0.079,0.4271,55.8282,57.7089,-1.8807
-0.3256,-0.4897,-0.8699,-0.7421,0.4271,35.4404,27.3722,8.0681
1.1587,1.3379,-1.0576,0.8379,0.4271,72.0991,73.3639,-1.2648
1.2001,1.9047,0.1921,-0.2107,0.4271,75.5696,82.5075,-6.9379
-0.8018,0.3839,0.0091,0.125,0.4271,40.0346,44.8837,-4.8492
0.9139,0.3741,0.97,0.8458,0.4271,72.1426,75.5575,-3.4149
-1.2633,0.1309,-0.0346,-0.5781,-2.3842,-8.4163,-1.5292,-6.8871
1.2744,0.5079,0.6625,0.0106,0.4271,74.2327,72.7537,1.479
-0.442,-0.3763,-0.0744,0.504,0.4271,42.7317,42.1812,0.5506
-1.4321,-0.9098,-0.1269,-0.0768,-2.3842,-20.2096,-12.2652,-7.9444
-0.186,-0.0806,1.0545,0.3929,0.4271,51.2454,56.1638,-4.9184
-1.6817,-0.922,-0.5431,-0.4718,0.4271,9.387,12.375,-2.9879
-0.5831,-0.7906,0.64,0.3413,-0.8474,24.6932,25.2353,-0.5421
-0.1313,0.2941,-0.3033,0.6023,0.4271,47.4621,51.9708,-4.5087
-0.145,0.956,-0.3173,0.3102,0.4271,54.1442,57.1296,-2.9854
-0.2765,-0.8376,0.1916,-0.4724,0.4271,31.6805,34.0279,-2.3474
0.6154,1.2204,0.3526,-0.4828,0.4271,67.4837,67.8915,-0.4077
-0.3566,-0.1841,-1.1703,0.238,0.4271,32.1469,34.9787,-2.8318
-0.8819,-0.092,0.4138,0.0079,-0.8474,26.719,25.8324,0.8866
-0.9131,-0.5677,-1.7409,-0.1301,-2.3842,-5.5381,-15.6456,10.1075
0.5177,0.0108,0.6854,0.1822,0.4271,56.501,60.4267,-3.9257
-0.8627,0.7384,-1.0326,-0.0149,0.4271,42.4161,39.2307,3.1854
1.1438,0.8769,0.9,0.0588,0.4271,76.665,77.6664,-1.0014
-0.4158,-0.9578,0.2975,-1.005,-2.3842,-8.6809,-5.1038,-3.5772
-0.1224,1.2826,0.4413,0.3012,0.4271,63.5967,66.8185,-3.2218
0.7391,0.9328,-0.6219,-0.8093,0.4271,60.601,56.2161,4.3849
0.5258,0.0062,0.1044,-0.4923,0.4271,54.141,51.3018,2.8393
1.1494,1.5468,0.4423,1.1064,0.4271,91.2641,89.0186,2.2455
-1.8715,-0.3667,-0.1673,-0.2646,0.4271,27.4311,20.9175,6.5136
-0.4948,0.7539,-1.3985,0.5414,0.4271,46.9059,44.3973,2.5086
-1.4532,-0.2152,0.2173,0.0147,0.4271,28.9671,32.0018,-3.0347
0.3505,-0.7361,0.524,0.341,0.4271,47.8613,50.097,-2.2356
-0.8367,-0.5695,0.0226,-0.3323,0.4271,30.1056,30.7143,-0.6087
-0.1222,-0.3367,-0.2998,0.0847,0.4271,40.7955,41.4047,-0.6092
-0.5728,-0.0409,0.6459,-0.8352,0.4271,34.1223,40.7849,-6.6626
-1.4048,-0.4847,-0.0547,-0.1113,0.4271,14.5368,26.5225,-11.9857
-1.697,-0.097,-0.4381,-0.7966,0.4271,19.3327,20.038,-0.7053
0.2017,0.1686,0.8555,-0.1729,0.4271,53.7855,57.6554,-3.8699
0.393,0.6625,0.8124,0.0609,0.4271,70.4019,66.5516,3.8503
-0.3283,0.5147,-0.3625,-0.445,0.4271,47.3092,44.607,2.7021
-0.7734,-1.0194,-2.142,0.0964,0.4271,15.1286,12.6598,2.4688
-0.3075,-0.6081,0.3534,-0.0251,0.4271,40.2488,40.6299,-0.3811
0.3794,0.1605,0.2741,0.4365,0.4271,50.3611,59.2304,-8.8693
-0.9992,-1.1615,-0.1033,-0.9936,-0.8474,6.533,1.6094,4.9236
0.1376,-1.5793,0.2549,0.3302,-2.3842,-2.7149,2.7917,-5.5066
-0.2514,0.8509,0.009,-0.278,0.4271,48.5084,53.23,-4.7216
0.0277,-0.2588,0.3081,-0.3507,0.4271,41.0447,45.5379,-4.4932
0.4757,-0.5574,-0.2218,-0.268,0.4271,48.2745,43.4774,4.7971
1.4695,1.0066,0.9114,0.5338,0.4271,80.6335,86.0031,-5.3696
0.6713,0.6436,-0.2985,-0.3895,0.4271,66.6885,57.6436,9.0449
0.7923,0.5918,0.2967,0.6719,0.4271,73.2746,70.3145,2.9601
0.5191,1.2662,0.2288,0.1771,0.4271,75.2619,71.0096,4.2523
-0.464,-0.0468,0.1524,0.0696,0.4271,52.2585,44.377,7.8815
-1.0497,-0.8448,-1.5269,-0.4743,0.4271,10.2399,12.4283,-2.1884
-0.825,-0.6455,0.6456,-0.089,0.4271,34.4811,36.469,-1.9879
-1.4716,0.5044,0.5149,-0.5591,-0.8474,20.0198,23.0565,-3.0367
-0.6144,-1.0947,0.6102,0.1011,0.4271,38.0824,34.7226,3.3598
0.7207,-0.8194,0.6073,-0.058,0.4271,50.5018,50.9958,-0.494
-0.5346,-0.9267,0.6407,0.5183,0.4271,44.3528,40.6021,3.7508
-0.6325,-1.0914,-0.6285,0.2161,0.4271,20.4068,25.8361,-5.4293
1.3894,0.8919,0.6758,1.2962,0.4271,89.3871,87.3427,2.0444
-0.3314,-0.4252,-0.3652,-0.2482,-2.3842,3.1459,1.9517,1.1943
0.177,0.9615,0.9539,0.019,0.4271,68.7397,68.3969,0.3428
1.5553,1.244,-0.5152,0.0412,0.4271,74.257,75.1925,-0.9356
0.7361,-0.584,0.0382,-1.0941,-2.3842,16.8593,8.827,8.0322
-0.6165,0.9941,-0.9389,0.4144,0.4271,46.9349,48.4481,-1.5132
1.2069,0.6102,-0.1356,0.5614,0.4271,77.6907,70.8693,6.8213
-1.5933,-0.3888,0.5722,0.3059,0.4271,32.4839,33.3043,-0.8204
0.4429,-0.1216,0.5478,0.3486,-0.8474,48.4855,43.0926,5.393
-0.4307,-0.7088,-0.2249,-0.3932,0.4271,34.267,31.1693,3.0977
1.3201,1.4664,-0.0649,-0.1005,0.4271,82.6062,77.6531,4.9531
-1.0611,0.2232,0.2837,0.6379,-2.3842,20.7713,12.5763,8.1951
-0.1432,-0.3853,-0.7853,0.3556,0.4271,35.2286,38.7819,-3.5534
0.362,0.4048,-0.7471,-0.2554,0.4271,39.4945,49.1261,-9.6317
-0.4537,-1.3326,0.3814,-0.9145,-2.3842,-9.9194,-8.4495,-1.4699
-1.6224,-1.2005,-0.3005,-0.3534,-2.3842,-22.0928,-20.8307,-1.2621
1.773,1.4909,0.2078,0.5905,0.4271,94.585,89.6821,4.903
1.0374,0.1864,-0.1397,-0.6815,0.4271,61.5043,55.6154,5.8888
0.1675,0.0531,0.6316,-0.2068,0.4271,42.5897,54.0316,-11.4419
0.5955,0.3538,0.8293,-0.1783,0.4271,65.1954,63.7177,1.4778
0.4972,0.6635,0.0377,0.2174,0.4271,60.8608,62.8064,-1.9456
-0.2167,0.399,-0.9299,0.3669,0.4271,38.5993,45.7791,-7.1798
1.2848,0.4752,0.9111,-0.6922,0.4271,73.8502,69.5246,4.3256
1.7099,1.4338,0.7693,-0.3292,0.4271,81.8634,86.2908,-4.4274
-0.6843,-1.0262,0.565,-0.1668,-0.8474,19.4163,17.3935,2.0228
-0.1905,1.4882,-0.7357,-0.6548,0.4271,57.7954,52.6989,5.0965
0.3545,0.1116,-0.123,0.4105,0.4271,55.5496,55.1777,0.372
-1.5385,-1.5252,-0.3518,-0.5543,-0.8474,-15.4507,-7.1155,-8.3352
0.5938,0.0989,0.7547,0.119,0.4271,62.1906,62.3256,-0.135
0.6095,0.1975,0.3489,0.1368,0.4271,64.6681,60.6042,4.0639
0.1328,0.4253,0.3405,0.0382,0.4271,55.9219,57.3083,-1.3864
-0.2779,-0.7904,0.1668,-0.3004,0.4271,37.082,35.5485,1.5334
1.1597,1.2476,-0.3551,0.9501,0.4271,75.6951,78.5437,-2.8486
-0.7456,1.0999,0.2039,0.5373,0.4271,66.9887,57.901,9.0878
-1.2295,-0.4978,0.4424,0.5143,-2.3842,-10.304,3.0269,-13.331
-0.3816,0.1048,-1.3297,-0.7328,0.4271,28.1529,29.985,-1.8322
0.2533,0.4944,0.5815,0.1104,0.4271,61.0695,61.7325,-0.663
0.9261,-0.1864,0.7186,0.1667,0.4271,59.6868,62.7318,-3.045
0.5202,-0.198,-0.3981,0.8358,0.4271,61.9772,54.312,7.6652
-0.5924,-0.5206,0.4546,0.9053,-2.3842,2.6319,12.4079,-9.776
0.6343,-0.0791,0.388,-0.6992,0.4271,54.5991,52.2499,2.3492
0.5298,1.9122,-0.6057,-0.1814,0.4271,69.1226,69.4756,-0.3531
-1.1544,-0.4282,-0.6418,-0.713,-2.3842,-11.6555,-12.2575,0.602
-0.6102,-1.0189,-0.1613,0.4765,-0.8474,16.5664,17.1539,-0.5875
-0.0244,-0.9507,-0.379,0.5695,0.4271,39.8286,38.3091,1.5194
-0.051,-0.0763,0.5841,-0.2831,0.4271,60.4414,49.3405,11.1009
0.822,1.3521,-0.3889,0.3481,0.4271,74.0912,71.6575,2.4337
-0.4397,-0.2727,0.6133,0.6772,0.4271,61.9448,49.866,12.0788
-0.8112,-0.4902,0.5726,-0.5892,-0.8474,15.4393,19.1829,-3.7436
0.8415,0.3921,0.3594,-0.0697,0.4271,55.3835,63.9229,-8.5394
-0.5939,-0.9155,-0.3266,-0.6741,-2.3842,-3.2672,-9.0373,5.7701
1.1905,-0.0148,-0.0287,0.1268,0.4271,67.3595,61.4668,5.8928
-0.6571,-0.5658,-1.3953,-1.1261,-2.3842,-17.2465,-17.1448,-0.1016
0.0775,-0.0751,0.098,-0.8658,0.4271,43.0859,42.94,0.1458
-0.5027,0.3703,0.8695,0.4772,0.4271,58.4224,57.0027,1.4197
-0.5233,0.7239,-0.8613,0.3467,0.4271,43.8897,46.5355,-2.6458
0.9324,0.9714,0.2599,0.1153,0.4271,74.1351,71.9313,2.2038
0.8643,-0.6051,0.4002,0.1653,0.4271,58.8202,54.9022,3.918
-1.0551,-0.7921,0.3086,-0.3408,-2.3842,-2.2843,-5.3871,3.1028
-0.2302,-1.091,-0.459,-1.0518,0.4271,17.1996,22.6416,-5.442
-0.4923,-1.1784,-0.5961,0.2052,-2.3842,-12.436,-6.8652,-5.5707
-0.2404,-0.8789,-0.0364,-0.5586,0.4271,35.2148,31.5953,3.6195
1.2664,0.4459,0.1638,0.6947,0.4271,76.2309,72.8887,3.3422
-1.5854,-0.8266,-0.3615,-1.0126,0.4271,21.4827,12.1177,9.365
-0.6651,0.0489,-1.3959,0.0383,0.4271,24.4394,31.1698,-6.7304
0.8307,0.0679,-0.0611,-0.5671,-2.3842,16.2862,20.0706,-3.7844
-1.4175,-0.2341,0.3571,-0.3333,0.4271,20.05,30.8294,-10.7794
1.0733,-0.1852,-0.1985,0.2076,0.4271,45.8686,57.5505,-11.6819
-0.1713,-0.4763,0.3453,0.2064,0.4271,48.1864,45.118,3.0685
-0.025,0.2525,0.1053,-0.1505,0.4271,45.8773,50.5535,-4.6762
-0.8849,-1.4492,0.0856,0.3848,-0.8474,8.0393,10.6335,-2.5942
0.0412,0.4509,0.2977,0.3271,0.4271,66.2261,58.294,7.9321
0.846,0.4687,0.7289,0.2105,0.4271,70.6046,69.6231,0.9816
-0.5358,-0.0457,-0.2601,0.2011,0.4271,31.3869,41.3605,-9.9736
0.6581,1.4584,-0.7577,0.7513,0.4271,61.9342,71.0617,-9.1275
0.8225,0.2811,0.5532,-0.4332,0.4271,58.435,61.4361,-3.0011
0.3599,0.3453,-0.5796,-0.6134,0.4271,53.5112,47.2334,6.2778
-1.4837,-0.7877,0.3228,-0.7522,-0.8474,5.8658,5.5777,0.288
0.3098,0.0567,0.4182,1.4006,0.4271,71.8534,65.1278,6.7256
0.0203,0.4248,0.8431,0.301,0.4271,69.0421,61.7909,7.2511
0.127,-0.5239,1.0835,-0.3433,0.4271,55.5257,49.6378,5.8879
-0.5203,0.3738,-1.2004,0.0445,0.4271,42.8718,37.921,4.9508
1.1362,0.9613,0.0441,-0.0019,0.4271,65.5831,71.5278,-5.9447
-1.4217,-0.834,-0.3768,-0.7624,-2.3842,-13.8922,-17.99,4.0978
-0.2741,0.6854,0.1709,1.0369,0.4271,64.2437,61.5116,2.7321
-0.2275,0.3459,0.243,0.6194,0.4271,54.9266,55.8455,-0.9189
-0.2377,0.2756,-0.136,0.5094,0.4271,57.032,51.2644,5.7676
-0.848,0.4277,0.4423,0.0553,-2.3842,14.4394,14.3294,0.11
-0.3759,-0.7522,0.2563,-0.4301,0.4271,44.0018,34.7145,9.2874
-0.7993,-0.4488,-0.2023,-0.1851,-0.8474,20.5116,16.6236,3.888
0.4551,-0.7034,-0.7087,-0.5936,0.4271,31.0438,35.607,-4.5632
-0.6733,-0.5793,-0.3402,0.0138,0.4271,41.1742,31.9695,9.2047
0.7467,0.5042,-0.3072,0.1697,0.4271,60.2231,60.7042,-0.481
0.5046,-0.2839,0.1283,-0.0103,-2.3842,15.5148,17.9471,-2.4323
1.3854,0.3751,0.0555,0.6346,0.4271,71.8107,72.1178,-0.3071
-0.6551,-0.0881,-1.129,-0.7461,0.4271,20.3929,26.3372,-5.9443
-1.1377,-0.153,0.3997,0.0536,-0.8474,24.3008,22.6154,1.6854
-1.4268,-1.0507,0.4475,-0.3197,0.4271,14.7524,22.3378,-7.5854
-1.2398,-0.8446,0.14,-0.469,-2.3842,-11.17,-10.1446,-1.0254
0.7656,0.1071,0.1566,-0.0412,0.4271,57.0137,58.5441,-1.5303
-0.8284,-0.5355,-0.3596,-0.2231,0.4271,34.2612,29.004,5.2572
-0.0351,0.7405,0.0664,0.0119,0.4271,47.8106,56.7621,-8.9515
0.4216,0.7317,-0.0682,0.4942,0.4271,70.4888,63.8738,6.615
-0.7109,0.3845,0.6671,0.0532,0.4271,55.9191,50.4276,5.4915
0.6717,-0.1856,0.2228,-0.9228,0.4271,38.6724,48.6276,-9.9552
0.2494,0.6192,0.3081,-0.6315,0.4271,51.6688,55.8344,-4.1656
0.1157,-0.018,-0.347,0.0924,0.4271,46.8822,47.2279,-0.3456
-0.3166,-0.1613,-0.6979,-0.5373,0.4271,36.5044,33.9085,2.5959
-0.7549,-0.34,-0.7405,0.2118,0.4271,34.5253,32.0815,2.4438
-1.6505,-0.2691,-0.648,-0.3451,0.4271,25.189,20.1249,5.064
0.3454,-0.2561,0.5561,0.0634,0.4271,53.2957,53.7579,-0.4623
-1.3447,-0.5798,0.1509,-0.3131,-2.3842,-10.4848,-7.1243,-3.3605
0.9162,-0.2777,0.3402,0.1103,0.4271,69.0102,58.2957,10.7145
-0.6202,0.5116,0.3531,0.7697,0.4271,62.6502,55.3924,7.2577
-1.1848,0.6075,0.1457,-0.7183,0.4271,41.1622,38.4829,2.6793
0.1866,-0.0892,0.6169,0.3193,0.4271,53.8997,56.1802,-2.2805
1.1948,1.9052,0.6339,0.2313,0.4271,80.1149,88.9267,-8.8118
0.7655,0.7149,-0.3336,-0.2183,0.4271,53.3202,60.3744,-7.0542
-0.2979,-0.0416,-0.5804,0.3628,0.4271,47.9564,42.6157,5.3406
0.6699,-1.069,0.1276,-0.672,-2.3842,11.1262,6.2867,4.8396
-0.2629,0.0478,0.5527,-0.0216,-2.3842,23.6185,16.6427,6.9758
-0.5742,-1.0654,-1.3558,-0.0112,-0.8474,3.2351,4.4356,-1.2006
1.4711,0.411,0.1252,0.4767,0.4271,74.2682,72.8775,1.3907
0.0963,-0.0846,-0.1852,-0.4675,0.4271,43.5474,43.6239,-0.0765
-1.6692,-1.1192,-0.7868,-0.1399,-2.3842,-12.7123,-22.676,9.9637
0.93,-0.952,0.6053,-0.1673,0.4271,49.1678,50.9714,-1.8035
-0.1436,0.9784,0.0489,-1.092,0.4271,44.4214,50.4676,-6.0462
0.9516,-0.3007,0.2094,-0.5648,0.4271,58.4571,52.7174,5.7397
-1.686,-0.9698,-0.9663,0.1733,-2.3842,-14.5501,-20.3787,5.8286
0.0443,-0.1877,-0.1628,-0.5236,0.4271,40.2316,41.6907,-1.4591
-0.3174,-0.5415,0.9273,0.4091,0.4271,54.2418,48.7065,5.5353
-0.0211,-0.2527,-0.0171,-0.3445,0.4271,50.4631,42.6248,7.8383
0.3046,-0.266,-0.452,-0.5027,0.4271,37.2283,41.5193,-4.291
0.1039,0.5206,0.2848,-0.06,0.4271,60.3442,56.9581,3.3861
0.8167,-0.4001,0.5467,-0.0744,0.4271,60.2493,56.1578,4.0915
-0.4826,-0.4615,0.4498,0.3336,0.4271,44.7408,43.6371,1.1037
0.4226,0.5102,0.7447,-0.8916,0.4271,58.1695,58.0151,0.1544
-0.6291,-0.5538,-1.6942,0.3302,0.4271,22.9226,24.5115,-1.5889
-0.3191,-0.5374,0.1155,0.9438,0.4271,43.4067,46.2052,-2.7985
-0.1487,-0.065,0.2034,-0.115,0.4271,51.2486,46.6603,4.5883
-0.445,-0.2947,0.3411,-0.2634,0.4271,40.0236,40.9286,-0.905
0.1609,-1.1376,-0.1426,-0.2522,0.4271,30.5238,34.2997,-3.776
0.3327,1.0313,0.4639,-1.0106,0.4271,60.4896,59.9237,0.5659
0.269,0.3061,0.0641,0.0754,0.4271,60.497,55.5599,4.9371
-1.5169,-0.6499,-0.5976,-0.8482,0.4271,0.4233,14.165,-13.7417
0.4002,0.2537,0.6562,0.1472,0.4271,60.6423,61.4292,-0.7869
-1.4056,-0.1681,0.3175,0.2024,0.4271,29.4985,35.118,-5.6195
-1.7392,-0.961,-1.2983,-0.3421,-2.3842,-30.0564,-26.9872,-3.0691
0.7508,-0.5789,0.2555,-0.0018,0.4271,50.2984,51.7065,-1.4081
-0.4431,-0.4365,0.8265,-0.405,0.4271,41.1771,42.1047,-0.9277
-0.4502,0.6727,-0.9215,0.311,0.4271,49.8973,46.0321,3.8652
-0.2574,0.8415,-0.7972,-0.6308,0.4271,48.4797,44.4053,4.0744
1.1743,0.0752,0.3574,0.1939,0.4271,67.094,65.7425,1.3515
-0.058,0.7927,0.8209,-0.217,0.4271,66.9601,61.3168,5.6433
-0.0814,-0.0507,0.5318,0.0776,0.4271,60.032,51.4056,8.6265
-0.4977,-0.5691,0.4907,0.8912,0.4271,44.3099,46.4564,-2.1465
-1.7183,-0.1761,-0.1166,-0.7104,0.4271,20.3698,21.9937,-1.6239
-0.6124,-0.8279,-0.9566,-0.2083,0.4271,20.5773,23.5394,-2.9621
0.5964,0.0419,0.1411,0.4504,0.4271,60.5133,59.2949,1.2184
-1.6211,-1.0719,0.3386,-0.7343,-2.3842,-9.8076,-17.1021,7.2944
1.0958,1.2149,0.2673,0.4101,0.4271,69.1265,78.5261,-9.3996
-0.2757,-0.8505,-0.0621,0.1529,-0.8474,7.8054,21.1446,-13.3392
0.2956,1.1001,0.791,0.0022,0.4271,77.216,69.8561,7.3599
-0.5408,-0.7424,-1.1291,-0.7424,0.4271,13.8383,20.2287,-6.3904
0.1509,0.8633,-0.7676,-0.1038,0.4271,49.4926,52.9155,-3.4229
-0.3404,-0.4901,-1.4993,-0.2378,0.4271,33.9263,25.8728,8.0535
0.6767,0.9798,-0.4354,-0.1082,0.4271,60.4545,62.3842,-1.9296
-1.6465,0.0926,-0.6886,-1.0503,0.4271,17.5362,19.0206,-1.4844
-0.1914,-0.6159,0.5963,-0.1466,0.4271,42.8993,42.8107,0.0885
-0.6132,-0.2799,0.4893,-0.1462,0.4271,41.7228,41.2486,0.4741
-0.2285,0.5374,-0.0976,-0.0316,0.4271,59.0762,50.8416,8.2346
0.5587,0.8832,-0.9475,0.6924,0.4271,62.0206,61.6584,0.3622
-0.5644,-0.4989,-0.574,-0.6443,0.4271,33.4419,27.667,5.7749
-0.8539,-0.1639,-0.1471,-0.3056,-0.8474,24.8986,18.8296,6.0689
0.5655,0.2203,-0.278,1.0416,0.4271,57.1182,61.8556,-4.7374
-0.0747,0.6485,0.4681,0.7187,0.4271,60.2938,63.3062,-3.0125
-0.6386,-0.741,0.6776,-0.3322,0.4271,41.4034,35.948,5.4554
-0.5705,-0.0095,-1.5535,0.394,0.4271,38.1268,32.7854,5.3414
0.0291,-0.0931,0.4799,0.3421,0.4271,58.8964,53.5524,5.344
-0.7733,-1.1586,1.0099,-0.3405,-2.3842,-4.9654,-1.0921,-3.8733
-0.0969,0.2478,0.0517,0.3941,0.4271,61.1103,53.1032,8.0071
0.361,0.0484,0.3465,0.0492,-2.3842,26.9133,22.2378,4.6755
0.5262,0.5247,0.7614,0.4099,0.4271,73.0503,68.4625,4.5878
-0.4435,-0.6443,-0.6953,-0.7577,0.4271,17.0115,25.6052,-8.5936
-0.0436,-0.6737,-0.7244,-0.3362,0.4271,36.5707,32.2647,4.306
-1.0713,-0.2227,-0.9739,-0.8379,-2.3842,-10.1837,-12.4806,2.2969
0.374,0.2168,-0.235,-0.6948,0.4271,52.4167,48.0254,4.3913
-0.0873,-0.6057,0.3379,0.2,0.4271,40.4157,44.4617,-4.046
-0.5097,-0.7906,0.0383,-0.8763,0.4271,33.5161,28.0702,5.4459
0.2813,-0.5633,0.0823,-0.1828,0.4271,47.1319,44.2607,2.8713
0.2672,0.9816,0.8408,0.0786,0.4271,71.8957,69.1347,2.761
1.7141,0.3761,-0.3717,-0.152,0.4271,64.8403,66.8965,-2.0562
-0.3694,0.6896,-0.2262,-0.314,0.4271,55.1581,48.0922,7.0659
-0.8281,-1.3212,-0.0323,0.1066,-2.3842,-13.9377,-8.4171,-5.5206
-0.5967,-0.2679,0.0468,-0.7363,0.4271,36.6035,34.0534,2.5501
1.3593,0.2399,0.14,0.0996,0.4271,70.3122,67.2486,3.0636
1.0885,1.1538,0.4419,0.0285,0.4271,80.1133,76.4524,3.6608
-0.8447,-0.1058,0.296,0.2159,0.4271,45.9509,41.7563,4.1947
-0.0982,0.054,-0.4316,0.4677,0.4271,37.8755,47.7025,-9.827
-1.2314,-1.0783,0.2081,0.2419,-2.3842,-6.1799,-7.2162,1.0363
-0.3561,0.4931,0.7012,-0.3284,0.4271,50.8109,53.0593,-2.2484
0.7448,-0.482,0.1427,0.2669,0.4271,52.3518,53.7302,-1.3784
-1.5381,-1.5502,-1.2494,-0.8441,0.4271,-3.7008,-1.1715,-2.5293
0.7912,0.6085,-1.0096,0.6353,0.4271,63.1446,60.1864,2.9582
-0.5564,-0.4076,0.492,-0.831,0.4271,44.0989,35.6832,8.4157
-0.5602,-0.7767,-0.3292,-0.0892,-0.8474,16.0406,15.1884,0.8522
0.434,0.1809,0.0545,0.1552,0.4271,45.6926,56.4008,-10.7082
-1.0793,-1.6095,-2.4049,0.334,-2.3842,-18.2251,-31.0234,12.7983
-1.4778,-0.4154,0.0637,-0.3819,0.4271,24.3399,25.5485,-1.2086
-0.3567,-0.5618,-0.1603,-0.0351,0.4271,36.796,36.6029,0.1931
-0.4313,-0.1032,-1.028,0.8366,0.4271,46.0088,40.3426,5.6662
-0.6126,-0.1472,-0.8967,0.2553,-0.8474,18.8238,19.7339,-0.9101
0.8242,-0.1775,0.7302,0.0734,0.4271,58.3881,61.1803,-2.7922
-0.0777,-0.8685,0.2591,-0.4319,-2.3842,2.7856,3.2115,-0.4259
-0.6118,0.0711,1.0835,-0.9134,0.4271,37.4078,44.4508,-7.043
-0.0228,0.4852,-0.8021,-0.0838,-0.8474,41.8256,31.5363,10.2893
0.0816,-0.6619,1.0835,0.1626,-2.3842,27.3185,17.7172,9.6014
-0.4432,-0.3398,-0.9312,0.4638,0.4271,37.2058,35.7083,1.4975
1.0114,0.7592,1.0835,0.1134,0.4271,82.1783,76.715,5.4633
-0.8645,-0.0555,-0.8467,-0.2106,0.4271,25.3214,30.3546,-5.0332
0.4753,1.055,0.2559,0.4972,0.4271,74.083,70.5977,3.4853
-0.8713,-0.5619,0.8297,-0.4955,0.4271,36.6595,35.5028,1.1567
-0.5056,0.2756,0.5275,-0.0764,0.4271,49.8809,49.4279,0.453
-0.8707,-0.2749,-1.5566,0.1892,0.4271,25.7689,25.138,0.631
0.1466,-0.7632,-0.3045,-0.8941,-2.3842,-4.598,-0.7498,-3.8482
0.0741,-0.1487,0.3603,-0.4727,0.4271,40.068,46.8263,-6.7583
-0.4556,-0.6512,0.3486,-0.3523,-0.8474,25.348,21.105,4.2431
-0.7494,-1.2024,-1.1321,0.2401,-0.8474,9.1665,4.4857,4.6809
0.4242,0.3835,0.2482,0.7917,0.4271,61.1302,64.4888,-3.3586
0.0851,0.3566,0.1251,-0.0975,0.4271,47.7115,53.4236,-5.7122
-0.3009,0.4097,-0.5301,0.1137,0.4271,41.7672,46.3136,-4.5464
-0.2354,-0.8154,-0.9875,-0.0005,0.4271,24.0801,28.9254,-4.8454
0.7117,0.9171,0.754,0.5719,0.4271,73.749,75.9313,-2.1824
-1.0011,-1.209,0.0526,-0.6792,-2.3842,-18.2318,-13.8183,-4.4136
-0.9566,-0.9967,-0.0716,-0.816,0.4271,17.574,20.5384,-2.9643
0.0601,0.5798,-1.7306,0.2884,0.4271,51.9741,44.072,7.9022
-0.8046,-1.1886,-0.7096,-0.0839,-2.3842,-12.9286,-13.2101,0.2815
0.2083,1.0102,0.2081,-0.0815,0.4271,62.1506,62.8436,-0.693
-0.3137,0.5891,-0.4581,-0.3858,0.4271,40.1916,45.2749,-5.0833
-1.3825,-0.8856,-0.2786,-0.2213,-2.3842,-11.8437,-13.6337,1.79
1.3763,0.8997,0.5855,0.604,0.4271,76.2306,81.7831,-5.5525
0.8049,1.3193,0.2798,0.1073,0.4271,73.0568,74.5754,-1.5186
-1.1902,-0.6463,-0.0691,-0.7307,-0.8474,2.3933,7.4474,-5.0541
-0.2976,-0.174,-0.9147,0.2775,0.4271,37.6087,37.9648,-0.3561
-0.0246,-0.4403,0.7255,0.2657,0.4271,45.1817,50.4315,-5.2498
1.8136,1.1886,0.4038,-0.0544,0.4271,85.3424,83.743,1.5993
0.3415,0.7099,-1.0729,-0.1843,0.4271,60.7907,50.3242,10.4666
-0.4561,0.794,-0.2212,-0.4475,0.4271,48.3519,47.447,0.9049
-0.6668,-0.7017,-0.968,-0.3909,0.4271,24.003,23.0189,0.9841
-0.2313,-0.0585,-0.408,-0.6535,0.4271,39.6059,37.4012,2.2047
0.8375,1.344,-0.344,-0.6135,0.4271,69.9011,65.3927,4.5085
-0.1706,-0.8892,0.5014,0.0509,-0.8474,26.5585,25.4614,1.0971
0.0816,0.4453,0.5217,0.0606,0.4271,66.7693,58.5344,8.2348
0.0465,0.8466,-0.0483,0.847,0.4271,53.1035,63.7522,-10.6486
0.8548,0.4107,0.1044,-0.6863,0.4271,54.8039,58.0279,-3.224
0.6627,-0.5457,0.3912,-0.0067,0.4271,47.5705,52.145,-4.5745
0.3042,-0.077,0.1975,0.0804,0.4271,56.6612,52.6896,3.9716
-0.7401,-0.0906,-1.4244,0.1641,0.4271,48.418,29.4519,18.9661
0.0164,-0.8752,-0.235,-0.0403,-0.8474,23.1431,21.323,1.82
0.3893,-0.8566,-0.743,-0.6027,0.4271,32.0204,32.851,-0.8306
0.5577,0.0968,-0.1073,0.4787,0.4271,61.7969,57.7841,4.0128
0.1089,1.0132,-1.0969,0.6164,0.4271,62.0395,56.6233,5.4162
0.3535,-0.1842,-0.3654,-0.3637,0.4271,51.0191,44.5954,6.4237
0.9673,0.586,-0.2981,0.3465,0.4271,64.142,65.2871,-1.1452
-0.2605,-0.3365,0.4242,-0.2479,-0.8474,35.7231,28.0422,7.6809
1.0652,0.5028,0.2417,-0.1265,0.4271,73.6395,66.2648,7.3746
-0.226,-0.0355,0.3381,-0.0541,-0.8474,38.876,32.4816,6.3943
0.1597,0.7265,0.4541,0.6304,0.4271,64.6467,65.974,-1.3273
0.1467,0.0272,-0.3772,-0.4078,0.4271,52.8358,44.359,8.4767
-0.7263,0.0929,-0.6306,0.1817,0.4271,38.9025,37.8933,1.0092
1.0269,1.0234,0.1781,0.0841,0.4271,69.4889,72.6826,-3.1938
-0.7239,0.1223,-0.3206,-0.1532,-0.8474,28.3767,23.1646,5.2121
0.2045,0.9434,0.1291,-0.0141,0.4271,61.4656,61.9133,-0.4477
-0.4462,0.2609,0.8079,-0.0089,0.4271,59.8185,52.525,7.2934
0.1481,-0.9087,0.5627,-0.5412,0.4271,37.0894,40.1534,-3.064
0.1282,0.0482,0.9953,0.3505,0.4271,59.0852,60.2274,-1.1422
1.1599,-0.2919,0.9314,0.419,0.4271,74.5569,67.441,7.1159
1.6399,1.117,0.3563,0.2035,0.4271,74.2536,82.504,-8.2504
0.1119,1.0505,-0.8569,-0.6487,0.4271,52.5038,50.1268,2.3769
-0.3749,-1.3038,0.1202,0.4969,-2.3842,3.2076,0.5201,2.6876
1.1266,-0.1039,0.179,1.3037,0.4271,65.5875,69.5585,-3.971
0.4294,0.2273,0.2854,-0.7236,0.4271,51.4365,52.5417,-1.1053
0.5334,0.2686,-0.0736,-0.3708,0.4271,53.0835,53.8101,-0.7266
0.4109,1.0797,0.9308,-0.0467,0.4271,73.6533,71.5972,2.0561
-0.0834,-0.7415,0.0176,-0.3723,0.4271,32.5551,36.5352,-3.9801
-0.2065,-0.547,0.6083,0.5437,-2.3842,12.6711,14.9161,-2.2449
-0.7236,-0.3105,0.3713,0.1054,0.4271,39.8009,40.5628,-0.7619
1.1086,0.0195,-0.1312,0.2093,0.4271,56.2145,60.761,-4.5465
-0.015,1.1647,-0.3236,0.2558,0.4271,72.0297,60.4419,11.5877
-0.2244,0.1989,0.5249,0.2548,0.4271,56.0122,53.8595,2.1526
0.2615,-0.5156,1.0835,0.0393,0.4271,59.9007,53.8311,6.0697
-1.3027,0.3549,0.5319,-0.1718,0.4271,46.6979,41.1494,5.5485
0.3418,-0.7145,0.5012,0.1336,0.4271,48.5319,48.6308,-0.0989
-0.0156,-0.1737,-0.5914,-0.6182,-0.8474,18.3135,22.1095,-3.796
0.4909,0.8513,0.4281,-0.0484,0.4271,66.4705,66.0072,0.4632
0.529,1.0264,-0.176,0.7533,0.4271,68.7277,69.3094,-0.5818
-0.7495,0.1519,0.2579,-0.6431,0.4271,45.2531,39.4092,5.8439
0.6852,0.0118,0.0772,0.2551,0.4271,43.0792,58.0591,-14.9799
-0.1519,-0.1629,0.0207,-0.6561,0.4271,34.3899,40.3581,-5.9682
0.3211,0.5186,0.5499,0.0701,0.4271,56.0486,62.2073,-6.1587
1.0729,0.068,0.297,-0.0185,-0.8474,42.3693,47.492,-5.1226
-0.1065,-0.0204,-0.7615,0.1197,0.4271,52.2499,41.8211,10.4288
0.3317,1.0652,-0.3909,-0.1357,0.4271,59.313,59.7995,-0.4865
0.108,-0.4513,-0.1509,0.4919,0.4271,52.2093,46.5588,5.6505
0.3904,0.069,-1.1686,0.3834,0.4271,53.102,46.8503,6.2517
0.7664,-0.0655,0.7299,0.2241,0.4271,62.2614,62.8662,-0.6048
-0.0904,-0.7251,0.0207,-0.2567,-2.3842,4.0441,4.0716,-0.0275
1.056,0.4197,0.013,0.2514,0.4271,69.5837,66.0991,3.4846
-1.5589,-0.79,-0.5123,-1.0119,0.4271,17.1031,11.6586,5.4445
0.5522,-0.2162,-0.1011,0.1309,0.4271,55.6902,51.8354,3.8547
-0.1883,-0.4201,0.3089,0.1693,0.4271,38.2099,45.0301,-6.8202
-1.7473,-0.0936,-0.1576,-0.5222,-0.8474,8.2802,8.462,-0.1818
-0.9089,-0.123,-0.1084,-0.9595,0.4271,26.1828,29.5937,-3.4109
-0.37,-0.4354,-0.0775,0.0109,0.4271,41.8375,38.8377,2.9999
-0.1719,1.0172,0.1054,-0.1003,0.4271,61.7901,57.9281,3.862
-0.5949,-0.1338,0.1793,-0.2774,0.4271,43.4015,39.7906,3.6109
0.1131,-0.9244,0.4273,0.1618,0.4271,43.7436,43.4464,0.2972
0.5645,-0.723,0.009,-0.8769,0.4271,45.6195,40.1096,5.51
1.1532,1.4657,0.1915,1.2036,0.4271,83.3648,86.894,-3.5292
0.5064,0.1766,-0.5022,-0.1113,0.4271,50.1993,50.9928,-0.7935
0.0238,-0.0422,0.0843,-0.348,0.4271,47.5362,46.2279,1.3083
0.3691,-0.2009,0.3483,1.0184,0.4271,65.1713,59.6717,5.4996
0.3935,0.5073,-0.8211,1.0237,0.4271,53.1238,58.9372,-5.8134
1.0519,0.524,0.9771,-0.0484,0.4271,75.4399,72.5613,2.8786
0.4526,2.1407,-0.6073,0.3218,0.4271,66.1545,74.7029,-8.5484
0.1305,0.6291,-0.0213,0.1773,0.4271,53.9777,57.7585,-3.7808
-1.7748,-0.5016,-0.7095,0.0993,0.4271,19.6665,18.7935,0.873
-0.3693,-0.4233,-0.3642,0.0956,0.4271,33.352,37.3637,-4.0117
0.5845,0.1573,-0.2526,0.1456,0.4271,54.3691,55.3169,-0.9478
0.6773,0.3298,-0.0851,-0.2521,0.4271,57.7926,56.7762,1.0164
-0.0228,1.0829,-0.5244,-0.729,0.4271,53.9373,51.0488,2.8886
-0.2173,-0.2928,0.0448,0.1962,0.4271,50.1847,44.3058,5.8788
-0.4866,-0.4183,-0.3035,-0.3043,-0.8474,16.0491,18.7099,-2.6608
0.1622,-0.4914,0.5904,-0.5168,0.4271,42.8888,45.3804,-2.4916
0.3071,0.3203,0.2398,-0.4337,0.4271,57.3504,53.9408,3.4096
0.2907,-0.9732,0.6515,-0.17,-2.3842,13.5657,10.8198,2.7459
0.4045,0.4663,-0.4092,0.7624,0.4271,63.2234,59.9466,3.2767
0.7282,0.379,-0.4009,0.0029,0.4271,68.4324,57.2175,11.2149
-1.1461,-0.7023,0.515,0.0266,-2.3842,2.0717,-1.2098,3.2815
0.6912,0.4415,-0.297,0.2654,0.4271,58.0444,60.1481,-2.1037
0.5707,0.1528,1.0411,0.0548,0.4271,73.5052,64.4411,9.0641
-0.2176,-1.2454,0.2368,0.2396,-2.3842,4.4283,1.9693,2.459
0.9238,1.1918,-0.3318,-0.0327,0.4271,70.4612,68.7365,1.7248
1.2048,0.9728,0.1322,1.0226,0.4271,80.0316,80.1908,-0.1592
0.0325,-0.5175,0.5832,-0.4472,0.4271,49.0547,44.1261,4.9286
-1.6033,-1.1168,0.1386,0.3475,-2.3842,-11.2667,-11.4353,0.1687
-1.5952,-0.5354,-0.6212,-0.1734,0.4271,14.3589,19.1217,-4.7628
0.3462,-0.1086,-0.2296,-0.8248,0.4271,45.8305,43.2072,2.6233
1.466,0.9391,0.9759,0.1778,0.4271,83.564,83.2292,0.3348
-1.66,-0.4843,-0.1484,0.7276,0.4271,24.229,28.903,-4.674
0.5948,0.8683,0.3725,0.2716,0.4271,74.9656,69.1089,5.8568
-0.0148,0.7416,0.6861,-0.0851,0.4271,65.0461,61.0861,3.96
0.4431,0.3745,0.3212,0.0097,0.4271,56.3887,59.7148,-3.3261
-0.4126,-0.2041,-0.4539,0.1388,-0.8474,23.8106,23.8338,-0.0232
0.4736,-0.6133,0.6835,-0.7043,-0.8474,22.7412,31.6175,-8.8763
-0.1266,0.4475,-0.3611,0.4941,0.4271,54.1121,52.5498,1.5623
-0.0803,0.0794,0.6733,-0.0085,0.4271,50.2123,53.3722,-3.1599
-0.2833,-0.4085,-0.6003,0.4029,0.4271,40.5793,38.7719,1.8074
-0.8883,-1.2641,0.5506,-0.4826,0.4271,28.3234,25.3678,2.9557
0.6265,0.2038,0.5184,0.1392,0.4271,74.8481,62.1787,12.6694
-0.0083,0.0079,0.2332,-0.359,0.4271,37.5503,47.5157,-9.9654
-0.3369,-0.0012,-1.0574,-0.0103,0.4271,43.194,36.3883,6.8057
-0.7522,-0.2791,-1.0341,-0.0395,0.4271,31.6019,28.7908,2.8111
0.2836,0.1379,-0.1626,-0.0492,0.4271,50.8447,51.2143,-0.3697
0.4374,0.916,0.0828,0.1814,0.4271,76.1558,65.102,11.0538
-0.0169,0.0334,-1.4637,0.2955,0.4271,39.2747,39.206,0.0688
-1.6011,-0.2793,0.8763,0.0029,0.4271,26.0301,34.6856,-8.6555
-0.5424,0.5939,-0.4528,0.1085,0.4271,44.9226,46.3556,-1.433
0.8871,-0.2885,0.7079,0.3806,0.4271,65.6693,62.5704,3.0989
-1.4489,-0.8594,-0.6346,0.1221,0.4271,12.2284,18.9978,-6.7694
0.8548,0.9929,-0.2718,1.1558,0.4271,70.1842,74.4841,-4.2998
-1.4374,-1.0177,0.4967,-1.0454,-0.8474,-3.582,2.7869,-6.3689
0.216,1.176,0.8778,0.8951,0.4271,65.8715,76.73,-10.8585
0.8704,-0.2187,0.3633,-0.3165,0.4271,47.1233,55.6789,-8.5556
1.2124,0.1737,0.8172,0.5071,0.4271,70.6173,72.9727,-2.3554
1.5946,1.4632,-0.297,0.7696,0.4271,82.6871,84.8205,-2.1334
-1.4392,-0.0227,-0.4034,-0.4579,0.4271,19.9937,26.256,-6.2623
1.2313,0.9562,0.3587,1.1217,0.4271,83.5025,82.7193,0.7832
-0.7907,-0.2352,0.1629,-0.489,-2.3842,-8.1388,1.5555,-9.6943
-0.4052,-0.1489,-0.3212,0.5424,0.4271,34.0901,43.5013,-9.4111
0.757,-0.3904,0.2685,0.4132,-0.8474,44.133,41.735,2.398
-0.1894,-0.1203,0.3625,-0.3937,0.4271,47.1106,44.8884,2.2222
0.1695,-0.6947,0.3134,0.0264,-2.3842,7.5862,11.419,-3.8327
-0.3805,0.953,-0.3007,-0.0281,0.4271,36.4672,52.3495,-15.8823
-1.3094,-0.5676,0.2466,-1.226,-2.3842,-11.8578,-12.2169,0.3591
-0.4001,-0.0909,-0.9023,-0.0679,0.4271,38.2659,35.4955,2.7704
0.2221,0.432,-0.0018,0.4544,0.4271,59.7877,58.5994,1.1883
0.2242,0.3601,-0.2347,0.322,0.4271,50.6454,55.1009,-4.4555
-1.4785,-1.0544,0.6117,-0.7708,-2.3842,-7.23,-13.53,6.3
-0.2839,-0.5196,0.8574,0.2361,0.4271,50.2667,47.5714,2.6953
-0.4587,-0.919,0.0346,0.4622,-0.8474,20.3723,21.3066,-0.9342
0.1945,-0.1076,-0.5262,-0.9023,0.4271,34.3433,38.7715,-4.4282
0.3632,0.0902,0.4997,-0.2081,0.4271,53.3517,55.5213,-2.1696
1.1796,-0.0472,1.0721,0.2924,0.4271,65.9674,70.606,-4.6387
1.6222,1.4136,-0.1445,0.8805,0.4271,82.3583,86.5025,-4.1442
-1.9244,-1.2786,-0.9185,-0.1113,0.4271,1.001,5.3834,-4.3824
0.7547,-0.3158,-0.3034,0.3681,0.4271,56.509,52.9777,3.5313
1.6183,1.199,0.2704,-0.2768,0.4271,78.6952,79.1953,-0.5001
0.3803,-0.9853,0.3096,0.2771,0.4271,42.9501,45.5212,-2.5711
0.9375,1.1406,0.0998,-0.1467,0.4271,59.3254,70.8368,-11.5114
-0.6659,0.4191,0.8533,0.0988,0.4271,48.4677,53.0475,-4.5798
-0.2791,0.0318,0.4466,0.2702,0.4271,47.0656,50.9005,-3.8349
0.3959,0.24,-0.7387,0.2787,0.4271,53.4771,51.4123,2.0648
0.3888,-0.2745,0.2152,-0.4846,0.4271,59.6911,47.5851,12.106
0.0043,-1.0286,-0.2192,-0.0041,0.4271,33.5329,34.9825,-1.4495
-0.3893,-0.8872,-1.5425,-0.7355,0.4271,17.9709,17.0913,0.8796
-0.2588,0.4348,0.3002,0.2777,0.4271,56.8817,54.5746,2.3071
1.2605,1.1523,0.3285,0.312,0.4271,79.1644,79.3755,-0.2112
0.1725,-0.0369,-0.1195,0.4654,-0.8474,44.5231,36.8262,7.6969
0.0437,-0.2179,-0.5707,-0.3833,-2.3842,10.2434,5.782,4.4614
0.4133,-0.4651,-0.4689,-0.2693,0.4271,50.1481,41.9373,8.2107
-0.368,-0.7192,-0.7611,0.2265,0.4271,26.0609,31.9069,-5.846
1.5451,0.8475,0.4302,0.7506,0.4271,78.8281,82.8291,-4.001
0.0969,-0.4822,0.5743,-0.6341,0.4271,50.1024,43.8445,6.2579
-0.1609,-0.424,0.342,0.1131,0.4271,43.1049,45.1442,-2.0393
1.8595,1.1841,0.0301,0.8034,0.4271,96.6539,87.2714,9.3825
0.6909,1.3416,0.8802,0.1282,0.4271,79.6916,78.3687,1.3229
-1.2062,0.17,-0.4516,-0.6407,-0.8474,11.5295,14.1369,-2.6075
-1.6065,0.5871,-0.007,0.2249,0.4271,37.7334,39.1171,-1.3837
0.5499,-0.8046,0.1745,-0.1049,-2.3842,11.7909,12.2769,-0.486
0.3568,1.0849,-0.1579,0.3113,0.4271,65.9109,65.1895,0.7214
0.9218,0.6727,0.6111,0.4075,0.4271,75.5007,73.1925,2.3082
-1.621,-0.9276,0.4046,-0.009,0.4271,29.5933,23.4699,6.1234
-1.7493,-1.2592,-1.098,0.1289,-2.3842,-21.668,-25.6331,3.9651
-1.5594,-0.3039,0.3693,-0.8551,-2.3842,-0.1659,-8.4092,8.2432
0.0177,-0.3177,0.5975,0.4267,0.4271,58.719,52.3979,6.3211
-0.5147,-0.1256,-0.6057,0.3179,0.4271,39.3376,38.8406,0.497
-1.6573,-1.3164,-0.7025,-0.6784,-1.1097,-9.0792,-12.7189,3.6397
-1.6501,-0.9607,-0.4609,-0.0185,-2.3842,-15.7994,-17.337,1.5375
0.6994,0.6347,0.661,-0.1661,0.4271,78.8082,66.7793,12.0288
0.4806,0.0175,0.3353,0.5259,0.4271,51.7739,59.7995,-8.0256
1.2322,0.6797,0.5099,0.0347,0.4271,73.8486,73.227,0.6216
-0.226,-0.027,-0.3444,0.0958,0.4271,48.26,43.5083,4.7518
0.9488,0.911,-1.728,0.3599,0.4271,64.0422,57.835,6.2072
1.3111,0.8925,0.3367,0.1232,0.4271,78.9068,75.7478,3.159
-0.4195,-1.1705,0.3444,0.1088,0.4271,33.9873,33.9686,0.0187
0.6489,0.843,-0.1972,-0.3822,0.4271,69.4629,60.4761,8.9868
0.9727,0.2935,1.0639,0.4234,0.4271,78.7008,73.0677,5.6331
1.0657,0.4117,1.0835,0.2495,0.4271,79.1168,74.3362,4.7806
-0.2166,0.5791,-0.087,-0.0686,0.4271,47.7549,51.2629,-3.508
0.7414,1.1374,0.6626,0.4985,0.4271,78.6768,77.5144,1.1624
0.0147,-0.9034,0.0009,0.3988,0.4271,33.7546,40.9964,-7.2418
0.3317,-0.2625,-0.254,-0.0868,0.4271,37.9134,46.2639,-8.3506
0.3537,0.3584,0.416,-0.0584,0.4271,63.9972,58.8334,5.1637
0.7094,0.9913,1.0835,0.3244,0.4271,75.3453,77.5568,-2.2115
-0.1736,0.1397,0.1456,0.3282,0.4271,36.528,51.3299,-14.8019
-1.4975,-1.239,0.4951,0.338,-0.8474,11.8847,9.2588,2.6259
0.7754,0.7787,0.1017,0.1648,0.4271,67.7935,67.209,0.5844
-1.4026,-0.8366,0.8498,-0.5934,0.4271,25.8757,26.1963,-0.3206
-0.7856,-1.2856,-0.5646,0.9778,-2.3842,-3.1822,-5.6008,2.4186
0.8353,-0.2053,-0.3372,0.0867,0.4271,54.6309,52.8676,1.7632
-0.7726,0.6821,-0.0608,-0.0488,0.4271,43.2978,46.8043,-3.5065
-1.4108,-0.8516,-0.3192,-0.5915,0.4271,17.1597,16.9602,0.1996
0.5913,1.2753,0.7178,0.4005,0.4271,79.2847,77.2002,2.0845
-0.8355,-0.9213,-0.8702,-0.5711,0.4271,22.6217,18.2418,4.3799
-0.2757,-0.1071,0.2555,0.2826,0.4271,53.6926,47.9905,5.7021
-1.5892,-1.1544,-0.7357,-0.0494,-0.8474,-0.9137,-2.9338,2.0201
-0.8353,-1.2588,0.1012,-0.8494,-2.3842,-19.5065,-13.4102,-6.0962
0.6787,0.73,-0.3587,0.0441,0.4271,53.5933,61.2456,-7.6522
0.3308,-0.3518,0.8565,-0.6794,0.4271,55.9238,49.6739,6.2499
0.7473,0.6202,0.281,-0.2681,0.4271,68.8743,63.4968,5.3775
1.5061,1.8026,0.0782,0.293,0.4271,81.2642,87.2622,-5.998
-0.3541,0.3072,0.2649,-0.1965,0.4271,44.2775,48.5506,-4.2731
0.6332,0.3436,1.0835,0.007,0.4271,71.6115,67.251,4.3605
-1.5623,-0.9944,-0.866,-1.0462,0.4271,-0.7402,6.3637,-7.1039
-0.3778,-0.0638,-0.5636,0.2896,0.4271,38.3267,41.1305,-2.8038
0.7948,-0.2047,0.27,0.3635,0.4271,66.2686,59.0352,7.2333
-1.5515,-1.0388,-0.9285,-0.5259,-2.3842,-17.6567,-24.2835,6.6268
-0.4901,0.2367,-0.407,-0.7684,0.4271,37.3718,37.157,0.2149
-1.5165,-0.7233,-0.8913,-0.266,0.4271,5.1073,15.1308,-10.0235
0.9027,1.2228,0.1527,-0.4282,0.4271,61.0474,69.8381,-8.7907
-0.1318,-0.2901,0.4585,-0.6155,0.4271,40.8075,42.7939,-1.9864
-0.0049,-0.2634,0.5382,0.4054,0.4271,59.6606,52.1629,7.4977
0.4249,0.1906,0.1586,0.0154,0.4271,62.5421,56.2415,6.3006
1.7222,0.8152,0.0742,1.0204,0.4271,84.5677,83.4993,1.0684
0.8484,0.2635,0.6916,0.1579,0.4271,65.9982,66.6897,-0.6916
1.0699,1.168,0.8717,0.9089,0.4271,86.4492,85.8389,0.6103
1.3347,-0.2188,0.8284,0.0363,0.4271,64.7628,66.6829,-1.9201
0.5846,0.2131,0.3911,0.4437,0.4271,69.5989,62.971,6.6279
0.5554,0.3345,0.5381,0.0128,0.4271,66.5674,62.1583,4.4091
-0.5548,-0.8318,-0.0681,-0.9836,0.4271,25.656,25.5586,0.0974
0.0824,-0.0823,-0.0193,0.3201,0.4271,59.7924,50.2514,9.541
-0.564,-0.2312,0.13,-0.409,0.4271,42.5968,37.7324,4.8644
-0.8132,0.6671,-0.201,0.3431,0.4271,48.218,47.8457,0.3723
-0.8955,-0.029,0.3642,0.0267,0.4271,36.1311,41.2848,-5.1537
-1.4122,-0.8206,0.3177,-0.7153,-2.3842,-6.8423,-12.0679,5.2256
0.9446,1.4384,0.4739,0.3454,0.4271,78.3627,80.5605,-2.1978
0.8999,0.1503,0.8849,0.4608,0.4271,74.5191,69.5604,4.9587
0.3739,0.4606,0.6281,-0.3183,0.4271,65.3518,60.0227,5.3291
-0.0464,0.7897,0.4061,-0.7356,0.4271,51.7232,54.6123,-2.8892
-0.1015,0.7763,0.5983,0.0981,0.4271,64.8631,61.1441,3.719
0.0293,0.3607,-0.1566,-0.789,0.4271,48.2441,45.8991,2.3449
0.2522,-0.1833,0.4107,-0.1348,0.4271,53.7638,51.0809,2.6829
1.1801,1.1695,0.4329,0.6412,0.4271,80.4425,81.7991,-1.3566
0.0103,-0.3723,0.0975,-0.8752,0.4271,36.9552,38.8092,-1.854
1.0104,1.1408,0.3883,-0.673,0.4271,61.8227,70.1806,-8.3579
0.4259,0.2507,0.0361,0.5419,0.4271,68.0106,59.6449,8.3657
0.8217,0.6665,0.4531,0.1561,0.4271,62.8283,69.0886,-6.2603
1.0439,1.8741,0.6007,0.7665,0.4271,86.596,90.4262,-3.8302
-0.2735,-0.1757,-0.2784,-0.6594,-0.8474,17.7657,21.4457,-3.68
-0.881,0.1262,0.1532,-0.0563,0.4271,55.9877,40.9845,15.0031
0.6643,-1.0264,-0.1164,-0.1105,-2.3842,5.5018,8.73,-3.2283
-0.4723,-0.3512,-0.4712,0.071,-2.3842,-5.6969,2.6782,-8.3751
0.5088,-0.605,-0.138,-0.2172,-0.8474,27.5225,29.1526,-1.6301
0.2888,0.7458,1.0835,-0.0463,0.4271,70.9963,67.7128,3.2836
0.8489,1.3635,0.1669,0.2814,0.4271,72.4594,75.8858,-3.4265
0.9658,-0.2663,-0.6494,0.399,0.4271,48.7522,53.3476,-4.5954
-0.3243,-0.4381,-0.5243,0.0226,0.4271,32.0486,35.9401,-3.8915
0.9218,0.8447,0.1261,0.1172,0.4271,67.6818,69.377,-1.6952
-0.0957,0.0143,0.0529,0.8235,0.4271,53.0865,53.4843,-0.3978
-0.64,0.431,0.5715,0.1561,0.4271,52.1844,51.6895,0.4949
-0.8466,-0.1896,0.0226,0.2583,0.4271,34.8719,38.9853,-4.1134
1.0307,0.2662,0.7836,-0.0454,0.4271,64.3104,67.9666,-3.6562
1.1604,0.7231,0.2576,-0.1122,0.4271,62.068,69.9837,-7.9157
0.1513,0.9686,-0.3083,0.5104,0.4271,58.6163,61.9071,-3.2908
0.1695,0.6288,0.4567,0.2521,0.4271,71.518,62.3708,9.1472
-1.2472,0.3567,0.832,-0.0343,0.4271,42.8533,45.0288,-2.1755
-0.5449,-0.9324,0.1124,0.1623,0.4271,30.4393,33.8884,-3.449
1.0892,-0.5157,0.6521,0.1692,-0.8474,41.2434,45.1411,-3.8977
-0.685,-0.9119,-0.0992,-0.2808,-0.8474,13.0518,12.7695,0.2823
0.7053,1.2735,-0.2835,-0.0274,0.4271,71.5684,67.723,3.8454
-0.2419,0.1582,-0.6322,-0.2484,0.4271,48.8846,40.8141,8.0705
0.8457,-0.3801,0.3254,0.0977,0.4271,51.9858,56.1871,-4.2012
-0.2956,0.3097,0.8136,0.6235,0.4271,58.653,59.1269,-0.4739
-0.0742,-0.3189,0.6793,0.1841,-0.8474,28.4741,35.2017,-6.7276
-0.0589,0.0698,0.805,-0.6536,0.4271,54.7316,50.022,4.7096
-0.8022,-0.6911,-0.2736,0.0678,-2.3842,-2.8069,-3.1804,0.3735
-0.2987,0.2021,0.2004,0.3953,0.4271,43.0971,51.5799,-8.4828
0.1788,0.1979,-0.1497,0.6022,0.4271,58.886,55.3933,3.4927
-0.5591,-0.9219,0.8174,0.076,0.4271,41.861,38.6775,3.1835
0.3081,-0.7722,-0.7499,-0.6631,-2.3842,-4.6209,-0.9422,-3.6787
0.2235,0.0013,0.455,-0.4878,0.4271,53.9919,50.7374,3.2545
-0.0326,-0.3393,-0.1591,-0.3807,0.4271,46.5718,40.1835,6.3882
0.5192,1.7887,0.4683,0.0554,0.4271,77.2255,77.8815,-0.656
-0.2145,0.2003,-0.6451,0.2363,-0.8474,17.4237,29.7104,-12.2867
-0.9681,-0.66,0.1662,0.0924,0.4271,36.7426,32.3452,4.3974
1.1871,0.4629,0.4503,0.6512,0.4271,76.467,74.1333,2.3337
-0.9252,-0.6288,-0.1551,-0.5784,-0.8474,13.8412,10.8803,2.9609
0.2236,0.1586,0.0799,0.4695,0.4271,57.2777,56.2758,1.0019
-1.2333,-1.3224,-0.1497,-0.8467,-2.3842,-17.6332,-20.3024,2.6692
-0.2906,0.1266,0.0238,0.9373,0.4271,58.2956,53.2273,5.0684
0.9458,1.7535,0.7584,0.0536,0.4271,75.9712,84.2751,-8.3039
-0.3698,-1.3149,-0.3821,-0.3908,-2.3842,-0.2502,-9.5845,9.3343
1.6291,1.4566,0.3332,1.1067,0.4271,85.1263,92.3086,-7.1823
-0.441,-0.9897,-0.7413,0.082,-0.8474,13.6973,12.0894,1.6079
-0.5247,-0.3249,0.5094,0.0926,0.4271,40.5313,43.5064,-2.975
-0.2602,-0.605,0.1713,-0.2318,0.4271,42.2662,38.3334,3.9329
0.7974,0.513,0.2178,0.2198,0.4271,62.6963,65.7339,-3.0376
-0.7734,-0.8005,-0.0283,0.2372,0.4271,34.0921,32.3621,1.73
0.8732,0.0051,0.2237,0.9516,0.4271,65.0534,65.9663,-0.9129
0.1575,1.2929,-0.2587,0.8184,0.4271,59.4944,68.1417,-8.6472
-1.3722,-1.0608,-0.2658,-0.1331,-2.3842,-19.3714,-14.7816,-4.5898
-0.6164,-0.9522,-0.2194,0.2733,0.4271,32.7459,31.1191,1.6268
0.4639,0.5664,0.066,-0.0061,0.4271,60.7992,60.0235,0.7757
-0.5373,0.0532,-1.9424,0.0917,0.4271,35.6883,28.7538,6.9345
-1.4967,-0.8042,0.1873,-0.1198,-2.3842,-10.9282,-9.6514,-1.2768
-0.2326,-0.0794,0.6558,0.2091,0.4271,42.5492,51.3321,-8.783
0.0917,-0.4606,-0.9408,-0.1486,0.4271,28.4566,35.7502,-7.2937
-0.5031,-0.8174,0.3916,0.4231,0.4271,33.2148,39.5899,-6.3751
-0.6955,-1.2283,-1.8972,-0.9646,-0.8474,-0.6093,-9.4877,8.8784
-1.0918,-0.484,0.0171,-0.4774,-0.8474,17.2399,12.7494,4.4904
-0.05,-0.2077,0.1488,-0.2834,0.4271,40.8235,44.5214,-3.6979
-0.4311,-0.1514,-0.4579,0.1444,0.4271,32.7268,39.3772,-6.6503
0.9096,0.669,0.8707,0.0957,0.4271,67.2122,72.8497,-5.6376
0.984,-0.1806,0.1365,-0.0151,0.4271,65.8095,57.6748,8.1347
-1.5554,-0.8691,0.5668,-0.0198,0.4271,29.584,26.0046,3.5794
-0.4204,-0.1572,0.4461,0.3817,0.4271,51.8171,48.0317,3.7854
-0.5188,-0.4308,0.1198,0.1139,0.4271,49.4344,39.5286,9.9057
0.5553,-0.7758,0.2185,0.6476,-2.3842,22.7294,18.2273,4.5021
-1.0223,-1.1557,-1.1221,-0.4903,-2.3842,-14.652,-21.1703,6.5183
1.3137,1.3455,0.325,-0.4555,0.4271,75.0765,76.7565,-1.68
0.2893,0.5485,0.27,-0.4035,0.4271,64.8869,56.7574,8.1295
-0.2043,-1.1121,0.187,1.1104,-2.3842,9.7907,9.2816,0.5091
0.9996,0.799,0.7514,0.3964,0.4271,83.7825,76.448,7.3345
-0.7075,-1.0847,0.5887,-0.0426,0.4271,41.4365,32.6741,8.7624
0.9489,0.5287,0.0112,-0.3558,0.4271,66.3042,61.942,4.3622
-0.0645,-0.0583,-0.4211,-0.7573,0.4271,47.4808,38.3673,9.1135
0.5859,0.6903,0.289,0.3685,0.4271,70.4715,67.0429,3.4286
-1.5116,-0.6507,0.5145,0.2806,-2.3842,-1.3888,-2.7846,1.3958
-0.6273,0.7423,-0.4194,0.3922,0.4271,51.6566,49.3437,2.3129
0.7316,-0.1566,0.0771,-0.6252,0.4271,44.6612,50.5416,-5.8804
-0.363,0.0802,-1.4113,0.0772,0.4271,30.7278,34.9094,-4.1817
0.6269,0.2964,0.5035,-0.213,0.4271,62.0993,60.6606,1.4388
-1.3764,-1.2648,-0.4024,0.0969,-2.3842,-21.9834,-16.5718,-5.4116
0.9277,1.2223,-0.9663,0.8876,0.4271,60.9069,70.6373,-9.7303
1.093,0.7285,0.9101,0.6413,0.4271,81.5277,79.5788,1.949
0.9624,1.2215,-0.0519,0.9169,0.4271,80.5826,78.2375,2.345
-0.3798,-0.5241,-2.4848,-0.7378,0.4271,17.7831,14.0105,3.7726
1.6158,1.8127,0.7288,0.8112,0.4271,93.4759,97.1582,-3.6823
0.8575,0.479,0.8541,1.3426,0.4271,81.4692,78.6951,2.7741
0.1143,-0.3416,0.2739,0.0848,0.4271,50.9812,48.2982,2.6831
0.4354,0.9378,0.4515,-0.9062,0.4271,64.0745,60.6027,3.4719
0.7716,0.6196,0.2088,-0.2645,0.4271,71.6869,63.2206,8.4663
-1.5138,0.2284,-1.4004,0.2992,-0.8474,18.4276,10.732,7.6956
-1.6127,0.3981,0.1748,-0.0695,0.4271,41.7385,36.2781,5.4604
0.2363,-0.6309,-0.5818,-0.7236,-0.8474,14.3141,19.0082,-4.6941
1.3564,0.4916,0.271,0.4966,0.4271,80.2073,73.816,6.3914
-0.3764,0.0211,-0.4965,0.0107,0.4271,34.9181,40.6762,-5.7581
-0.293,-0.2429,0.4481,0.0039,0.4271,48.9855,45.8222,3.1633
-0.3675,-0.6909,0.7602,-0.2527,-2.3842,1.6208,7.2046,-5.5838
1.2231,-0.4966,-0.1813,0.3092,0.4271,50.3858,56.4925,-6.1066
0.6004,1.0503,0.5903,0.1664,0.4271,73.8016,72.16,1.6416
-0.1889,-0.4964,0.6228,0.2631,0.4271,47.4066,47.2317,0.1748
0.6611,1.0598,0.2064,0.4734,0.4271,64.3454,72.096,-7.7507
-0.7158,1.4427,0.0764,0.063,0.4271,65.163,57.7972,7.3657
1.1328,0.9597,-0.4385,0.7055,0.4271,67.2574,72.6759,-5.4185
-0.4241,-1.0125,0.0873,0.382,-0.8474,28.6785,20.4754,8.2032
0.3488,1.4293,0.3886,-0.0248,0.4271,65.378,70.8438,-5.4658
1.2144,0.9397,0.0723,0.0716,0.4271,70.8058,72.8499,-2.0441
-0.3654,0.5758,-0.4623,-0.3316,0.4271,47.2855,44.9162,2.3693
0.8167,1.2493,-0.5594,0.3059,0.4271,63.7953,68.8396,-5.0442
-1.3666,-0.6409,0.5887,-0.2593,-0.8474,19.3089,13.9543,5.3546
-0.9238,-1.1282,0.3457,0.0484,-2.3842,-6.4866,-4.769,-1.7176
-0.8269,-1.2495,-0.4684,-0.3119,0.4271,12.7848,19.5368,-6.752
0.9161,0.1383,0.5943,0.0481,0.4271,69.4223,64.4943,4.9281
1.233,1.9382,-0.4302,0.6392,0.4271,83.1768,84.356,-1.1791
0.5257,-0.3857,0.1922,-0.9183,-2.3842,9.7062,11.2092,-1.503
-0.3081,-0.3518,-0.9483,0.4235,0.4271,31.8595,36.6087,-4.7492
-0.0263,0.4904,-0.5492,0.3133,0.4271,53.9896,51.403,2.5865
1.0444,0.835,0.5608,-0.2476,0.4271,72.6986,71.3899,1.3087
-0.8654,-1.4336,-1.3666,-0.6228,-2.3842,-16.9073,-25.4164,8.509
0.7603,-0.2081,0.4487,0.3008,0.4271,61.9679,59.5661,2.4019
0.1506,-0.3717,-0.7242,-0.2099,0.4271,33.1971,38.6209,-5.4238
-0.8646,-0.62,-0.76,-0.3516,-2.3842,-9.2499,-9.7077,0.4578
0.1199,0.6439,-0.5508,0.0641,0.4271,56.2352,52.9516,3.2836
-0.9298,-0.0067,0.0306,-0.5526,0.4271,39.386,34.5759,4.8101
1.3855,0.9894,0.721,0.8012,0.4271,84.2648,85.3038,-1.0389
1.0288,0.0752,0.3585,-0.628,0.4271,58.7385,58.4787,0.2598
-0.4635,-1.3526,0.0168,0.5165,-2.3842,-1.4484,-1.637,0.1886
-1.5468,-0.9309,-0.5209,-0.7917,0.4271,9.595,11.6676,-2.0725
-0.7002,0.3423,0.4004,0.0823,0.4271,47.2429,48.217,-0.9741
-0.6274,-0.027,-0.5941,0.0273,0.4271,32.8328,36.8119,-3.979
-0.8594,-0.9155,-1.3179,-0.1231,-0.8474,0.5567,2.58,-2.0233
0.0396,-1.0928,0.2404,-0.5367,0.4271,21.7228,34.4732,-12.7504
-0.5984,-0.7495,-0.2091,-0.5977,0.4271,26.2406,27.6156,-1.375
-0.6041,-1.6875,-0.7235,-0.9432,-0.8474,-10.0557,-4.4926,-5.5631
-0.267,-0.248,-0.2502,-0.6775,0.4271,36.2105,35.9337,0.2767
-1.112,0.0201,0.7422,-0.1592,0.4271,34.4483,41.1333,-6.685
0.7127,-0.4292,0.4759,-0.2817,0.4271,47.7384,52.7319,-4.9935
-1.4578,-1.0772,-1.367,-0.3687,-2.3842,-28.539,-25.9921,-2.547
-1.11,-0.6302,-0.0794,0.2457,0.4271,35.7657,30.3367,5.4291
1.0065,0.7905,0.3847,0.0599,0.4271,68.5971,71.2661,-2.669
-0.6207,-0.2939,0.5146,0.0841,0.4271,40.2832,42.8069,-2.5237
0.6876,-0.3689,0.706,0.2329,0.4271,62.3067,58.4879,3.8187
-1.6176,-0.8953,0.5862,-0.4779,-2.3842,-19.2306,-11.3915,-7.839
1.3172,0.4914,0.5556,0.6858,0.4271,74.4361,76.8967,-2.4606
0.8717,-0.1585,0.8282,-0.9278,-0.8474,39.6885,40.5561,-0.8676
0.057,0.1712,-0.0632,0.1271,0.4271,48.9815,51.1514,-2.17
-0.4702,-0.2104,-0.214,0.2992,0.4271,46.1427,41.2483,4.8945
-1.1418,-0.4677,0.477,-0.4101,-2.3842,5.4379,-1.854,7.2919
-0.496,-0.0092,-0.0409,-0.4856,0.4271,40.2046,39.1104,1.0942
-0.4555,0.5983,-0.0512,0.3845,0.4271,55.689,52.345,3.3439
-0.6645,-0.2131,0.0546,-0.0731,0.4271,34.0589,38.6153,-4.5564
-0.2619,0.4229,-0.2229,0.1098,0.4271,43.38,49.2156,-5.8355
-1.0507,-1.4524,-0.2308,-0.7309,-2.3842,-19.5616,-19.6261,0.0645
0.6296,-0.3814,0.2704,0.2048,0.4271,52.2637,54.1791,-1.9154
-0.0852,0.4222,-0.1991,0.3128,0.4271,53.1412,52.6965,0.4447
0.8641,0.3472,0.3632,0.1925,0.4271,73.2189,65.513,7.7059
0.7594,0.3099,0.3969,-0.091,0.4271,67.3917,62.2603,5.1314
1.1655,-0.4401,0.3379,0.2234,0.4271,63.21,59.9082,3.3018
-1.5054,0.1718,0.0662,-0.6958,0.4271,24.1797,29.6943,-5.5146
-0.5987,-0.9565,0.5227,0.2036,0.4271,36.0555,36.4842,-0.4286
-0.4185,0.7739,-0.0076,-0.5807,0.4271,49.8266,48.3418,1.4848
0.9213,0.4643,0.507,0.2464,-2.3842,18.4353,35.5241,-17.0889
1.5605,1.8505,0.1213,1.1061,0.4271,89.2329,94.3675,-5.1346
0.018,0.6079,0.1636,-0.6679,0.4271,54.3563,51.8624,2.4938
0.0224,-1.0785,0.0364,-0.4467,-2.3842,1.4342,0.1065,1.3277
-0.363,0.186,-0.3329,-0.3531,-0.8474,25.6375,26.2637,-0.6263
0.1925,-0.197,0.1484,-0.3666,0.4271,41.5449,46.6588,-5.1138
0.1457,-0.2161,-0.2398,0.1926,0.4271,32.9023,46.8425,-13.9402
1.0148,1.0022,0.6854,1.0254,0.4271,77.4083,82.7601,-5.3518
-1.6796,-0.8241,-0.6502,-1.1676,-2.3842,-24.7275,-25.5623,0.8348
0.1616,0.0789,-2.072,-0.1145,0.4271,43.0752,34.0999,8.9753
0.8334,0.3841,0.6528,-0.2495,0.4271,68.2735,64.7547,3.5188
-0.2954,-0.0289,0.5479,-0.6026,0.4271,42.8578,44.7547,-1.897
0.1304,-1.2797,-0.3544,-0.0246,0.4271,30.3531,32.3272,-1.9741
0.8372,0.5965,-0.334,-0.301,0.4271,63.8893,59.2333,4.656
0.4002,0.7683,0.0707,-0.0244,0.4271,58.8008,61.5189,-2.7181
0.63,1.5978,0.3861,-0.0574,0.4271,69.3319,75.5063,-6.1744
-0.9129,0.2975,-1.2139,0.0727,0.4271,36.3298,32.9495,3.3803
1.3267,0.082,0.7507,0.2018,0.4271,74.6537,70.5326,4.1211
0.4088,-1.1203,0.0512,0.7319,-2.3842,16.8317,12.0824,4.7494
-1.4456,-1.0503,-0.6399,-0.579,-0.8474,-3.7545,-3.1691,-0.5855
-0.5579,-0.5408,0.5845,-0.6244,0.4271,42.9967,36.3166,6.68
0.1037,-0.5266,0.3749,0.3197,0.4271,38.2882,48.5146,-10.2264
0.9143,1.3767,0.4416,0.1118,0.4271,84.5825,77.6692,6.9134
-0.3937,-0.9974,-0.8029,-0.2876,0.4271,33.1593,24.608,8.5513
1.0448,0.9028,0.4078,0.544,-0.8474,49.7659,61.342,-11.5761
0.2905,-0.9197,-0.2904,-0.12,0.4271,31.1207,37.9198,-6.7992
-0.3443,0.5391,0.2116,0.0597,0.4271,52.5401,52.6337,-0.0936
-0.2543,-0.5334,-0.8079,0.6264,0.4271,34.8342,37.6341,-2.7999
-1.2008,1.4048,-0.2478,-0.5893,0.4271,40.8653,45.1467,-4.2815
-0.6357,0.0501,0.1253,-0.2652,0.4271,51.743,41.0917,10.6513
-1.2249,0.7782,0.5186,-0.6735,0.4271,39.3584,43.1539,-3.7955
0.0886,0.6147,0.3579,0.2927,0.4271,60.1639,60.8666,-0.7027
-0.083,0.2891,-0.1469,-0.1977,0.4271,50.3589,48.0751,2.2837
0.8554,0.131,-0.8679,0.4231,0.4271,47.6745,55.1199,-7.4454
1.6523,0.9874,0.4081,0.6291,0.4271,81.3575,84.536,-3.1784
-0.1642,-0.739,-2.4737,0.1505,0.4271,17.3967,20.1637,-2.767
1.1842,0.0787,0.6659,0.9672,0.4271,68.3161,73.636,-5.3198
-0.0087,-0.064,0.1854,0.162,0.4271,50.4644,49.9571,0.5073
0.2352,0.7439,0.1526,0.8159,0.4271,66.9239,65.9471,0.9768
-0.4318,-1.1984,0.1587,-0.2122,0.4271,37.3203,29.8622,7.4581
-0.3549,1.1142,0.2872,0.1613,0.4271,66.2232,60.2748,5.9483
-0.5787,0.0449,-0.7689,-0.4312,0.4271,29.2895,33.6097,-4.3202
-0.0263,0.4088,0.2234,0.1758,0.4271,54.1223,55.4734,-1.351
-0.5777,0.8191,0.5857,-0.0176,0.4271,50.9818,55.623,-4.6412
0.4464,-0.2276,0.4815,-0.0197,0.4271,54.115,54.0097,0.1053
-0.8293,-0.3766,0.1764,-0.4714,0.4271,35.6379,33.1794,2.4585
-0.5402,0.8724,0.5908,-0.1201,0.4271,52.3775,55.9507,-3.5732
-1.1806,-0.9083,0.8976,0.1679,0.4271,31.3843,33.4281,-2.0438
0.9335,1.3734,-0.2819,-0.8041,0.4271,64.9688,65.9049,-0.9361
1.3882,1.5859,0.0161,0.1742,0.4271,77.3262,82.2586,-4.9324
-0.7335,-1.0319,-0.1698,-0.6402,0.4271,28.3767,22.9995,5.3772
-0.413,-1.2918,-0.0791,-0.2093,0.4271,27.5968,27.204,0.3928
0.4993,-0.4476,-0.3469,0.1655,0.4271,50.2949,47.0157,3.2792
0.7597,1.9133,-0.6562,1.0984,0.4271,82.5987,80.459,2.1397
-0.9666,-1.1895,0.0759,-0.265,0.4271,23.5788,23.2279,0.3509
-0.7367,0.0147,-1.5312,-0.3209,-0.8474,11.4523,11.3381,0.1142
-0.9787,0.9075,-0.4871,-0.5018,0.4271,30.0266,40.7007,-10.6741
-0.2989,0.6788,0.8292,-0.1233,0.4271,61.6172,58.1703,3.4469
-0.1301,0.6441,1.0182,0.112,0.4271,66.5195,62.6789,3.8406
-0.3649,-1.0597,-0.5478,-0.3528,-2.3842,-0.1605,-7.673,7.5126
-0.4051,0.2005,-0.3918,0.2558,0.4271,47.794,44.8961,2.8979
-0.3548,-0.0424,0.1518,-0.428,0.4271,41.3216,42.1323,-0.8107
-1.6228,-0.6778,-1.1047,-0.4873,0.4271,0.6328,11.323,-10.6903
0.6065,0.1638,0.0579,0.3573,0.4271,67.7457,59.4876,8.2581
0.9045,1.396,-0.0911,0.5166,0.4271,76.4502,76.4969,-0.0468
0.4637,0.175,0.0149,-0.1024,0.4271,48.1042,54.5565,-6.4523
-0.9129,0.4519,0.0241,0.3204,0.4271,49.2755,45.932,3.3435
-0.9208,-0.287,0.4476,0.108,-2.3842,9.6398,5.9207,3.7191
0.2819,-0.622,0.2081,-0.1848,-2.3842,16.9909,11.1621,5.8287
0.7502,0.6944,-0.8005,0.5547,0.4271,61.1191,61.7611,-0.6419
0.8741,0.9983,0.2081,0.3532,0.4271,74.0289,72.8654,1.1636
0.9257,1.0637,0.6636,0.2857,0.4271,76.6361,77.1878,-0.5517
-1.1807,-0.8581,-0.5424,0.0769,-0.8474,8.5873,7.1392,1.4482
-0.6486,1.2484,0.1225,-0.6117,0.4271,47.1299,51.9977,-4.8678
0.1789,0.2105,-0.9425,-0.7634,-2.3842,-5.62,6.5457,-12.1657
-0.0895,-0.2206,-0.9682,-0.6267,0.4271,35.2473,32.9736,2.2737
0.6193,0.9518,-0.0518,-0.4702,0.4271,49.3148,61.8892,-12.5744
-0.612,-0.2225,0.5321,0.1578,-2.3842,15.1156,10.9509,4.1647
-1.4136,-1.2115,-1.1986,0.1294,-0.8474,-6.4004,-4.0133,-2.3871
0.5281,-0.5072,0.9348,0.3378,-0.8474,48.5607,42.5709,5.9898
0.0888,0.1216,-0.0895,-0.6196,0.4271,43.7203,45.5414,-1.821
0.9038,0.3361,0.7576,0.1454,0.4271,73.867,68.52,5.3469
1.3225,0.1908,0.6878,0.6329,0.4271,67.877,74.2243,-6.3473
0.2338,0.9179,0.2083,-0.2662,0.4271,62.8309,60.7969,2.034
-0.4976,-0.343,-0.0109,-0.2713,0.4271,41.4062,37.0605,4.3457
0.0134,0.6902,0.0343,0.0062,0.4271,64.6107,56.4296,8.1811
0.2976,-0.4723,0.5217,0.5422,0.4271,58.7615,53.8774,4.8841
-0.3942,0.3183,0.2128,-0.0339,0.4271,49.3849,48.9756,0.4093
1.0095,-0.3884,0.16,-0.4004,0.4271,53.4697,53.1141,0.3556
-0.1087,-0.8521,0.2692,-0.893,-0.8474,15.8075,18.1942,-2.3867
-0.3537,0.9429,0.2744,-0.1491,0.4271,50.7324,56.1055,-5.3731
0.0142,0.4215,0.0437,-0.1213,0.4271,51.831,52.6023,-0.7713
0.4092,0.2416,-1.2453,-0.0416,0.4271,50.942,45.4483,5.4937
0.1039,-0.2743,0.4876,-0.1181,0.4271,46.4111,49.1768,-2.7657
-0.3597,0.7433,1.0423,0.294,0.4271,60.5263,62.7859,-2.2596
1.2162,-0.242,-0.4153,0.6467,0.4271,66.1127,59.8277,6.285
-0.8972,-0.8106,-0.5522,0.0788,0.4271,27.4913,25.7896,1.7016
-0.2928,0.2778,-0.9898,0.4271,-2.3842,8.8384,10.1585,-1.32
0.3491,-0.23,0.0697,0.1737,0.4271,42.1426,51.1151,-8.9725
0.2961,-0.6568,0.1086,-0.1187,0.4271,43.2656,44.0159,-0.7502
1.0021,-0.013,0.3594,0.4333,0.4271,65.7383,64.5849,1.1534
0.8979,0.8921,0.267,-0.1267,0.4271,71.849,69.0428,2.8063
1.0994,0.3905,0.166,1.2526,0.4271,70.4232,74.3724,-3.9492
-0.4558,-1.0455,0.2607,-0.3538,-2.3842,-7.2073,-2.2747,-4.9327
-0.6668,-1.3226,-0.7485,0.2263,-2.3842,-15.1908,-11.3821,-3.8086
0.2801,0.861,-0.8146,0.6867,0.4271,59.8792,59.4075,0.4716
0.5556,-0.8488,-0.1003,0.3512,-2.3842,17.5887,12.8967,4.692
1.0371,-0.2226,0.0086,0.0034,-0.8474,40.0988,41.7746,-1.6758
0.3605,-0.2966,0.7935,0.0349,-0.8474,46.4157,39.9507,6.4649
1.1959,0.5626,-0.1152,1.2417,0.4271,78.8335,75.1014,3.7321
1.3204,1.1725,0.4007,0.9029,0.4271,77.5714,84.9084,-7.337
-0.7765,0.0781,0.591,0.5555,0.4271,52.5845,49.1842,3.4003
0.5943,0.4397,0.1223,0.3423,0.4271,62.8789,62.8503,0.0286
0.6737,0.3761,0.236,-0.3605,0.4271,55.7119,58.9742,-3.2623
-0.5553,0.1578,-1.1066,-1.0513,-0.8474,17.1183,13.0821,4.0362
-0.5518,-0.0862,1.0091,-0.0228,0.4271,59.2165,48.9422,10.2743
-0.8907,-0.7181,0.4474,-0.597,-0.8474,20.8143,14.7512,6.0631
-0.4272,0.1854,-0.8981,-0.7801,0.4271,36.0153,33.3937,2.6216
0.5293,-0.1063,-0.2271,0.0826,0.4271,48.1659,51.5204,-3.3544
-1.2064,-0.7267,0.6488,0.1043,-0.8474,16.8728,17.6973,-0.8245
-0.6599,0.6404,0.2004,-0.5399,0.4271,48.1533,46.1383,2.015
-1.658,-0.2605,0.1018,-0.1642,0.4271,24.7794,27.1671,-2.3877
-0.361,0.3343,-0.4429,-0.8643,0.4271,45.7659,38.6951,7.0707
0.6939,0.5035,0.722,1.2105,0.4271,79.9759,75.2833,4.6926
1.0753,-0.1715,0.4314,0.3954,0.4271,58.2426,63.8773,-5.6347
0.8094,1.1626,1.0835,1.0395,0.4271,79.7558,85.5249,-5.7691
0.0133,0.4747,-0.1583,0.2394,0.4271,60.1845,54.1443,6.0401
0.5985,-0.0758,0.2978,-0.2227,0.4271,48.7697,54.5216,-5.7519
-0.1062,0.4002,0.4017,0.8482,0.4271,49.6589,60.566,-10.907
-1.2246,-0.5571,-0.1434,-0.0389,0.4271,31.3527,27.4601,3.8926
-0.5011,-1.3646,0.3368,-0.2582,-2.3842,-7.0181,-5.0981,-1.92
-0.3115,-0.9118,0.4156,0.2123,0.4271,32.3427,39.3018,-6.9592
0.2829,0.9305,-0.5665,-0.1421,0.4271,58.6495,56.3662,2.2833
-0.2799,-0.2222,-0.3154,0.2022,0.4271,47.8551,41.6995,6.1556
-1.2714,-0.9258,0.2476,-0.135,-0.8474,11.5989,10.011,1.5879
1.1807,1.1002,0.7668,0.1689,0.4271,76.53,80.3132,-3.7833
0.4124,-0.3842,-0.2384,0.1274,0.4271,48.9905,47.3681,1.6224
-0.2478,-0.0915,-0.4835,-0.0845,0.4271,36.2381,40.2279,-3.9897
0.6853,0.2861,0.4197,-0.2939,0.4271,67.2678,59.9629,7.3049
0.6462,0.6359,0.2385,-0.3366,0.4271,66.788,61.7869,5.0011
-1.6536,-1.1467,-1.6936,-0.7305,-2.3842,-30.9847,-33.899,2.9143
0.927,0.8345,0.4021,-0.1598,0.4271,73.1526,69.5165,3.6361
0.8784,-0.5302,0.0686,-0.1439,-2.3842,23.3923,17.7955,5.5968
-0.3841,-1.0178,-0.4213,0.1801,-0.8474,17.4803,15.5274,1.9528
-0.584,0.2063,-0.2534,0.3684,0.4271,45.4253,44.8919,0.5334
1.3199,0.6509,1.0411,0.6749,0.4271,83.6992,82.3799,1.3193
-0.9446,-0.1389,-0.0357,-0.2888,-0.8474,21.0676,19.1124,1.9552
-1.1834,-1.0345,-0.2037,-0.1191,0.4271,15.7555,21.5115,-5.756
0.2633,0.3772,0.6017,0.2189,0.4271,66.597,61.4306,5.1663
0.4959,0.5117,0.0512,0.1941,0.4271,67.6676,61.0283,6.6393
-0.5687,-0.1515,-0.1391,0.0998,0.4271,45.7595,40.0441,5.7155
0.7823,-0.221,0.9871,0.1655,-0.8474,53.3545,47.7173,5.6372
-1.629,-0.9856,-0.4627,-0.657,-2.3842,-19.7525,-21.8433,2.0908
-0.0756,-0.5414,0.4861,0.4125,-0.8474,24.0973,32.7863,-8.689
-0.1919,1.6021,0.6583,0.1496,0.4271,65.1774,70.2814,-5.104
-0.0946,0.2868,0.2033,-1.0737,0.4271,43.8684,44.5295,-0.6611
0.2198,0.9416,0.1357,-0.2276,0.4271,61.6391,60.6233,1.0159
-0.7827,-0.5541,0.1684,-0.2875,0.4271,43.0944,32.8993,10.1951
-1.1695,-1.7429,-0.1028,0.1197,-2.3842,-18.3436,-17.2683,-1.0752
0.0429,-0.8318,-0.5032,-0.0909,0.4271,31.0046,34.8217,-3.8171
-1.6888,-0.9617,0.428,-0.9548,0.4271,16.4159,15.9664,0.4496
-0.8015,-0.6639,0.6684,-0.1974,-2.3842,-1.6161,2.5356,-4.1517
1.0494,0.8496,1.0789,-0.2596,0.4271,70.6009,75.5116,-4.9106
-1.5923,-1.5803,0.058,-0.7068,0.4271,5.0548,8.9217,-3.867
-0.7527,-0.3193,0.2275,-1.0344,0.4271,35.5611,31.1227,4.4384
-0.8459,-0.3522,0.5371,0.0483,-0.8474,19.4899,24.5218,-5.0319
0.5903,0.2252,0.217,0.1372,0.4271,65.9139,59.6981,6.2157
-1.6875,-1.4485,0.1595,0.1172,-2.3842,-20.1845,-17.5067,-2.6778
-0.764,-1.0548,-0.5355,-0.0048,0.4271,24.734,24.0181,0.7159
0.856,0.5313,0.3166,-0.1114,0.4271,66.8424,65.025,1.8174
-0.4457,-0.093,-0.8633,-0.4843,0.4271,29.6246,32.3885,-2.7639
-1.6668,-0.7857,-1.115,-0.2568,-2.3842,-29.5227,-22.2372,-7.2855
-0.2703,0.428,0.4387,-0.9659,0.4271,41.5204,46.7951,-5.2747
0.0235,0.7888,-0.0502,0.2557,0.4271,55.6337,58.7309,-3.0973
0.4378,-0.6792,0.2879,-0.0604,0.4271,47.4876,47.066,0.4216
-0.7892,-0.0833,0.1636,-0.8098,0.4271,37.2964,34.4565,2.8399
0.2804,0.1002,0.1393,-0.8412,0.4271,50.9592,47.573,3.3862
1.2789,0.165,0.4604,0.169,0.4271,68.6985,68.4929,0.2056
-1.3803,0.3729,-0.0556,-0.5515,0.4271,25.9577,33.3618,-7.4041
-0.7472,-0.1475,-0.8527,-0.2992,-0.8474,12.031,14.773,-2.742
0.8151,-0.0577,-0.1744,0.5247,0.4271,56.2529,58.6072,-2.3543
0.1051,-0.4985,0.3088,-0.6921,0.4271,43.432,41.3034,2.1286
0.1209,0.3949,-0.3591,-0.2218,0.4271,47.312,49.6487,-2.3366
0.123,0.3108,0.184,0.1708,0.4271,52.7491,55.6329,-2.8838
0.8648,0.3175,0.2887,0.1093,0.4271,62.001,64.0345,-2.0335
1.3516,1.0391,-0.0227,1.1037,0.4271,74.4342,81.8808,-7.4466
-0.7216,-0.3714,-0.7644,0.0562,0.4271,24.142,30.8207,-6.6787
0.5534,0.7168,0.2376,-0.0311,0.4271,67.6759,63.8188,3.8572
-0.4009,-0.465,-0.9287,-0.0307,0.4271,21.6074,31.3361,-9.7287
-0.6503,0.7117,-0.6711,-0.49,0.4271,37.2551,40.6848,-3.4297
-0.1047,0.5646,0.968,-0.2978,0.4271,44.6938,58.8222,-14.1285
-0.4498,-0.8405,-0.0976,-0.4675,0.4271,28.533,29.947,-1.4139
-1.6691,0.3415,0.0863,-0.6152,0.4271,30.5986,30.5632,0.0354
0.9835,0.5378,0.8112,0.3527,0.4271,76.3659,73.496,2.8699
0.4417,0.116,-0.009,-0.1904,0.4271,55.4238,52.8628,2.561
-1.442,-0.5841,0.0105,-0.0789,-2.3842,-7.6197,-7.6666,0.047
0.4622,-0.0578,0.0889,-0.3661,0.4271,47.1115,50.6599,-3.5484
1.4246,1.327,0.7137,1.0252,0.4271,90.1294,91.0202,-0.8908
0.7023,0.7343,0.2504,0.6436,0.4271,66.2784,70.3989,-4.1204
-1.1732,0.0696,0.8278,-0.459,0.4271,38.6566,39.6093,-0.9527
-1.8439,-1.1929,-1.9401,-0.9826,-2.3842,-32.9942,-40.1068,7.1126
-0.4845,-0.9359,-1.1188,-0.7863,0.4271,20.9311,18.4307,2.5004
-1.5817,-0.5864,-0.1438,0.0518,-2.3842,-10.6202,-9.4678,-1.1524
-0.4178,-1.1135,0.1201,0.3702,0.4271,29.6334,34.7181,-5.0847
0.8876,-0.2172,0.7318,0.8656,0.4271,72.9874,66.9315,6.0559
0.5223,-0.7124,-0.1016,0.022,0.4271,49.3073,45.1743,4.133
0.071,0.398,-1.5983,0.5378,0.4271,46.3846,44.8956,1.489
1.1941,0.2722,-0.0668,-0.0195,0.4271,65.8713,63.4228,2.4486
-0.0813,0.0806,0.2804,0.6439,0.4271,55.5513,54.8867,0.6646
-0.3856,-0.0576,-1.2293,-0.2479,0.4271,26.182,32.2578,-6.0758
-0.5913,-0.36,0.9252,0.191,0.4271,38.7844,46.28,-7.4956
0.2214,-0.5331,0.2942,-0.6201,-2.3842,14.9561,9.1504,5.8057
0.1612,-0.1395,-0.1268,-0.2239,0.4271,53.7145,45.8447,7.8698
-0.3791,-1.3891,-0.7145,0.1535,-2.3842,-21.0023,-9.2939,-11.7084
0.9716,0.6038,0.532,-0.2176,0.4271,65.409,67.9984,-2.5895
0.6179,-0.8018,-0.5998,0.4698,-2.3842,14.1075,11.0748,3.0327
0.0302,0.387,-0.0058,0.4836,0.4271,50.2904,56.2108,-5.9204
-1.6277,-0.3615,0.0639,-1.0043,0.4271,19.8986,20.2253,-0.3267
-0.7857,-0.7029,-0.0313,-0.007,0.4271,35.8899,31.6065,4.2834
0.4184,-1.0425,-0.4429,0.1865,-0.8474,19.8623,23.7254,-3.8631
0.4605,0.1489,0.792,-0.1697,0.4271,60.0929,59.7392,0.3536
1.568,1.5222,0.5981,0.3585,0.4271,82.4509,89.2266,-6.7757
-0.7789,-0.8771,0.1276,-0.1695,-0.8474,18.8122,14.6731,4.1391
0.7193,0.3413,-0.1391,0.1691,0.4271,55.8448,59.8681,-4.0232
-0.1532,0.4198,-0.1043,0.4409,0.4271,49.355,53.5592,-4.2042
-0.7092,0.3492,-1.4384,0.2409,0.4271,33.6956,35.1548,-1.4592
0.0594,-0.9289,0.6733,0.3352,0.4271,45.3301,45.919,-0.5889
1.3581,0.2526,-0.2764,0.1453,0.4271,59.0928,64.4926,-5.3999
1.0709,0.4699,0.4809,0.864,0.4271,83.6568,74.6806,8.9762
0.1422,-1.2127,-0.381,0.2201,0.4271,33.1707,34.7037,-1.5329
1.152,1.4533,0.2022,0.4352,0.4271,78.9623,81.4827,-2.5204
0.797,0.9,-0.4733,0.3549,0.4271,70.6538,65.7032,4.9506
-0.7698,-0.2299,0.9365,-0.0171,0.4271,37.5684,44.4703,-6.9019
0.4004,0.1682,-0.0716,0.2934,0.4271,48.9474,55.8875,-6.9401
0.5929,0.2045,-0.0298,0.7186,0.4271,65.5176,61.6367,3.8809
0.74,1.4447,-0.1403,0.6752,0.4271,59.9552,76.0052,-16.05
0.8059,-0.9255,0.4227,0.0336,-2.3842,7.0399,16.5321,-9.4922
1.0438,0.7125,0.7169,0.7864,0.4271,80.6788,78.3952,2.2836
-0.2179,-0.4781,-0.0728,0.1906,0.4271,39.8492,41.2725,-1.4232
-0.3342,0.4897,0.2379,0.4183,0.4271,61.4493,54.8825,6.5668
0.1364,-0.6895,0.4325,0.0705,0.4271,42.9115,45.7444,-2.8329
1.2963,1.6989,0.4423,1.3214,0.4271,87.7286,93.7979,-6.0693
-0.1815,-0.7854,-1.3286,-0.841,0.4271,26.7805,21.3738,5.4067
0.6461,1.117,0.4027,-0.0484,0.4271,72.6596,70.462,2.1976
-0.3874,-1.1898,-1.1759,0.4568,-2.3842,-8.5387,-8.5826,0.0439
-0.2432,-1.232,0.3245,-0.7126,-0.8474,12.5639,14.1611,-1.5972
-1.1575,-1.1021,-0.2226,-0.3428,-2.3842,-10.5543,-14.0706,3.5162
-0.6476,-0.0488,0.1537,0.276,0.4271,48.5356,43.832,4.7036
-0.3329,0.9695,-0.2777,1.1153,0.4271,55.4216,61.1686,-5.7469
0.0929,0.8494,-0.1457,0.6953,0.4271,60.155,62.4766,-2.3216
-0.5891,0.5958,-0.3331,-0.5618,0.4271,37.6878,42.1385,-4.4507
0.5977,0.122,0.3812,-0.3107,0.4271,58.8953,56.7656,2.1297
0.8877,0.3673,0.9517,0.0894,0.4271,57.9105,69.8021,-11.8916
-0.7455,-0.6881,0.833,0.0871,0.4271,46.6957,39.5079,7.1878
0.5743,0.192,-0.1305,0.291,0.4271,52.6646,57.5487,-4.8842
0.6783,-0.0426,0.8366,-0.4041,0.4271,50.0684,58.6334,-8.5649
-0.3989,0.2658,0.2991,0.0555,0.4271,55.4071,49.6191,5.7879
0.1628,-0.1208,-1.0443,0.3931,0.4271,59.3579,43.3023,16.0556
-0.2458,-0.2243,0.9819,0.3494,0.4271,53.4927,53.0458,0.4469
0.7705,0.8353,0.9674,0.0166,0.4271,72.3105,73.4248,-1.1144
0.6527,-0.1506,0.0804,-0.6837,0.4271,58.2621,49.3844,8.8777
0.3181,-0.8095,0.6272,0.2003,0.4271,46.8196,48.7417,-1.9221
0.996,0.328,0.5621,0.0687,0.4271,69.8993,67.3794,2.5199
-0.3533,1.1522,-1.3975,0.5293,0.4271,47.028,50.3154,-3.2875
-0.291,-1.5891,0.2869,0.3698,-2.3842,-7.1152,-1.3897,-5.7254
-1.4093,-0.239,-0.6833,-0.2603,0.4271,12.8316,23.3648,-10.5332
-0.008,0.2839,-1.0008,-0.4814,0.4271,43.8818,40.2787,3.6031
0.8295,0.7153,0.4888,0.526,0.4271,73.7349,72.5655,1.1693
0.4151,-0.4348,0.4323,-0.4536,0.4271,46.4883,47.9492,-1.4609
0.7441,-0.5905,0.4826,0.4912,0.4271,63.125,56.6762,6.4488
0.8999,1.1388,0.3506,0.7114,0.4271,82.419,78.3069,4.1121
0.9966,1.3224,-0.5876,0.4517,0.4271,69.9408,72.3853,-2.4445
0.1214,-0.0787,-0.0396,-0.4153,0.4271,43.1922,45.4423,-2.25
-0.565,-1.1971,0.0187,0.328,0.4271,32.2469,31.1273,1.1196
-0.6144,0.4844,-0.2528,-0.6594,0.4271,39.9054,40.5528,-0.6474
-0.3081,0.0537,0.0235,0.3363,0.4271,56.986,48.0399,8.9461
-1.1765,-0.4225,0.7428,0.3716,-1.1097,15.1453,20.9022,-5.7569
-0.0969,-0.3213,-1.1468,-0.4038,0.4271,32.9175,31.9369,0.9806
1.4216,0.5067,0.4004,0.8297,0.4271,79.341,77.9941,1.3469
0.9342,0.3065,0.0622,0.0937,0.4271,67.0303,62.8031,4.2271
-0.9079,-1.2724,0.5777,-0.3255,-2.3842,-7.0537,-7.034,-0.0198
0.5177,0.7726,0.7683,0.1178,0.4271,71.9825,69.1822,2.8003
-0.1266,-0.8527,0.6318,-0.7447,0.4271,25.4111,36.9582,-11.5471
-1.5273,-1.5834,-1.1149,-0.6725,-2.3842,-32.3465,-32.6027,0.2562
0.4363,-0.6739,-0.1769,-0.6455,0.4271,35.6899,39.4673,-3.7774
-0.7824,0.0333,0.0439,-0.0178,0.4271,46.3746,40.4249,5.9496
-0.7788,0.283,0.3839,-0.3252,0.4271,51.1965,43.7505,7.446
-0.3452,-0.7427,-0.0765,0.1657,0.4271,41.1516,36.7311,4.4205
-0.6653,-0.0417,-1.2869,-0.0889,0.4271,34.2279,30.1029,4.125
-0.367,-1.1056,-1.0967,0.7058,0.4271,31.0044,28.3223,2.6821
-0.3777,-0.3281,-0.0736,0.1405,-2.3842,-0.6215,7.494,-8.1155
-0.2649,0.306,-0.1761,0.2153,0.4271,54.6943,48.9629,5.7314
0.4132,0.7118,0.3236,0.1228,0.4271,63.6668,63.9918,-0.325
-0.3765,0.0742,0.3114,0.1996,0.4271,40.312,48.8023,-8.4903
-0.7862,-0.0358,-2.0542,-0.5633,0.4271,18.4932,19.6723,-1.1791
0.819,-0.4971,0.5722,-0.3736,0.4271,59.7952,53.2085,6.5867
-0.6469,0.1431,-0.1883,-0.5702,0.4271,42.0996,37.4844,4.6152
-0.089,0.652,-2.0705,0.4868,0.4271,38.507,42.0503,-3.5433
-1.5904,-1.6663,-0.4137,-0.6559,-0.8474,-18.9735,-10.442,-8.5315
-1.5449,-0.7952,-0.0387,-0.5202,0.4271,14.5838,18.8096,-4.2258
-0.6116,-0.7076,0.7633,-0.1767,0.4271,38.1834,38.3526,-0.1691
1.501,0.7097,0.6917,-0.2009,0.4271,80.1264,76.2066,3.9198
0.3438,0.5343,-0.5162,0.1782,0.4271,61.9788,55.1774,6.8014
0.0702,0.0636,0.0246,1.1573,0.4271,63.2522,57.9194,5.3328
-0.244,0.2181,0.6248,-0.5568,0.4271,45.1436,48.992,-3.8484
0.6166,0.6538,0.6888,0.8905,0.4271,79.7586,73.665,6.0936
-0.7156,-0.6668,-1.2434,-0.5827,-0.8474,-0.6491,4.2956,-4.9447
-0.1813,-0.0546,-0.0681,-0.0107,0.4271,43.6929,45.0636,-1.3707
-0.527,-0.8474,0.1765,0.2359,-2.3842,4.2621,2.6421,1.62
-0.7029,-1.1937,-0.0982,-0.6394,0.4271,14.4266,22.064,-7.6374
-1.6515,-0.8839,-1.4548,-0.3026,0.4271,-0.0553,7.2892,-7.3445
0.7388,-0.3054,0.6313,0.6408,0.4271,60.487,62.0097,-1.5227
-0.3892,-0.6461,0.2934,-0.8143,0.4271,21.4146,33.3805,-11.9659
0.4974,-0.5277,0.4305,-0.6662,-0.8474,25.3773,31.1525,-5.7752
0.2549,0.2871,0.0625,0.9436,0.4271,58.1577,61.2179,-3.0602
0.0992,1.1923,0.2579,0.5604,0.4271,66.423,68.5666,-2.1437
-0.4273,-0.188,0.3638,-0.1157,0.4271,40.1547,43.5208,-3.366
-0.7725,-0.8444,-0.0978,0.0212,0.4271,25.7488,29.8417,-4.0929
-0.6747,-0.3167,-0.009,-0.1434,0.4271,43.3226,36.3628,6.9598
-0.356,-0.0249,0.7287,-0.713,0.4271,47.7641,44.7733,2.9907
-1.328,0.2891,-1.1249,-0.1085,0.4271,20.0062,27.8316,-7.8254
0.3732,-0.2606,0.6895,-0.3185,0.4271,51.9598,52.3772,-0.4174
1.2312,0.6273,0.2674,0.2995,0.4271,67.0377,72.6007,-5.563
0.2214,-0.0964,-0.0881,-0.2231,0.4271,43.8708,47.279,-3.4082
0.3053,0.3608,-0.2464,0.163,0.4271,53.2015,54.7839,-1.5825
0.7721,0.04,0.1211,0.0471,0.4271,60.7816,58.1995,2.5821
-0.6578,0.292,-0.5406,-0.0719,0.4271,44.6202,39.7946,4.8256
-0.672,0.0792,-0.5317,0.3371,0.4271,41.9605,40.1603,1.8002
-0.2896,0.4139,-0.3104,-0.0276,0.4271,49.4445,47.1889,2.2557
0.1679,-1.0206,0.2819,0.3664,0.4271,37.79,43.2567,-5.4667
-1.2435,0.1089,0.231,-0.1853,0.4271,33.0724,36.608,-3.5356
-0.3516,-0.0489,-0.1176,-0.2107,0.4271,29.965,41.5312,-11.5662
-0.5542,0.2819,-0.044,-0.5842,0.4271,41.4419,41.0506,0.3913
-0.0474,0.1198,0.2867,-0.224,0.4271,49.5229,49.706,-0.183
-1.2016,0.1313,0.7297,-0.0091,0.4271,48.2653,42.3713,5.894
0.41,0.7247,-0.1881,0.1871,0.4271,63.5489,60.6136,2.9353
-0.2939,0.7151,-0.2721,-0.7198,0.4271,49.8137,46.0142,3.7994
0.9397,0.562,0.3802,0.3743,0.4271,74.8496,70.1329,4.7168
-0.4528,1.4452,-1.6268,0.0324,0.4271,45.6257,47.3271,-1.7014
-0.9258,-0.695,0.5688,-0.6053,-2.3842,2.2225,-2.7463,4.9688
-0.0657,-1.0986,0.4114,-0.0216,-0.8474,27.0198,23.0343,3.9855
0.458,-0.2061,-0.0278,0.5855,0.4271,53.4256,54.6628,-1.2372
1.4618,1.2612,-0.1121,0.4711,0.4271,82.3085,80.4739,1.8346
-0.2702,-0.4956,-1.1367,-0.014,0.4271,28.6912,30.9068,-2.2156
1.6537,0.4293,0.5393,1.1602,0.4271,77.0466,82.9761,-5.9295
-1.2618,-0.9829,0.5884,0.0475,-2.3842,-5.3548,-4.8952,-0.4595
0.9746,0.6728,0.5398,0.1531,0.4271,72.0276,71.4426,0.585
-0.8945,-0.6605,0.3134,0.1499,-2.3842,5.373,1.2608,4.1122
-0.2855,0.5037,0.7084,-0.573,-0.8474,31.3014,37.1501,-5.8488
-0.4988,-0.737,-0.2364,-0.1149,0.4271,41.868,31.9685,9.8996
1.4054,0.9,0.7881,0.7553,0.4271,86.8821,84.7082,2.1739
0.7085,-0.797,0.0915,0.4823,0.4271,47.3722,50.9031,-3.5309
0.6115,-0.0629,0.3857,-0.3713,0.4271,63.1655,54.4489,8.7166
1.0382,-0.1371,0.3369,0.3309,0.4271,56.6532,62.6913,-6.0381
0.175,1.3318,0.7543,0.0005,0.4271,69.2892,70.8756,-1.5864
-0.6535,-0.2221,0.2159,-0.9149,0.4271,27.6755,34.0204,-6.3449
-1.1075,-0.152,0.7338,-0.3779,-0.8474,26.2327,22.5205,3.7122
-1.4734,-0.8535,-0.3663,-0.9326,-2.3842,-18.5699,-19.8653,1.2953
0.7852,-0.204,0.7878,0.1468,0.4271,65.226,61.418,3.808
-0.5098,-0.6742,0.051,0.1123,-0.8474,18.7561,21.2067,-2.4506
-0.1221,0.7892,-0.6207,0.5105,0.4271,59.7946,54.5579,5.2367
1.4403,0.6782,0.6207,0.261,0.4271,86.8121,77.8646,8.9475
0.1509,-0.2743,-0.4471,-0.7897,0.4271,48.0355,37.8214,10.2141
0.9622,0.7509,0.3634,-0.3045,0.4271,65.4118,67.6496,-2.2378
-1.26,-0.1704,-0.3595,-0.8387,-2.3842,-14.4727,-9.1921,-5.2806
0.8357,-0.5045,-0.7937,0.354,-2.3842,20.8892,14.4536,6.4357
-0.348,-0.8893,-0.5539,0.0795,0.4271,34.045,30.7809,3.2642
0.1233,-0.7819,-0.001,0.4428,0.4271,43.4386,43.8169,-0.3783
-0.0932,-0.0019,0.0703,-0.4882,0.4271,44.0082,44.3449,-0.3367
-0.3069,-0.2604,-0.0427,-0.5638,0.4271,36.7526,37.7542,-1.0015
-0.8406,-0.503,-1.2319,0.3385,0.4271,22.1527,26.4317,-4.2789
-0.4169,-0.4073,0.2457,-0.4071,0.4271,44.7224,38.2308,6.4915
-0.1707,0.3781,-0.809,0.1674,0.4271,36.0511,45.581,-9.5299
0.1727,0.7763,-0.219,-0.1072,0.4271,61.9633,56.3674,5.5958
-1.5759,-0.6018,-0.1909,-0.0387,0.4271,29.2591,22.8288,6.4303
0.8755,-0.5549,-0.6196,-0.5725,0.4271,35.2003,42.6122,-7.4119
1.1151,0.9141,1.0835,-0.2542,0.4271,77.657,77.0124,0.6446
-1.0995,-0.5167,-1.8559,-0.2228,-1.1097,-1.2626,-3.4559,2.1933
-0.7735,-1.3442,0.7326,-0.0285,-2.3842,-7.1503,-3.1452,-4.0051
1.0955,0.4675,0.6366,0.1655,0.4271,68.4409,71.2609,-2.82
-0.1845,-0.1572,0.2029,-0.0232,0.4271,45.9144,45.8743,0.0401
1.0424,1.954,0.1488,1.2306,0.4271,86.1823,91.0565,-4.8743
1.5415,1.2198,0.2624,0.5331,0.4271,82.0265,84.1743,-2.1478
-0.09,0.0474,0.3646,-0.1509,0.4271,42.8747,49.5429,-6.6683
-1.2117,0.5037,-0.2487,0.0244,-0.8474,27.2481,24.0144,3.2337
0.8394,0.3588,0.1351,0.1708,0.4271,57.9686,63.4735,-5.5049
0.9431,0.4474,0.4686,0.0501,0.4271,69.2052,67.3063,1.8989
1.0434,0.3438,0.3603,0.6688,0.4271,79.1275,70.6851,8.4424
-1.1371,-1.1229,0.2259,-0.8627,-2.3842,-23.0835,-14.2494,-8.8341
1.0462,0.0902,0.5913,0.2243,0.4271,67.2426,66.5487,0.6939
-1.3197,0.2244,0.3522,-0.9684,0.4271,32.1394,32.5809,-0.4415
0.9628,1.5087,-0.6863,1.0101,0.4271,75.0119,77.2401,-2.2282
0.6364,0.4965,-0.1781,0.5228,0.4271,66.508,62.8829,3.6251
-0.5492,-0.3674,0.202,-0.2096,0.4271,30.7015,38.2997,-7.5982
-0.0314,-0.59,-0.5764,-0.2717,0.4271,27.949,34.925,-6.9761
-0.0927,0.7329,0.1373,0.2496,0.4271,57.2241,58.2577,-1.0336
0.3049,-0.4852,-0.694,-0.2624,0.4271,33.271,38.8648,-5.5939
0.5943,-0.506,0.1434,0.1682,0.4271,61.864,51.1678,10.6962
-0.3536,0.6568,-0.8088,0.0355,0.4271,44.1614,45.8401,-1.6787
0.6709,0.9948,0.3381,-0.1377,0.4271,75.959,68.2357,7.7233
1.5858,1.276,-0.1349,-0.112,0.4271,81.9938,77.7398,4.254
0.289,0.2126,0.2206,-0.0883,0.4271,56.879,54.7887,2.0903
0.6282,0.588,-0.3411,-0.4983,0.4271,54.2224,55.4719,-1.2496
0.2949,-0.6412,-0.9638,0.3295,0.4271,41.7735,39.0428,2.7307
-0.9633,-1.274,0.1445,-0.123,-2.3842,-8.8511,-9.5722,0.721
0.2486,-0.2469,-0.2299,-0.3591,-0.8474,41.9555,28.6997,13.2558
-0.397,-0.5646,-0.5205,-0.8308,0.4271,22.4821,27.8357,-5.3536
-0.8931,-0.1247,-0.0923,0.2851,0.4271,41.5037,38.5192,2.9845
-0.5476,0.6478,-0.9935,0.092,0.4271,55.5255,42.6303,12.8951
-0.0461,-1.2568,0.2252,-0.34,-2.3842,5.3947,-0.4377,5.8324
1.1536,1.1308,0.2873,0.1214,0.4271,70.8451,76.3463,-5.5012
0.0693,-1.1745,-1.31,-0.1125,-0.8474,12.5913,9.7516,2.8397
-0.8436,-0.3819,-0.9207,-0.1221,0.4271,24.9964,26.9536,-1.9572
-0.6557,-0.637,0.6331,-0.0767,-2.3842,5.2295,4.968,0.2615
0.0294,1.1912,0.2087,0.255,0.4271,64.5813,65.3057,-0.7244
-0.2986,1.252,-1.5671,0.0017,0.4271,47.0253,47.0537,-0.0284
-0.7754,-0.635,-1.223,-0.4008,0.4271,16.2237,20.5753,-4.3516
0.5175,0.2939,1.0417,-0.0179,0.4271,63.483,64.9578,-1.4748
0.9082,1.4859,-0.4267,0.1893,0.4271,70.5798,72.6909,-2.1111
-1.378,0.0135,-0.2351,-0.9961,0.4271,27.9807,24.8738,3.1069
-0.4996,-0.7963,0.1742,-0.2387,0.4271,39.2602,33.5921,5.668
0.6806,0.356,-0.1151,-1.1266,0.4271,45.0847,50.797,-5.7123
-0.0853,-0.5658,-0.0654,-0.2662,-0.8474,24.114,23.4473,0.6667
-1.2948,-0.9737,-0.7927,-0.5346,-0.8474,-5.4938,-1.5592,-3.9347
0.2021,-0.6984,0.2011,-0.2974,0.4271,41.0849,42.0096,-0.9247
0.3015,0.9459,0.1429,-0.3074,0.4271,64.5726,61.047,3.5256
0.2835,-0.2499,0.8665,0.2957,0.4271,60.4755,57.1684,3.3072
0.8124,-0.7433,0.9688,0.295,0.4271,62.8481,58.0681,4.78
0.9372,1.4487,0.2513,1.1671,0.4271,82.8529,84.5953,-1.7424
0.8314,1.2117,-0.4209,-0.2805,0.4271,69.5368,65.5634,3.9734
-0.2464,0.7569,0.4591,0.7103,0.4271,60.4999,62.5598,-2.0599
-1.2672,-1.2013,0.276,-0.8522,-2.3842,-16.5642,-16.0665,-0.4977
-0.8089,-0.6914,-0.0865,0.4282,0.4271,30.8695,34.0871,-3.2175
1.5207,0.6628,0.3347,0.7509,0.4271,82.5912,79.757,2.8342
0.8673,0.5735,0.5875,0.5669,0.4271,74.9985,72.4193,2.5792
1.0557,0.3824,0.4838,0.7277,0.4271,69.1537,72.6084,-3.4547
1.3866,0.8369,0.5597,0.6312,0.4271,82.826,81.1783,1.6478
0.095,0.0374,-0.6526,-0.3933,0.4271,28.4833,41.9012,-13.4179
-1.0159,-0.3672,0.1356,0.2061,-2.3842,-4.5612,2.2803,-6.8415
-0.0995,0.616,-0.84,-0.2388,0.4271,52.0141,45.9568,6.0573
0.934,-0.8737,0.1107,0.0253,0.4271,47.3451,49.4266,-2.0815
-1.4446,-0.7723,0.4246,-0.0221,-2.3842,-11.677,-6.2301,-5.4469
1.4817,0.841,0.3213,0.8098,0.4271,83.1712,81.6506,1.5206
0.5442,0.3166,0.2985,-0.257,0.4271,58.219,58.1199,0.0991
-1.2998,-0.7609,0.3747,-0.0489,0.4271,23.9243,28.2782,-4.354
-0.667,0.3121,-1.0133,-0.4028,0.4271,32.8266,33.9854,-1.1588
-0.3196,-1.4477,-0.6316,-0.4157,-2.3842,-17.0252,-12.634,-4.3913
1.0393,0.2224,0.3243,0.1198,0.4271,60.5035,65.1816,-4.6781
-1.1244,-0.6615,0.7983,-0.4625,-0.8474,17.7717,16.5175,1.2541
-1.2705,0.7577,0.4868,0.2239,0.4271,40.5237,48.427,-7.9033
0.1365,0.6374,-0.0176,0.297,0.4271,50.8744,58.7771,-7.9028
0.019,0.4548,0.2621,-1.052,0.4271,50.0917,48.2391,1.8526
-0.3362,-0.3482,0.4133,0.017,0.4271,33.0635,43.9982,-10.9348
0.171,-0.2174,0.0098,-0.2536,0.4271,49.0002,45.9178,3.0824
0.1388,1.1445,0.1021,0.0556,0.4271,67.9342,63.7474,4.1868
-0.4222,-0.0886,0.7665,0.0023,0.4271,49.2274,48.6113,0.616
-0.2401,-0.2854,0.2681,0.4911,0.4271,40.2355,47.9127,-7.6772
0.3822,0.9786,0.1819,-0.6396,0.4271,59.3052,60.2706,-0.9654
-0.0767,0.4569,0.3091,-0.18,0.4271,60.7599,53.6604,7.0995
1.3654,0.9666,0.7165,1.3147,0.4271,85.0301,88.367,-3.3369
0.0871,1.3387,0.5746,0.2309,0.4271,67.1624,70.2312,-3.0688
0.7858,1.0611,-0.0971,1.3191,0.4271,73.4349,76.991,-3.556
-0.1176,0.1424,0.3914,0.1931,0.4271,48.6035,52.912,-4.3085
-0.5608,0.1968,-0.2973,0.262,0.4271,42.2554,43.9564,-1.701
0.6429,-0.4845,0.9395,0.6052,-2.3842,32.924,27.6923,5.2318
-1.395,-0.7906,-0.3644,-0.7525,0.4271,23.4879,16.3477,7.1401
0.1956,-0.2912,0.3212,-0.597,-0.8474,36.3274,30.2189,6.1085
0.7544,-0.3093,-0.0407,-0.7898,0.4271,47.5709,47.0201,0.5508
-0.1938,1.2911,0.2256,0.3569,0.4271,55.8952,64.8756,-8.9804
0.1902,0.5951,0.5643,1.0811,0.4271,73.478,68.8032,4.6748
-0.0098,-1.2891,-1.017,0.1759,-2.3842,-7.0397,-6.3835,-0.6562
1.0527,0.0025,-0.1067,0.0196,0.4271,59.9,58.8391,1.0609
0.5985,0.7774,0.1084,0.1401,0.4271,57.2406,65.179,-7.9384
-0.2246,0.9356,0.7503,0.492,0.4271,65.2619,65.5254,-0.2635
0.578,-0.2284,0.5092,0.2216,0.4271,51.1185,57.3006,-6.1821
1.0448,1.2329,-0.4037,0.3253,0.4271,68.2703,72.4311,-4.1608
-1.588,-1.3451,-0.7095,0.2318,-2.3842,-21.3268,-21.1668,-0.1599
-1.7796,-1.7846,-1.4785,-0.406,-0.8474,-17.6116,-20.2544,2.6427
1.4914,1.2072,0.6226,0.7687,0.4271,91.2144,87.9036,3.3108
0.7311,1.1377,0.8259,-0.6228,0.4271,65.1168,70.8695,-5.7527
-0.6099,-0.5389,0.1489,-0.6241,0.4271,34.6131,32.4319,2.1812
0.2064,0.623,0.3526,0.8394,0.4271,68.1758,65.9813,2.1945
0.8668,0.7748,0.1063,0.0604,0.4271,73.9264,67.4548,6.4716
0.1716,-0.4523,0.6771,-0.0457,0.4271,45.861,49.8631,-4.0022
0.661,0.5713,0.6385,0.74,0.4271,81.7214,71.7804,9.9411
-0.6469,-0.9655,0.5314,0.5972,-2.3842,5.3144,5.2709,0.0435
-0.296,-1.0642,-0.3008,0.0789,-1.1097,16.7799,13.0556,3.7243
-0.8114,-0.998,-1.4829,-1.1398,0.4271,9.4268,8.9718,0.455
-0.3768,-0.0284,-1.2401,0.9158,0.4271,40.9556,40.6872,0.2684
0.0201,-0.1572,0.7822,0.1972,0.4271,53.8981,54.0535,-0.1553
0.0082,-0.0676,0.9751,-0.3255,0.4271,49.6955,52.7852,-3.0897
-0.8272,-0.8918,-0.7779,-0.3224,0.4271,20.8957,21.1019,-0.2063
0.2327,0.5554,0.1119,0.2198,0.4271,58.0002,59.3448,-1.3445
0.9934,1.2609,0.8296,-0.1229,0.4271,78.9289,78.5688,0.3601
-0.0262,-0.3494,0.2425,-0.7118,0.4271,40.9259,40.9272,-0.0013
0.1578,0.5871,0.4434,0.2324,0.4271,67.061,61.5376,5.5234
-0.2372,0.4672,-0.3828,-0.1567,0.4271,37.3656,46.8955,-9.5299
0.164,-0.0432,-0.783,0.012,-2.3842,13.5801,10.1494,3.4307
-1.6924,-1.0849,-0.8742,-0.9987,0.4271,1.2146,4.2187,-3.0041
-1.3376,-0.8582,-1.4567,-0.8619,0.4271,-0.8924,7.039,-7.9314
1.9239,1.5779,-0.0386,0.9231,0.4271,97.1477,92.6928,4.4549
0.1027,0.036,0.3101,0.2022,0.4271,49.2832,53.5145,-4.2313
1.4374,1.3763,0.0292,-0.2296,0.4271,77.5681,77.7234,-0.1553
1.1319,-0.7053,-0.1629,-0.0538,-2.3842,26.6211,17.3878,9.2334
0.7795,-0.5292,0.4513,-0.3167,-0.8474,34.4428,36.749,-2.3061
-0.683,-1.1598,-1.2132,0.273,0.4271,20.2895,20.4224,-0.1329
-0.9283,-0.9617,-0.8701,-0.7132,-0.8474,0.1502,0.6648,-0.5146
-0.1766,0.1774,-0.4606,0.1284,0.4271,44.1855,45.6701,-1.4846
-0.5739,-0.3425,-0.8413,-0.0061,-2.3842,-11.1434,-1.6955,-9.4479
-0.7129,0.1796,-2.192,-0.0239,0.4271,36.5502,25.5694,10.9809
0.0071,0.9246,0.0355,0.3746,0.4271,66.4581,61.5677,4.8904
-0.5118,-0.6561,0.3406,0.0194,0.4271,38.5299,38.1126,0.4173
-0.1029,0.1884,0.9002,-0.3867,0.4271,45.2642,53.4716,-8.2074
-0.4419,-1.6934,-0.267,0.1806,0.4271,16.5231,23.6437,-7.1206
0.5122,1.0041,0.4572,-0.0756,0.4271,59.9708,67.9886,-8.0178
0.3477,-0.2514,-0.3104,-0.4634,0.4271,53.2387,43.5067,9.732
-1.1739,-0.6918,-0.1244,-0.71,0.4271,21.7275,21.9691,-0.2416
-0.2367,0.7248,-0.0897,0.3737,0.4271,51.6306,55.7396,-4.109
1.2696,1.4819,0.3971,0.3795,0.4271,81.7141,84.1768,-2.4627
-0.2091,-1.139,0.2988,-0.6064,0.4271,30.2815,31.253,-0.9714
-0.1924,0.0234,-0.898,0.6857,0.4271,48.4034,44.2781,4.1253
-0.5741,-0.4711,0.5955,0.0119,0.4271,35.1797,41.434,-6.2544
-1.1915,-0.9491,0.4317,-0.4456,-2.3842,-5.4225,-8.3954,2.9729
-0.4001,-0.743,0.3992,-0.8747,-2.3842,-0.9775,-0.8315,-0.146
1.0706,1.0898,0.7519,0.6379,0.4271,81.5972,82.1607,-0.5636
-0.2396,0.1656,-0.8706,0.0715,0.4271,51.6354,41.3128,10.3226
-0.4041,0.3763,0.2669,-0.1955,0.4271,41.3345,48.815,-7.4805
-1.1363,-1.0873,0.2145,-0.8096,-2.3842,-11.253,-13.5591,2.3061
0.1159,-1.5352,-0.0192,0.1382,0.4271,20.5924,33.0105,-12.4181
-0.3546,-0.295,-0.583,0.0755,0.4271,45.2379,37.1408,8.0971
0.7749,1.4388,0.1815,0.8021,0.4271,79.2648,79.6713,-0.4065
-0.5082,-1.2048,-0.0225,0.3806,0.4271,28.8114,31.6973,-2.886
-0.7594,-0.3968,0.3803,-0.0338,0.4271,47.3364,38.31,9.0265
1.5802,0.3495,0.2404,0.5201,0.4271,72.8224,74.543,-1.7205
0.1477,0.5506,-0.5482,-0.2243,0.4271,46.9981,50.2152,-3.2171
-1.0049,0.3751,-0.7511,0.1508,0.4271,45.0757,36.9395,8.1362
-0.1946,-0.2186,-0.5298,0.0556,0.4271,36.8336,39.9843,-3.1507
0.7878,-0.2206,0.4557,0.3415,-2.3842,28.9488,26.6579,2.2909
0.7985,0.1236,0.1896,0.0737,0.4271,58.8426,60.1344,-1.2918
0.7446,0.7167,-0.1194,0.3283,0.4271,61.7424,65.6182,-3.8757
0.8232,0.2042,0.2948,0.2517,0.4271,71.0441,63.3514,7.6928
0.6003,-0.0935,-1.4565,0.0806,-0.8474,39.5644,27.8121,11.7523
0.6952,-1.2707,0.2967,0.2818,0.4271,36.4381,45.6194,-9.1812
-0.2117,-0.4517,-0.0858,-0.1691,0.4271,33.4488,39.0349,-5.5861
-1.5251,-1.4273,-0.4868,-0.2253,-2.3842,-23.7425,-22.8806,-0.8618
0.0218,0.0041,-0.077,-0.2022,0.4271,39.7284,46.4993,-6.7709
-0.1317,0.3989,0.1546,0.4607,0.4271,57.0051,55.685,1.3202
-0.8794,-1.18,0.1558,-0.9428,-2.3842,-21.3568,-13.2267,-8.1301
-0.9603,-0.9933,-1.2531,-0.3148,0.4271,6.7172,14.9315,-8.2143
1.0825,-0.4045,0.7261,0.3982,0.4271,64.2276,63.6215,0.606
-0.6674,0.2426,-0.8358,-0.2664,0.4271,30.4496,35.5141,-5.0644
-0.4873,-0.8641,-0.2862,-0.039,0.4271,48.4964,30.807,17.6895
0.3325,1.4074,-0.1599,0.222,0.4271,58.0113,67.9197,-9.9084
1.1595,0.7233,0.751,0.1431,0.4271,73.4691,75.5465,-2.0774
0.8693,0.1158,0.1196,0.6061,0.4271,64.4917,63.9669,0.5248
-0.0408,0.5522,0.3393,-0.9162,0.4271,51.3615,50.2324,1.1291
-0.8496,0.2581,0.3265,-0.2723,0.4271,42.2606,42.6373,-0.3768
0.9529,0.1988,0.4936,0.0001,0.4271,72.4731,64.4609,8.0121
0.3515,0.7732,1.0835,0.3214,0.4271,72.5076,71.2488,1.2588
0.6607,-0.2669,0.0763,-0.3601,0.4271,46.7116,50.3805,-3.6689
-1.1476,0.5438,-0.4999,-0.4425,0.4271,34.9784,35.1159,-0.1375
0.9546,0.2585,0.6254,0.3384,0.4271,68.9851,68.5161,0.469
0.7924,0.0225,0.1104,-0.0702,0.4271,62.3149,57.322,4.9929
-0.3241,0.3633,0.3254,-0.0088,0.4271,51.7673,51.2739,0.4934
0.0331,0.4338,0.7581,0.117,0.4271,60.7945,60.0961,0.6984
0.8957,0.4624,-0.0763,0.5875,0.4271,62.8334,66.5102,-3.6768
0.0495,0.025,0.0861,-0.0962,0.4271,50.6755,49.023,1.6526
1.461,0.5342,1.0004,0.0259,0.4271,78.0372,77.7545,0.2828
-0.766,0.2657,-1.3241,-0.1045,0.4271,44.3765,32.0857,12.2908
0.1064,-0.7024,0.8216,0.2731,0.4271,49.574,49.6793,-0.1053
0.8818,1.1341,0.1648,0.4869,0.4271,73.0411,75.0708,-2.0298
-0.6101,-0.2512,-0.3397,-0.072,0.4271,33.1385,35.743,-2.6045
0.856,1.1026,1.0835,0.0558,0.4271,77.3451,78.5121,-1.167
-0.4695,0.2308,0.1793,-0.2691,0.4271,53.3369,45.2918,8.0451
0.4882,-0.316,-0.4627,0.1663,0.4271,56.4925,47.4909,9.0016
-0.0671,-0.6935,0.6103,-0.0457,0.4271,40.299,44.0786,-3.7797
-0.8153,-0.4177,-1.1334,-0.6821,0.4271,22.4391,21.3253,1.1138
0.6476,0.3395,0.1295,-0.7419,0.4271,54.7431,54.8126,-0.0695
-0.2876,0.1319,-0.5217,-0.3315,-0.8474,20.5901,25.1604,-4.5703
0.9974,0.852,0.2244,0.2757,0.4271,66.8356,72.1275,-5.2919
0.1282,-0.1668,0.1539,-0.1426,0.4271,43.7886,47.9081,-4.1195
-0.2373,-1.2955,-0.795,0.0278,-0.8474,11.024,10.0446,0.9794
-1.1068,-0.7381,-1.0542,0.2032,-2.3842,-12.3275,-12.0371,-0.2903
0.7486,0.8654,0.0653,0.8094,0.4271,70.6901,72.0983,-1.4082
0.5695,0.1189,-1.022,0.5757,0.4271,55.7158,51.796,3.9199
0.163,-1.1579,0.6556,0.5776,-2.3842,18.7656,12.6039,6.1616
-0.5361,-1.5078,0.1586,-0.2414,0.4271,26.5608,25.062,1.4988
0.9298,0.008,0.4043,0.4047,0.4271,69.7698,64.1933,5.5765
1.3398,0.2149,0.3638,0.1144,0.4271,74.2169,68.5824,5.6345
-1.371,0.0647,0.2237,-0.4231,0.4271,29.5275,33.0371,-3.5096
-1.3819,-2.0855,-0.3436,-0.4393,-2.3842,-31.4268,-29.1347,-2.2921
1.1006,0.0501,0.0153,-0.0373,0.4271,58.4954,60.4318,-1.9364
1.2925,0.8611,-0.3207,1.1365,0.4271,81.5169,77.1803,4.3366
0.5855,-0.3774,-1.0443,-0.2401,0.4271,33.8949,40.5435,-6.6486
-0.3183,0.3196,-0.6162,0.4395,0.4271,43.8063,46.7154,-2.9091
-0.6287,-0.842,-0.3044,0.2279,0.4271,27.5978,31.2571,-3.6593
-0.1966,-1.2975,0.3326,-0.4754,-2.3842,5.935,-2.6243,8.5593
0.216,-0.5933,0.8046,0.9761,-2.3842,16.217,23.4361,-7.2191
-0.5983,-0.7418,0.8093,0.3401,0.4271,34.6951,42.0574,-7.3623
0.4008,0.1679,-0.5096,0.3552,-2.3842,18.3285,19.5487,-1.2202
1.5923,0.9511,0.3296,1.2855,0.4271,95.2891,87.4442,7.845
-1.3587,-1.5554,-0.2584,-0.1297,-2.3842,-21.4113,-20.117,-1.2944
-0.1383,-1.2247,0.1868,-0.1257,-0.8474,21.1423,18.3875,2.7547
-0.3233,-0.6042,-0.1334,0.1496,-1.1097,12.6196,19.7161,-7.0966
0.1979,0.3345,0.3194,-0.5525,0.4271,55.7481,52.7167,3.0314
-0.1572,-0.5579,0.0795,0.3747,0.4271,46.5764,43.4762,3.1002
-0.7416,-0.5395,0.5805,0.1739,0.4271,42.7506,39.881,2.8696
0.4849,0.3661,0.0951,0.1253,0.4271,57.2529,59.1327,-1.8799
-0.2613,-0.4126,0.005,-0.0335,0.4271,37.0375,40.586,-3.5485
1.1577,1.6469,0.3571,-0.0339,0.4271,79.5845,81.6517,-2.0672
-0.4276,-0.9007,-0.4041,-0.2259,0.4271,37.1597,28.8296,8.3301
-0.5173,-0.2047,-1.139,0.354,0.4271,33.2114,34.0711,-0.8597
0.6426,0.5276,0.0022,-0.4384,0.4271,63.4194,58.0049,5.4145
0.3012,0.9033,-0.0496,0.607,0.4271,66.5278,65.441,1.0868
1.642,0.4178,0.4753,0.8001,0.4271,82.7013,79.7264,2.9749
0.9797,-0.3422,0.4006,-0.6701,0.4271,47.0597,53.2902,-6.2305
0.0128,0.2848,0.0168,0.1201,0.4271,41.4931,52.5209,-11.0278
-0.7952,-0.5247,-0.1099,0.0795,0.4271,32.6672,33.5047,-0.8374
0.7323,0.1331,0.1722,-0.0601,0.4271,60.973,58.4678,2.5052
1.268,1.5533,0.3722,0.0856,0.4271,80.2069,82.7288,-2.5219
-1.0914,-0.2951,0.6268,-0.3987,0.4271,29.6047,35.2581,-5.6534
-0.5168,0.1379,0.1042,0.4962,0.4271,52.6679,48.483,4.1849
0.9307,0.6148,-0.086,-0.555,0.4271,64.7506,60.5836,4.167
0.3074,-0.6963,-0.512,-0.2453,-0.8474,14.9266,22.8972,-7.9706
-0.1439,0.2442,0.0414,0.2863,0.4271,47.4092,51.7307,-4.3216
1.176,0.1863,-0.1475,0.2704,0.4271,61.3704,63.6576,-2.2872
-0.3356,-0.9764,-0.0053,0.2981,0.4271,31.6628,35.6755,-4.0127
-1.5558,-1.4983,-0.1414,-0.0983,-2.3842,-17.2024,-20.4684,3.266
-0.736,-0.9297,-0.4516,0.8216,-2.3842,2.9236,-1.2839,4.2074
-0.814,-0.5616,0.0376,0.0447,0.4271,24.5646,33.7815,-9.2169
-1.519,-0.3863,0.238,-0.1912,0.4271,29.7604,28.1013,1.6591
-0.5114,-1.12,-1.2339,0.0781,-0.8474,5.9943,6.0536,-0.0593
-0.8363,-0.1797,-0.6242,-0.2057,0.4271,33.1497,31.006,2.1436
-0.091,-0.0132,-0.0641,0.1015,0.4271,53.9949,47.3083,6.6866
0.7057,0.385,0.3605,1.0786,0.4271,72.9196,70.3798,2.5398
-0.4228,-0.142,-1.8094,0.4947,0.4271,39.2253,31.6094,7.6159
-0.9015,-1.1208,-0.4637,0.089,0.4271,20.1552,23.007,-2.8518
1.1461,0.6638,0.3157,0.6372,0.4271,73.4919,74.8201,-1.3282
-1.6015,-1.1153,-1.5327,-0.6784,-2.3842,-27.3493,-31.3881,4.0388
0.0494,0.2735,-0.342,0.6918,0.4271,53.6054,54.0003,-0.3948
0.1051,0.5867,-0.8681,-0.0901,0.4271,48.6032,48.637,-0.0338
-0.3501,-1.1908,0.4465,-0.2673,-2.3842,-2.0933,-0.7452,-1.3481
-1.4564,-0.6114,0.2811,-0.6868,0.4271,23.318,23.1284,0.1895
-0.3414,0.2532,-1.0419,0.0657,0.4271,48.0713,39.8478,8.2235
0.2789,0.147,0.473,-0.1731,0.4271,55.8229,55.2949,0.528
-0.292,0.3764,-0.0157,-0.0187,0.4271,50.875,49.0718,1.8032
1.0187,0.9411,0.0173,0.0542,0.4271,68.3526,70.2254,-1.8728
-0.7782,-0.7844,0.5763,0.0143,0.4271,38.0188,35.5924,2.4263
-0.4443,0.2245,-0.729,0.0795,0.4271,35.0289,40.9257,-5.8969
-0.755,-0.8014,-0.8652,-0.6624,0.4271,20.7615,19.8568,0.9046
0.7039,0.6833,0.2545,0.4419,0.4271,70.2885,68.4726,1.8159
-0.3551,0.0628,0.4814,0.0209,0.4271,45.9684,48.9682,-2.9998
-0.1444,-0.203,0.367,-0.0015,0.4271,52.5224,47.2021,5.3202
-0.6277,-0.2314,0.046,-0.0268,0.4271,45.2158,39.0584,6.1573
-0.5809,-1.033,-1.558,0.4661,0.4271,22.3053,21.6318,0.6735
-0.6042,-1.0367,-0.2273,-0.3462,0.4271,13.5962,25.9315,-12.3353
-0.9759,-0.9091,-0.7649,0.3981,0.4271,18.4269,24.4219,-5.995
-0.2626,-0.9475,-0.0517,-0.2249,-2.3842,4.1114,-0.6106,4.722
0.069,0.5879,0.3439,0.1407,0.4271,63.5546,59.1912,4.3634
0.7481,0.2187,0.9855,0.3508,0.4271,74.867,68.7121,6.1548
-1.4791,-0.9222,-0.0538,-0.281,-2.3842,-8.5922,-13.7644,5.1722
0.1826,0.7028,0.2909,0.0284,0.4271,57.4667,60.512,-3.0454
-0.0562,0.6737,-0.718,-0.0706,0.4271,46.7678,49.1779,-2.4102
0.7475,-0.0328,-0.1552,0.3595,0.4271,55.382,57.1626,-1.7806
0.0687,-0.5056,-0.1158,0.721,0.4271,44.5508,47.3894,-2.8385
-0.1498,0.1712,0.0442,-0.1897,0.4271,37.8082,47.5606,-9.7524
-1.3101,0.4631,0.2722,-1.0818,0.4271,38.1125,33.9634,4.1491
0.6728,-0.6346,0.0987,-0.5265,-0.8474,33.9265,30.2488,3.6777
-0.2557,-0.9641,0.0683,0.1906,0.4271,43.0659,36.4876,6.5783
0.6018,1.331,0.2118,-0.4374,0.4271,66.3737,68.2209,-1.8472
0.5935,1.156,-0.0107,0.2663,0.4271,70.6091,69.344,1.2651
-0.4454,-1.3939,0.0012,-0.7812,-2.3842,-5.0674,-11.0484,5.981
1.0163,1.1883,1.0835,0.004,0.4271,79.7559,80.8327,-1.0768
-0.5833,0.9123,0.3656,0.4759,0.4271,67.5534,58.3472,9.2062
-0.143,0.3001,-1.1956,0.8763,0.4271,47.0403,46.9539,0.0864
0.3523,1.3304,0.2361,1.1171,0.4271,81.5231,76.5341,4.9889
0.854,0.8059,0.2402,-0.0494,0.4271,75.58,67.9336,7.6463
0.7097,-0.6469,0.4742,0.0993,0.4271,55.5813,52.8862,2.6951
0.694,1.3151,0.3443,-0.673,0.4271,65.9547,68.4126,-2.458
1.2887,0.5099,0.5638,1.1586,0.4271,85.0503,80.1502,4.9002
0.0501,-0.7283,0.0838,-0.2871,0.4271,29.8144,39.2143,-9.3999
-0.3357,-0.1282,0.3169,0.297,0.4271,44.3568,47.6827,-3.3259
-0.9108,0.7981,-0.4802,-0.0626,0.4271,48.8252,43.3044,5.5207
1.8688,0.0715,0.9998,1.0618,0.4271,87.9518,84.1174,3.8343
-0.2998,-0.4936,0.6574,-0.7517,-0.8474,21.357,24.147,-2.79
-0.2909,0.2092,0.334,-0.7982,0.4271,49.1994,44.4756,4.7239
0.9809,-0.0776,0.5713,0.334,-0.8474,54.7648,49.4312,5.3335
0.0622,-0.4517,0.2414,-0.6527,0.4271,35.4968,41.1251,-5.6283
-0.3697,-0.357,0.2266,-0.7871,0.4271,43.9341,36.5156,7.4186
-1.1458,0.1431,-0.7444,0.1479,0.4271,35.1757,32.8513,2.3244
0.8238,0.4257,0.315,1.3418,0.4271,77.9793,73.581,4.3983
-1.3101,-0.7547,0.837,-0.1623,-0.8474,13.9141,15.8653,-1.9512
-0.4091,-0.3316,0.0112,0.2506,-0.8474,15.7822,26.7933,-11.0111
-0.3221,-0.8821,0.5184,-0.2863,0.4271,40.1709,36.8457,3.3252
0.9048,0.2351,0.1992,-0.0127,0.4271,59.82,62.0004,-2.1803
0.6015,-0.1611,0.2999,0.0932,0.4271,43.4737,55.8054,-12.3317
0.7241,0.6508,0.6752,0.3434,0.4271,71.6977,70.8759,0.8218
-0.3951,0.9254,-0.7397,-0.3417,0.4271,47.875,46.3242,1.5508
1.4496,0.8547,0.6564,0.6772,0.4271,82.6195,83.117,-0.4975
1.2353,0.3074,0.2992,0.2206,0.4271,58.475,68.7451,-10.2701
-0.8663,-0.73,-0.2127,-0.8789,0.4271,16.5481,22.9817,-6.4337
-0.9142,-0.8042,-0.8043,0.0146,-0.8474,11.6039,8.1526,3.4514
0.3987,0.4331,0.7106,-0.2899,0.4271,59.0133,60.8107,-1.7974
-0.3476,-0.1112,-1.1824,-0.6393,0.4271,25.7308,29.703,-3.9722
-1.8361,-0.6794,-0.8958,-0.1089,0.4271,17.4803,13.2569,4.2234
0.6803,1.3116,-0.3345,-0.8639,0.4271,60.0816,61.6762,-1.5946
-1.4697,-0.8693,0.0733,-1.0197,0.4271,15.3474,16.1732,-0.8258
1.0403,0.8161,0.4014,0.5325,0.4271,62.1933,75.3288,-13.1355
-0.4587,-0.2773,-0.226,0.1266,0.4271,43.0722,39.3262,3.7461
0.46,0.3586,0.3218,-0.1675,0.4271,54.7939,58.4901,-3.6962
0.3907,-0.4925,0.5488,-0.3541,0.4271,45.4374,48.6274,-3.1899
0.2767,-0.4759,0.9095,0.2938,0.4271,55.9692,54.8711,1.0981
0.3187,0.1524,0.1795,0.159,0.4271,57.0614,55.8318,1.2296
-0.5406,-0.5186,-0.7144,-0.4878,0.4271,31.1496,27.7079,3.4417
0.4241,1.4012,0.4311,-0.4109,0.4271,65.918,68.9783,-3.0603
-1.0484,-0.8604,0.8242,-0.9504,-2.3842,-8.9499,-6.3535,-2.5964
-0.1648,-0.3789,-0.7241,0.0014,0.4271,39.3355,36.6299,2.7056
-0.3373,-0.1918,0.6045,-0.6739,-2.3842,-5.3669,9.0141,-14.381
1.1789,1.0401,0.7218,1.3048,0.4271,90.533,87.1669,3.3661
-1.598,-1.1916,-0.3609,0.1542,-2.3842,-21.9869,-17.4053,-4.5816
0.3061,0.4275,0.3011,0.0424,0.4271,69.8471,58.9163,10.9308
0.5608,0.3767,0.1284,-0.0435,0.4271,63.5604,59.1488,4.4116
-0.6831,-0.7625,0.6529,-0.0083,0.4271,45.1389,37.2901,7.8489
-0.0228,-0.5825,-0.0233,-0.1564,-2.3842,7.7498,6.7574,0.9924
-1.4336,-0.9691,0.2023,-0.4355,-2.3842,-18.521,-12.9093,-5.6117
0.4616,-0.3581,0.1141,0.0753,-2.3842,21.7718,17.1383,4.6335
0.6826,0.3369,0.3213,0.846,0.4271,68.5047,67.672,0.8328
1.2538,1.2815,0.4624,0.7662,0.4271,83.2219,84.9455,-1.7236
1.529,1.6348,0.5884,0.9468,0.4271,93.0397,94.091,-1.0512
-0.9642,-0.5377,-0.4169,-0.9149,-2.3842,-13.8179,-11.1248,-2.6932
0.2636,-0.806,0.1812,-0.799,-2.3842,14.7983,4.4198,10.3785
1.2556,0.7954,1.0835,0.4774,0.4271,80.5623,82.2695,-1.7072
-0.0488,0.4224,-1.2489,0.1581,0.4271,46.8497,43.9344,2.9153
0.6774,-0.9013,0.5849,0.2934,-2.3842,10.955,18.4808,-7.5257
0.6189,-0.3986,0.2974,0.5535,0.4271,53.576,56.5028,-2.9267
1.2656,1.2337,0.1767,0.1444,0.4271,78.9825,78.0134,0.9691
-0.4117,-0.8555,-0.1295,-0.0138,0.4271,28.4926,33.0963,-4.6037
-0.2217,-0.2352,-1.5155,-0.128,-0.8474,5.1336,15.5083,-10.3747
1.3035,0.6138,1.0835,1.1378,0.4271,84.0964,85.3308,-1.2344
-0.1661,0.9653,0.2972,0.3294,0.4271,56.3883,61.8702,-5.4819
-0.2761,-0.2491,-0.4114,-0.9196,0.4271,31.6535,32.9023,-1.2488
0.4807,-0.4393,0.5603,-0.1227,0.4271,45.5629,51.8865,-6.3236
0.4634,-0.291,-0.8646,0.3366,0.4271,46.8113,45.599,1.2123
-0.7347,-0.0875,-0.9034,0.1538,0.4271,37.1339,33.4805,3.6533
0.6164,0.3038,-0.7142,0.396,0.4271,58.7617,55.4971,3.2646
0.1369,0.0635,0.4212,-0.7207,0.4271,49.8667,48.6306,1.2361
1.1144,-0.164,0.7587,-0.3948,0.4271,63.0353,61.4056,1.6297
1.0256,0.4218,0.2571,0.225,-0.8474,45.3715,52.3508,-6.9793
0.5281,-0.5564,0.4505,0.0286,-0.8474,46.8908,36.1422,10.7487
-1.4752,-0.3004,1.0835,0.0098,0.4271,48.9624,37.4388,11.5236
0.5642,0.3051,-0.1547,-0.0846,0.4271,49.1829,55.9154,-6.7325
0.9661,0.3918,1.0835,0.3173,0.4271,74.1225,73.5159,0.6065
-0.3408,0.4924,0.1297,0.3274,0.4271,54.5241,53.3781,1.146
0.9181,0.66,0.7911,-0.0074,0.4271,64.7495,71.5112,-6.7617
0.2097,0.2074,0.9489,-0.0201,0.4271,61.0809,59.9573,1.1236
0.6922,0.3912,0.2215,0.8324,0.4271,62.2443,67.5239,-5.2796
0.037,-0.9655,0.4721,0.382,0.4271,41.7747,44.0445,-2.2697
-0.2416,0.5104,-0.5385,-0.1179,0.4271,42.7546,46.4065,-3.652
0.4307,0.3439,-1.324,-0.7433,0.4271,34.314,41.3472,-7.0333
0.9295,0.6252,0.133,0.3536,0.4271,60.9074,68.688,-7.7806
1.5588,0.9983,0.266,0.3794,0.4271,79.5784,80.8283,-1.2499
0.5055,-0.7239,-0.2351,0.3493,0.4271,46.8299,46.1137,0.7162
-1.8984,-0.1317,0.6612,-0.5054,0.4271,31.155,27.9726,3.1824
-0.3133,0.7998,1.0835,0.1181,0.4271,63.6406,63.0127,0.6279
-0.4779,0.7308,-0.1179,0.0676,0.4271,54.4156,50.8787,3.5369
-1.6703,-1.2374,-0.3078,-0.061,-0.8474,0.0591,-1.5261,1.5852
0.4094,-1.0465,0.8459,0.0146,0.4271,37.7889,47.4458,-9.6569
-1.4743,-0.5785,0.0334,0.0928,-2.3842,4.8319,-6.5798,11.4116
-0.6442,0.0612,-0.0537,0.4945,0.4271,37.0552,45.0279,-7.9727
-0.3398,0.6425,0.6401,-0.1802,0.4271,59.246,55.4757,3.7704
1.678,1.2585,0.0832,1.0386,0.4271,85.9264,88.2075,-2.2811
0.5303,0.4234,0.3012,0.0403,0.4271,63.9098,61.2579,2.652
1.5267,0.7894,0.6108,1.1155,0.4271,75.3507,85.9046,-10.5539
0.3135,0.305,-1.5108,0.2773,0.4271,43.1592,45.3111,-2.1519
-0.8741,-1.3366,-0.1495,0.0873,0.4271,23.4348,23.2805,0.1543
1.0147,1.0381,-0.1985,0.2674,0.4271,69.1503,71.0943,-1.9441
-0.5434,-0.6642,0.3596,-0.2356,0.4271,33.8045,36.0573,-2.2527
-0.561,-0.4742,0.1215,-0.1074,0.4271,25.2241,37.0628,-11.8387
0.2552,0.0351,0.391,-0.0851,0.4271,62.4294,53.763,8.6664
1.0167,0.7243,-0.6428,-0.0982,0.4271,69.6106,61.6272,7.9833
0.9092,0.1618,0.8313,-0.2887,0.4271,66.7513,64.1676,2.5837
0.6882,-0.75,0.1524,0.1503,-2.3842,19.4991,15.9751,3.524
-0.7491,0.3131,-1.1713,0.1902,0.4271,31.6576,36.0232,-4.3657
0.4093,0.4739,0.3358,0.2219,0.4271,68.1379,62.0572,6.0807
0.1684,-1.2185,-1.0232,0.289,-0.8474,11.2957,15.3163,-4.0206
-0.2045,-0.092,0.8066,-0.0563,0.4271,48.8485,50.8074,-1.9589
0.8094,-0.2752,0.4853,0.2706,0.4271,65.7415,59.4094,6.3322
0.8062,1.4393,-0.074,0.0775,0.4271,67.4393,73.0101,-5.5708
0.7786,0.7529,0.4542,0.3152,0.4271,78.4533,70.7115,7.7418
-1.5275,-1.406,-0.0785,-0.496,-2.3842,-17.3754,-21.4081,4.0327
1.3789,1.1918,0.9568,0.295,0.4271,83.1446,85.8052,-2.6606
0.094,-1.0204,0.1855,0.1176,-0.8474,27.0237,24.8546,2.169
-0.9047,-0.0556,-0.2271,0.14,0.4271,28.3251,37.126,-8.8008
-0.7922,-0.6048,0.2663,-0.008,0.4271,30.2125,34.9227,-4.7102
1.67,0.8351,0.6885,-0.0757,0.4271,85.1083,80.2718,4.8365
-1.1344,-1.2096,0.2052,0.226,-2.3842,-4.9424,-7.7873,2.8449
0.6192,-0.0645,0.487,-0.1838,0.4271,65.8633,56.5959,9.2674
0.9653,0.8197,0.3214,0.9954,0.4271,78.8454,77.1693,1.676
-0.2931,0.1708,0.6889,0.0847,0.4271,60.8834,52.8867,7.9968
0.6393,1.3364,0.585,0.2912,0.4271,76.1469,76.6191,-0.4723
-0.3986,-0.2246,-0.8045,-0.4636,0.4271,35.5503,32.0106,3.5397
0.0705,0.0844,0.441,0.7642,0.4271,60.9019,58.627,2.2749
-0.2368,-0.0071,0.4613,-0.7764,-0.8474,25.3097,28.6114,-3.3016
-0.2497,-1.1397,0.3747,-0.1087,0.4271,37.6553,34.8542,2.8011
0.2779,0.4432,0.1285,-0.3388,0.4271,48.7326,54.8123,-6.0797
0.4299,-0.754,0.3083,0.1459,0.4271,53.2446,47.7316,5.513
-0.1727,0.0634,-0.1749,-0.8573,0.4271,44.5825,39.7759,4.8065
-1.7348,-0.6643,0.3845,-0.0411,0.4271,26.3409,24.8337,1.5073
-1.3774,-0.8355,-0.6041,-0.4301,-2.3842,-18.9188,-16.9706,-1.9483
-0.4689,-0.3422,0.0858,-0.7645,0.4271,31.9063,34.6919,-2.7857
0.7768,0.5808,0.4526,0.8206,0.4271,70.6111,72.257,-1.6458
-0.7657,0.2654,-0.5169,0.1562,0.4271,34.2419,40.108,-5.8661
0.02,-1.054,-0.1409,-0.258,-2.3842,1.2132,0.3041,0.9091
0.832,0.7577,0.5269,-0.1208,0.4271,70.031,68.8659,1.1651
0.6167,0.889,0.1682,-0.8088,0.4271,62.6833,60.4944,2.1888
0.2736,0.5143,0.1225,0.1163,0.4271,64.8034,58.6833,6.1201
0.5738,-0.0667,0.5412,-0.0309,0.4271,59.6927,57.5643,2.1285
-0.8316,-1.118,-1.6384,0.2674,-2.3842,-13.6884,-17.4086,3.7202
-0.5156,0.2669,-0.0652,-0.0306,0.4271,43.8377,44.9809,-1.1433
0.1856,-0.1394,0.1348,-0.2518,0.4271,47.9686,47.9264,0.0422
-0.4325,0.9825,-0.1656,0.0059,0.4271,60.5984,53.3997,7.1987
0.7843,0.2321,0.2715,-0.4539,0.4271,57.5086,58.1641,-0.6555
0.242,0.5704,-0.5868,0.1886,0.4271,58.5737,54.0219,4.5518
-0.6834,0.4957,0.4643,-0.0646,0.4271,59.8818,49.5928,10.2889
0.1401,1.306,0.2806,0.0206,-0.8474,56.2915,51.5659,4.7255
-0.4165,-0.0028,-0.0746,0.3082,0.4271,48.4712,45.2936,3.1776
0.9537,-0.4345,0.486,0.4471,0.4271,63.9432,60.3977,3.5455
-1.3815,-0.201,0.5219,-0.7603,0.4271,30.4433,29.887,0.5562
1.488,-0.3045,0.6194,1.1818,0.4271,69.3128,73.7157,-4.4028
0.4687,0.2874,0.1958,0.0541,0.4271,57.0719,58.3539,-1.2819
0.6595,-0.5982,0.4571,-0.066,0.4271,53.2984,51.6146,1.6838
0.3587,0.3618,0.4833,1.0269,0.4271,75.9014,66.9857,8.9157
0.3362,-0.4501,0.1119,0.0722,0.4271,37.6688,48.1204,-10.4516
-1.5916,-1.171,0.1637,-0.0675,-2.3842,-12.9107,-14.6101,1.6994
-0.5361,0.0523,0.0447,0.1985,0.4271,55.1201,44.7862,10.3339
1.5467,1.3473,0.6725,1.2131,0.4271,89.4899,93.5462,-4.0563
0.5777,-0.1679,-1.7066,0.4689,0.4271,49.5863,42.6503,6.9361
-0.5737,-0.6581,-2.7993,0.303,-2.3842,-9.86,-18.1581,8.2981
-0.987,-1.2026,-0.0194,-0.592,-2.3842,-18.1323,-13.5429,-4.5894
-0.3716,0.2126,-0.3238,-0.1879,0.4271,50.4074,42.8299,7.5776
1.0162,1.0583,0.4929,-0.3167,0.4271,68.2466,72.5966,-4.3501
1.2413,0.6731,0.3616,0.2761,0.4271,77.576,73.7875,3.7884
0.9231,0.425,-0.6902,0.0913,0.4271,62.3742,58.2117,4.1625
0.9704,0.2023,0.2945,0.9268,-1.1097,50.5511,51.3391,-0.788
1.0201,0.1055,-0.0553,0.6166,0.4271,61.6999,64.1934,-2.4935
0.9124,0.747,0.0609,0.2534,0.4271,73.2768,68.6235,4.6533
0.2704,-1.5612,0.1073,-0.6259,-2.3842,-12.0705,-3.3649,-8.7057
-0.593,0.9262,-1.5571,0.6918,0.4271,47.5842,45.1094,2.4748
1.0319,0.3318,0.6375,-0.7312,0.4271,63.8379,62.8261,1.0118
1.2946,0.6698,-0.546,1.294,0.4271,76.924,74.4142,2.5099
-0.9987,-0.2678,0.2381,0.0172,0.4271,38.6948,36.4573,2.2375
1.5239,1.6325,0.4797,0.6729,0.4271,91.1827,91.2706,-0.0879
-0.2171,-1.3974,-0.0046,-0.4484,0.4271,20.5871,27.0264,-6.4392
-0.0429,0.3443,0.097,0.4393,0.4271,60.7272,55.4307,5.2965
-0.1206,-0.8745,0.5538,-0.569,0.4271,38.2192,37.3984,0.8208
-1.3301,-0.9093,-0.1728,0.0081,0.4271,15.7068,22.4691,-6.7623
1.2946,0.6692,0.4819,0.384,0.4271,80.0197,75.9906,4.0292
0.3982,0.1881,-1.2716,0.5138,0.4271,46.4726,48.387,-1.9143
0.7251,0.1245,0.4933,-0.07,0.4271,57.9253,60.6953,-2.77
0.2985,-0.2576,-0.0628,0.2536,0.4271,55.7949,49.7986,5.9963
-1.0366,0.1679,0.3507,-0.6421,-2.3842,2.7545,3.8353,-1.0808
-1.4147,-0.8202,0.3026,-0.4846,-0.8474,7.2676,7.656,-0.3884
-0.6723,-0.5148,0.4514,0.4889,0.4271,42.447,42.0973,0.3497
1.54,0.5484,0.2751,0.4765,0.4271,72.8365,76.3132,-3.4767
-1.5639,-0.7591,-0.8037,-0.5655,-2.3842,-25.6995,-20.5867,-5.1128
1.3811,1.2859,0.5458,-0.1981,0.4271,72.4148,80.2964,-7.8816
0.489,-0.4052,0.3226,-0.0187,-2.3842,15.5181,17.8538,-2.3357
-1.4719,-1.408,-0.5391,-0.2239,-0.8474,-10.7888,-4.2298,-6.5589
0.6762,-0.4469,0.5469,-0.4073,-0.8474,34.1433,36.6727,-2.5294
-0.4652,-0.2785,-0.7954,-0.0806,0.4271,31.084,33.4214,-2.3374
-0.2237,-1.685,0.2527,0.259,-2.3842,-2.629,-2.7799,0.1509
-1.6548,-1.2833,-0.1687,0.3142,-2.3842,-9.7638,-16.4546,6.6908
0.8718,-0.0298,0.9418,-0.5645,0.4271,69.7482,60.5445,9.2037
-0.0467,-0.0592,-1.2565,-0.2399,0.4271,39.8361,35.7182,4.1179
1.0701,0.4844,0.4795,-0.5479,0.4271,71.1611,65.01,6.1511
-0.0779,-0.9092,0.755,0.3953,0.4271,52.9598,45.7164,7.2434
1.469,1.2387,0.153,0.2551,0.4271,79.1634,80.8362,-1.6728
0.3118,0.7037,0.0911,-0.1312,0.4271,52.597,59.261,-6.664
0.4965,0.4438,-0.5752,-0.875,0.4271,47.0035,48.0216,-1.0181
0.5457,-0.2841,-1.3209,0.4621,-0.8474,15.2634,28.7781,-13.5147
-0.8008,0.6212,0.5366,-0.0772,0.4271,43.5763,50.2166,-6.6403
1.8254,2.026,0.6139,1.2637,0.4271,99.6991,104.0647,-4.3656
-1.2246,0.6092,0.2662,-0.1031,0.4271,48.2469,43.2793,4.9676
0.6234,0.2923,0.4029,-0.249,0.4271,63.6202,59.5528,4.0675
0.8767,-0.4507,0.7979,0.1914,0.4271,58.2241,60.0127,-1.7886
0.2484,-1.4512,0.0237,-0.0665,-2.3842,5.6196,0.8829,4.7367
-0.5398,0.1396,0.3323,-0.1239,0.4271,42.3042,45.6994,-3.3952
-1.5984,-1.2806,0.6874,0.1148,-2.3842,-8.8065,-10.6199,1.8134
-0.7336,-0.6529,-0.1985,0.5761,0.4271,42.3724,35.4941,6.8783
-0.4381,-0.6074,0.7205,-0.2395,0.4271,32.9622,40.5727,-7.6106
-0.5205,0.7982,-1.3387,0.1508,0.4271,38.4251,42.3658,-3.9407
-0.6962,-0.5139,0.2087,0.0388,0.4271,33.2542,36.8557,-3.6015
0.8315,-0.283,0.3368,0.9642,0.4271,53.736,63.2384,-9.5024
0.7754,0.4151,0.2549,0.4732,0.4271,54.9152,66.4432,-11.528
-0.5456,-0.5688,0.0479,-0.2054,0.4271,28.4592,34.9171,-6.4579
1.0823,0.7272,0.6893,1.006,0.4271,78.8085,80.2862,-1.4777
-0.5204,-0.1959,0.2797,0.3998,0.4271,49.6494,45.371,4.2785
0.0553,0.4621,0.5899,0.2934,0.4271,59.1645,60.5847,-1.4202
-1.1564,-0.3604,-0.4778,-0.4479,-0.8474,19.7366,9.8453,9.8913
0.8154,0.038,0.5336,0.4262,0.4271,64.0225,64.4488,-0.4263
0.4116,0.0578,-0.0478,0.5569,0.4271,50.6289,56.781,-6.1521
0.9169,-0.0011,0.4641,0.2155,0.4271,65.3785,63.0975,2.2809
-0.0466,-0.5273,0.6682,0.0066,0.4271,44.6672,46.9774,-2.3102
-0.1327,0.5943,0.3809,-0.6749,0.4271,51.1112,51.7183,-0.6071
1.4511,0.3046,0.6367,-0.1002,0.4271,75.283,71.3918,3.8912
0.1196,-0.2389,0.6312,-0.7093,0.4271,45.397,46.739,-1.3419
0.0978,-0.7795,-0.0746,-0.0049,0.4271,46.1862,39.8938,6.2924
-0.2366,-0.0235,-0.8109,-0.75,0.4271,34.499,33.9673,0.5317
1.7157,0.9867,0.6038,0.5903,0.4271,82.3411,86.444,-4.1029
-0.3483,-0.6842,-0.8632,0.5672,0.4271,25.2079,34.0947,-8.8868
-0.6442,-0.0083,0.0478,0.3191,0.4271,44.9562,43.8086,1.1476
0.3707,0.3106,0.6926,0.4824,0.4271,67.5586,64.3644,3.1942
-0.2402,-0.877,-0.8876,0.1132,0.4271,23.9873,29.7418,-5.7545
1.0682,0.6186,0.0491,1.0336,0.4271,73.0573,74.1816,-1.1243
0.9734,1.2255,0.2233,0.2206,0.4271,74.9751,75.6776,-0.7025
-1.4231,-0.6313,0.8338,0.0201,-2.3842,-0.557,-0.9727,0.4157
-0.5317,0.507,-1.2946,0.0698,0.4271,39.4412,38.7478,0.6935
0.327,-0.1309,0.5332,-0.0001,0.4271,56.5365,54.351,2.1856
-0.0829,0.1759,0.0682,0.0514,0.4271,53.6377,50.1902,3.4475
1.4346,1.041,-0.0623,1.1702,0.4271,81.8252,82.948,-1.1228
-0.2713,-0.855,-0.4201,0.1761,0.4271,33.4548,33.6892,-0.2344
0.9059,1.4805,-0.0615,0.4847,0.4271,80.4532,77.4673,2.9859
1.5644,0.7026,0.5889,0.5916,0.4271,76.2418,81.5227,-5.2808
0.5815,0.7273,0.6245,-0.0094,0.4271,72.3703,67.3656,5.0047
0.1587,0.0557,0.0196,0.5938,0.4271,54.336,54.8225,-0.4865
0.4492,0.6456,-0.6183,0.7141,0.4271,52.0396,60.4975,-8.4579
1.0564,0.1125,0.9287,-0.4853,0.4271,71.2998,64.5718,6.728
0.056,0.2903,-1.1015,-0.5526,0.4271,43.9977,39.7669,4.2308
1.576,2.416,0.4075,-0.0308,0.4271,90.4326,95.1922,-4.7595
-1.3917,-0.4036,0.573,0.3812,0.4271,24.5556,35.8277,-11.2721
-1.5883,-1.3435,0.0926,0.07,-2.3842,-15.0267,-16.1067,1.08
-0.2248,-0.0381,-0.0495,-0.8294,0.4271,37.269,39.2352,-1.9662
0.9554,1.4823,0.5648,0.0044,0.4271,80.1172,79.4974,0.6199
0.5509,0.4618,0.7283,0.0676,0.4271,68.8392,65.3862,3.453
-0.6803,-0.8173,-0.1833,-0.0746,-0.8474,10.196,14.6696,-4.4736
0.1753,-0.5262,0.4795,0.5394,0.4271,47.0404,51.6183,-4.5779
1.4959,0.6806,0.7809,0.4242,0.4271,87.2666,80.8556,6.411
-0.0201,0.3106,0.3018,-0.6563,0.4271,55.3463,49.2555,6.0908
0.328,0.3648,-0.3598,0.1687,0.4271,60.4302,54.2385,6.1918
0.7454,-0.1344,-1.0396,0.498,0.4271,47.5348,50.1563,-2.6215
-0.0989,-0.4784,-0.3518,0.3436,0.4271,48.7664,41.46,7.3064
1.1442,-0.8241,0.4796,0.0943,-2.3842,23.08,22.156,0.924
-0.4197,-0.0148,0.6051,-0.1773,0.4271,47.3141,46.9783,0.3358
0.7944,-0.4001,-0.2148,0.6446,0.4271,55.7459,55.0588,0.6871
-0.5961,-0.898,-0.1969,0.1603,0.4271,24.5572,31.3333,-6.7761
-0.8421,-0.5719,-0.9226,-0.0011,0.4271,27.1379,25.6595,1.4783
-0.5537,-1.0235,-1.5411,-0.4961,0.4271,12.048,15.4721,-3.4241
-0.3605,-0.9364,0.2595,-0.214,0.4271,24.1562,34.3346,-10.1784
0.7313,0.8532,-0.1171,0.818,0.4271,68.2439,70.4325,-2.1886
0.6283,1.1516,0.5839,-0.2231,0.4271,65.2236,70.8407,-5.6171
-0.2435,-0.4793,-0.4555,-0.6802,0.4271,39.7601,31.988,7.7721
0.2926,0.4333,-0.6949,-0.2655,0.4271,51.1199,49.0335,2.0865
0.3306,-0.0031,0.5506,-0.4112,0.4271,60.0318,53.1028,6.929
-0.2781,0.4528,0.4392,-0.2953,0.4271,46.7683,51.6561,-4.8878
-0.5889,-0.6368,0.2516,0.2013,0.4271,36.9897,38.0837,-1.094
-0.2111,0.1556,-0.6747,-0.0367,0.4271,35.1362,42.2605,-7.1242
1.06,0.701,0.118,0.6181,0.4271,72.8769,72.6622,0.2147
-0.5151,-0.4284,-0.1792,-0.4195,0.4271,34.0355,33.5868,0.4487
-0.1495,0.1194,-0.4595,-0.4692,0.4271,35.9099,41.1625,-5.2526
1.0392,0.7609,0.2854,0.6688,0.4271,75.309,74.7525,0.5565
1.2425,1.2269,0.4569,0.4847,0.4271,83.3296,82.2117,1.118
-1.1481,-0.5242,0.5276,0.4406,-2.3842,-0.0354,3.7447,-3.7801
0.0629,0.6084,0.0992,-0.0086,0.4271,64.8717,56.4368,8.4349
-1.5657,0.2399,-0.4507,-0.2757,0.4271,24.1485,28.758,-4.6095
-1.0966,-1.2906,-2.349,0.3561,-2.3842,-15.7434,-27.0396,11.2961
0.7497,0.3847,0.7639,0.4755,0.4271,66.3807,69.7578,-3.3772
1.0991,0.6219,0.2667,-0.1186,0.4271,55.3438,68.2141,-12.8703
-1.0278,-0.5412,0.2617,-0.7869,-2.3842,-10.6772,-5.7342,-4.9429
-0.0531,-0.4661,-0.1045,-0.3736,0.4271,38.5255,39.0064,-0.4809
-0.7128,-0.4742,-1.0742,-0.2869,0.4271,23.4179,24.9904,-1.5725
0.9155,-0.1922,0.4389,-0.0295,0.4271,57.8543,59.0371,-1.1828
-0.2068,-0.6947,0.0122,0.4177,0.4271,43.125,41.1886,1.9364
-0.622,0.1365,0.6986,0.2531,0.4271,50.1834,50.2229,-0.0395
-0.7343,-0.5917,-0.7205,-0.9229,0.4271,21.547,21.7394,-0.1924
1.167,1.8201,0.49,0.6767,0.4271,78.6149,89.6609,-11.046
-0.0563,-0.0514,0.4166,-0.1265,0.4271,51.1711,49.3639,1.8072
0.3669,0.2017,0.5737,-0.422,0.4271,58.6571,55.8966,2.7605
0.2367,0.0717,-0.0517,-0.4615,0.4271,57.1648,47.9552,9.2096
-0.7904,-1.2357,0.0449,-0.3831,-2.3842,-12.0222,-9.8628,-2.1594
-1.5964,0.8091,0.1688,-0.0579,0.4271,36.7396,41.1088,-4.3692
-0.426,-0.8347,0.8686,-0.2179,-0.8474,18.7879,24.2946,-5.5068
-0.7474,-0.5978,-0.4714,-0.0538,0.4271,25.0821,29.4876,-4.4055
-0.284,-0.1254,-0.5546,0.0732,0.4271,36.2895,40.0077,-3.7182
-0.2274,-0.3343,-0.7673,0.0429,0.4271,25.1663,36.4179,-11.2516
-0.0051,-0.9258,0.5143,0.0634,0.4271,40.4522,42.15,-1.6977
1.4127,-0.5631,0.406,0.7295,0.4271,64.5094,65.2158,-0.7063
-1.2156,-1.449,0.4417,-0.2363,-2.3842,-16.0375,-12.7434,-3.2941
-0.1039,-0.3939,-0.2714,0.1178,0.4271,45.2796,41.4064,3.8733
-1.7625,-0.9372,-1.8782,0.6507,-2.3842,-19.9294,-24.5292,4.5998
-0.0321,-0.0768,0.5171,0.8481,-2.3842,27.3463,23.4856,3.8607
-0.3803,-0.6935,-0.145,0.0903,0.4271,37.9153,35.8578,2.0575
-0.1547,-0.2589,0.2367,0.3988,-2.3842,6.7215,14.8434,-8.122
-0.754,-0.2652,-0.5356,0.2144,0.4271,29.2101,34.5276,-5.3174
-0.023,-0.5968,0.2991,0.0685,-2.3842,4.2375,10.6396,-6.4021
-0.5298,0.1156,-0.084,1.0835,0.4271,60.6173,50.7272,9.8901
0.9477,0.7829,0.263,-0.0118,0.4271,71.2474,69.117,2.1304
0.0193,0.0474,-0.0153,-0.1458,0.4271,49.5423,47.827,1.7153
0.8279,-0.7225,0.3868,-0.6365,0.4271,37.6712,47.5148,-9.8436
-0.0334,-0.1898,1.0581,0.1963,0.4271,56.6473,55.2317,1.4157
1.2042,-0.8649,0.5496,0.7697,0.4271,53.2872,60.9734,-7.6861
0.4775,1.3803,0.6269,1.0518,0.4271,78.0925,80.9896,-2.8971
0.0169,0.7365,0.967,-0.1731,0.4271,68.0977,62.9164,5.1813
0.0882,-0.5651,0.5897,0.2483,-0.8474,42.5586,33.929,8.6296
-0.663,1.1804,0.2779,-0.2029,0.4271,56.647,55.1155,1.5315
1.2466,0.3123,0.6385,0.6017,0.4271,73.997,74.1798,-0.1828
-1.394,-1.3849,-0.3939,-0.0358,0.4271,8.3782,14.4307,-6.0525
-0.2168,-0.883,-1.3123,0.5879,0.4271,26.6107,29.9564,-3.3457
-0.693,0.0036,-0.2099,0.1621,0.4271,40.1942,40.3453,-0.1511
1.409,1.6159,0.6078,0.1687,0.4271,87.568,87.3327,0.2352
-1.4286,-1.0464,0.0179,-0.3359,0.4271,14.1363,18.9491,-4.8128
-1.1272,-0.7486,-0.722,-0.6721,-2.3842,-20.2487,-15.9017,-4.3471
1.1111,1.2079,0.4911,0.2812,0.4271,87.113,79.4375,7.6755
0.5429,1.354,-0.4733,0.2482,0.4271,60.8536,67.3445,-6.4909
0.5275,-0.2414,-1.2547,0.213,0.4271,46.404,42.983,3.421
-1.6928,-1.6338,-0.0663,0.0061,-2.3842,-19.8361,-22.1566,2.3206
-0.6881,-1.4779,-1.1299,0.1405,0.4271,12.7419,16.5117,-3.7698
1.3299,1.1816,0.2317,0.8478,0.4271,80.8027,83.4281,-2.6254
-1.0686,-1.2255,0.0835,0.0605,0.4271,19.5917,24.0523,-4.4606
-1.5647,-0.1674,0.3513,0.0803,0.4271,31.7956,32.8338,-1.0382
-0.3742,0.3172,0.1537,0.0488,0.4271,44.2984,49.2977,-4.9994
-0.6768,-0.8659,0.5172,-0.6397,0.4271,34.2677,30.7628,3.5049
0.6249,0.4484,0.4743,-0.0564,0.4271,60.2357,63.2125,-2.9768
0.0991,0.5986,0.5696,-0.2669,0.4271,59.0542,58.5379,0.5163
0.6747,0.4376,0.057,0.5616,0.4271,61.5244,64.7092,-3.1848
0.5894,0.0245,-0.189,0.6447,0.4271,48.7126,57.8356,-9.123
0.2016,-0.7651,0.342,0.1409,0.4271,45.1593,45.3855,-0.2261
0.9764,0.0386,-0.4505,-0.1532,0.4271,48.8159,54.5824,-5.7666
-0.4428,0.6435,-1.728,-0.773,0.4271,35.2591,32.0425,3.2166
-1.1974,0.0404,0.6806,-0.5144,-0.8474,24.3412,22.3625,1.9787
-0.2013,0.1497,-0.1407,-0.3709,0.4271,36.5506,44.0838,-7.5332
-0.207,-0.8278,-1.3684,0.5155,0.4271,28.0155,29.7473,-1.7318
-1.0223,-1.1363,-0.3429,0.5568,-2.3842,-11.8608,-7.6792,-4.1817
-1.3009,-1.1344,-0.4657,-0.3099,-0.8474,-2.7815,0.6468,-3.4282
1.6263,0.8265,0.3109,-0.1514,0.4271,78.7021,76.2752,2.4269
0.0751,1.1812,1.0034,0.326,0.4271,80.3823,72.2905,8.0917
0.0604,-0.8617,0.5139,-0.0674,-2.3842,7.9323,9.2615,-1.3292
-0.4809,-0.9845,-0.4709,0.2935,-2.3842,-5.5743,-2.9879,-2.5864
0.4476,1.0119,0.5871,1.0362,0.4271,72.9651,76.1108,-3.1457
-0.4262,-0.3928,0.7822,0.8725,-0.8474,33.1306,36.176,-3.0454
-1.4357,-0.6346,-0.0733,-1.0747,-0.8474,-4.518,2.5244,-7.0424
-1.3529,-1.5515,0.215,-0.5304,-2.3842,-21.0533,-19.1556,-1.8977
-0.3337,-0.2943,-0.6908,0.3097,0.4271,45.971,38.172,7.799
-0.6886,-1.1737,-0.5116,0.2533,0.4271,27.7699,25.4665,2.3034
-0.8744,0.5491,0.6187,-0.1762,0.4271,47.3569,48.56,-1.2031
1.054,0.6365,0.1848,0.61,0.4271,71.0144,72.3301,-1.3157
-0.1803,-1.0868,0.4323,-0.1952,-1.1097,15.844,17.7762,-1.9322
0.1008,-0.0368,0.0561,-0.1869,0.4271,48.8858,48.0182,0.8676
-0.1332,0.7873,-0.2846,-0.6552,0.4271,55.6668,48.9003,6.7665
-0.7454,-0.6442,0.2688,0.047,0.4271,30.9577,35.3825,-4.4248
-0.1623,0.1616,-1.6584,0.0668,0.4271,45.8901,36.0023,9.8877
-0.1255,-1.037,-1.6979,-0.0934,-0.8474,6.0584,6.3599,-0.3014
-0.1273,-1.0585,-0.5093,0.1662,0.4271,27.2672,32.188,-4.9208
-0.4935,0.5526,-0.056,-0.6511,0.4271,38.2265,44.1881,-5.9616
-0.2814,-0.4666,0.2278,-0.2543,0.4271,26.0197,39.9409,-13.9212
-0.1406,-0.4256,-0.1535,-0.1297,0.4271,46.7443,39.8432,6.901
0.1058,0.9733,-0.2169,0.1988,0.4271,68.0091,60.0094,7.9997
-0.7187,-1.1243,-0.5813,-0.5775,0.4271,13.5838,19.3891,-5.8053
-1.4933,-0.7672,-0.3769,-0.4473,-0.8474,-0.8187,2.4419,-3.2606
-0.1864,0.1491,0.4073,0.4092,0.4271,50.0883,53.8754,-3.7871
0.7011,0.3162,0.6817,0.5931,0.4271,73.3064,68.6524,4.654
-1.6761,0.1003,-0.6649,-0.2983,0.4271,27.4991,24.1992,3.2999
0.625,1.416,-0.2564,0.066,0.4271,73.3128,69.3232,3.9896
0.9404,-0.3549,0.3687,-0.01,0.4271,55.7437,57.0701,-1.3264
0.4619,-0.0395,-0.0868,0.4009,0.4271,55.453,54.8413,0.6117
0.4432,0.7269,1.0822,-0.5261,0.4271,65.9963,65.8097,0.1867
-0.6338,-0.1301,0.2976,0.0327,0.4271,44.3765,42.4811,1.8954
0.848,1.305,0.195,0.7695,0.4271,78.1936,78.8277,-0.6341
-1.3284,-1.3651,0.062,-1.1142,-2.3842,-19.438,-22.031,2.593
0.1114,-0.623,-0.5277,-0.0483,-0.8474,19.5314,22.8693,-3.3379
0.0667,1.0604,-0.0604,-0.7047,0.4271,48.3087,55.4926,-7.1839
0.6022,0.479,-0.1677,-0.7491,0.4271,44.5494,53.5587,-9.0093
0.9299,0.3537,-0.4714,1.4252,0.4271,72.4474,68.4379,4.0094
0.2336,0.7649,-0.0032,-0.9226,0.4271,56.0637,52.884,3.1796
0.5943,0.6216,0.6277,0.4446,0.4271,71.648,69.4945,2.1535
-0.0967,0.0662,-0.0471,0.1571,0.4271,52.9779,48.6571,4.3208
-0.2897,-0.8569,-1.019,-0.5326,0.4271,32.5374,23.9365,8.6009
-0.1552,-0.002,0.2881,-0.1274,-2.3842,20.724,14.4643,6.2597
0.6858,0.972,-1.237,-0.1538,0.4271,63.6436,55.9107,7.7329
0.2534,-0.6865,0.7695,0.1202,0.4271,56.1073,49.9693,6.138
-0.2396,-0.5002,0.3088,0.0555,0.4271,47.6221,42.7884,4.8337
0.4084,0.915,0.7893,-0.2027,0.4271,70.7504,67.5466,3.2037
1.0244,1.3316,0.6197,0.0348,0.4271,77.2132,79.1761,-1.9629
-0.2549,-0.2137,0.2121,-0.3637,0.4271,40.7687,42.187,-1.4183
-1.5285,-0.0929,-0.0001,-0.1358,-2.3842,-7.0,-3.5468,-3.4532
-0.4177,-0.2643,0.9261,-0.3472,0.4271,50.8156,45.482,5.3336
1.4767,0.4571,-0.3571,1.1535,0.4271,79.1911,74.4501,4.741
-1.0091,-1.2283,0.3751,-0.6872,-2.3842,-10.5315,-11.6956,1.1641
-0.0741,-0.7644,0.0999,-0.1724,-2.3842,4.275,4.9988,-0.7238
-0.7904,-0.663,-0.3491,0.3824,0.4271,24.0883,32.2673,-8.179
-0.055,-0.0656,-1.0936,0.6898,-0.8474,24.566,28.1311,-3.565
0.3435,0.527,0.5322,0.0982,0.4271,60.9778,62.6008,-1.623
-0.449,0.0918,0.3723,-0.2255,0.4271,45.6253,45.7375,-0.1122
-0.5907,1.7372,0.6833,0.3908,0.4271,66.6531,69.397,-2.7439
1.0222,0.0817,0.4652,-0.4663,-0.8474,51.6731,45.2853,6.3878
0.2712,-0.7241,-0.0336,-0.0005,0.4271,40.9884,42.7198,-1.7314
-0.6619,-0.9251,-0.1946,-0.0402,0.4271,21.714,28.9465,-7.2326
-1.3271,-0.4562,0.9807,-0.0505,0.4271,39.9668,36.0642,3.9026
-0.1673,-0.422,-0.6482,-0.4752,0.4271,46.0488,33.3916,12.6572
0.4286,-0.3311,-1.8474,0.3162,-0.8474,34.8767,21.9308,12.9458
-0.0616,-0.0368,-0.0016,1.3203,0.4271,63.3535,56.3097,7.0437
-1.4642,-1.8002,-0.6241,-0.5115,-2.3842,-32.6769,-29.4676,-3.2093
1.2957,0.4515,-0.4371,0.1469,0.4271,65.6465,64.8363,0.8101
-1.6126,-0.6207,0.3019,0.2914,-2.3842,-5.9171,-5.0898,-0.8272
0.4662,0.8532,0.2659,0.0996,0.4271,69.5874,65.5449,4.0425
-0.2532,-0.0745,0.2742,-0.6231,0.4271,48.3931,42.4462,5.9468
-0.39,-0.6982,-1.2014,-1.096,0.4271,28.869,19.3268,9.5423
0.4016,-0.1104,-0.236,-0.1601,0.4271,52.4442,48.3512,4.093
-0.1247,-0.0841,-0.6591,-0.7365,0.4271,40.0424,35.7462,4.2962
0.9751,1.1342,1.0835,0.3993,0.4271,80.8619,82.5304,-1.6685
0.8483,-0.3147,0.3217,-0.0764,-2.3842,26.3741,22.312,4.0621
0.8387,0.2566,0.7151,0.1572,0.4271,62.4634,66.6827,-4.2192
-0.0082,0.1723,0.1614,0.217,0.4271,56.4686,52.8175,3.6511
-0.0293,0.4402,0.153,-0.1698,0.4271,50.4817,52.8508,-2.369
-0.0231,0.7526,0.5891,-0.9743,0.4271,59.9043,54.1931,5.7112
-0.6634,-0.0332,0.2995,-0.2504,0.4271,44.3223,41.3,3.0223
-1.7852,0.3987,-0.4475,-0.3546,0.4271,24.9281,27.6666,-2.7385
0.7342,-0.2772,0.8392,-0.1006,0.4271,63.2603,58.7238,4.5366
1.005,1.101,0.5849,0.3895,0.4271,84.0254,78.5722,5.4532
-0.4014,0.2156,1.0101,-0.293,0.4271,53.3217,52.0776,1.2442
1.1104,2.0181,-0.0791,0.7448,0.4271,76.5703,87.3759,-10.8056
0.3624,0.494,-0.2297,0.1843,0.4271,60.1242,57.1691,2.9552
0.148,-0.2087,0.9796,-0.1854,0.4271,45.9951,53.7041,-7.709
0.3096,0.4638,0.37,-0.828,0.4271,62.7777,53.8416,8.9362
-1.3843,-0.6574,-0.4925,0.3065,-2.3842,-10.3962,-9.0634,-1.3329
0.092,1.252,-0.7013,0.7297,0.4271,57.3299,62.9589,-5.629
-0.349,-0.4428,-0.2286,-0.5683,0.4271,28.6667,33.7905,-5.1239
-0.215,-0.1597,-1.0858,0.4545,0.4271,38.2604,38.9249,-0.6645
1.578,1.8039,0.3434,1.2354,0.4271,96.6277,96.6374,-0.0098
-0.3019,-0.0623,-0.3523,-0.0619,0.4271,42.9149,41.1425,1.7724
-0.5404,-0.433,-0.1852,-0.1297,0.4271,36.1684,35.2331,0.9353
0.2999,-0.6722,-0.6963,-0.3538,-0.8474,13.3771,20.9149,-7.5378
0.102,-0.9095,0.4374,0.2148,-2.3842,8.9596,10.5434,-1.5838
-0.9862,-0.1094,-0.0649,-0.2216,-2.3842,6.6965,0.9827,5.7138
-0.1233,0.1182,-0.0091,-0.3246,0.4271,45.0742,45.8994,-0.8251
1.0226,-0.1042,0.4642,0.3064,0.4271,61.6719,63.7044,-2.0325
0.1438,-0.2655,0.5979,0.1187,0.4271,58.5798,52.1983,6.3815
0.9676,0.4775,0.3602,0.2479,0.4271,67.8285,68.4488,-0.6203
-0.7546,0.7037,0.337,0.2334,0.4271,53.7271,52.262,1.4651
-0.0607,-0.94,-0.0283,-0.0025,-2.3842,6.148,3.3631,2.7849
1.371,0.9709,0.6067,0.8726,0.4271,80.4682,84.5572,-4.089
1.5931,1.6702,0.7503,0.8871,0.4271,91.2237,96.006,-4.7823
0.099,0.0104,0.5742,0.2031,0.4271,51.6328,55.2257,-3.5929
0.6445,-0.9056,0.1918,-0.033,-2.3842,13.3116,12.7864,0.5252
-0.6259,-0.43,-0.1744,0.4284,0.4271,45.8242,38.313,7.5112
-0.8988,-0.4454,0.5747,-0.0553,-0.8474,29.1561,22.4757,6.6804
1.3594,2.5075,0.5431,-0.0788,0.4271,83.5574,94.6088,-11.0514
-0.165,-0.0593,0.1715,0.3228,0.4271,55.5935,49.3465,6.247
0.4744,0.0201,-0.0157,-0.5984,0.4271,46.4941,49.2473,-2.7531
-0.5644,-0.3782,0.2186,0.6409,-0.8474,26.3963,28.9142,-2.5179
-0.1907,-0.2287,-0.6417,-0.4824,0.4271,35.1291,35.3122,-0.1831
0.0132,0.2255,0.0623,0.2861,0.4271,50.4676,53.3626,-2.8951
0.4897,0.9856,0.9872,0.2622,0.4271,70.1334,73.9646,-3.8312
-0.4653,-0.3805,-0.0749,0.6072,0.4271,46.8211,42.5989,4.2222
-0.4618,-0.5217,0.7035,-0.3103,0.4271,41.0051,40.6597,0.3454
-0.0782,-0.2866,0.3211,-1.0155,0.4271,34.7761,39.5687,-4.7926
-1.3737,-0.7487,-0.4114,-0.1579,-2.3842,-6.9979,-12.5804,5.5825
1.3858,0.2408,0.6951,0.2705,0.4271,72.392,73.0017,-0.6097
0.8578,0.7218,0.642,0.3127,0.4271,67.8589,72.6377,-4.7788
0.6119,-0.1838,0.1965,-0.0701,0.4271,48.3777,53.7308,-5.3531
-0.5879,0.1262,-0.3246,-0.7304,0.4271,43.5605,35.7639,7.7966
0.6704,-0.0218,0.6898,0.0282,0.4271,54.5336,60.6587,-6.1251
1.481,0.0824,0.3691,0.278,0.4271,68.6317,69.7837,-1.1519
0.4158,-0.2158,-0.0937,0.2085,0.4271,47.0719,50.9751,-3.9033
0.4441,0.9008,-0.4652,0.1636,0.4271,68.9385,60.6634,8.2751
1.1219,1.1279,0.1433,0.3419,0.4271,77.7555,76.4005,1.3549
0.8986,0.6379,-0.4605,-0.7395,0.4271,65.9157,56.3345,9.5812
-1.4726,-1.5655,-1.2597,-0.2206,-0.8474,-14.9014,-11.53,-3.3714
-0.4658,0.1236,0.329,-0.7741,-2.3842,12.8532,8.3688,4.4844
0.5123,-0.0534,-0.0696,0.3515,-0.8474,42.9758,39.8723,3.1036
0.7113,-0.0099,0.1803,0.24,0.4271,56.2886,58.7831,-2.4945
-1.7258,-0.7468,-0.0274,0.1005,-0.8474,8.3022,6.6775,1.6247
-0.29,0.4479,-0.094,0.8813,0.4271,59.041,55.5502,3.4908
1.2923,0.0862,0.1816,0.9235,0.4271,73.5145,70.8494,2.6651
-0.0174,1.1494,0.8021,1.0058,0.4271,72.2432,74.1177,-1.8746
-1.1732,-1.1905,-1.5304,-0.0752,-0.8474,-2.7475,-5.1757,2.4282
0.6681,-0.1232,0.3679,0.7283,0.4271,68.3306,61.8844,6.4462
0.155,0.6039,0.1314,0.8803,0.4271,65.6875,63.7994,1.8881
0.4531,1.6632,0.3762,0.9452,0.4271,75.3155,81.239,-5.9235
-1.1951,0.5211,-0.5807,-0.6601,0.4271,29.1307,32.218,-3.0873
-0.1024,0.3041,-1.3002,-0.2948,0.4271,44.6214,38.4891,6.1323
-0.1268,-1.0756,-0.7297,0.1572,-2.3842,-1.5943,-3.155,1.5607
0.2678,0.7333,-1.1808,0.242,0.4271,56.9093,51.9309,4.9784
-0.6795,-0.5309,-0.1032,-0.4165,0.4271,31.2611,31.2798,-0.0187
-1.4251,-1.3275,0.1222,-0.4938,-2.3842,-19.0757,-17.8688,-1.2069
-0.1516,0.2523,0.6915,0.1713,-0.8474,28.6506,40.8004,-12.1498
0.6957,0.5218,0.2214,0.3851,0.4271,66.9926,65.9187,1.074
0.349,-0.3434,1.0243,-0.1157,0.4271,56.9221,55.1719,1.7502
0.7466,1.1196,-0.4366,-0.3603,0.4271,62.6018,62.9423,-0.3405
-1.5224,-1.4762,-0.006,0.0276,-2.3842,-21.4029,-17.9449,-3.4579
0.8214,0.9203,0.3775,0.1421,-1.1097,50.4649,53.0013,-2.5363
-1.2019,-0.5918,-0.4869,0.3,-2.3842,-14.8054,-6.3726,-8.4329
-0.2357,0.4415,0.0796,-0.1128,0.4271,46.9075,50.4862,-3.5787
-0.5384,-0.9062,-0.3456,0.4326,-2.3842,-3.9202,-0.791,-3.1292
1.1569,0.0705,1.021,0.0489,0.4271,63.6124,69.6019,-5.9895
1.0917,0.652,1.0655,0.6404,0.4271,86.8411,79.8956,6.9455
0.0035,0.4065,-0.916,0.5276,0.4271,44.1072,49.4467,-5.3395
-1.3636,-0.7361,-0.2445,0.2176,-2.3842,-9.7235,-8.4363,-1.2872
-0.2577,-0.993,0.2938,-0.7739,0.4271,30.3361,31.172,-0.8358
0.3785,-0.5074,0.8169,-0.6177,-2.3842,25.7094,15.1591,10.5503
-1.3405,-0.2801,-0.0762,-1.1812,0.4271,20.1801,21.909,-1.729
0.4,0.1381,0.2574,-0.3772,0.4271,56.9818,53.4145,3.5673
-1.338,-1.6297,-1.0266,-0.761,-2.3842,-27.2119,-31.029,3.8171
-0.2465,0.4168,-0.6205,-0.811,0.4271,34.249,39.8525,-5.6035
1.246,1.3102,0.7546,0.816,0.4271,81.97,87.7774,-5.8074
1.645,1.2847,-0.122,-0.5215,0.4271,71.1726,75.7248,-4.5523
1.2695,1.2085,0.1304,-0.0934,0.4271,78.3743,75.7636,2.6107
1.4517,1.7743,0.1822,0.3472,0.4271,80.4277,87.538,-7.1102
-1.8219,-0.4832,-0.5721,-0.6549,-2.3842,-12.3786,-19.088,6.7094
0.0404,0.6883,0.3978,0.4733,0.4271,61.5207,62.7416,-1.2209
0.6303,-0.9877,0.0259,0.246,-2.3842,16.2576,12.375,3.8826
0.9789,-0.336,-0.2256,-0.1891,0.4271,44.6848,51.8778,-7.1931
0.3818,0.6943,0.1255,-0.7456,0.4271,56.8742,55.899,0.9753
0.4917,0.6482,0.3646,-0.7341,0.4271,56.6222,58.4771,-1.8549
0.2227,-0.9026,0.4562,0.1966,-2.3842,10.209,11.9311,-1.7221
-0.2457,0.4822,-0.2854,-0.415,0.4271,48.4658,45.9267,2.539
-1.6416,-1.2036,0.1174,-0.089,-2.3842,-16.2063,-16.0179,-0.1884
-0.5373,-1.2251,-0.7136,0.095,0.4271,24.3096,23.8553,0.4543
0.8309,0.0141,0.5597,-0.0521,0.4271,55.9266,61.222,-5.2954
0.3119,0.3523,-0.946,0.2567,-2.3842,16.6054,16.6289,-0.0235
-0.7408,-0.2483,-2.2506,0.0916,0.4271,22.5645,20.8114,1.7531
-0.6021,-1.1512,0.5898,0.2732,0.4271,43.772,35.2584,8.5136
-0.9588,-0.8476,0.2081,-0.0268,-2.3842,-0.3022,-3.5701,3.268
0.3587,-0.5342,0.8929,-0.818,-0.8474,30.7162,32.0969,-1.3807
-1.3667,-0.049,-0.3752,-0.2826,0.4271,11.0696,28.1736,-17.1041
0.8876,-0.2873,-0.0274,-0.0774,0.4271,64.7506,53.7497,11.001
-0.8737,-1.0928,-0.1443,-0.3443,-0.8474,2.5408,7.9238,-5.383
-0.253,0.1371,0.1706,-0.6134,0.4271,44.7797,44.098,0.6818
0.8781,0.9036,-0.4013,0.865,0.4271,77.2241,70.7121,6.512
0.6786,1.0275,0.3409,1.1496,0.4271,75.7993,77.6562,-1.8569
-0.0498,-0.2327,-0.058,-0.0798,0.4271,48.6325,44.0673,4.5652
-1.3294,-0.0967,0.2647,0.1416,-0.8474,23.8024,20.7668,3.0356
-0.0683,0.1853,0.138,-0.2399,0.4271,45.7191,48.9646,-3.2455
-1.3729,-0.0074,0.2821,0.1938,0.4271,37.4527,36.9427,0.51
-0.3665,0.1861,0.0239,-0.1909,0.4271,56.2239,45.2407,10.9831
-0.5419,0.3277,-0.7955,-0.0121,0.4271,44.2553,39.8924,4.3629
-0.5769,0.3963,0.1959,0.1537,0.4271,59.5418,49.0695,10.4723
-0.3869,-0.7616,-0.3967,-0.4205,0.4271,34.0177,29.5346,4.4831
-1.457,-1.6807,0.112,-0.6696,-2.3842,-21.1142,-23.4834,2.3692
-0.3426,-1.4614,0.1053,-0.8236,-2.3842,-4.3698,-10.1993,5.8295
-0.9721,-0.4578,-0.5874,0.2226,-2.3842,2.1875,-3.7157,5.9032
-0.0687,0.3267,0.4873,-0.0503,0.4271,47.5719,54.5545,-6.9826
0.0361,-1.3182,-0.2169,-0.5682,0.4271,24.2785,28.1643,-3.8858
-0.6907,-1.6179,-0.1304,-0.568,0.4271,16.8014,17.6745,-0.873
-0.6047,0.2595,-1.206,0.1453,0.4271,39.2263,36.3893,2.837
-0.6742,0.1724,0.1835,-0.6488,-0.8474,33.0302,24.6943,8.3359
0.1495,-0.0399,0.3218,-1.1178,0.4271,48.2703,44.0767,4.1936
1.1904,0.8219,0.792,-0.1334,0.4271,77.5778,75.3793,2.1984
0.6808,1.3958,0.6729,0.1551,0.4271,62.5802,77.4625,-14.8824
0.5788,0.0499,-0.2305,-0.7096,-0.8474,35.0326,33.1341,1.8985
0.2252,0.6242,0.3846,0.3607,0.4271,68.716,63.1149,5.6011
-1.5386,-1.5606,-1.4565,-0.8685,-2.3842,-30.6009,-36.4574,5.8565
-0.0405,-0.4991,0.0002,-0.7444,0.4271,41.3322,36.9992,4.333
0.6197,-0.1451,-0.108,0.2366,0.4271,58.5985,54.0385,4.5601
-0.1649,-0.4018,-0.29,0.7803,0.4271,46.2858,45.1255,1.1603
-0.5441,-0.0398,0.6671,-0.0371,0.4271,52.551,46.8152,5.7358
0.761,0.0321,-0.2937,-0.1547,-2.3842,30.2977,19.9974,10.3003
0.8361,0.4189,0.4372,0.3611,0.4271,76.5016,67.7603,8.7413
0.6543,0.185,0.2366,0.3704,0.4271,56.385,61.7026,-5.3176
-0.234,-0.2216,-0.5061,0.0958,-2.3842,9.4306,6.5924,2.8382
-0.3433,-0.3076,0.7211,-0.745,0.4271,42.2231,41.4496,0.7734
1.8696,1.7879,0.1917,0.8074,0.4271,91.551,95.4409,-3.8899
-0.4125,-0.4261,-0.2625,0.6132,0.4271,40.325,41.2502,-0.9251
-0.1744,1.2552,-0.0187,-0.1429,0.4271,65.3271,59.3271,6.0
1.1067,0.9464,0.2362,-0.1226,0.4271,65.7468,71.6816,-5.9348
0.6582,0.2386,0.013,0.4153,0.4271,60.9857,60.9401,0.0457
0.2011,-0.9655,0.1184,0.4844,0.4271,35.7152,43.7937,-8.0785
-0.8771,-0.7002,0.9463,-0.1099,-0.8474,21.3477,22.3228,-0.9751
-0.5826,-0.7685,0.3935,0.028,-0.8474,27.5108,21.4154,6.0955
1.12,-0.306,1.0248,0.24,0.4271,72.7124,66.33,6.3824
-0.694,-0.1598,0.0772,-1.0771,0.4271,46.2118,32.093,14.1187
-0.003,0.3123,-1.0837,0.3677,0.4271,53.7564,45.9159,7.8405
0.3128,0.289,-0.672,-0.0356,0.4271,47.9706,49.4017,-1.4311
-0.1555,-0.2228,0.0813,-0.7429,0.4271,42.4765,39.5076,2.9689
-0.1231,0.8597,-0.9199,0.6089,0.4271,49.1443,53.7207,-4.5764
-1.3222,-0.4811,0.3011,-0.1057,0.4271,26.693,30.2236,-3.5305
1.5741,0.7946,0.163,0.8938,0.4271,75.0279,81.4854,-6.4574
-0.7355,-0.0316,0.2242,-0.7356,0.4271,27.0581,36.5942,-9.5361
0.0463,-0.737,-0.0739,0.2349,0.4271,43.5799,41.491,2.0889
-1.0476,0.2999,-0.7387,0.2903,0.4271,48.4464,36.7014,11.745
-0.8625,-0.1402,0.5757,0.0361,0.4271,42.2559,42.0801,0.1758
-0.155,-0.9864,-0.2148,-0.7345,0.4271,24.7712,28.7066,-3.9354
1.4324,0.9434,0.0838,1.008,0.4271,82.3057,81.8237,0.482
-0.7026,-0.2992,-0.452,-0.4389,0.4271,31.6751,30.7984,0.8767
-0.2118,0.2547,-0.2795,-0.4151,0.4271,44.9765,43.7766,1.1999
0.9429,1.382,0.9574,0.0337,0.4271,88.465,81.4605,7.0045
-0.2644,-0.8568,0.4019,0.2701,0.4271,35.0848,40.7208,-5.636
-0.6937,-0.0036,-0.7143,-0.2322,0.4271,32.9101,33.6357,-0.7256
1.1884,0.8804,0.4885,0.0171,0.4271,75.7472,74.7285,1.0188
-1.4207,-1.4364,0.3021,-0.0179,-2.3842,-13.3976,-14.3539,0.9564
-0.5727,0.4937,-0.886,-0.0117,0.4271,42.1609,40.7351,1.4258
0.5498,0.5673,-0.1615,-0.1536,0.4271,51.8159,58.1777,-6.3619
0.9445,1.4574,0.0016,0.875,0.4271,72.4291,80.8193,-8.3903
-0.9242,0.0867,0.1921,-0.272,0.4271,32.9244,38.8784,-5.954
1.2098,1.3046,0.3179,0.5878,0.4271,83.2226,82.3808,0.8418
0.1382,-0.1223,0.1238,-0.4204,0.4271,50.4698,46.3538,4.116
-0.458,0.1386,-1.2961,0.2068,0.4271,38.4373,36.3357,2.1015
-0.8319,-0.8233,0.1197,-0.6113,-2.3842,-8.1108,-6.6808,-1.43
0.9466,0.3238,0.3467,0.3871,0.4271,72.2938,67.3596,4.9343
-0.3952,0.8046,-0.1161,0.4117,0.4271,47.2337,55.0003,-7.7666
-1.1655,0.347,0.4046,-0.591,0.4271,36.3983,38.6381,-2.2398
-1.4588,-1.3211,0.3363,0.3106,0.4271,17.5729,22.4802,-4.9073
-0.4165,0.3171,0.6173,-0.0318,0.4271,50.3599,51.8493,-1.4895
-0.2786,-0.723,-0.4989,-1.0653,-0.8474,16.5421,10.7192,5.8229
0.7312,0.5938,0.0701,-0.8754,0.4271,64.049,57.1835,6.8655
0.2204,0.2045,0.5006,0.0927,0.4271,56.0236,57.3744,-1.3508
-1.5172,0.132,-0.1664,-0.3448,0.4271,34.0811,29.7694,4.3116
0.4171,0.8715,-0.136,0.2928,0.4271,60.0056,63.4757,-3.4701
0.1213,-0.3218,-0.9869,0.1954,0.4271,49.9093,39.6651,10.2442
0.7276,-0.409,0.5571,0.5124,-0.8474,40.5049,44.1205,-3.6156
0.6288,1.1904,0.959,0.4865,0.4271,75.1588,79.1009,-3.9421
1.4076,0.7778,0.4348,0.3839,0.4271,77.6017,78.0598,-0.4581
-0.339,-0.0704,0.1633,0.1043,0.4271,52.2725,45.7757,6.4968
0.4074,1.0782,-1.2294,0.3471,0.4271,43.3087,57.6612,-14.3525
0.3557,-0.7311,0.6307,0.1299,0.4271,53.7468,49.5634,4.1834
1.076,1.1034,0.4472,-0.0823,0.4271,67.1192,75.022,-7.9028
0.3622,1.0225,0.2014,0.3132,0.4271,68.105,67.3222,0.7827
1.4576,2.0516,0.5379,0.2615,0.4271,84.9546,92.86,-7.9054
-1.519,-0.5995,-0.4492,-0.2631,0.4271,17.8225,19.9177,-2.0953
1.8926,1.0477,0.7248,0.5333,0.4271,86.8918,89.5593,-2.6675
-0.2006,0.6289,-0.7983,0.2911,0.4271,55.7711,49.0224,6.7488
-0.4401,1.1841,0.0241,-0.1435,0.4271,56.7606,56.006,0.7546
-0.7177,0.1421,-1.2135,0.2065,0.4271,24.9727,34.2262,-9.2536
-0.2794,0.0455,0.275,0.3141,0.4271,57.8714,50.0339,7.8375
-1.2899,-0.5964,0.4693,-0.7291,0.4271,31.8238,26.2343,5.5895
-0.4157,-0.2333,0.7342,-0.6097,0.4271,48.0439,42.5515,5.4924
0.8267,0.71,-0.4135,0.3873,0.4271,70.5468,64.5706,5.9762
0.9181,-0.4242,0.3959,-1.1576,-0.8474,37.7267,33.1435,4.5833
0.8214,0.1871,0.2758,0.2362,0.4271,60.3897,62.8863,-2.4966
0.5133,-0.7314,-0.0974,0.0582,-2.3842,1.5239,11.7482,-10.2244
0.6784,-0.1913,-0.0157,-0.3744,-0.8474,29.2453,35.4709,-6.2256
-1.4193,-1.334,0.402,-0.2361,-2.3842,-12.4073,-13.9358,1.5285
0.2913,0.493,0.4936,-0.1313,0.4271,69.6944,59.7675,9.9269
0.4084,-0.7116,-0.1624,0.218,-2.3842,9.5349,11.4585,-1.9236
-1.2247,0.8404,0.3026,-0.0843,0.4271,46.1208,46.2889,-0.168
0.5202,-1.2259,-0.1867,0.1091,-2.3842,5.9879,5.9292,0.0587
0.224,0.5378,-0.5958,0.2374,0.4271,61.6739,53.7318,7.942
0.8817,0.7686,-0.1264,-0.7154,0.4271,60.7219,60.3613,0.3606
0.9207,0.1261,-0.7633,-0.5976,0.4271,60.1267,49.4739,10.6528
0.8265,0.2804,0.9165,-0.8726,0.4271,60.8198,61.2125,-0.3927
1.1932,0.8018,0.1567,-0.762,0.4271,60.2024,65.9272,-5.7248
1.1637,0.5895,0.5698,0.6319,0.4271,75.382,76.0916,-0.7096
-1.4399,-0.9963,-0.7354,0.1588,-2.3842,-18.2918,-16.3647,-1.927
0.6324,0.8116,0.0689,-0.5619,0.4271,60.9723,60.7434,0.2289
0.3782,-0.6642,0.3286,0.1637,-2.3842,16.3023,15.0684,1.2338
0.4079,0.6208,-1.0152,-0.4234,0.4271,52.6335,48.8158,3.8177
-0.0159,-0.4157,-0.0236,0.1045,0.4271,50.477,43.9175,6.5596
0.5083,0.3635,0.2238,0.4697,0.4271,61.2021,62.7384,-1.5363
-0.2848,-0.4039,0.1012,-0.1652,0.4271,43.0405,40.2546,2.786
1.1761,0.3621,0.8425,0.8588,0.4271,72.1691,77.3427,-5.1736
1.5183,1.8767,0.2684,-0.6602,0.4271,75.5402,83.0647,-7.5245
-0.1793,-0.6633,0.4765,-0.3534,0.4271,47.7471,40.0483,7.6988
0.3997,0.2178,0.1424,0.8574,0.4271,57.4074,62.0045,-4.5971
-0.2031,-0.2549,-0.0704,-0.3574,0.4271,39.7074,40.1498,-0.4424
0.792,0.8545,0.0828,0.8089,0.4271,71.4121,72.5709,-1.1588
-0.2492,-0.4034,-1.7459,-0.672,0.4271,27.642,22.9094,4.7326
-1.5374,-1.5279,-1.9024,-1.0112,-2.3842,-37.7171,-40.4985,2.7814
-1.6306,-1.3405,0.1516,-0.8146,-2.3842,-18.9297,-22.2217,3.2921
0.6968,0.4478,0.049,-0.1056,0.4271,69.2945,60.3617,8.9328
0.3315,-1.0796,0.2422,-0.7151,0.4271,33.0815,36.5229,-3.4414
-0.4254,-0.2874,0.6853,-0.1092,0.4271,57.2001,44.9419,12.2582
-0.9152,-0.0783,-0.4514,-0.6998,0.4271,39.4027,29.1953,10.2074
0.8649,-1.221,-0.2225,-0.8011,-2.3842,-1.5633,3.0754,-4.6387
0.9467,0.426,0.6008,0.2458,0.4271,68.5901,69.482,-0.8919
1.178,0.9728,0.4242,-0.2246,0.4271,72.9882,73.4815,-0.4933
1.0517,0.1921,0.8138,0.1634,0.4271,76.5096,69.0438,7.4658
0.6666,1.3997,0.2873,0.2385,0.4271,77.7307,74.9678,2.7629
0.9119,0.5213,0.6209,-0.3092,0.4271,69.7382,66.4778,3.2604
-0.5306,-0.441,-0.9339,-0.2073,0.4271,30.8279,28.9477,1.8803
-1.3469,-0.5268,0.1104,-0.1088,0.4271,38.8203,27.9569,10.8634
1.4642,0.2267,1.0617,0.9831,0.4271,86.509,81.4562,5.0527
0.4124,1.5803,0.7044,0.4848,0.4271,80.79,79.1956,1.5944
-0.4567,0.6088,-0.6172,0.3862,0.4271,51.4064,48.1069,3.2995
0.4003,-0.1991,-0.0054,0.3321,0.4271,58.139,52.5347,5.6043
0.4814,-0.3397,0.1888,0.0271,-0.8474,40.529,36.0563,4.4727
-0.4436,-0.8949,-0.3229,-0.0013,0.4271,36.7564,30.909,5.8473
1.3223,2.1402,-0.1774,0.8723,0.4271,84.8238,91.1495,-6.3257
1.4434,1.2996,0.2919,0.8017,0.4271,83.371,86.1149,-2.744
-0.1635,0.7912,0.1639,0.1854,0.4271,60.6305,57.9127,2.7178
-0.7327,-1.0878,-0.5569,-0.5012,0.4271,12.5132,20.3684,-7.8551
1.0579,0.0879,-0.2115,0.2922,0.4271,53.3073,60.9453,-7.638
0.4613,-0.0967,0.2159,-0.4791,0.4271,41.6112,50.4035,-8.7922
-0.6964,-0.9372,-0.1447,-0.6616,-0.8474,11.6058,9.3655,2.2403
-0.3109,-0.3673,-0.4507,0.0991,0.4271,39.3009,37.9779,1.3229
0.6584,0.1058,0.4938,0.1865,0.4271,61.5029,61.5573,-0.0544
0.6246,0.315,-0.0596,-0.0828,-0.8474,47.299,42.2773,5.0217
0.1292,-0.2078,0.3309,0.6031,0.4271,51.7205,54.0027,-2.2821
1.056,0.413,1.024,-0.077,0.4271,74.3699,71.5185,2.8514
1.2051,0.1183,0.648,0.2062,-0.8474,55.591,53.7373,1.8538
-0.3699,-0.6984,0.0663,-0.4779,-2.3842,8.3024,0.1918,8.1106
0.9384,2.0218,0.4906,0.1583,0.4271,74.9468,85.8813,-10.9345
0.18,-0.0046,-0.4644,-0.0105,0.4271,48.0353,46.4492,1.5861
-1.1649,-0.6841,0.1049,-0.6406,-0.8474,8.3541,9.258,-0.9039
-0.2842,-0.3483,0.1613,-0.2858,-0.8474,29.6079,25.3695,4.2383
0.415,-0.1869,-1.2704,0.2532,0.4271,38.0423,42.5488,-4.5065
-1.5244,0.1004,-0.1085,0.2327,0.4271,22.5351,33.7976,-11.2625
0.1722,-0.3394,0.4943,0.2031,0.4271,44.5424,51.4612,-6.9188
0.5325,0.6433,0.1893,1.4379,0.4271,78.143,72.6083,5.5348
0.6799,0.6225,-1.9308,0.5504,0.4271,47.9376,51.4733,-3.5356
0.057,-0.3775,0.4099,-0.0059,0.4271,46.1746,47.6964,-1.5218
-0.3756,-0.5618,-0.8682,-0.0058,-0.8474,4.6733,16.0153,-11.342
-0.5317,-0.5731,-0.197,-0.6982,-0.8474,11.0764,14.567,-3.4906
0.1344,-0.6795,0.2939,-0.3314,0.4271,41.0625,41.9761,-0.9136
-0.151,-0.1242,0.3636,-0.0565,-0.8474,35.7365,32.4665,3.27
-0.5766,0.5602,-0.5521,-0.4527,0.4271,42.961,40.9458,2.0152
1.1558,1.6885,0.2349,0.0914,0.4271,81.8036,82.031,-0.2274
-0.7611,-1.035,-1.0423,0.509,0.4271,19.9072,23.945,-4.0378
-0.2495,0.6545,0.7617,0.2515,0.4271,58.0739,60.513,-2.4391
0.8861,0.9296,-0.261,0.3461,0.4271,71.1161,68.5637,2.5525
0.2067,0.1422,0.0131,-0.3769,0.4271,60.624,49.5134,11.1106
-0.8711,-0.4852,-0.474,0.0659,0.4271,33.6621,30.2404,3.4217
-1.4055,-1.5921,0.293,-0.9353,-0.8474,-6.1115,-4.1308,-1.9806
1.0998,-0.6807,0.1501,0.2209,-2.3842,22.5444,21.6377,0.9067
-0.3511,-0.9431,0.6566,0.5653,-2.3842,8.1542,9.4331,-1.2789
-0.2737,-0.0072,-0.1309,-0.767,0.4271,39.5407,38.8666,0.6741
0.285,-0.7605,0.8615,-0.0667,-2.3842,18.41,15.4852,2.9247
-1.5891,-1.4529,-1.1071,-0.4727,-2.3842,-32.9942,-30.347,-2.6472
0.4381,-0.158,-0.0966,-0.2463,0.4271,51.5782,48.6792,2.899
-0.2544,0.1749,0.1203,0.2096,-0.8474,29.7445,34.701,-4.9565
-0.2653,-0.204,-0.6543,0.3149,0.4271,38.0077,40.2358,-2.2281
0.9052,-0.3191,-0.2698,-0.1173,0.4271,48.4793,51.4372,-2.9579
-0.9303,0.8442,-1.5244,0.3788,0.4271,44.5113,38.6479,5.8634
-0.3132,-0.5297,0.3894,-0.1336,0.4271,34.6464,40.9731,-6.3267
1.0833,0.5433,0.4006,0.2788,0.4271,75.1631,70.9535,4.2097
0.0086,0.4893,0.6315,-0.4744,0.4271,54.918,55.3736,-0.4556
-0.1141,1.3457,0.2327,-0.2746,0.4271,64.2185,62.0091,2.2094
0.2015,-0.1464,0.7166,-0.1926,0.4271,53.9011,52.9054,0.9958
1.154,0.9642,0.8178,0.3687,0.4271,71.2164,80.2787,-9.0622
-0.1131,0.1786,0.5187,0.4312,0.4271,46.2294,56.0017,-9.7723
0.1272,0.604,-0.1436,0.108,0.4271,61.3301,56.0195,5.3106
0.1623,-0.5401,0.4196,0.7532,-2.3842,10.0703,18.9482,-8.8779
0.3903,0.7617,0.3135,-0.0859,0.4271,63.65,62.7803,0.8696
1.6368,0.9943,0.6632,-0.1487,0.4271,70.0547,81.0041,-10.9495
-0.3142,-0.6279,-0.0073,-0.2872,0.4271,30.7423,35.7389,-4.9966
0.848,-0.0157,0.8182,0.8441,0.4271,76.1844,69.2896,6.8948
-0.3889,-0.5579,-1.5719,0.3947,-2.3842,-13.4396,-4.971,-8.4685
0.2346,0.3685,-0.344,0.3031,0.4271,56.3775,54.3353,2.0421
-1.6902,-0.5609,0.3464,0.1375,0.4271,17.3787,27.4231,-10.0444
-0.3994,-0.7018,0.2927,-0.1094,0.4271,28.1672,37.5385,-9.3713
-0.4507,-0.6431,-1.1944,-0.2226,-0.8474,10.8751,10.2793,0.5958
-0.6114,-0.4717,0.3458,0.5324,0.4271,36.5023,42.7255,-6.2232
0.8664,0.9099,-0.3323,1.0951,0.4271,73.5136,72.7869,0.7267
0.3711,0.0755,-0.8779,0.3888,0.4271,46.1108,48.9922,-2.8815
1.0087,0.6859,0.5176,1.3361,0.4271,84.0521,80.007,4.0452
0.1665,-0.6103,-0.2096,0.2111,0.4271,47.7468,42.9945,4.7522
-0.6098,0.0094,-0.1277,0.3299,0.4271,39.81,43.1015,-3.2914
0.0888,-0.91,-0.225,-0.143,0.4271,28.815,36.2124,-7.3974
1.1134,1.2063,-0.8779,0.0919,0.4271,57.6856,67.5961,-9.9105
-0.585,-1.058,-0.1603,-0.7368,0.4271,14.6568,23.6992,-9.0424
-0.7713,-0.2344,0.3621,0.2542,0.4271,39.531,41.872,-2.3409
1.0383,0.6164,0.2281,0.3678,0.4271,67.5463,70.584,-3.0376
-0.6016,-1.4397,0.4203,-0.0387,0.4271,24.955,28.5484,-3.5934
0.5315,-0.7993,0.6092,0.4651,0.4271,53.4894,52.8434,0.646
-1.6466,-0.5038,-0.4327,-0.6232,0.4271,16.4492,17.25,-0.8008
0.2503,-0.5898,-0.3334,0.3618,0.4271,40.3146,44.218,-3.9033
-0.1011,-1.0671,-0.3229,-0.0599,0.4271,33.3144,32.2357,1.0787
-0.4822,-0.5637,0.3246,-0.6144,-2.3842,-2.663,1.5409,-4.204
0.3174,0.0991,-0.9277,-0.0613,0.4271,39.8694,45.1696,-5.3002
-0.8206,-0.7899,0.7887,0.1078,-2.3842,8.0546,3.9611,4.0935
-1.1363,-0.8457,0.6248,0.6942,-2.3842,4.2619,2.767,1.4948
-0.6119,-0.0668,-0.4418,-0.0544,0.4271,29.04,37.1352,-8.0952
0.4538,0.5375,-0.2851,0.7861,0.4271,69.0106,62.3944,6.6162
-0.5386,-0.1185,-0.4999,-0.7462,0.4271,33.3893,32.0824,1.3068
0.054,-0.5039,0.2311,0.0989,0.4271,51.5696,45.5958,5.9738
-1.1873,-0.4565,-0.2145,-0.1687,0.4271,22.6267,27.5422,-4.9155
0.3548,-0.2698,0.528,-0.0567,0.4271,52.9993,52.6534,0.346
1.2011,0.7804,-0.9629,0.9765,0.4271,65.2599,69.242,-3.9821
0.7321,0.8736,-1.0549,0.5298,0.4271,65.9294,61.4525,4.4769
-0.3146,-0.6269,-1.4057,0.0493,0.4271,20.0219,27.3261,-7.3041
1.0197,0.2551,0.5901,0.2755,0.4271,56.7401,68.467,-11.727
-1.6815,-1.2624,-1.2513,-0.8822,0.4271,-5.7271,0.2479,-5.975
-0.8724,-0.0364,0.3693,-0.8595,0.4271,36.2628,35.3294,0.9334
-0.4188,-0.0469,-1.0765,0.5694,0.4271,38.6288,38.8801,-0.2513
-0.8604,-0.0919,-0.0519,0.2257,0.4271,29.1183,39.1352,-10.0168
-1.5832,-0.9344,0.1892,-0.8454,-2.3842,-20.1069,-17.0717,-3.0353
0.1517,-1.0289,0.3975,-0.2805,0.4271,38.3679,39.3834,-1.0155
-0.2529,0.1144,-0.342,0.2687,0.4271,52.9222,46.0323,6.8899
-0.6,-1.1398,-0.8931,-0.1772,-0.8474,-0.6297,5.7293,-6.359
-1.7474,-0.3665,-0.6906,-0.8518,0.4271,20.9763,14.1415,6.8347
0.0732,-0.7767,0.3363,0.7245,0.4271,48.2472,47.8912,0.3559
1.0492,0.0664,0.3774,-0.1051,0.4271,64.336,62.3782,1.9578
-0.3346,-0.006,0.5728,-0.8705,0.4271,45.5639,42.9212,2.6427
-1.7593,-1.2975,-1.5986,-0.01,0.4271,-0.1796,2.4108,-2.5904
-0.3533,0.287,0.2439,-0.5398,0.4271,48.9891,45.7847,3.2044
0.1968,-0.2338,0.5408,0.4026,0.4271,58.8952,54.6575,4.2376
-0.6606,-0.1698,-0.1153,-0.2356,0.4271,34.5505,36.7062,-2.1557
1.1915,0.6087,0.3891,0.4551,0.4271,77.1768,73.9854,3.1914
0.494,-0.1982,0.2723,0.2395,0.4271,59.0267,55.0415,3.9853
-0.3615,-0.2028,-1.687,-0.0145,0.4271,37.8651,28.985,8.8801
0.7063,-0.9655,-0.0394,0.5033,0.4271,42.5279,48.1238,-5.5959
2.0737,1.6855,0.2516,1.1523,0.4271,102.2354,99.3334,2.902
0.2245,-1.3715,-0.6371,0.0808,-0.8474,17.6803,15.7209,1.9594
0.3565,-0.6422,-0.6779,0.3982,-2.3842,11.2175,8.9692,2.2483
1.0763,1.2364,0.6182,0.3551,0.4271,89.3881,80.8775,8.5106
-0.3752,0.6227,-0.6949,0.1529,0.4271,39.817,46.9173,-7.1002
1.1236,1.1643,0.1736,1.1462,0.4271,86.2508,82.6512,3.5996
1.1611,1.1933,-0.2572,-0.3047,0.4271,65.3466,69.9795,-4.6329
0.8193,0.5232,-0.588,-0.4406,0.4271,61.7618,55.2938,6.468
0.3596,-0.0685,0.2241,0.2531,0.4271,63.5712,54.7838,8.7874
0.2152,-0.4566,-0.0552,-0.2514,0.4271,38.2871,43.2164,-4.9293
-0.2876,0.0444,0.4297,0.3628,0.4271,53.7779,51.4644,2.3135
-0.2195,0.6046,-0.4063,0.0749,0.4271,48.6969,50.0607,-1.3638
0.5325,0.4253,0.6939,0.8887,0.4271,71.6159,70.2217,1.3942
0.6457,0.2182,0.0098,-0.2122,0.4271,68.4855,56.1899,12.2955
-1.4861,-0.6922,-1.513,-0.8332,-2.3842,-18.9238,-26.3182,7.3943
1.2653,0.6828,0.4256,0.3281,0.4271,79.3434,75.0079,4.3355
0.2777,-0.2962,-0.8427,0.1497,0.4271,39.7084,42.4189,-2.7104
0.1868,-0.1485,-0.1953,-0.295,0.4271,47.3325,44.9963,2.3361
-1.0242,0.4045,-0.2881,-0.1177,0.4271,43.6717,38.7592,4.9125
-0.5394,0.0938,-0.6383,0.2509,0.4271,39.1639,40.3279,-1.164
0.1743,0.7475,0.6664,-0.2104,0.4271,69.9459,62.155,7.7909
0.0764,0.0064,0.7363,0.0029,0.4271,49.4219,54.794,-5.3721
-0.0453,-0.1413,-0.7966,0.2571,0.4271,44.9326,41.8024,3.1302
0.0936,0.1926,-0.5534,0.4231,0.4271,54.8222,50.0705,4.7517
-0.1182,0.2583,-0.3545,-1.1517,0.4271,37.2626,39.1223,-1.8597
-0.7929,-1.0121,0.0382,-0.0928,0.4271,35.2049,27.9917,7.2132
1.3022,0.147,0.7898,0.0239,0.4271,69.632,70.0642,-0.4322
-0.2948,0.0735,-0.5479,-0.7356,0.4271,38.0527,36.5574,1.4953
-1.0027,-1.1152,0.1649,-0.7858,0.4271,19.4477,20.7414,-1.2937
-1.3397,-0.2101,-0.4141,-0.9978,-2.3842,-10.5127,-12.0191,1.5064
-0.4074,-0.892,0.0703,-0.7183,0.4271,28.0818,29.37,-1.2882
-1.6017,-0.07,-0.8781,-0.0014,0.4271,24.3026,23.5061,0.7965
-0.7083,-0.8745,0.2019,0.0384,0.4271,34.621,32.6159,2.0051
0.2145,0.1672,0.2177,-0.6162,0.4271,50.6748,49.7882,0.8866
-0.3311,0.3152,-0.0083,-0.1383,0.4271,50.9734,47.1901,3.7833
0.333,-0.7212,0.6707,-0.0287,-2.3842,9.5593,15.2374,-5.678
1.5183,1.6102,0.4367,0.2033,0.4271,86.9157,87.3652,-0.4495
-0.2817,0.23,0.0736,-0.2936,0.4271,45.5215,46.3117,-0.7902
-1.1294,0.127,0.1037,-0.7831,0.4271,33.8971,32.9004,0.9967
-0.2406,-0.55,0.3839,0.5959,0.4271,45.0133,46.5511,-1.5378
0.2697,0.5725,-0.0297,-0.2392,0.4271,67.9757,55.6543,12.3214
-0.8163,-0.5931,0.7841,-0.893,-0.8474,24.3616,17.4866,6.875
-0.4873,-0.3485,-0.5084,-0.0548,0.4271,37.0283,34.7869,2.2414
-0.8108,-1.7026,-0.1216,-0.5579,0.4271,20.2505,15.5727,4.6778
0.7997,-0.0501,0.2485,0.1772,0.4271,56.7166,59.366,-2.6493
-0.508,0.6524,0.3293,-0.3956,0.4271,52.0029,49.8951,2.1077
-0.0259,0.7315,0.8196,0.3224,0.4271,70.2145,64.7136,5.501
-0.8148,-0.1977,0.3454,0.3391,0.4271,43.5052,42.2799,1.2253
0.8421,0.407,-0.3875,-0.2631,0.4271,48.0865,57.0063,-8.9198
0.6093,0.9655,0.53,0.7703,0.4271,80.9886,75.0345,5.9541
0.5498,-0.0106,0.0532,0.0144,0.4271,52.6491,54.4983,-1.8492
-0.5322,-0.0223,-0.8713,-0.1128,-0.8474,16.6259,19.6376,-3.0116
0.1771,-0.1431,0.0791,-0.4111,0.4271,41.005,46.2572,-5.2522
1.133,-0.2817,1.0756,0.541,0.4271,72.6992,69.2256,3.4736
0.6547,-0.74,0.1575,0.6769,-2.3842,16.192,19.4289,-3.2369
-1.2763,0.5952,0.4647,-0.5242,0.4271,41.0272,41.1676,-0.1404
1.0603,0.6982,-0.0194,-0.5448,0.4271,66.9663,63.4943,3.472
-0.0858,-1.0354,0.1061,-0.0803,0.4271,32.7655,35.9146,-3.1492
-0.9388,0.4499,-0.402,0.6368,0.4271,43.3793,44.5531,-1.1738
-0.9049,0.5731,-0.5835,-0.7026,0.4271,37.2615,35.5951,1.6664
-0.3685,0.62,-0.1093,-0.379,0.4271,53.915,47.7659,6.1491
-0.986,-0.7232,0.1338,-0.3828,-2.3842,-3.6402,-5.5085,1.8683
0.0303,1.0129,0.354,0.1786,0.4271,67.3599,63.8969,3.463
1.2704,0.617,-0.8064,0.8828,0.4271,72.9313,68.699,4.2323
0.3092,0.3342,0.3013,0.4572,0.4271,56.7744,60.7851,-4.0106
-0.538,-0.0709,-0.1588,-0.8612,0.4271,29.038,34.4483,-5.4103
0.4065,-0.1142,0.3882,0.269,0.4271,60.9601,56.1463,4.8138
-0.1305,-0.392,0.344,-0.2089,-0.8474,20.5548,28.4649,-7.9101
-0.6725,-0.4442,0.4651,-0.9708,-2.3842,-3.1027,-0.5512,-2.5515
-0.6513,-1.217,0.2296,0.6403,0.4271,27.2799,33.7726,-6.4927
-1.4832,-0.4996,-0.4179,-0.5456,-0.8474,7.3568,4.5596,2.7972
-1.1419,0.8993,0.522,-0.0569,0.4271,44.1963,49.7159,-5.5196
0.9095,0.2354,0.0642,-0.2175,0.4271,60.0434,59.5914,0.452
0.2345,0.9041,0.4557,0.3404,0.4271,71.9772,66.7699,5.2073
1.4628,1.3038,0.3701,0.7081,0.4271,84.5462,86.3207,-1.7745
-0.5945,0.5565,0.1457,0.7164,0.4271,62.2277,54.2074,8.0203
1.0995,0.1886,1.0719,-0.0321,0.4271,77.9783,70.1423,7.8359
0.6032,-0.6166,-0.0815,0.1169,0.4271,57.8677,47.9325,9.9352
-1.7171,-0.6264,-1.733,-0.828,0.4271,3.353,3.6892,-0.3362
0.3656,-0.1537,0.45,0.3708,0.4271,54.8534,56.4454,-1.592
0.221,-0.5778,-0.3362,0.4362,0.4271,39.9898,44.5339,-4.5441
-0.4295,-1.3814,0.0159,-0.4262,-0.8474,9.2945,10.103,-0.8085
1.0763,1.3744,0.3862,0.7342,0.4271,85.0681,83.2794,1.7887
1.1753,0.6794,0.1167,1.1439,0.4271,78.6847,77.298,1.3867
-1.4424,-0.3226,0.1286,-0.9535,-0.8474,1.6765,8.3575,-6.681
-0.098,-1.3072,0.2747,-0.4967,0.4271,23.9687,31.1305,-7.1619
0.7365,0.3739,0.2053,0.1459,0.4271,68.8428,62.9076,5.9352
-0.5974,0.2022,-0.8496,-0.0024,0.4271,42.0324,37.538,4.4943
-1.7031,-1.0461,0.1401,0.1533,-2.3842,-14.1567,-13.0472,-1.1095
-0.2665,-0.3964,-0.4577,-0.0151,0.4271,26.6525,37.2788,-10.6262
0.8093,0.1652,-0.3291,0.2477,0.4271,55.3219,57.9368,-2.615
-1.3206,-0.6581,0.2993,-0.9504,-0.8474,16.4526,7.2255,9.2272
-0.6894,-1.0013,-0.3303,-0.6333,0.4271,25.648,22.6301,3.0179
0.4081,0.5266,0.6029,0.2661,0.4271,65.3801,65.0007,0.3795
-1.1919,-1.1621,-0.0174,0.1383,-2.3842,-7.5546,-10.1917,2.6371
-0.0985,0.2923,0.5058,0.2194,0.4271,54.9001,55.8651,-0.965
-0.1156,0.0468,-0.0383,0.2398,0.4271,37.9856,48.8775,-10.8918
-0.8992,-1.1869,-0.3433,0.1993,0.4271,22.543,23.9816,-1.4387
0.1048,0.5546,-0.5782,0.3355,0.4271,43.1126,53.4603,-10.3477
-0.0373,-1.2987,0.3866,-0.6313,-2.3842,-8.9758,-1.5985,-7.3773
-0.8775,-0.1986,-0.9088,-0.086,0.4271,32.631,28.9939,3.6371
-0.0424,0.0068,0.1514,-0.1737,0.4271,48.4652,47.7967,0.6685
-1.7714,0.4237,-0.8021,-0.1823,-0.8474,1.9098,11.4234,-9.5136
-0.5124,-0.9735,0.5285,-0.0818,0.4271,36.2242,35.2795,0.9446
-1.2134,0.1478,0.0872,-1.1119,0.4271,33.5903,29.8219,3.7684
1.1633,0.7438,0.567,0.1078,0.4271,74.5869,74.1566,0.4304
-0.4058,-0.0215,-0.546,-0.9168,0.4271,31.4118,33.0556,-1.6439
0.8154,-1.031,0.2449,0.0838,-2.3842,17.0476,14.4281,2.6195
0.6394,0.3169,0.4146,-0.495,0.4271,54.3243,58.382,-4.0577
0.6806,0.4269,0.3115,-0.7157,0.4271,61.9038,57.7316,4.1722
1.2963,-0.1991,0.3417,1.0984,0.4271,68.2673,70.1314,-1.8642
0.4977,-0.2655,0.3204,0.5617,0.4271,57.4458,56.934,0.5118
1.3242,-0.0591,-0.4182,0.2653,0.4271,67.0716,60.3678,6.7038
-0.1694,0.8986,-0.641,0.3575,0.4271,51.1846,54.0617,-2.8772
0.2121,-0.079,0.5099,-0.3609,0.4271,50.1413,51.0167,-0.8754
1.1176,-0.6935,-0.4211,0.1878,-1.1097,40.201,32.2004,8.0007
-0.1639,-0.1476,0.3623,-0.6932,0.4271,35.6409,42.7715,-7.1306
0.1607,0.6565,0.0684,-0.0504,0.4271,53.2344,57.4972,-4.2628
1.4319,1.1169,0.8821,0.8591,0.4271,85.1596,88.8773,-3.7176
-0.8577,-0.3599,-1.1471,-0.2004,-2.3842,-11.7248,-8.6348,-3.0901
1.4827,0.3807,0.4862,-0.0886,0.4271,66.649,71.5088,-4.8598
0.8062,1.2042,-1.9979,1.0055,0.4271,62.0147,62.0152,-0.0005
-0.1367,-0.3283,0.1569,0.1109,0.4271,36.3222,45.0407,-8.7185
-0.6674,-0.6528,-0.0053,-1.2008,0.4271,19.6516,25.3391,-5.6876
1.4908,1.3024,0.4218,1.0762,0.4271,85.689,89.5603,-3.8713
0.8368,0.454,0.3832,0.4616,0.4271,64.307,68.4456,-4.1386
0.5559,0.3478,-0.0025,0.6,0.4271,62.0582,62.2356,-0.1774
-0.3554,0.0769,-0.165,-0.4332,0.4271,32.7388,40.9933,-8.2545
0.8881,0.5801,0.3528,0.4261,0.4271,68.4214,69.9324,-1.5109
-0.0792,-1.2431,-0.946,0.598,-2.3842,3.9021,-3.13,7.0322
0.0763,-0.8052,0.6667,0.2231,0.4271,43.7084,46.6613,-2.9529
0.6146,1.4521,0.564,0.0563,0.4271,72.7406,75.8623,-3.1217
-0.2876,0.254,0.3821,0.4953,0.4271,56.9483,54.3755,2.5728
-0.5081,-0.1016,-0.3654,-0.6622,0.4271,37.6773,34.2171,3.4602
-0.2021,1.1131,0.3215,-0.0399,0.4271,67.8698,60.7651,7.1048
-0.4883,0.0686,0.8184,-0.2288,0.4271,51.1698,48.4634,2.7064
-0.6214,0.5654,-1.0542,-0.0178,0.4271,49.0517,39.6839,9.3679
0.901,0.9884,0.6762,0.1112,0.4271,77.9771,74.9606,3.0165
0.2171,-0.596,0.2296,-0.0362,0.4271,50.3807,45.3573,5.0233
-1.7328,-0.8788,-2.0655,-0.5632,-0.8474,-17.3356,-15.1751,-2.1605
0.7342,0.7249,0.017,-0.7105,0.4271,61.291,59.4266,1.8644
1.284,1.0753,0.7515,-0.1519,0.4271,74.1216,78.792,-4.6703
0.66,0.6805,0.1238,0.5864,0.4271,72.108,67.9697,4.1383
-0.3743,0.1956,0.2674,-1.0506,0.4271,43.0733,41.162,1.9113
1.404,0.7683,0.7619,0.1976,0.4271,75.1521,79.1356,-3.9835
-1.165,-1.1087,0.1882,-0.9827,-2.3842,-12.9489,-15.5128,2.5639
-0.9188,1.0149,-0.9429,0.3709,0.4271,42.8487,45.1097,-2.261
-0.0313,-0.1129,0.7814,0.3271,0.4271,52.0047,54.8989,-2.8942
-0.3026,-1.4388,0.047,-0.6737,-0.8474,10.7759,9.3341,1.4418
0.8091,1.6634,0.4094,0.4346,0.4271,77.4857,81.762,-4.2763
-1.6789,-1.1909,-0.0858,-0.6147,0.4271,9.0902,11.9054,-2.8152
-1.1971,-0.4181,0.61,-0.5625,0.4271,28.2762,31.4737,-3.1974
-0.0164,-0.2732,-0.1519,0.1121,0.4271,41.8568,44.5814,-2.7246
-0.6559,1.5395,-0.8142,-0.2434,0.4271,42.5318,50.5471,-8.0153
0.9755,0.5845,0.0224,0.1737,0.4271,58.0164,66.6217,-8.6053
-0.3583,0.646,0.1406,-0.8067,0.4271,53.5472,47.1183,6.4289
0.663,-0.083,-0.3832,-0.2235,-0.8474,34.7098,34.7458,-0.036
-1.3545,0.8009,-0.7269,0.1782,0.4271,33.2314,38.3571,-5.1257
0.7881,0.3687,-0.0721,0.7564,0.4271,68.5162,65.5102,3.0061
1.1269,0.6436,0.5878,0.2593,0.4271,69.9026,73.853,-3.9504
-1.2626,0.1867,-0.1696,-0.6898,-2.3842,5.7102,-2.7089,8.4191
0.1532,0.3923,0.4557,0.0876,0.4271,56.9607,58.3861,-1.4254
0.5761,0.5842,0.4394,0.3411,0.4271,67.8919,66.7108,1.1811
0.4745,-0.0124,-0.0127,-0.4059,0.4271,48.1918,50.2433,-2.0515
0.2617,0.442,0.3869,0.0258,0.4271,63.3365,59.1473,4.1892
0.0321,-0.3817,-0.032,0.1243,0.4271,38.2981,44.8875,-6.5894
-0.9768,-0.3062,0.0289,-0.6045,0.4271,31.8184,30.3297,1.4887
-0.1045,-0.1531,0.7825,0.2404,0.4271,50.0737,53.0679,-2.9941
-0.5,-1.1472,-0.5587,-0.4653,0.4271,25.1011,22.4284,2.6726
-1.2816,-1.0492,0.3988,0.2258,-0.8474,7.7285,12.1864,-4.4579
0.4001,0.7044,1.0392,-0.3976,0.4271,69.8938,65.6573,4.2365
0.6164,0.1486,-0.0726,-0.0012,0.4271,58.4528,55.9268,2.526
-0.6358,-0.3238,0.2198,-0.2364,0.4271,35.5682,37.8133,-2.2451
-0.6988,-0.405,0.0566,-0.0924,0.4271,47.414,35.9699,11.4441
-0.3329,0.8816,-0.2576,-0.0869,0.4271,48.2559,51.9792,-3.7233
1.3896,1.6559,0.4227,-0.3082,0.4271,83.3965,82.8352,0.5614
0.0744,0.9473,0.1758,0.0808,0.4271,59.4576,61.5805,-2.1229
0.6788,0.4441,0.4286,-0.5539,0.4271,55.7376,59.9321,-4.1945
0.7397,0.109,0.0673,0.4455,0.4271,79.8644,60.9829,18.8815
-1.6395,-1.0183,-0.2028,-0.6616,-2.3842,-18.3084,-20.3566,2.0482
-0.4005,0.0907,-0.19,-0.3724,0.4271,43.9859,40.8962,3.0897
0.7312,0.821,1.0835,0.1068,0.4271,72.6077,74.3628,-1.755
0.0593,-0.7671,0.0368,-0.6271,-0.8474,16.801,21.0105,-4.2095
-0.1897,0.3696,-1.5332,-0.1798,0.4271,19.142,37.2958,-18.1538
1.2863,1.1128,0.2521,1.3041,0.4271,84.5138,85.5167,-1.0028
0.4536,1.061,-1.2768,0.0469,0.4271,46.6146,55.5116,-8.897
-0.4358,0.9612,0.0069,-0.0604,0.4271,64.5055,53.9895,10.516
-0.4718,-0.0764,0.3345,0.1311,0.4271,51.1811,45.7897,5.3914
0.3526,0.3767,-0.4272,-0.0166,0.4271,56.686,52.8286,3.8573
1.5066,1.2733,-0.0433,0.544,0.4271,79.3755,82.1267,-2.7512
0.4444,0.3651,0.0081,0.3795,0.4271,58.4722,59.7847,-1.3125
0.3978,-0.6673,-0.2821,-0.3262,-0.8474,23.365,25.3978,-2.0329
0.6735,0.1288,0.593,0.6814,0.4271,76.2161,66.1816,10.0345
-0.8272,-0.3631,0.7774,-0.5859,-2.3842,-0.7804,3.7825,-4.5628
0.7021,0.0127,0.7395,0.2552,0.4271,56.2425,63.346,-7.1035
0.5521,-0.3992,-0.5946,-0.2028,0.4271,36.9443,43.6603,-6.716
0.3431,1.2747,-0.8203,0.037,0.4271,65.4796,60.1738,5.3058
1.1377,0.8455,0.6926,-0.0621,0.4271,80.9092,74.8112,6.0979
0.1669,-0.1916,0.7551,-0.145,0.4271,47.0588,52.6527,-5.5939
-1.1321,-0.1022,-0.2605,-0.4475,0.4271,26.9488,29.8248,-2.876
-0.1468,-0.4067,0.2127,0.1395,0.4271,47.1592,44.6775,2.4817
0.4468,0.2981,0.4125,-0.1524,0.4271,58.7536,58.4709,0.2826
0.076,-0.8141,0.9124,-0.4421,0.4271,48.8671,43.8243,5.0429
0.9272,-0.2209,0.689,-0.3544,0.4271,60.1099,58.5045,1.6053
0.2234,-0.4027,0.2389,-0.0663,-0.8474,30.2643,32.3188,-2.0545
-0.2569,-1.4009,-0.2541,-0.9228,-2.3842,-9.4867,-12.0558,2.5691
0.121,-0.3923,-0.0971,-0.0976,0.4271,53.8763,43.6774,10.1989
0.5083,0.3424,-0.144,-0.0345,0.4271,55.4147,56.1671,-0.7524
-1.2435,-1.1607,0.1999,0.3312,-2.3842,-7.5997,-7.7153,0.1156
-1.4651,-1.4118,0.271,-0.5433,-2.3842,-18.9528,-18.4459,-0.5069
0.3402,1.0017,-0.01,-0.2982,0.4271,52.3982,60.9764,-8.5783
-1.0052,-1.3772,0.2343,-0.2578,0.4271,29.5298,21.9724,7.5574
0.3833,0.5237,0.1659,-0.4548,0.4271,56.0525,56.3288,-0.2763
-1.4155,-0.7325,0.0626,-0.2431,-0.8474,11.9384,8.4662,3.4722
-0.6402,0.1117,0.0036,-0.0741,0.4271,40.3627,42.1275,-1.7649
0.1516,0.0075,-0.2882,0.0462,0.4271,43.6052,48.0306,-4.4255
-0.3134,-0.5568,-1.0597,-0.2189,-0.8474,11.2159,13.7846,-2.5687
-0.8051,-0.6873,-0.217,-0.4938,0.4271,28.9579,26.7615,2.1965
0.4059,0.248,-0.4332,-0.6976,0.4271,43.1184,47.1746,-4.0563
0.4025,0.6313,0.2081,0.3451,0.4271,61.7637,63.6292,-1.8655
1.2302,1.3847,0.0283,-0.3264,0.4271,76.4379,74.9177,1.5202
-0.0134,0.7014,0.465,0.4781,0.4271,68.239,62.8615,5.3775
0.035,-0.0303,-1.3151,0.2291,0.4271,30.6898,39.7273,-9.0374
-0.4979,-0.0246,-0.6925,0.0086,0.4271,22.5312,37.3394,-14.8082
0.3131,0.7805,-0.2098,0.3267,0.4271,62.5061,61.0067,1.4994
-0.7459,-0.4706,-0.908,-0.1119,0.4271,23.1688,27.1718,-4.003
0.7345,0.9297,0.0575,0.3343,0.4271,70.3399,69.3072,1.0327
-0.0398,0.6215,-0.8893,0.3122,0.4271,48.4126,50.1079,-1.6953
1.09,0.8557,0.6974,1.1387,0.4271,85.7312,82.7984,2.9328
0.2539,-0.9787,0.1046,0.2497,0.4271,52.7417,42.4725,10.2691
-0.1798,0.1724,-0.6369,-0.1698,0.4271,37.1105,42.15,-5.0396
-0.2851,-0.7114,-0.0063,-0.1127,0.4271,40.0585,36.3329,3.7256
0.2569,-0.6047,0.2518,-0.1304,-0.8474,27.5731,30.06,-2.4869
0.7694,0.9451,-0.1659,-0.3743,0.4271,65.5194,63.2109,2.3085
0.42,0.3134,0.0257,-0.186,0.4271,56.2132,55.1478,1.0655
-1.3958,-1.0694,0.4383,-1.1601,-0.8474,3.9967,1.4051,2.5916
0.4852,0.1882,1.0835,0.2018,0.4271,68.8695,65.2719,3.5976
-0.0671,-1.3126,-0.118,-0.8474,-2.3842,-9.2311,-7.4577,-1.7734
0.2286,0.4608,0.4822,0.1085,0.4271,65.3275,60.3127,5.0147
0.3091,0.9938,-1.1989,0.0045,0.4271,57.8698,53.512,4.3579
1.5956,1.4467,0.7813,-0.0682,0.4271,86.5387,87.1173,-0.5786
-0.4002,-0.6815,0.4551,0.4184,0.4271,47.1748,42.6766,4.4982
-0.3796,-1.0772,-0.0057,-0.6859,0.4271,21.3962,27.2254,-5.8292
1.3064,1.3663,0.5401,0.9344,0.4271,83.0511,88.2281,-5.177
1.079,0.6684,0.4528,0.179,0.4271,57.7044,72.022,-14.3176
0.8608,0.3237,0.7905,0.4521,0.4271,70.4702,70.3052,0.1651
0.2071,-0.3489,0.1779,0.2572,0.4271,44.6026,49.6706,-5.068
0.9545,0.1752,0.0786,-0.0459,0.4271,57.2228,60.6998,-3.477
-0.179,0.153,-0.1751,-0.6867,0.4271,40.4564,41.9001,-1.4437
0.513,0.1988,0.0372,0.8791,0.4271,66.3725,62.3462,4.0262
-1.8527,-1.085,-0.8153,-0.5279,-2.3842,-31.6753,-27.1726,-4.5027
0.0801,-0.0495,0.684,-0.222,0.4271,57.2793,52.2388,5.0405
-0.2839,0.6305,0.622,0.541,0.4271,66.8914,60.8121,6.0794
1.0242,0.1092,0.6902,0.0758,0.4271,54.8495,66.2559,-11.4064
0.7719,0.4771,0.0561,0.9924,0.4271,63.6818,69.1825,-5.5007
-0.26,-0.6845,-0.731,-0.0918,0.4271,24.177,31.4738,-7.2967
-0.7215,-0.1414,-2.6779,0.6361,0.4271,15.5744,22.7179,-7.1435
-1.4097,-0.5804,-0.8181,0.3693,0.4271,18.0419,22.8614,-4.8196
1.0555,0.0575,0.2891,0.4784,0.4271,70.476,65.7227,4.7533
0.7608,0.8344,0.1941,0.5756,0.4271,69.9575,71.246,-1.2885
1.1442,0.4093,0.5891,0.2264,0.4271,72.679,71.1848,1.4942
-0.1238,0.0967,-0.4056,0.1613,0.4271,40.0482,45.9791,-5.9309
0.8556,1.1159,0.3371,0.0516,0.4271,71.3489,72.8852,-1.5363
-0.3062,1.1046,-0.0195,-0.4665,0.4271,42.4794,53.9655,-11.4862
-1.3133,-1.3031,0.6394,-1.1146,0.4271,17.8447,16.6664,1.1783
0.99,1.3441,-0.3082,0.7266,0.4271,71.4285,76.6185,-5.19
0.3492,0.9947,0.6845,0.1868,0.4271,71.8452,69.7098,2.1354
-0.4869,-0.3953,-1.171,-0.4171,0.4271,21.7745,26.6482,-4.8737
-0.046,0.4483,-0.7854,-0.0486,0.4271,39.3197,46.3856,-7.0659
0.8133,0.4915,0.3296,-0.0473,0.4271,66.3571,64.666,1.6911
1.4491,0.1562,0.2863,0.7568,0.4271,74.0021,72.9634,1.0386
-0.9912,-0.7463,0.7793,0.1262,-2.3842,6.2486,2.6796,3.569
-0.3371,0.2037,0.381,0.1383,0.4271,53.0435,50.7899,2.2536
-1.8765,-0.1929,-0.5925,-0.7173,0.4271,8.446,16.4008,-7.9549
0.1639,1.0306,-0.2745,0.2312,0.4271,53.8761,61.058,-7.1819
0.2743,0.7373,0.9897,0.5863,0.4271,69.1452,71.137,-1.9918
0.0449,0.7645,-0.2007,0.4977,0.4271,59.1289,59.2121,-0.0833
-0.6601,-1.0949,-1.5433,-0.4873,0.4271,15.8007,13.5728,2.2279
-0.4553,-0.2485,-0.0841,-0.8685,0.4271,35.0564,33.8628,1.1936
0.1958,-0.7772,0.6628,0.2011,-2.3842,18.7252,14.6744,4.0508
0.8234,-0.2533,0.2082,0.7939,0.4271,55.9773,61.3123,-5.335
-0.261,0.2519,0.573,-0.8214,0.4271,49.4277,46.9527,2.4751
0.2794,-0.2919,0.7367,0.365,0.4271,54.0249,56.1346,-2.1097
0.1218,0.5081,-1.5645,0.1346,0.4271,56.5694,44.1363,12.433
-0.6953,-0.8651,-0.3613,-0.4015,0.4271,28.6071,25.4713,3.1359
-0.2569,-0.7292,-1.0327,-0.4619,0.4271,22.1415,26.1108,-3.9693
-0.8422,-0.4789,-0.5413,-0.661,-0.8474,6.145,9.9088,-3.7638
-0.8603,-1.0457,-0.4352,0.487,-2.3842,-10.2589,-6.12,-4.1389
-0.4602,-0.855,1.0835,0.1188,-2.3842,6.2904,9.4366,-3.1462
1.39,1.0721,1.0146,0.2608,0.4271,86.1091,84.7846,1.3245
0.1473,0.5953,0.6195,0.0287,0.4271,59.628,61.4558,-1.8278
0.6356,0.4281,0.868,0.2403,0.4271,70.375,68.1896,2.1854
-1.3518,-0.5123,-0.211,-0.6628,0.4271,18.0738,21.7442,-3.6705
-0.1216,-0.4914,-0.9406,0.8571,0.4271,47.1128,40.111,7.0017
-0.5208,0.2091,0.3199,0.0918,0.4271,52.2853,48.0903,4.1949
-0.8524,-1.1596,0.3083,-0.1266,0.4271,37.1184,27.5386,9.5798
0.7513,0.1157,-1.6258,0.694,0.4271,48.5956,49.885,-1.2894
0.8301,0.8647,0.113,-0.0718,0.4271,64.9686,67.2056,-2.237
0.0849,-0.1615,-1.2795,-1.0588,0.4271,40.5494,30.109,10.4404
-0.9956,0.7686,0.0013,0.1096,0.4271,47.4773,46.967,0.5104
-0.1241,0.9258,-0.4462,0.0526,0.4271,44.436,54.2328,-9.7968
-0.7093,-0.4231,-0.2591,0.192,0.4271,33.2597,35.2027,-1.943
0.9176,0.5181,0.1998,0.6241,0.4271,72.8317,69.7509,3.0808
-0.2847,0.4834,0.0501,0.0469,0.4271,53.1039,51.3151,1.7888
-0.6328,-0.6535,-0.8876,0.2917,0.4271,29.5422,29.2883,0.2539
-0.3587,0.7254,-1.0504,1.1269,0.4271,55.2118,52.2842,2.9276
-0.5472,1.2661,1.0474,-0.2264,0.4271,64.7829,63.0767,1.7062
0.7857,0.6409,0.1533,0.4408,0.4271,73.887,68.0868,5.8002
-1.9244,-0.7276,-0.4287,-0.1767,0.4271,10.6199,14.8918,-4.2719
-0.7825,-0.7003,0.0606,-0.3651,0.4271,32.2643,29.8883,2.3761
-0.1963,-0.6322,-0.2747,-0.4686,0.4271,36.3224,33.6343,2.6882
-1.1022,0.0007,-0.5963,-0.432,0.4271,28.2902,28.8276,-0.5374
1.1525,0.7903,-0.2501,0.2599,0.4271,77.4286,69.336,8.0926
0.8613,0.8085,0.3801,-0.4564,0.4271,60.9883,66.2889,-5.3006
-0.3148,-0.2176,0.2189,0.0193,0.4271,36.454,44.2173,-7.7633
-0.4396,1.6197,0.588,0.4546,0.4271,63.4681,69.4045,-5.9364
-0.8125,-1.0992,-0.123,-0.029,0.4271,23.016,26.0052,-2.9893
0.3831,-0.1361,0.5581,0.5166,0.4271,56.586,58.6765,-2.0905
-0.2761,0.2851,0.6066,1.0238,0.4271,66.5362,60.2505,6.2857
0.0616,-0.3228,-0.2,0.6094,-0.8474,28.0768,32.8048,-4.728
0.1976,-0.7585,-0.5993,-0.3265,-2.3842,6.1752,1.5261,4.6491
-0.6072,0.7929,-0.6655,0.5517,0.4271,51.2769,49.3432,1.9337
1.4186,1.4069,0.1863,0.3986,0.4271,82.2655,83.4408,-1.1753
-1.4802,-1.5004,0.1252,-0.8887,-2.3842,-21.8655,-23.1254,1.2599
0.8041,0.1357,0.0811,0.4124,0.4271,67.6416,61.8492,5.7924
0.6827,0.5598,0.5589,0.4849,0.4271,65.112,69.4978,-4.3858
-0.96,-0.4054,-1.6698,-0.2517,-0.8474,11.8402,3.6373,8.2029
-0.6153,-1.5282,-0.6969,0.193,-0.8474,4.9383,5.2799,-0.3416
0.0055,0.3565,-0.6425,-0.1825,-0.8474,30.4072,30.9338,-0.5265
-1.6021,-0.9319,-2.7121,-0.0674,-2.3842,-29.8196,-34.1585,4.3388
0.4442,0.2223,0.2949,0.1961,0.4271,54.3108,59.1092,-4.7984
1.0674,0.9762,-0.1298,0.417,0.4271,74.5509,72.5318,2.0191
-0.5215,0.577,0.8525,0.1206,0.4271,58.9895,56.5151,2.4743
1.0669,-0.0555,0.7392,0.9153,0.4271,79.9146,71.0743,8.8403
-0.1944,-0.6229,-0.7624,-0.3944,-0.8474,18.2981,15.3823,2.9158
-0.5217,0.1242,-0.199,-0.5934,0.4271,37.8991,38.3697,-0.4706
0.4608,0.7794,0.189,0.2433,0.4271,72.5481,65.0643,7.4838
0.8116,-0.0766,0.1848,0.2352,0.4271,59.5749,59.1088,0.4661
0.1348,0.9247,0.2137,0.327,0.4271,60.0562,63.9764,-3.9202
-0.8644,-0.5214,0.6299,-0.5029,0.4271,46.193,34.4446,11.7483
-0.3427,-0.907,-0.0072,0.0493,-0.8474,23.3901,19.4938,3.8963
-1.1993,-0.4042,-0.3593,0.0407,-2.3842,-12.1982,-5.0571,-7.1411
1.0116,0.8926,0.4611,0.544,0.4271,85.4304,76.4229,9.0076
0.5195,-0.8976,0.7155,0.0261,-2.3842,12.4106,15.978,-3.5674
-0.9107,-0.9794,-0.524,-0.1287,-2.3842,-18.3943,-10.878,-7.5163
0.5038,-0.0224,0.3953,0.2445,-0.8474,46.1868,42.9637,3.2231
0.8773,-0.5236,-0.4203,-0.4032,0.4271,41.9803,45.6933,-3.713
-1.3302,-1.0662,-0.3798,-0.0538,-0.8474,-0.4861,3.5405,-4.0267
-0.8078,-0.1356,0.3269,0.0926,0.4271,48.1303,41.1969,6.9334
-0.117,-0.0341,0.2363,-0.9656,0.4271,42.1565,41.6871,0.4694
0.1342,-0.3975,0.9225,-0.0065,-0.8474,42.6173,37.0967,5.5206
-0.2496,-0.4313,0.1055,-0.2647,0.4271,34.096,39.6653,-5.5692
0.375,-0.0376,-0.4106,0.0274,0.4271,58.7725,48.8449,9.9276
0.199,0.0617,-0.2082,0.8788,0.4271,54.7028,55.5504,-0.8476
0.6471,0.1476,0.4979,0.0636,0.4271,65.2526,61.0831,4.1696
-0.0716,-0.1048,0.7021,-0.6086,-0.8474,38.4288,32.3016,6.1272
-0.2582,-0.352,-0.7628,-0.4833,0.4271,31.3342,32.2647,-0.9305
0.9898,0.9676,0.364,-0.0406,0.4271,72.2361,72.2218,0.0143
0.3818,0.4129,0.522,0.0154,0.4271,63.0239,61.076,1.948
0.7205,0.5471,0.2865,0.5837,0.4271,70.8901,68.3505,2.5397
-0.8417,-0.544,0.2697,0.0333,0.4271,34.7316,35.3901,-0.6584
0.7358,1.3029,0.1712,0.2354,0.4271,74.5374,73.7059,0.8315
0.3695,-0.7659,-0.0775,0.1643,0.4271,39.9928,44.1103,-4.1175
-0.05,-0.68,0.3185,-0.8077,0.4271,37.9188,36.8721,1.0467
-0.6697,0.171,-1.9437,-0.1683,-2.3842,-2.6661,-6.5579,3.8919
0.7872,0.8305,0.4814,-0.2105,0.4271,61.5945,68.232,-6.6376
-0.6451,0.2341,-0.4621,-0.6592,0.4271,39.3396,35.8019,3.5377
0.073,0.1734,-0.0339,0.0629,0.4271,50.4711,51.126,-0.655
0.8131,-0.1162,0.5154,0.2063,0.4271,65.4525,61.0225,4.43
-0.3746,-0.6233,-0.3375,-0.4612,0.4271,32.3064,31.3932,0.9132
0.5804,-0.097,0.482,0.3159,0.4271,52.2298,59.2495,-7.0197
0.1375,0.09,0.1329,-0.1155,0.4271,49.832,50.9231,-1.0911
1.0014,0.8182,0.3802,-0.4483,0.4271,69.6509,67.957,1.6939
-0.1307,1.0203,0.2291,-0.1923,0.4271,57.435,58.7174,-1.2823
0.2258,0.619,0.5714,-0.0242,0.4271,62.8193,61.825,0.9943
0.246,-0.8104,0.062,0.4749,0.4271,46.5328,45.5194,1.0134
-0.881,0.0091,-0.6775,-0.1192,0.4271,35.6704,32.8416,2.8289
-0.7422,-0.2053,-0.6936,0.0684,0.4271,35.2674,33.0969,2.1705
-0.1347,-0.9184,0.2553,-0.7065,0.4271,25.2807,33.5001,-8.2195
0.9858,0.432,0.0227,0.192,0.4271,58.3506,65.1471,-6.7965
-0.4875,-1.1238,-0.8869,0.0689,0.4271,24.8563,24.0145,0.8418
-0.6566,-1.0463,-0.4376,-0.4591,0.4271,17.0596,22.8596,-5.8
1.5133,1.1032,-0.1346,0.0457,0.4271,81.9732,76.119,5.8542
0.8221,0.3629,0.5646,-0.8367,0.4271,62.3752,59.6347,2.7406
-0.3285,-0.8375,-0.1682,-0.1437,0.4271,18.4458,32.9882,-14.5424
-1.9244,-0.4788,0.5937,-0.0608,0.4271,39.4574,26.3615,13.0958
-0.1039,1.0323,0.2042,0.1309,0.4271,57.4244,61.1943,-3.7699
-0.3633,0.0273,-0.3203,-0.0448,0.4271,43.7553,41.8577,1.8976
-0.038,-0.5376,-0.0869,-0.4133,0.4271,32.7319,38.2243,-5.4924
-1.601,-0.8081,-0.683,-0.0922,-2.3842,-20.1605,-17.317,-2.8435
-0.8093,0.4469,0.3227,-0.362,0.4271,44.5185,44.5396,-0.0211
0.4133,0.1368,0.3621,0.0666,0.4271,54.9344,57.4342,-2.4998
0.0805,0.5851,-0.4329,-0.7718,0.4271,49.329,46.9649,2.3641
-0.0182,-0.6495,0.3056,-0.7205,0.4271,32.05,38.0614,-6.0114
0.0865,0.5544,-0.5262,0.097,0.4271,57.923,52.0051,5.918
-0.5752,0.3177,0.302,0.1818,0.4271,49.2451,49.2143,0.0308
-1.4864,-0.7275,0.3353,-0.4174,0.4271,16.05,23.7908,-7.7408
0.9565,0.9992,0.1932,0.7863,0.4271,81.4097,76.6541,4.7556
-0.0654,-0.7427,-0.2838,-0.5269,0.4271,32.0707,33.3196,-1.2489
0.6565,-0.2749,0.9322,0.1486,0.4271,62.2319,60.3658,1.8661
-0.7564,-0.8604,-0.2585,-0.4861,-2.3842,-4.7688,-8.3285,3.5597
0.7079,0.5525,0.35,0.348,-0.8474,58.8551,51.9856,6.8695
-0.1664,-0.365,-0.1159,-0.1171,0.4271,46.8223,40.6249,6.1975
-0.2817,1.1089,-0.1724,0.133,0.4271,57.3109,57.2676,0.0434
-0.6277,0.0175,-0.4006,0.2477,0.4271,28.6344,40.3301,-11.6957
-0.4373,-0.5786,-1.6854,0.0795,-0.8474,15.0299,9.4717,5.5582
-0.2528,0.3498,0.2956,0.4209,0.4271,64.4751,54.6426,9.8325
-0.797,-0.5541,-0.6266,0.0469,0.4271,23.9801,28.9533,-4.9732
-0.7477,0.2043,-0.4697,0.3321,-2.3842,12.0961,7.7996,4.2965
0.2426,0.6224,0.208,0.2025,0.4271,70.6408,60.8243,9.8165
-0.0562,0.0372,0.3414,0.2354,0.4271,48.007,52.297,-4.2899
-0.7646,0.2456,0.329,0.1313,0.4271,51.5562,46.2328,5.3234
0.0207,0.6744,-0.3033,-0.8097,0.4271,48.6667,48.0616,0.6051
-0.3769,-0.2652,0.5973,0.3717,0.4271,41.7162,48.3769,-6.6607
1.3368,1.1129,0.136,0.025,0.4271,80.2935,76.275,4.0185
-1.5042,0.1653,-0.2108,0.1905,-0.8474,12.7204,18.522,-5.8016
0.4521,0.939,0.5508,-0.2931,0.4271,67.6758,65.821,1.8548
0.7716,0.1092,0.3931,-0.4155,0.4271,56.669,57.8486,-1.1796
0.0204,-0.2281,-0.577,-0.4711,-2.3842,12.9821,4.7592,8.2229
0.0438,-0.3414,0.0482,-0.0899,-2.3842,19.479,11.195,8.284
0.4321,0.7934,0.6369,0.1001,0.4271,66.7321,67.3651,-0.6329
0.4489,0.82,0.0437,0.0889,0.4271,59.7842,63.2024,-3.4182
1.5852,1.0275,0.1916,0.3173,0.4271,86.1798,80.4353,5.7445
-0.1246,-0.5603,0.0591,-0.039,0.4271,31.1823,40.7665,-9.5842
0.8442,0.4587,0.4922,-0.0125,0.4271,64.6792,66.1209,-1.4417
0.1382,-0.7903,0.2079,0.0332,0.4271,34.8805,42.6431,-7.7627
0.3489,-0.3041,0.3406,-0.5967,0.4271,50.7521,47.0094,3.7427
-0.8601,-1.0367,-0.4875,0.4941,0.4271,22.467,27.0286,-4.5616
-0.5649,0.0761,-1.2359,-1.0437,0.4271,27.3171,26.2587,1.0584
-0.8184,-0.8437,0.3172,-0.5111,-2.3842,-10.5796,-4.5486,-6.031
1.0178,0.5277,0.4984,0.4239,0.4271,73.6665,71.8382,1.8283
-1.6646,-0.2994,-0.5848,0.1619,0.4271,36.4205,23.6435,12.777
-0.2096,-0.8907,0.1364,0.0571,0.4271,33.8502,37.4034,-3.5532
1.2111,1.0683,0.0599,0.0207,0.4271,73.1234,73.8114,-0.688
-0.1647,0.4919,-0.278,0.1849,0.4271,54.0728,51.1311,2.9417
-0.7533,0.1293,0.3658,0.0457,-2.3842,4.8657,11.3352,-6.4695
-0.0773,0.357,0.2006,-0.0133,0.4271,49.6733,52.8553,-3.1821
-0.0,-0.5805,0.0865,0.0001,-2.3842,5.1088,8.9571,-3.8483
-0.4464,-0.6762,-0.1968,0.2587,0.4271,47.9976,36.1158,11.8819
-1.0528,-0.0896,0.5776,-0.5891,0.4271,34.5499,36.2794,-1.7295
0.2397,0.22,0.1115,-0.0455,0.4271,54.8899,53.8016,1.0883
-0.3614,-1.1513,-0.3275,0.2976,0.4271,28.9234,30.9493,-2.0259
-1.7308,-0.6168,0.1371,-0.4071,0.4271,21.9697,20.9632,1.0065
-0.3667,-0.3324,-0.2251,-0.6818,0.4271,27.8074,34.0804,-6.273
-1.3386,-1.1579,0.5639,-1.0915,-0.8474,2.5747,2.4661,0.1086
0.604,1.0946,0.4062,0.0268,0.4271,70.902,70.3097,0.5923
-1.8016,-0.1059,-0.0056,-0.1103,0.4271,12.651,26.9152,-14.2642
1.323,-0.2905,-0.6026,-0.1155,0.4271,53.345,53.6871,-0.3421
-0.7763,-0.0954,-0.1513,-0.0812,0.4271,42.2684,37.0999,5.1685
-1.4852,-0.7134,-0.4327,-0.4138,-0.8474,-4.3742,2.9362,-7.3104
-0.6571,-0.076,-0.4211,-0.002,0.4271,38.9331,37.0695,1.8636
0.7026,0.5659,-0.7421,-0.1996,0.4271,44.3003,55.0121,-10.7119
-0.9905,-1.1852,-0.3302,-0.3701,-2.3842,-21.8967,-14.2333,-7.6633
0.619,-0.3477,0.11,0.5251,0.4271,56.3416,55.4371,0.9045
-0.3047,0.2841,0.2342,-0.7489,0.4271,47.0373,44.7439,2.2934
0.9902,0.389,-0.3143,0.9645,0.4271,63.6276,67.4872,-3.8596
0.3381,-0.4139,-0.7078,-0.8266,0.4271,35.0453,35.9949,-0.9496
-0.6276,-1.1781,-2.517,0.0697,-0.8474,6.5686,-5.7746,12.3432
-0.364,-0.2393,0.1381,0.125,0.4271,50.8209,43.5585,7.2623
-0.7513,-1.2654,-1.153,0.1758,-1.1097,1.1065,0.033,1.0735
1.2012,0.1671,0.4559,0.0629,0.4271,58.1978,66.9114,-8.7136
-0.46,0.4069,0.4745,-0.6549,-0.8474,20.4654,31.822,-11.3566
-0.0172,-0.8807,0.0198,-0.5207,0.4271,24.7801,34.664,-9.8839
0.5303,0.7262,0.2243,-0.5882,0.4271,59.6568,59.7026,-0.0458
0.6967,0.2478,0.32,0.9978,0.4271,65.7978,67.8665,-2.0688
0.773,1.1665,0.6479,-0.1465,0.4271,73.239,73.5838,-0.3448
0.8866,1.98,0.8871,0.1921,0.4271,80.1353,88.1421,-8.0068
-0.4866,-0.2997,-0.4379,-0.0193,0.4271,33.3396,36.1317,-2.7921
-0.5427,0.0672,-0.6113,-0.2956,0.4271,37.1471,36.402,0.7451
-0.5264,-0.2602,-0.2695,-0.4226,0.4271,38.2456,34.6424,3.6032
0.1821,0.5116,-0.2548,-0.2582,0.4271,47.4601,52.1677,-4.7075
1.5396,0.9274,-0.8031,1.0817,0.4271,81.3821,76.4819,4.9002
-1.5425,-0.0541,0.109,-0.5075,0.4271,18.2332,28.3945,-10.1613
-0.0254,0.5534,0.1729,0.421,0.4271,58.0351,58.4253,-0.3902
-0.2955,-0.3322,-0.8693,-0.8204,0.4271,36.137,28.9264,7.2107
-0.2027,0.4414,-0.8112,-0.313,0.4271,44.3237,42.5923,1.7314
-0.1563,-0.5511,-0.9584,-0.2063,0.4271,39.0218,31.5388,7.483
-0.1595,-0.3334,-0.3031,-0.1694,0.4271,49.0222,39.2517,9.7705
-0.0125,0.3332,-0.4898,0.3783,0.4271,38.5827,50.6922,-12.1095
-0.9567,-1.2388,0.575,-0.2078,-2.3842,-12.5318,-6.3817,-6.15
1.805,1.2903,0.7766,0.4084,0.4271,88.7952,90.8787,-2.0835
-0.4396,-0.2432,-0.847,-0.8369,0.4271,29.4563,28.4405,1.0158
-0.3047,0.0293,0.1447,0.1547,0.4271,49.4593,47.4729,1.9863
1.2845,1.2278,0.5148,0.2143,0.4271,83.684,81.2357,2.4484
-1.4682,-0.9635,-1.0658,0.3558,-2.3842,-16.2227,-17.4734,1.2506
0.0979,-0.2604,-0.3225,-0.2163,0.4271,40.1907,42.3545,-2.1638
-1.5834,-0.0475,-0.9558,-0.9646,0.4271,11.6818,16.6612,-4.9794
0.8645,0.0379,0.3508,0.7143,0.4271,62.8944,65.5705,-2.6762
0.4606,-1.1658,-0.4421,0.1669,-2.3842,5.4078,4.4032,1.0046
0.2712,0.5703,0.2654,-0.5562,0.4271,56.3458,55.7125,0.6333
0.4417,0.3677,0.2456,0.2969,0.4271,60.6089,61.0381,-0.4292
-1.6482,-1.5846,-0.2775,-0.6764,-0.8474,-9.3963,-9.237,-0.1593
-0.1335,-0.3704,0.2284,0.044,0.4271,42.6402,44.6859,-2.0457
0.3766,0.3795,0.7724,-0.0155,0.4271,62.1509,62.3554,-0.2045
0.2606,-0.1556,0.4175,0.5433,-0.8474,39.3924,41.1073,-1.7149
1.6287,1.113,0.3779,-0.1665,0.4271,74.2065,79.9333,-5.7267
0.1323,-0.8579,0.9218,0.1691,-2.3842,20.4366,14.8566,5.58
-0.4384,-0.8349,-0.3986,0.5354,0.4271,20.7517,34.7874,-14.0357
-1.595,-1.2239,0.3177,0.1698,-2.3842,-15.104,-12.408,-2.6961
-0.1079,-0.3604,0.3247,0.4332,0.4271,49.9267,48.5189,1.4078
-0.4872,-0.4855,-0.5142,-0.0419,0.4271,29.0347,33.2912,-4.2566
0.6448,0.5308,-1.0893,0.3675,0.4271,54.6834,55.2695,-0.5862
0.7894,0.401,-0.8355,0.1029,0.4271,64.806,55.4721,9.334
-1.7697,-0.9688,-0.6057,-1.1589,0.4271,5.3736,5.6494,-0.2758
0.9976,0.5518,0.2882,-0.5411,0.4271,62.5086,63.5676,-1.059
-0.2853,-0.6275,0.0678,0.4076,-0.8474,18.787,26.3192,-7.5322
-0.8055,-1.6695,-0.9452,0.2944,-0.8474,-6.0594,0.448,-6.5073
-0.2044,-1.1937,0.3401,-0.8005,0.4271,22.0717,29.6572,-7.5855
-1.1484,-0.0068,0.5353,-0.3008,0.4271,39.0005,37.8654,1.1352
0.2961,0.0697,0.188,0.5787,0.4271,58.9748,57.6427,1.3321
0.5918,-0.1869,-0.0197,-0.3442,0.4271,45.3318,49.9137,-4.5819
0.8538,0.7586,0.237,-0.2325,0.4271,65.1338,66.103,-0.9692
-0.4503,-0.7549,-0.4582,-0.7175,0.4271,28.2533,26.3921,1.8611
-1.3989,-0.3361,0.6838,-0.027,-0.8474,22.6898,19.3832,3.3067
0.3397,-0.8908,0.1347,-0.0178,0.4271,34.9641,42.7531,-7.7891
-1.602,-0.4652,-0.3728,-0.7025,0.4271,24.0321,18.0723,5.9598
-1.3468,-0.5604,0.368,-0.585,0.4271,23.1721,26.2523,-3.0802
-1.6092,-1.8033,-1.0542,0.0707,-0.8474,-14.2791,-12.0605,-2.2186
0.0552,-0.7238,0.0579,-0.1972,-2.3842,14.1449,6.3461,7.7988
-0.0453,0.6485,0.8615,-0.4038,0.4271,61.1413,58.8462,2.2951
-0.3074,-1.0254,-0.373,0.1169,0.4271,28.2309,31.3364,-3.1055
0.1343,-1.1555,0.1278,-0.3605,-2.3842,0.6652,1.7419,-1.0766
0.7916,0.0871,0.617,0.1089,0.4271,66.4251,63.1829,3.2422
-0.47,0.6123,-0.5744,0.2624,0.4271,55.3547,47.4724,7.8823
-0.1038,-0.4768,0.0839,0.1615,0.4271,39.4796,43.5125,-4.0328
0.8348,0.2028,-0.0462,0.7331,0.4271,65.3971,64.1829,1.2142
0.4083,-1.0327,0.373,0.0716,0.4271,45.9618,44.3479,1.6139
0.7491,0.3696,0.5683,0.6941,0.4271,67.3752,69.5971,-2.2219
0.8779,0.9188,0.5231,-0.0176,0.4271,66.9264,71.8565,-4.9302
-0.3977,0.1162,-0.4925,-0.7466,0.4271,38.4787,36.2851,2.1936
-0.7532,0.425,0.7934,-0.0491,0.4271,50.351,50.6905,-0.3395
1.1518,-0.5117,0.81,0.0846,0.4271,69.0421,61.624,7.4181
-0.2854,0.6479,0.3106,0.0626,0.4271,56.8066,55.2701,1.5365
0.4468,0.5373,-0.3075,0.0519,0.4271,52.6408,57.0409,-4.4001
0.6588,-0.3244,0.25,-0.4907,0.4271,58.6196,50.1406,8.479
1.1926,0.876,0.1331,1.0287,0.4271,78.0795,79.0207,-0.9412
0.0366,-0.7224,0.4479,0.3401,-0.8474,42.8739,31.156,11.7179
0.6057,0.5593,0.3253,0.6532,0.4271,61.064,68.0405,-6.9765
-0.9389,-0.3615,0.2448,-0.8709,0.4271,33.0709,29.9229,3.1481
0.0601,-0.6131,0.7101,-0.3633,0.4271,47.4086,44.9053,2.5033
0.1017,-1.0137,0.6001,-0.6222,-0.8474,23.3628,23.0595,0.3033
0.2598,-0.459,-0.0783,0.3639,0.4271,47.9207,47.7667,0.154
0.6902,0.2328,0.0472,0.1552,0.4271,58.9906,59.6727,-0.682
0.8467,0.0379,-0.6353,-0.3082,-0.8474,41.7643,35.5444,6.2199
-0.8154,-0.3451,-0.6616,-0.1665,-0.8474,6.6487,14.2127,-7.564
-1.3328,-0.1312,0.9221,-0.9886,0.4271,28.3652,32.6849,-4.3197
0.8861,0.5338,0.2771,0.1649,0.4271,60.0648,66.9911,-6.9263
1.2882,-0.6566,1.0835,0.7993,0.4271,64.0958,68.5286,-4.4328
-1.4832,-1.4393,-0.4195,-0.707,0.4271,6.1668,8.0009,-1.8341
0.3861,0.5639,-0.0848,0.1786,0.4271,55.6185,59.2841,-3.6657
0.2861,0.5149,-0.9685,0.0326,-0.8474,39.8097,34.7077,5.102
-0.0441,0.9856,0.2573,-0.9533,0.4271,57.6903,54.1822,3.5081
0.4267,-0.0726,0.3128,0.1426,0.4271,53.9029,55.3712,-1.4682
1.3277,0.4021,-0.5129,0.199,0.4271,62.2135,64.4019,-2.1884
-1.1473,-0.8646,0.3399,-0.3674,-2.3842,-6.3739,-7.1342,0.7603
1.1336,0.4707,0.1239,0.3201,0.4271,59.8789,68.8344,-8.9555
-0.2698,1.3916,0.641,-0.0499,0.4271,61.6209,65.56,-3.9391
-0.2825,-0.4184,-1.5256,0.2547,0.4271,32.0658,30.5193,1.5465
-1.3354,-0.6289,0.2585,-0.3619,0.4271,31.9064,26.3119,5.5945
0.003,0.0047,0.395,0.1001,0.4271,56.1034,52.0377,4.0657
-1.1655,-0.4962,-0.3516,-1.0014,-2.3842,-8.2784,-12.9135,4.6352
0.6904,0.5249,0.1593,0.0151,-2.3842,33.9566,29.4494,4.5072
0.0382,1.0078,-0.7785,0.202,0.4271,56.281,55.3738,0.9072
-0.2307,0.029,-0.0055,0.4235,-0.8474,37.9276,33.8326,4.095
0.499,0.5299,0.7292,0.0596,0.4271,62.2011,65.547,-3.3459
-0.498,-0.6713,0.4005,0.2871,0.4271,39.4819,40.4108,-0.9289
-1.6512,-0.9687,-0.6712,-0.3549,-0.8474,3.1111,-3.1379,6.249
1.2548,0.5964,0.1954,0.6114,0.4271,69.8218,74.1212,-4.2995
0.2367,1.5353,-0.5426,0.2332,0.4271,67.5123,65.4656,2.0468
-0.1753,-0.956,-0.6016,0.3124,-0.8474,15.8713,17.9918,-2.1206
0.2225,0.4687,-0.1245,0.1923,0.4271,43.9991,56.2501,-12.251
1.0796,1.3672,0.6315,-1.0052,0.4271,71.7197,73.0298,-1.3101
-0.8655,-0.0583,-1.1965,0.1279,-2.3842,5.0051,-3.4256,8.4307
0.0577,-0.0277,-0.0627,0.2494,0.4271,46.3694,49.7765,-3.4071
1.3026,0.9675,0.2495,0.3721,0.4271,81.3966,77.5598,3.8369
-1.1606,-1.2902,-1.0076,-0.2239,-2.3842,-24.8479,-21.4323,-3.4156
-0.6801,-1.4164,-0.9725,0.1545,-1.1097,4.7606,0.3389,4.4217
-0.9317,0.0739,0.1419,0.1022,0.4271,45.2821,40.8694,4.4127
0.9192,1.2041,0.4867,0.256,0.4271,70.6248,77.1294,-6.5046
0.4891,-0.3813,-0.635,0.3861,0.4271,43.4749,46.9687,-3.4938
-0.8929,-0.0595,-0.1237,0.3645,0.4271,41.8695,39.5642,2.3053
-0.5172,0.0703,0.1313,0.9458,0.4271,46.23,51.0528,-4.8228
0.0182,-1.0791,0.4057,-0.2287,-0.8474,27.1194,22.6684,4.451
-0.6416,0.044,-0.179,-0.0204,0.4271,34.1041,40.3203,-6.2162
-0.3995,1.344,-0.5352,0.1701,0.4271,52.9661,56.1159,-3.1498
-0.452,-0.4171,0.0833,-0.8383,0.4271,26.8451,33.4991,-6.654
-0.2861,-0.6368,0.1179,0.1523,0.4271,26.7147,39.9588,-13.2441
-0.2015,0.0494,0.0005,0.0005,0.4271,56.2742,46.622,9.6522
0.1485,-0.1194,0.1763,0.3296,-0.8474,34.9992,36.9728,-1.9736
-0.1911,0.8181,0.4295,-0.1542,0.4271,57.1623,57.6021,-0.4398
-0.1115,-0.9822,-0.2488,-0.998,-0.8474,4.5478,11.9869,-7.4391
-0.3249,-0.4186,0.0926,0.2593,0.4271,51.0388,42.5445,8.4943
0.3291,-0.3678,-0.2886,-0.1182,0.4271,42.8195,44.5659,-1.7464
-0.5812,1.0067,-0.2799,0.2567,0.4271,38.5047,52.9418,-14.4371
-0.3596,0.2437,0.1269,0.0439,0.4271,52.5234,48.3871,4.1363
0.8799,2.037,0.4993,0.1876,0.4271,83.8342,85.6954,-1.8612
-0.3392,-0.5263,-0.0715,-0.5887,0.4271,31.8733,34.0237,-2.1503
-0.817,-1.2052,-0.6437,-0.3843,0.4271,15.1649,18.29,-3.125
0.5978,-0.8581,0.0009,0.1766,0.4271,43.2809,46.2081,-2.9272
1.1393,-0.2962,1.0835,0.3412,0.4271,68.097,67.8022,0.2949
-0.7715,-0.1109,0.5381,-0.4352,0.4271,51.4188,39.8197,11.5991
-0.11,-0.9944,-0.0355,-0.9988,-0.8474,8.2205,13.5002,-5.2798
-0.7214,0.6395,-0.2903,0.3059,0.4271,55.0034,47.5728,7.4306
-0.3446,-0.5731,0.6631,0.3601,0.4271,44.2136,45.6855,-1.4719
-1.666,-0.9962,0.2081,-0.8042,-2.3842,-19.4874,-18.2218,-1.2656
0.7566,0.1748,0.523,-0.5297,0.4271,61.3247,58.6314,2.6934
-0.5537,0.0601,0.6971,-0.0901,0.4271,57.3437,47.6986,9.6451
-0.6223,-0.2059,-0.7369,-0.389,0.4271,19.562,30.8624,-11.3004
0.8308,1.1236,0.6188,0.3851,0.4271,82.0009,77.1915,4.8093
-0.1567,-0.141,-0.8106,0.6944,0.4271,46.9671,43.5445,3.4227
0.0475,-0.5592,0.1795,0.3007,-2.3842,12.8031,12.5103,0.2928
-0.2791,-1.6443,0.0285,-0.9725,-1.1097,-3.4774,1.9392,-5.4166
-0.415,0.1878,-1.3981,-0.3252,0.4271,30.1354,32.867,-2.7316
0.0006,-0.4646,0.1551,-1.0294,0.4271,36.7437,37.0374,-0.2937
0.0924,-0.3924,-0.6215,-0.0777,0.4271,39.2422,39.4742,-0.232
0.5954,0.8197,-0.4776,0.1489,0.4271,55.7425,61.1744,-5.4319
-0.8008,0.102,0.3289,-0.5846,0.4271,43.8109,39.252,4.5588
1.4796,0.9708,0.1651,0.4775,0.4271,83.7115,79.5762,4.1352
-0.239,-0.3102,0.0576,-1.0501,-2.3842,-3.8516,1.9145,-5.7661
-0.0216,0.8399,0.162,0.9872,0.4271,65.9896,65.5396,0.45
1.5522,1.4055,-0.3695,-0.053,0.4271,79.6014,77.4408,2.1605
0.7737,1.1325,-0.8096,0.64,0.4271,73.0623,67.4621,5.6002
0.0062,0.6818,-1.1376,-1.0025,0.4271,36.6289,40.232,-3.6031
0.166,-0.2572,0.295,-0.6898,0.4271,36.4096,44.579,-8.1693
1.4296,0.6913,-0.8235,1.272,0.4271,84.6078,73.8133,10.7945
-0.9786,-0.6021,0.5542,0.0903,-2.3842,0.6492,2.4549,-1.8057
-0.1702,0.1414,-0.0952,-1.037,0.4271,46.216,40.0433,6.1727
-0.9157,-0.313,0.7147,-0.1027,-2.3842,-1.0886,6.2728,-7.3614
0.6175,0.851,0.692,-0.1351,0.4271,65.2526,68.7881,-3.5355
-1.4075,-0.5983,0.8071,-0.9543,-2.3842,0.2501,-7.4125,7.6626
1.2723,0.596,0.889,0.8752,0.4271,81.6708,81.4746,0.1962
0.6316,1.8265,0.6772,0.3466,0.4271,80.6494,83.1423,-2.4929
1.1864,0.4488,0.4882,0.141,0.4271,67.1803,70.7119,-3.5317
-1.6403,-0.1509,-1.5489,-0.6723,0.4271,12.0483,12.3573,-0.3091
0.7956,0.6563,0.2248,0.4597,0.4271,67.3067,69.0466,-1.7399
-0.6729,-0.2071,-0.2987,0.0278,0.4271,38.0413,36.5739,1.4674
-1.1011,-0.9348,0.4929,0.3037,0.4271,34.1732,31.8126,2.3606
-0.496,-0.3606,0.0387,-0.006,0.4271,48.2484,39.1047,9.1437
-0.7663,-0.6659,-0.152,0.2527,0.4271,29.0877,33.1066,-4.0189
0.5114,0.2285,0.9872,0.2229,0.4271,75.0119,65.411,9.6009
0.5039,-0.3248,0.6975,0.0947,-0.8474,48.2871,40.8487,7.4384
-0.4626,-0.5712,0.0179,0.1311,0.4271,43.1458,37.8883,5.2575
0.214,-0.4292,-0.1234,0.5714,0.4271,56.8934,48.7071,8.1862
-0.1015,-0.4794,0.449,0.6829,0.4271,61.6107,49.9408,11.6699
-0.202,0.0363,0.9032,0.2672,0.4271,60.9098,55.268,5.6419
-0.509,-0.36,0.7888,0.1307,0.4271,54.5028,45.6932,8.8096
-1.5275,-0.8981,-0.6138,0.4161,0.4271,18.8788,19.9232,-1.0445
1.0425,0.6369,0.2041,0.8982,0.4271,79.9608,74.364,5.5968
-1.6664,-1.0449,0.1994,-0.501,0.4271,9.7464,16.666,-6.9195
-0.5358,-0.5287,-0.068,-0.4046,-0.8474,14.4433,18.0562,-3.6129
0.2576,0.098,0.5983,-0.4082,0.4271,48.279,53.8466,-5.5677
0.464,-0.0141,-1.2005,-0.2644,0.4271,37.0254,41.9562,-4.9308
0.7397,-0.0862,0.4666,-0.2051,0.4271,64.2992,57.3371,6.962
-0.6841,-1.2651,-0.4808,-0.5725,-2.3842,-7.1265,-14.4145,7.288
-0.614,-1.3651,-0.0222,0.1204,-2.3842,-4.0089,-6.4432,2.4343
0.2467,0.2427,0.4466,-0.144,0.4271,55.747,56.0256,-0.2785
-0.355,0.9861,-0.0582,-0.6704,0.4271,48.2881,50.3958,-2.1077
-0.0351,0.0798,0.3388,-0.0286,0.4271,47.1957,51.1468,-3.9511
-1.6654,-1.0555,-0.3933,-1.0008,-2.3842,-18.3136,-24.8756,6.562
-1.5285,-0.6131,0.165,-0.6662,0.4271,11.3486,21.5863,-10.2377
-1.4558,-0.6918,0.4092,-0.4265,-2.3842,-7.3509,-8.3738,1.0229
0.2355,-0.3905,0.232,-0.4288,-0.8474,37.9982,30.0136,7.9846
0.663,0.1905,0.3971,-0.6824,0.4271,61.2947,55.774,5.5207
-1.3543,-1.4402,-0.3316,-0.6369,-0.8474,-9.8865,-4.6062,-5.2802
0.4738,2.0947,0.0059,-0.1212,0.4271,69.2967,76.0516,-6.7549
-0.8166,-0.0232,0.834,-0.3546,-0.8474,27.1345,28.018,-0.8835
-0.0655,0.5688,0.5648,0.4004,0.4271,58.6828,61.0407,-2.3579
-0.1079,-0.078,-0.5171,-0.055,0.4271,42.2418,41.8249,0.4169
-0.6413,-0.4764,-0.6096,0.014,-0.8474,13.1319,16.2568,-3.1249
0.1196,0.9862,0.1457,0.2359,0.4271,71.8327,63.349,8.4837
-1.3876,-0.2852,-1.0804,-0.2648,-2.3842,-4.1504,-13.4063,9.2559
1.0257,1.8902,0.4994,0.8885,0.4271,67.6859,90.4791,-22.7932
1.5618,1.452,0.4842,1.1919,0.4271,88.1842,93.2882,-5.104
-0.8506,-0.1872,0.5405,0.179,0.4271,36.8498,42.4019,-5.552
-0.055,-1.2226,0.0475,-0.3478,-2.3842,1.5657,-1.5705,3.1362
-0.3693,0.1389,-0.373,0.4119,0.4271,38.3416,45.8164,-7.4748
1.3436,1.1188,0.5609,1.2231,0.4271,78.2616,88.0111,-9.7495
1.2362,1.1007,0.2789,-0.1064,0.4271,73.6456,75.2464,-1.6008
1.2354,0.6863,0.2522,0.8481,0.4271,81.4672,77.0069,4.4603
-1.4305,-0.556,-0.7043,-0.1098,-0.8474,12.9886,5.3172,7.6714
0.1577,-0.7365,0.2016,-0.7317,0.4271,42.0353,38.0921,3.9432
-0.6161,-0.3708,0.401,-0.1049,0.4271,45.8219,39.8031,6.0188
-0.1737,0.0645,-1.6533,0.0369,0.4271,35.5973,34.6188,0.9786
-0.585,-0.8581,0.2232,-0.2866,0.4271,36.6587,32.0264,4.6323
0.9734,0.3652,0.7242,-0.7715,0.4271,63.4471,62.9614,0.4857
0.1413,0.0119,-0.015,-0.1774,0.4271,46.7506,48.5167,-1.7661
-0.0187,-0.0376,-0.4608,-0.1005,0.4271,46.833,43.3506,3.4824
-0.2306,-0.1297,-0.1835,-0.5126,0.4271,39.1468,39.3142,-0.1674
0.221,0.0705,-0.7021,0.182,0.4271,53.1376,47.2427,5.8949
1.5636,1.7409,-0.3331,0.7347,0.4271,75.4079,87.0893,-11.6814
0.087,0.1163,0.004,0.1701,0.4271,56.2946,51.6706,4.624
-0.6301,-0.2684,-0.4209,-0.5039,-0.8474,6.5042,16.5669,-10.0628
0.695,1.122,-0.1527,-0.2762,0.4271,67.0361,65.1867,1.8493
-0.0016,0.3574,-0.3831,0.1287,0.4271,56.0044,50.167,5.8374
0.1763,-1.0448,-0.5712,-0.0516,0.4271,27.0521,33.6044,-6.5522
-0.3312,-0.2054,-0.2214,-0.5203,0.4271,35.0813,37.0414,-1.9601
-0.141,1.3809,-0.191,-0.2741,0.4271,53.1859,58.8599,-5.6739
-0.0406,-0.9346,0.3903,-0.5448,0.4271,36.3679,36.4896,-0.1217
0.3438,0.3673,0.5295,0.93,0.4271,62.8516,66.5706,-3.719
1.0043,0.6628,-0.2376,0.5611,0.4271,72.2037,68.5039,3.6998
-0.1644,0.2444,0.4644,0.3871,0.4271,60.3484,55.4686,4.8798
-0.1385,-0.3982,0.1685,-0.6329,0.4271,34.6307,39.1532,-4.5225
-0.4232,0.1636,-0.345,0.1374,0.4271,50.2239,43.8251,6.3989
1.2359,-0.0065,0.6844,0.0241,0.4271,63.9944,66.8195,-2.8251
-0.5154,0.4137,0.7071,-0.08,0.4271,47.2069,52.2326,-5.0257
-1.4446,-1.3872,0.4437,-0.8668,-2.3842,-18.2032,-18.8686,0.6654
-0.4812,-0.5244,0.3822,-0.1639,0.4271,41.166,38.9669,2.1992
-0.6433,-1.5299,0.426,0.3485,0.4271,30.8531,29.823,1.0302
0.1856,0.774,-1.3392,0.5044,0.4271,54.4574,52.1131,2.3442
0.3558,1.1113,0.5069,0.2591,0.4271,58.8721,70.2273,-11.3552
0.0468,0.2483,-0.4615,0.4695,0.4271,60.4151,51.2243,9.1908
-0.2883,0.7086,0.1499,-0.0366,0.4271,52.1042,53.9963,-1.8921
-1.2508,-0.5927,0.4159,-1.0293,-2.3842,-5.8387,-9.2014,3.3627
0.3198,-0.0804,0.5123,0.0987,0.4271,51.0007,55.3684,-4.3677
0.6172,0.1928,0.728,0.1151,0.4271,65.3717,63.399,1.9727
0.3953,0.5523,1.0283,0.0582,0.4271,69.8325,66.9796,2.8529
1.115,0.8596,0.4043,0.239,0.4271,74.2642,74.6025,-0.3383
-0.0718,1.0395,0.5113,-0.2831,0.4271,63.966,61.1038,2.8622
0.4271,0.2991,0.2129,1.0151,0.4271,69.0334,64.8515,4.1819
-0.5992,-0.6044,-0.2355,-0.2588,0.4271,34.1293,31.3899,2.7394
0.541,0.8323,0.7773,-0.188,0.4271,75.9726,68.0471,7.9255
-0.3356,0.4581,0.1551,-0.6489,0.4271,44.1302,46.4568,-2.3266
0.5933,-0.4376,-0.2341,-0.5934,0.4271,47.9563,43.7281,4.2282
0.3388,0.6433,-0.0408,0.3627,0.4271,64.8739,61.2881,3.5857
-0.0988,0.611,0.059,0.4482,0.4271,54.2263,57.5996,-3.3733
0.7871,-0.4331,0.8037,0.5064,0.4271,55.8248,61.4838,-5.6591
-1.1742,-0.1616,0.1823,-0.5598,-2.3842,-7.5734,-2.0666,-5.5068
1.2838,0.9711,1.02,0.2806,0.4271,81.1657,82.69,-1.5243
-0.4085,0.4111,0.3044,-0.6567,0.4271,47.2698,46.2411,1.0287
0.3168,-0.6791,-0.2005,0.1964,0.4271,36.7204,43.7971,-7.0767
0.3134,0.6477,-0.4144,0.3146,0.4271,57.6968,57.8579,-0.1611
1.1923,1.6198,-0.0582,0.38,0.4271,78.8549,81.4,-2.5451
1.1324,-0.0822,-0.0271,-0.0388,0.4271,51.9559,58.9471,-6.9912
-0.5769,0.174,0.0425,0.4252,0.4271,37.0299,47.2752,-10.2454
0.1431,0.4495,0.0812,-1.047,0.4271,50.9599,48.1527,2.8073
1.0057,-0.5272,0.8043,0.3392,0.4271,67.8914,61.6096,6.2818
0.9004,0.0058,-0.1274,0.5437,0.4271,54.4421,60.7291,-6.287
0.6114,-0.2731,0.585,0.1859,0.4271,60.5401,57.4902,3.0499
-0.3579,-0.203,0.2304,0.2723,0.4271,46.6107,45.7664,0.8443
0.2021,-0.5028,0.0458,0.0806,0.4271,43.7167,45.6431,-1.9264
0.4929,0.0482,0.6672,-0.1911,0.4271,57.3774,57.8453,-0.4678
0.0519,-0.8565,-0.1062,-0.7229,-2.3842,11.2332,-0.0987,11.3319
-0.8497,0.0991,-0.7655,0.1903,0.4271,23.8965,35.6628,-11.7663
-0.3542,0.0518,0.0133,0.306,0.4271,49.1046,47.2354,1.8691
-0.512,-0.2067,-0.2246,-0.1877,0.4271,39.3422,37.3758,1.9664
-0.6796,-0.3346,-0.1576,0.9721,0.4271,32.4582,42.7189,-10.2607
-0.2746,-0.621,0.2876,0.2393,0.4271,39.9445,42.1694,-2.2249
0.2654,-0.2073,0.625,-0.1069,0.4271,61.5143,52.7967,8.7176
0.8089,0.2057,-0.695,-0.4184,0.4271,53.1716,50.9417,2.2299
0.9109,0.9905,0.659,0.0749,0.4271,75.6429,74.7056,0.9373
1.2019,0.4655,0.4412,0.17,0.4271,79.3592,70.9063,8.453
-1.7234,-1.15,-1.1798,-0.3149,0.4271,-2.0337,5.5564,-7.5901
1.3902,-0.1485,1.0738,0.2377,0.4271,66.1132,71.3562,-5.243
-1.152,-0.9509,0.6108,-0.7616,-0.8474,9.7383,9.4473,0.2911
0.0068,0.2285,-1.3621,0.0561,0.4271,29.0903,40.7698,-11.6795
-0.2803,0.2249,-0.2174,1.1234,0.4271,60.7331,53.88,6.8531
-0.5218,0.5407,-1.1311,0.3609,0.4271,50.755,42.5148,8.2402
0.6982,-0.1626,-0.4082,-0.3592,-2.3842,23.1029,14.8337,8.2692
-0.0096,-0.6481,0.4249,-0.755,0.4271,44.8483,38.8495,5.9988
0.4184,1.1837,-1.157,0.1155,0.4271,65.1189,57.9125,7.2064
-0.5504,-0.8376,0.2982,-0.091,0.4271,39.4574,34.5636,4.8938
0.2901,-0.7897,-0.1595,-0.2601,-2.3842,15.5504,6.0134,9.5371
-0.4236,-0.7056,0.3602,0.495,0.4271,37.4818,41.9573,-4.4755
-0.6585,-0.3539,-0.279,0.2821,0.4271,40.2949,36.9981,3.2968
-1.2395,-0.5539,-0.3478,-1.0117,-2.3842,-15.2949,-14.3977,-0.8973
0.438,0.5655,0.0771,0.016,0.4271,52.7385,59.9738,-7.2353
-0.8503,0.1294,-0.2021,-0.2667,-0.8474,21.598,22.0136,-0.4156
0.7093,0.1017,0.1431,0.2506,0.4271,61.0547,59.8037,1.251
-0.5229,-0.3339,0.2748,-0.5851,0.4271,35.6914,36.9083,-1.2169
-0.3711,0.2817,0.283,-0.0574,0.4271,39.3175,49.1881,-9.8705
-0.39,-0.1084,-0.5001,-0.1468,0.4271,40.2109,37.9532,2.2577
1.4364,0.8353,0.5813,-0.2135,0.4271,75.3436,75.9882,-0.6447
-1.6816,-0.8627,-0.852,-0.3885,0.4271,11.3623,11.2455,0.1168
-0.2049,0.1238,0.6104,-0.6471,0.4271,48.3374,47.6135,0.724
0.9379,0.4907,0.4596,0.12,0.4271,71.7511,68.1549,3.5962
1.109,0.1702,0.5551,-0.9015,0.4271,52.6769,60.0174,-7.3405
-0.5438,0.233,1.0835,-0.5021,0.4271,47.9745,49.8587,-1.8842
-1.1673,-0.1622,0.4275,-0.792,0.4271,32.0733,31.6725,0.4008
-0.6386,-0.8259,0.3522,-0.0639,0.4271,28.4445,34.3544,-5.9099
0.6201,-0.5734,0.0218,0.1532,0.4271,42.2794,49.6464,-7.3669
0.9381,0.584,0.6067,-0.0989,0.4271,65.9294,68.8164,-2.887
-0.242,0.5119,0.0896,-0.5176,0.4271,51.0583,48.4736,2.5847
0.2561,-0.049,0.2093,0.287,0.4271,53.9952,54.0166,-0.0214
-0.3499,0.9821,-0.259,-0.3723,0.4271,49.8009,50.9326,-1.1318
-0.2425,-0.7355,-1.8447,0.2316,-0.8474,10.4497,9.6263,0.8234
0.3465,-0.5055,0.3841,-0.1122,-0.8474,34.7109,33.28,1.4309
0.9108,1.0856,0.4135,-0.4239,0.4271,68.2648,70.4192,-2.1543
-0.3996,0.6366,-0.4493,-0.0139,0.4271,55.7921,47.542,8.2501
-0.7787,-1.1222,0.4053,-1.0882,0.4271,26.7939,22.8097,3.9842
0.4696,0.8573,0.7309,-0.2142,0.4271,69.5498,67.0229,2.5269
0.5534,0.8051,0.5342,0.7539,0.4271,73.2983,72.5493,0.749
-0.5131,0.3903,-0.0507,-0.3258,0.4271,39.909,44.455,-4.5459
-1.7287,-1.5561,-1.0733,-0.8872,-0.8474,-13.8586,-17.3663,3.5077
-0.5741,0.7906,0.0495,-0.1642,0.4271,55.8175,50.1965,5.6209
0.0405,0.7309,-0.294,-0.7498,0.4271,45.0852,49.3958,-4.3106
1.1956,0.7706,0.7566,0.3067,0.4271,82.1322,77.6453,4.4869
-0.6489,-0.107,0.0215,0.0385,0.4271,47.4098,40.4948,6.915
-0.4599,-0.0074,0.3246,0.0773,0.4271,58.5895,46.2424,12.3471
0.4636,-0.1578,-0.1009,-0.4106,0.4271,49.164,47.7801,1.3839
-0.7313,-0.8198,-0.6701,-0.1732,0.4271,22.96,24.805,-1.8451
-0.3553,0.5421,0.4677,0.7699,0.4271,61.0582,59.4565,1.6017
-0.8821,-0.0522,0.3966,-0.3123,0.4271,28.7485,39.0605,-10.312
0.3345,-0.3902,-1.6175,0.1476,-2.3842,0.9106,2.5971,-1.6865
-0.506,-0.1772,0.5927,-0.9181,0.4271,40.5862,38.9822,1.604
-1.2159,0.4618,1.0169,-0.4983,0.4271,45.4534,44.7429,0.7105
0.8715,0.7369,0.5569,-0.228,0.4271,62.4864,68.5416,-6.0551
-0.3266,-0.4136,-0.6445,0.0133,0.4271,38.2484,35.2014,3.0471
0.49,0.7072,0.9422,-0.1746,0.4271,59.0907,67.4566,-8.3658
0.2388,-0.1598,-0.3514,0.0587,0.4271,53.5654,46.685,6.8804
-0.4522,-0.792,-0.4538,-0.3712,-1.1097,18.5218,10.138,8.3838
-0.5345,-0.788,-0.9961,0.2764,0.4271,25.7959,27.8884,-2.0926
0.0248,0.134,0.1513,0.1686,0.4271,55.1294,52.3273,2.802
1.1372,1.52,-0.0813,0.1009,0.4271,75.7647,77.5695,-1.8048
-0.7428,-0.5217,0.6706,0.5803,0.4271,37.95,43.5862,-5.6362
-0.8155,-0.1424,-0.0965,0.1596,0.4271,28.4739,38.2461,-9.7723
1.6438,1.0052,0.269,0.1692,0.4271,80.5525,80.3788,0.1738
0.5752,0.5197,0.2465,-0.8162,0.4271,53.8611,56.4477,-2.5866
1.2503,0.9164,0.0472,1.1402,0.4271,87.3654,80.2068,7.1585
-0.691,-0.2655,0.6688,-0.2512,0.4271,38.0042,41.2283,-3.2241
-0.3362,0.5624,0.5655,0.452,0.4271,55.6533,58.4322,-2.779
1.2469,0.9233,0.2541,1.1033,0.4271,83.5988,81.5824,2.0164
1.4143,1.1601,0.3964,0.2365,0.4271,83.4012,81.1092,2.292
1.3534,0.6341,0.005,0.7712,0.4271,71.6452,75.2473,-3.6021
-0.4257,0.0444,0.1954,0.2361,0.4271,44.1916,47.3009,-3.1094
1.073,1.0857,-0.107,0.8114,0.4271,73.3018,76.7389,-3.4371
0.2648,0.7157,0.3237,0.1529,0.4271,62.3736,62.6563,-0.2827
1.0063,0.7252,0.974,0.4241,0.4271,79.2172,77.5955,1.6217
0.2988,-0.5783,0.1624,-0.0063,0.4271,46.8535,46.1223,0.7312
0.2673,0.539,0.2276,0.2672,0.4271,65.9338,60.7517,5.1821
0.4336,-0.0728,0.4433,0.5697,0.4271,59.7467,59.4153,0.3314
-1.3157,-1.451,-0.1699,0.2103,0.4271,12.3726,17.9601,-5.5875
-1.0714,-0.091,0.36,-0.7423,-0.8474,21.3444,18.1847,3.1597
-0.228,0.346,-0.8602,-0.18,0.4271,40.8944,41.7973,-0.9029
0.7211,1.5693,0.4657,0.6318,0.4271,70.3596,81.5644,-11.2048
-0.8528,-0.8323,-0.0928,-0.4688,-0.8474,6.3276,10.6091,-4.2815
0.8663,1.0324,0.0634,0.2118,0.4271,64.596,71.0696,-6.4736
0.8289,0.7895,0.2956,-0.3429,0.4271,66.0286,65.8674,0.1612
0.1196,-0.0708,0.4435,0.1615,-2.3842,14.888,19.8382,-4.9503
0.3462,0.6466,-0.4646,0.1431,0.4271,62.4607,56.6181,5.8427
1.5064,0.3962,0.6057,0.2215,0.4271,84.7748,75.0118,9.7629
-0.2112,0.0785,-0.5741,0.0669,0.4271,47.2072,42.8853,4.3219
-0.648,-0.3227,-0.0761,-0.3736,0.4271,34.3992,34.4645,-0.0653
0.652,-0.9425,0.0235,-0.0644,0.4271,33.7956,44.3389,-10.5433
0.4156,0.4137,0.7754,0.3502,0.4271,65.0895,65.7231,-0.6337
0.9348,0.3934,0.7147,-0.2582,0.4271,70.9185,66.3621,4.5564
0.6861,0.5855,0.4106,-1.0515,0.4271,62.5285,58.0028,4.5257
-0.7285,-0.1349,-0.4927,0.2677,0.4271,42.9012,36.9665,5.9347
-0.1058,-0.6444,-0.8765,-0.5669,0.4271,21.8344,29.1547,-7.3203
-1.2139,-0.6844,-0.6577,-0.9773,-0.8474,-8.2913,0.5224,-8.8137
0.3657,0.5343,0.4923,-0.1865,0.4271,60.6472,60.6354,0.0119
0.1155,0.6742,0.0703,-0.8665,0.4271,50.4652,51.5538,-1.0886
-0.3847,-0.622,0.4081,-0.5108,0.4271,37.4521,36.691,0.7612
-0.5672,-0.1168,-0.1032,-0.8715,-0.8474,20.9124,18.8346,2.0778
0.7081,-0.0715,-0.204,0.3055,0.4271,52.2713,55.555,-3.2837
-0.5081,0.2058,-0.6016,-0.9121,0.4271,40.1352,34.1193,6.0159
0.6992,0.8824,-0.7672,-0.6276,0.4271,49.3625,55.3665,-6.004
-0.1884,0.2629,0.5681,-0.2087,0.4271,56.7943,52.0763,4.718
1.2415,1.1365,0.7972,-1.2516,0.4271,77.3217,71.7325,5.5892
0.6832,-0.7427,-0.1982,0.0883,0.4271,38.71,46.2745,-7.5645
-0.7805,1.042,0.1407,0.0226,0.4271,49.4169,52.8118,-3.3949
0.6002,-0.009,-0.1275,-0.3275,0.4271,58.0194,51.2902,6.7293
-0.7872,-1.4163,-0.4045,-0.2572,0.4271,19.1187,18.9577,0.1609
-0.4009,0.1628,0.3584,0.2291,0.4271,56.0864,50.1024,5.9839
-0.5875,-0.276,1.0835,0.0495,0.4271,40.6522,47.4996,-6.8475
1.6518,0.7394,0.2285,0.7998,0.4271,87.0952,81.547,5.5482
1.0473,0.4574,0.0472,1.1742,0.4271,75.3509,73.1072,2.2438
0.3543,0.0522,-0.1712,0.1847,0.4271,52.0064,52.5685,-0.5621
-0.4924,0.136,-0.6167,-0.5367,0.4271,27.6983,35.9974,-8.2991
-1.7629,-0.8245,0.2081,-1.2062,-2.3842,-16.8058,-20.1233,3.3176
-1.0182,0.0357,0.6155,-0.2642,0.4271,40.0262,40.6097,-0.5834
-0.647,-0.0409,-1.387,-0.4971,0.4271,16.8,26.6998,-9.8998
-0.7975,-0.3211,-0.5294,0.2703,0.4271,45.277,33.8683,11.4086
0.8346,1.1022,-0.4144,0.1503,0.4271,62.7666,67.4112,-4.6446
0.6653,0.2077,-0.0058,0.1776,0.4271,57.9394,58.8705,-0.9311
0.0248,-0.9412,-0.5152,0.2664,0.4271,34.8112,35.7888,-0.9776
0.2572,-0.0491,0.0223,0.0614,0.4271,49.4504,51.0204,-1.5699
-0.8911,-0.1199,0.6627,0.1778,0.4271,43.5481,43.6566,-0.1085
-0.4579,-0.0823,-0.235,0.0946,0.4271,30.2674,41.2361,-10.9687
0.2511,-0.6654,0.1134,-0.2752,0.4271,41.1099,42.3864,-1.2765
-0.1456,-0.7978,-0.0555,-0.1556,0.4271,37.9588,36.179,1.7799
-1.2305,-0.7655,0.3222,-0.8905,0.4271,21.8336,22.7157,-0.8821
-0.6611,0.5084,-0.6135,0.321,0.4271,41.3255,44.3628,-3.0373
0.7396,1.1362,0.2497,0.1301,0.4271,68.8099,71.7439,-2.934
-0.4174,0.8083,0.4304,0.4301,0.4271,64.3502,59.1369,5.2133
0.8112,0.3944,0.216,0.2296,0.4271,70.4121,64.6023,5.8099
0.2655,-0.1902,0.2274,-0.158,0.4271,50.8429,49.576,1.2669
-1.8698,-0.8521,0.3769,0.4161,0.4271,19.5233,24.3955,-4.8721
-0.3272,0.1844,-0.0361,-0.1223,0.4271,34.9657,45.6575,-10.6918
0.8682,0.5536,0.5727,0.0391,0.4271,70.0637,68.4233,1.6404
1.3714,0.2387,0.995,-0.0322,0.4271,64.2503,73.0277,-8.7775
-0.1023,-0.0871,-0.2504,0.086,0.4271,40.7349,44.8147,-4.0797
0.1694,0.2529,0.4136,0.1545,0.4271,56.0752,57.1328,-1.0576
1.0746,0.2716,0.6219,0.3563,0.4271,71.4332,70.0469,1.3863
1.6113,1.4174,0.6547,0.0585,0.4271,82.0525,86.8639,-4.8114
-0.365,-0.6778,0.5129,-0.4328,0.4271,23.3662,37.6232,-14.257
-0.4992,-0.4453,0.9863,0.8694,0.4271,44.8762,51.4939,-6.6177
-1.3049,0.3267,-0.4093,-0.1985,0.4271,40.1607,33.3819,6.7788
0.1486,-0.6637,0.164,-0.548,-2.3842,0.507,6.4007,-5.8937
-1.2413,-0.203,-0.8558,-0.5093,0.4271,20.1786,22.5133,-2.3348
0.2901,2.0802,-0.2736,1.049,0.4271,70.7848,79.9041,-9.1193
0.7213,-0.4283,0.3054,0.1325,0.4271,60.6376,54.4008,6.2369
-0.8832,-0.475,-0.067,0.0434,0.4271,35.1274,33.2003,1.9271
0.3722,-0.3209,0.1912,0.5893,0.4271,52.2261,54.1657,-1.9396
0.0383,-0.0373,0.2417,-0.6831,0.4271,47.9228,45.3207,2.6021
-1.5167,-0.1592,0.8026,0.1249,0.4271,32.1532,37.2204,-5.0672
0.1187,-0.3832,-0.5721,-0.3377,0.4271,40.6915,38.4322,2.2594
-0.4871,-0.2308,-0.0888,-0.199,0.4271,35.7326,38.3379,-2.6053
0.0248,-0.0334,0.4462,0.1829,0.4271,51.3199,52.8128,-1.4929
-1.5096,-1.4581,-1.3443,-0.7124,-2.3842,-33.7519,-33.0444,-0.7075
0.2925,-1.0688,0.0574,0.408,-2.3842,7.2099,9.2123,-2.0024
-0.4153,-0.1377,0.1811,0.0165,0.4271,46.7706,43.7274,3.0432
0.3075,-1.5686,0.0918,0.3384,0.4271,28.7321,36.9324,-8.2004
-0.1045,-1.0024,-0.1209,0.0856,0.4271,24.1161,35.4914,-11.3754
0.0898,-0.3362,0.9433,-0.2393,0.4271,47.6769,50.993,-3.3161
-0.2164,-0.6233,0.839,-0.4521,0.4271,45.0838,42.2039,2.8798
-1.3465,-0.7576,0.7556,0.0694,-2.3842,-7.6423,-1.8304,-5.8119
-1.397,-0.917,-0.8035,-0.5441,-2.3842,-24.5861,-20.4234,-4.1627
0.6388,0.4131,-0.1596,-0.4404,0.4271,54.6638,55.4182,-0.7544
0.0068,-0.2079,0.5131,-0.2439,0.4271,59.4983,48.2047,11.2936
0.7121,0.3671,-0.4341,-0.187,0.4271,60.381,55.3358,5.0452
0.5201,1.1468,0.3589,-0.2474,0.4271,66.2322,67.7272,-1.4951
-0.1265,-0.6007,-0.4144,-0.2823,0.4271,44.8467,34.9572,9.8895
1.3912,1.4813,0.1613,0.6196,0.4271,75.5617,85.3288,-9.7672
1.4905,0.8608,0.4422,0.9468,0.4271,74.1509,83.8499,-9.699
0.4163,-1.2823,0.4555,0.5523,-0.8474,25.4331,30.4607,-5.0275
-0.582,-1.2312,-0.2002,-0.3324,0.4271,18.1628,24.2873,-6.1245
-1.7406,-0.4136,-1.8673,-0.5828,0.4271,-1.3553,6.5024,-7.8576
0.8977,-0.053,0.4899,-0.4033,0.4271,54.8229,58.2059,-3.383
-0.1481,0.0494,0.7727,-0.0421,0.4271,58.5027,52.8396,5.6631
-0.2645,-0.6734,-0.3953,0.3164,0.4271,37.4012,36.9701,0.4311
-0.4276,0.1993,-0.0187,0.213,0.4271,50.7758,47.2149,3.5609
-0.4957,-1.0891,-1.2957,-0.1405,-2.3842,-13.1344,-13.6839,0.5495
0.965,1.2464,0.9359,0.6299,0.4271,87.1627,84.1518,3.0109
0.1588,-0.3343,0.1389,-0.3951,-0.8474,31.615,29.3417,2.2733
0.6134,0.6629,0.1399,1.0032,0.4271,66.4447,70.2937,-3.8491
-0.1702,-1.6654,0.4582,-0.0427,-2.3842,-6.9219,-2.504,-4.4179
1.0258,0.6675,-0.3467,0.3801,0.4271,70.6983,66.689,4.0093
0.7824,0.2581,-0.6047,0.3736,0.4271,55.3826,57.4477,-2.0651
0.5914,0.5135,0.1803,0.4196,0.4271,74.5683,64.6322,9.9361
-0.122,-1.0036,0.0584,-0.7264,0.4271,26.0691,31.0254,-4.9564
0.6271,0.7475,-0.2511,1.0086,0.4271,73.5272,68.421,5.1062
-1.5845,-0.7841,-0.4176,0.0605,0.4271,22.3266,19.6328,2.6938
-1.5263,0.5992,0.2373,-0.9287,0.4271,41.9461,33.9738,7.9723
0.9352,0.1432,0.4026,-0.1381,0.4271,64.423,61.9852,2.4377
1.0371,0.3328,0.7343,0.6687,0.4271,79.4381,73.3704,6.0677
0.9288,-0.2889,-0.4111,0.4877,0.4271,59.6824,55.1478,4.5346
-0.7731,-1.4365,-0.2816,0.1759,-0.8474,9.9163,7.6965,2.2199
0.9725,0.6295,0.5215,-0.3408,0.4271,65.6124,67.3603,-1.7479
-0.9257,-0.627,-0.9798,-0.4869,0.4271,16.2952,20.3283,-4.033
-1.368,-1.0949,-0.2304,-0.7692,0.4271,17.0791,14.1303,2.9488
-1.5475,-1.2117,-0.3811,-0.8215,0.4271,8.5763,9.3704,-0.7941
-0.216,0.3376,-0.4376,-0.653,0.4271,40.9782,41.7949,-0.8166
0.8474,1.1262,1.0755,0.3998,0.4271,82.5407,81.0139,1.5268
-1.4888,-0.2836,-0.311,-0.2673,0.4271,26.9748,24.828,2.1468
-1.1007,0.0224,-0.5109,0.1112,0.4271,45.3344,33.5194,11.8149
0.5895,1.1773,0.4945,0.1373,0.4271,76.6243,72.5311,4.0932
-0.743,0.1937,-0.4266,-0.0275,0.4271,47.3254,38.9621,8.3633
-0.141,-0.1501,-0.3428,-0.0235,0.4271,35.3444,42.2187,-6.8742
0.1098,-0.4259,0.3407,0.2402,0.4271,51.873,48.8949,2.9782
-1.2482,-1.316,-0.0724,-0.0314,-2.3842,-13.5195,-14.1278,0.6083
0.6394,-1.1332,0.1454,-0.1679,-2.3842,12.1621,8.8773,3.2848
-0.8013,0.1295,-0.1226,-0.0678,0.4271,46.1042,39.675,6.4293
0.3462,0.1779,-1.4122,-0.3593,0.4271,34.9219,40.5653,-5.6434
0.4445,-0.1908,-0.249,0.154,0.4271,49.0519,49.9904,-0.9385
0.423,-0.1501,0.1877,-0.3109,0.4271,42.82,50.3444,-7.5244
0.3063,0.5104,-0.1144,-0.0406,-0.8474,47.7277,40.9348,6.793
-1.5702,-1.0497,0.0362,-0.1578,-2.3842,-16.219,-14.6256,-1.5934
-0.5293,-0.1228,-0.2997,0.0478,0.4271,39.2554,39.1938,0.0616
0.1182,0.5458,0.371,0.302,0.4271,63.3975,60.5746,2.823
0.654,-0.4071,-0.3151,0.1332,0.4271,54.6171,49.1483,5.4687
0.6609,0.1044,0.3864,-0.3485,-0.8474,37.4953,41.8819,-4.3867
1.1782,-0.7635,0.3907,-0.5338,-2.3842,15.8105,18.1523,-2.3418
-0.9466,0.3187,0.6545,-0.3869,0.4271,50.7718,44.0056,6.7661
1.243,0.6116,0.591,0.3289,0.4271,84.5936,75.2459,9.3477
0.9118,0.821,-0.0398,1.0195,0.4271,73.2812,73.9985,-0.7173
0.2507,-0.8208,0.4986,-0.9124,0.4271,39.7431,39.1678,0.5753
0.5572,-0.6299,0.562,0.5227,0.4271,55.1914,55.0614,0.1299
0.1861,-0.3121,-0.4812,0.3471,0.4271,41.1402,45.4141,-4.2739
-0.2135,-0.7078,-0.059,-0.5267,0.4271,30.2306,33.8569,-3.6262
0.2685,-0.0816,-0.1242,0.2525,0.4271,50.4577,50.9762,-0.5184
-0.6247,-0.8783,-1.2436,-0.5624,0.4271,25.8606,18.1719,7.6887
-1.4567,-0.8551,-0.0001,-0.5785,0.4271,20.8411,18.9741,1.8671
0.2352,-0.1993,0.66,-0.1314,0.4271,57.1014,52.6614,4.4399
-0.7846,0.7679,0.3938,0.2317,0.4271,46.064,53.0872,-7.0232
-0.6987,-1.1357,-1.0429,-0.7853,0.4271,10.7009,14.4791,-3.7782
0.6032,-0.37,-0.8162,-0.1548,0.4271,38.5132,43.1655,-4.6523
0.5637,0.2122,-0.2217,0.6535,0.4271,61.9748,59.4815,2.4933
-1.3099,-0.0728,-1.0496,-0.5348,-2.3842,-5.2472,-11.8268,6.5796
-0.2159,-0.9117,-0.0693,0.1269,0.4271,25.2479,36.0014,-10.7535
-0.3744,0.0646,-0.202,-0.5469,-0.8474,25.4814,24.4361,1.0453
-0.2622,-0.0913,0.2988,0.2963,0.4271,57.5924,48.7409,8.8516
-0.1962,-0.602,-0.4421,0.1006,0.4271,43.9611,36.6455,7.3156
-0.3383,-0.1295,0.0784,0.0819,-0.8474,40.1574,29.169,10.9885
-1.5965,-1.406,-0.2988,-0.2554,-0.8474,-4.9595,-3.9118,-1.0477
-0.3726,0.2636,-0.6201,-0.5732,0.4271,40.6898,38.4347,2.2551
0.5336,0.1882,0.0715,-0.1469,0.4271,57.1172,55.5796,1.5376
1.7273,1.6079,-0.1001,0.5422,0.4271,81.2672,87.8033,-6.5361
0.5318,0.2087,0.4836,0.0749,0.4271,54.4683,60.504,-6.0357
-0.9867,1.189,-0.291,-0.4035,0.4271,44.2003,45.973,-1.7726
0.7159,-0.4827,-0.7827,0.7391,0.4271,49.9445,49.5763,0.3682
0.0639,-0.8911,0.0269,-0.4189,0.4271,27.4426,36.1771,-8.7345
0.8832,1.4897,0.091,1.1296,0.4271,69.8577,82.984,-13.1263
-1.3342,-1.0518,-0.7803,0.372,-0.8474,1.4982,3.5374,-2.0392
-0.8174,-0.715,-0.8535,-0.0401,-0.8474,7.4875,9.4331,-1.9456
1.019,-0.0657,0.2176,0.1477,0.4271,57.5735,61.0982,-3.5246
-0.8179,0.1237,0.5482,0.0119,0.4271,53.8161,45.1471,8.669
-0.5502,-0.7025,-0.6617,-0.0769,0.4271,25.5298,28.7985,-3.2687
-1.3205,-0.0231,0.8961,-0.5048,-0.8474,26.422,22.0544,4.3676
-0.7434,-1.1007,-0.1248,-0.9214,-2.3842,-10.1522,-12.8876,2.7354
-0.1792,-1.2427,0.0753,0.0473,0.4271,26.1602,33.2323,-7.072
0.2102,0.3891,-0.0163,-0.6311,0.4271,45.8516,50.3332,-4.4816
1.3647,1.0703,0.4513,-0.0946,0.4271,75.9479,77.6891,-1.7413
0.2833,0.0252,-1.268,0.6082,0.4271,47.6719,46.009,1.6629
-1.3891,-0.869,-0.3207,-0.4444,0.4271,13.2685,18.0075,-4.739
-0.4819,-0.0841,-0.1373,-0.534,0.4271,38.3779,37.3413,1.0366
-0.867,-0.0794,-0.3953,0.3252,0.4271,40.4965,37.2554,3.241
0.0362,0.486,0.4296,0.1312,0.4271,52.8847,58.287,-5.4023
-1.3776,-1.3682,-0.1113,-0.7654,0.4271,2.2355,11.8974,-9.6618
0.2859,-0.0058,0.5317,0.6184,-0.8474,43.6593,44.4643,-0.805
1.1903,0.0359,0.466,0.2641,0.4271,63.8739,66.7958,-2.9219
1.0229,-0.0844,0.474,-0.5345,-0.8474,39.1858,43.0189,-3.8331
-0.7091,-0.2052,-1.5566,0.7376,0.4271,25.5783,31.4652,-5.8868
-0.1207,0.1913,0.324,-0.4449,0.4271,48.5668,48.4764,0.0905
-0.5293,-0.6178,-0.3215,-1.0282,0.4271,23.8255,25.9806,-2.1551
-0.3378,0.1673,0.2524,-0.8197,0.4271,43.8188,42.7247,1.0941
-1.4353,-1.2796,-0.9903,-0.2469,-2.3842,-24.5549,-24.282,-0.273
-1.0072,-0.4248,-0.5104,0.2941,0.4271,29.5826,30.7683,-1.1857
1.0145,0.4613,-0.4052,0.5045,0.4271,61.8195,64.6634,-2.8439
-0.9417,-0.5263,-0.0248,0.4067,-0.8474,25.5933,19.7056,5.8877
1.3561,1.4512,-0.2152,0.6843,0.4271,82.9961,82.1668,0.8293
-0.8666,0.0727,0.5083,-0.2914,0.4271,44.8625,41.6357,3.2268
-0.663,0.2503,0.5932,-0.014,0.4271,55.2558,48.3963,6.8595
1.0019,0.5441,0.0765,0.206,0.4271,68.0215,67.0899,0.9316
0.5143,-0.1347,0.1794,0.2697,0.4271,57.5567,55.4679,2.0887
1.2159,0.473,0.9052,0.1457,0.4271,78.8545,74.5402,4.3143
1.0211,0.5533,1.0275,0.4633,0.4271,75.3871,76.5042,-1.1171
0.8494,1.0634,-0.2581,0.8619,0.4271,74.5624,73.2815,1.2809
0.1998,-0.5686,0.5874,0.1993,0.4271,50.8086,49.869,0.9396
-1.5539,0.1871,-1.1756,-0.6437,0.4271,26.1338,20.1547,5.9792
1.1257,0.6072,0.0616,0.2769,0.4271,67.9593,69.5046,-1.5453
-1.3637,-0.5009,0.4696,0.0708,0.4271,36.5815,32.0792,4.5023
0.4581,0.6083,0.2074,-0.5755,0.4271,51.3935,57.5619,-6.1684
0.9347,0.7588,0.5756,0.6414,0.4271,73.4741,75.6519,-2.1778
-1.2517,-0.0393,-0.4328,-0.1222,-2.3842,-4.0027,-3.2122,-0.7905
-0.4305,-0.7746,0.2137,0.3151,0.4271,40.8901,38.7297,2.1604
1.4675,1.1862,0.6676,0.4531,0.4271,86.0863,85.5652,0.5211
0.1655,0.3856,0.7067,0.2515,0.4271,58.8798,61.5125,-2.6327
0.1884,-0.5437,0.3258,-0.4872,0.4271,45.925,43.2427,2.6823
-0.5836,-0.4874,-0.8251,-0.3253,-2.3842,-11.0881,-5.5235,-5.5647
1.2346,0.7249,0.2116,0.0734,0.4271,70.8196,71.7337,-0.9141
-0.3514,-0.9549,-0.1153,0.0497,0.4271,32.1974,33.1742,-0.9768
-0.7668,-0.0404,0.0678,-0.3853,0.4271,45.3935,37.3919,8.0016
-0.5122,0.2337,0.4184,-0.4127,0.4271,50.5396,45.7072,4.8324
0.9684,0.0798,0.7868,-0.3001,0.4271,66.513,63.4585,3.0545
1.4274,1.3151,0.1702,-0.0669,0.4271,71.6362,79.1426,-7.5065
-0.5558,0.9886,-0.2,0.0964,0.4271,58.7838,52.5123,6.2715
0.1866,-1.0466,0.3884,0.1844,0.4271,30.5859,42.7188,-12.1329
0.4628,-0.2183,0.0719,0.2248,-1.1097,22.6322,34.5794,-11.9472
1.2204,1.1989,0.3711,0.1743,0.4271,77.3023,78.841,-1.5387
0.2556,0.4658,0.1168,-0.3679,0.4271,55.7534,54.5359,1.2175
-0.4349,0.5373,1.0374,0.3381,0.4271,65.7064,59.9327,5.7737
-0.1241,0.3997,-1.2182,0.3834,0.4271,43.8154,44.6758,-0.8604
-0.0463,-0.4074,0.6351,-0.4073,0.4271,38.2205,45.1955,-6.975
-0.461,-0.4075,-0.8903,0.3548,0.4271,35.8512,34.3139,1.5373
0.0557,0.8413,-0.2314,-0.2524,0.4271,54.8079,54.74,0.0679
-0.3529,-1.1931,-0.1683,-0.4296,-2.3842,-12.5102,-6.6586,-5.8516
-0.547,-0.4431,-0.0447,-0.108,-1.1097,15.6437,18.0225,-2.3788
0.8533,0.5721,0.3383,-0.1053,0.4271,66.0919,65.6645,0.4274
-0.6437,-1.2164,-1.5554,-0.4804,-0.8474,-3.5968,-2.8034,-0.7934
0.4945,0.632,0.4311,0.3282,0.4271,67.3721,66.2213,1.1508
-0.1767,0.1169,0.3073,0.3588,0.4271,56.2222,52.4983,3.7238
-0.4236,-0.6475,-0.7037,0.435,0.4271,37.5878,34.0085,3.5793
0.8336,0.2087,0.1745,0.1497,0.4271,67.8765,61.8797,5.9968
-0.3645,-0.525,-0.3289,-0.9029,-2.3842,-6.0158,-3.7965,-2.2193
0.2909,1.5107,-0.4354,-0.0737,0.4271,48.4136,64.4595,-16.0459
-1.5009,-0.7482,-0.6407,0.0809,-0.8474,5.5759,4.217,1.3589
-0.1492,-0.956,-0.3816,-0.6475,-2.3842,-4.3184,-4.9661,0.6478
-0.1699,-0.075,-0.2364,0.6289,0.4271,51.137,48.1076,3.0294
-0.7667,-0.8206,-0.799,0.0319,0.4271,33.7563,24.8508,8.9055
0.6629,1.1343,-0.8486,0.8704,0.4271,50.7863,67.5966,-16.8103
-1.2228,0.1231,-0.5446,-0.8668,0.4271,26.5843,26.2875,0.2968
-1.3309,-1.3695,-0.4505,-0.7564,-2.3842,-21.6519,-23.5624,1.9105
-0.6544,-0.4871,0.175,0.3557,0.4271,52.2438,39.5479,12.6959
-0.6091,-0.4724,0.1971,0.1037,-0.8474,25.3806,23.4762,1.9044
-0.9575,0.2441,-1.1217,-0.3506,0.4271,33.5452,29.6369,3.9083
-0.3431,-0.2893,0.0924,0.0867,0.4271,43.1824,42.6016,0.5808
0.8175,0.5751,0.1707,0.3944,0.4271,73.4112,67.499,5.9122
0.7043,0.7734,0.0018,0.3049,0.4271,73.1387,66.5935,6.5452
1.1593,0.4343,0.3994,0.2619,0.4271,70.4971,70.4161,0.081
0.6041,0.2517,0.4649,-0.6593,0.4271,63.7026,56.5144,7.1882
-0.4774,-0.1406,-0.2811,0.639,-0.8474,30.3604,28.6604,1.7
0.9597,0.451,-0.016,0.4086,0.4271,65.5812,66.2881,-0.7069
-0.6329,-1.2693,-0.1084,0.2446,-2.3842,-7.196,-5.368,-1.828
-1.4719,0.119,-0.7622,-0.4639,0.4271,26.3677,24.6981,1.6696
0.0747,-1.1852,-0.0732,0.0676,-2.3842,4.0405,2.1988,1.8417
0.6623,-0.2556,0.0621,0.5957,0.4271,55.9783,57.0584,-1.0801
0.6802,0.3344,0.199,0.2839,0.4271,59.8171,62.7696,-2.9525
-0.351,-0.3459,0.3044,0.0604,-2.3842,6.1641,9.9311,-3.7671
-1.2265,-1.0229,0.4139,-0.2927,-2.3842,-8.3239,-8.6738,0.3499
-1.1316,-0.6401,-0.7327,-1.1339,-2.3842,-26.0088,-18.0212,-7.9876
1.124,1.286,-0.4208,0.0489,0.4271,71.6633,71.8241,-0.1607
0.8797,0.7316,0.2313,0.067,0.4271,70.2079,68.1146,2.0933
1.4131,1.5879,0.5932,0.3931,0.4271,82.0109,88.5093,-6.4985
-1.0247,-0.5234,-1.0483,0.3301,0.4271,21.2167,25.5845,-4.3678
1.5066,1.5042,0.1479,0.9046,0.4271,83.5428,88.6993,-5.1565
0.8093,0.016,0.6856,0.7142,0.4271,68.3162,67.3069,1.0093
-0.7139,0.8636,-0.3011,-0.1137,0.4271,47.8259,47.1727,0.6532
0.3946,0.4807,-0.2116,0.2414,0.4271,67.4009,57.9007,9.5002
-0.4928,-1.6011,0.4179,0.1121,-2.3842,-1.5849,-4.4704,2.8855
0.6112,1.2548,-0.0183,-0.2508,0.4271,66.5891,66.992,-0.4028
-1.4545,-1.4074,-0.1042,-1.2474,0.4271,8.1663,7.3362,0.8301
-0.0987,-0.2929,0.1348,-0.6892,0.4271,38.1543,40.1133,-1.9589
-0.6422,-0.255,0.3738,0.237,-0.8474,22.571,27.8528,-5.2818
-0.3842,0.4195,0.2886,-0.0522,0.4271,49.1898,50.6766,-1.4867
-0.3287,-0.0679,-1.0517,-0.7726,-0.8474,6.5902,15.3297,-8.7395
0.3352,0.2064,0.1451,1.017,0.4271,67.1491,62.3146,4.8345
-0.1426,0.3378,0.7981,-0.4774,-0.8474,31.3053,38.1679,-6.8626
-1.1358,-1.191,-0.3441,0.0329,0.4271,17.8931,20.2382,-2.3451
0.5075,1.0442,0.1082,0.4597,0.4271,76.2584,69.4249,6.8334
-0.7143,-1.1084,-0.2402,-0.8714,0.4271,22.4869,20.1969,2.29
-1.1071,-0.496,-0.8038,-0.1138,-2.3842,-10.1553,-9.5948,-0.5605
1.5392,0.4831,0.9027,0.7658,0.4271,83.4302,82.4094,1.0208
-0.7095,-0.6356,-1.812,-0.0671,0.4271,27.9298,19.0627,8.8671
-0.5618,0.1967,-1.3012,-0.1796,0.4271,31.6728,33.1508,-1.478
-0.6302,-1.5033,0.2264,-0.655,-2.3842,-3.2017,-11.6481,8.4465
0.6325,0.4915,0.6916,0.7145,0.4271,70.9822,70.8084,0.1739
-0.6116,-0.1853,0.6915,-0.2122,-2.3842,19.5793,10.0277,9.5516
1.3785,1.0958,-0.2192,0.3331,0.4271,67.9136,75.9386,-8.0251
1.4531,1.2565,0.3983,1.1177,0.4271,96.9343,88.7497,8.1846
-0.8076,0.0313,-1.1718,0.4125,0.4271,38.3449,33.7706,4.5743
-0.2165,0.5005,0.2309,0.3639,0.4271,61.8658,55.8326,6.0332
0.7009,-0.7821,0.6006,0.1668,-2.3842,16.1383,19.3136,-3.1753
1.1433,0.8944,0.7783,1.2759,0.4271,82.6507,85.3806,-2.73
0.6386,0.4496,-0.6049,0.41,0.4271,66.0055,58.3122,7.6934
1.5996,1.4747,0.6869,-0.132,0.4271,84.9792,86.3066,-1.3275
-0.0114,-1.1035,-0.8335,0.0599,-2.3842,-4.4944,-3.7078,-0.7865
-0.5361,1.1377,-0.4546,0.1661,0.4271,53.1088,52.9246,0.1842
0.0639,0.0595,0.401,0.7488,0.4271,49.9897,57.8614,-7.8716
0.1066,0.2015,-0.4091,-0.0278,0.4271,38.4838,48.2859,-9.802
-0.1934,-0.113,0.2114,-0.0834,0.4271,55.083,45.9214,9.1616
1.085,-0.1866,0.6582,0.0019,-2.3842,41.3655,29.4216,11.9439
-0.01,0.1607,0.5242,0.0522,0.4271,53.7188,54.3137,-0.5949
0.7568,0.0824,0.3178,0.0676,0.4271,61.2232,60.1678,1.0555
0.6955,-1.1799,0.7946,-0.6623,0.4271,37.0694,43.9114,-6.842
-0.4745,0.1699,0.5037,-0.5268,0.4271,54.9891,45.2583,9.7308
1.0502,0.6456,-0.1648,0.4346,0.4271,70.3797,68.4826,1.8971
0.2487,-0.3064,-0.0415,-0.771,0.4271,33.2039,41.759,-8.5551
1.5695,0.9585,0.8756,-0.1914,0.4271,78.4703,81.2168,-2.7465
-0.6961,-1.4416,-0.8843,-0.2524,-2.3842,-16.023,-17.4067,1.3837
0.3391,0.6767,0.2097,0.1532,0.4271,64.3499,62.139,2.211
-1.6885,-1.0386,-0.0528,0.1018,-2.3842,-7.5702,-14.6486,7.0784
0.296,0.28,-0.6777,0.1642,0.4271,49.4328,50.4654,-1.0326
0.8487,0.8045,-0.4075,-0.2825,0.4271,60.6291,61.2586,-0.6296
-1.0576,0.0464,0.0975,0.2173,0.4271,49.1349,39.6696,9.4654
-0.9253,-0.7363,0.4284,0.0311,0.4271,24.716,33.5372,-8.8212
-0.088,0.1393,-0.9856,0.1776,0.4271,38.3509,42.4926,-4.1417
0.5903,1.1466,0.1807,0.4431,0.4271,73.0394,71.9054,1.134
-0.9371,-1.0322,-0.6396,-0.0216,0.4271,25.864,21.501,4.3631
-0.9284,-0.211,0.0893,-0.0959,-2.3842,-0.585,2.5201,-3.105
-1.5905,-1.6165,0.1741,-0.4723,-2.3842,-18.1745,-22.3418,4.1672
-0.518,-1.4461,-0.3621,0.0414,-2.3842,-15.0917,-9.4899,-5.6018
1.7102,1.5431,-0.2746,1.073,0.4271,87.674,89.2388,-1.5649
-0.5384,0.0643,0.3243,-0.3141,0.4271,38.7838,43.4841,-4.7003
-1.491,-0.4909,0.3392,-0.0324,0.4271,26.6227,29.1088,-2.4861
0.7361,0.4851,-0.8391,0.3603,0.4271,63.4766,57.6091,5.8676
-0.7003,-1.6397,0.0186,0.0944,0.4271,27.5175,23.0765,4.4411
-0.1772,0.3933,0.4691,0.3377,0.4271,64.4487,56.6987,7.75
0.5416,0.8097,-0.2753,0.3236,0.4271,59.0213,63.2574,-4.2361
0.4836,1.0555,0.8151,-0.1732,0.4271,71.9829,70.3356,1.6473
-0.4562,1.0155,0.7039,0.1905,0.4271,63.0658,61.4889,1.5769
-0.3365,-0.0089,0.4123,0.0884,0.4271,53.75,48.2988,5.4512
0.3914,-0.322,0.1324,0.3361,0.4271,54.314,52.1458,2.1682
0.4378,0.9909,-0.1385,0.0767,0.4271,63.7422,63.5182,0.224
0.362,-0.6942,0.2706,-0.4,-0.8474,27.8098,28.4499,-0.6401
-0.6361,-1.0542,-0.3739,-0.9282,-0.8474,5.2416,5.0795,0.1621
0.3298,1.2133,0.1608,0.3196,0.4271,65.3847,68.853,-3.4682
-0.4907,-0.4994,-0.7616,0.2926,0.4271,41.0126,33.5195,7.4931
0.7843,1.2773,0.666,0.1796,0.4271,74.5537,77.3562,-2.8025
-0.7696,-1.2865,-0.2276,-0.9129,0.4271,21.6734,17.4104,4.263
-0.0942,-0.7446,-1.2525,0.1668,0.4271,27.0501,30.3599,-3.3098
-1.0393,-0.1022,0.8622,0.1472,-0.8474,19.7748,28.4486,-8.6738
-1.4865,-0.1103,0.4138,-0.1232,0.4271,31.2345,33.379,-2.1445
-0.7319,-0.9377,0.0459,0.2604,0.4271,36.1607,31.9961,4.1645
-0.3152,1.0282,0.8111,0.2554,0.4271,65.2833,64.4184,0.8648
-1.4298,-0.8772,0.1473,-0.0082,-2.3842,-10.4334,-9.2878,-1.1456
-1.1352,0.5162,0.8127,-0.3386,-0.8474,28.0886,30.618,-2.5294
-1.3599,-1.5406,0.2544,-0.8339,-2.3842,-20.9976,-20.9143,-0.0834
-1.0993,0.2034,-0.157,-0.1003,0.4271,31.7051,36.8223,-5.1172
-0.3015,0.173,-0.0803,-0.7043,0.4271,43.4097,41.4191,1.9906
-0.792,-0.5622,-0.5815,0.3676,0.4271,31.117,31.4925,-0.3755
-0.0534,-0.8118,-0.9647,1.1137,0.4271,36.408,38.8365,-2.4284
-1.3578,0.635,0.1479,-1.0226,0.4271,37.303,34.8414,2.4616
-0.9547,0.3731,-0.1583,-0.3762,-2.3842,7.5414,4.9523,2.5891
0.6562,0.9137,-0.2024,-0.1789,0.4271,64.6335,62.7215,1.912
0.4967,-0.7688,-0.0285,0.3415,-0.8474,33.6793,31.908,1.7713
-1.2375,-0.5994,-0.7416,-0.1581,-2.3842,-18.6997,-11.9838,-6.7158
0.9742,-0.4456,0.1631,0.4218,0.4271,68.251,57.8314,10.4196
-0.4829,0.4452,-0.21,0.5148,0.4271,48.8655,50.0137,-1.1482
0.1281,0.0786,0.0411,0.1073,0.4271,63.4802,51.5358,11.9444
0.4859,-0.0549,0.4303,0.3524,0.4271,58.1857,58.5666,-0.3808
1.2048,0.026,0.3303,-0.8344,0.4271,65.8576,58.1595,7.6981
-0.6235,-1.1437,-0.5322,-0.5132,0.4271,27.4239,21.0154,6.4085
0.5541,-1.5681,-0.0531,1.0068,0.4271,38.9025,43.112,-4.2095
-1.4104,-0.4658,0.9229,-0.1212,0.4271,33.1864,34.1278,-0.9414
-1.5589,-0.6651,-0.0323,0.5488,0.4271,34.7926,27.603,7.1895
0.0702,-0.5907,0.2096,-0.641,0.4271,41.0849,39.4857,1.5991
-0.2205,1.0622,-0.1713,0.2233,0.4271,56.41,58.0344,-1.6244
0.0882,0.4092,0.2712,-0.508,0.4271,41.0881,52.3191,-11.231
-0.3097,0.7183,0.0295,-0.0967,0.4271,63.7722,52.5314,11.2409
-0.3005,-1.3093,0.0451,-0.1771,0.4271,17.8686,29.3915,-11.5229
-0.4774,-1.3302,-0.0964,-0.285,-2.3842,-8.2395,-7.975,-0.2645
-0.7163,-0.5686,0.1396,0.3838,0.4271,43.4404,37.8916,5.5488
-0.2267,0.5391,-0.2699,0.0241,0.4271,57.5142,49.9434,7.5709
-1.5556,-0.7461,-0.4871,-0.7621,0.4271,9.2667,14.1177,-4.851
-0.5607,-1.0256,-0.0469,-0.0775,0.4271,27.0698,29.7782,-2.7084
1.2796,1.2179,0.0265,0.4162,0.4271,75.1676,78.7199,-3.5523
-0.0362,0.6921,-0.3876,0.7375,0.4271,65.1835,57.7571,7.4263
0.2438,0.8167,-0.5717,0.0917,0.4271,52.6565,56.2527,-3.5962
0.6383,0.1685,0.2181,-0.7558,-2.3842,22.649,19.9761,2.6729
-0.3557,-0.6641,-0.5435,-0.8639,-0.8474,7.4397,11.6118,-4.1721
-0.2981,-0.0964,0.485,0.3006,0.4271,49.258,49.7609,-0.503
0.9492,0.0879,0.5694,0.5192,0.4271,59.6505,67.3662,-7.7157
0.9632,0.8821,0.2353,-0.0574,0.4271,77.1017,69.8677,7.234
-0.5553,0.0517,-0.6013,0.1402,0.4271,34.2657,39.1984,-4.9327
0.7716,1.223,-0.267,-0.4708,0.4271,60.6998,64.9106,-4.2108
0.7109,-0.1741,0.5044,-0.4261,0.4271,60.6004,54.7965,5.8039
-1.461,-0.5588,-1.0675,-0.0499,-0.8474,7.0487,2.5808,4.468
-0.4881,-1.371,-0.5437,-0.042,0.4271,30.8355,23.0965,7.739
0.3628,-0.9881,-0.3641,0.5073,-0.8474,28.4822,26.5777,1.9045
-1.294,-1.386,-0.5547,-0.5847,-1.1097,-5.5406,-7.8217,2.2811
0.6093,-0.4108,0.0826,0.1199,0.4271,57.5448,51.5954,5.9494
0.6106,0.8704,0.05,0.0856,0.4271,68.7208,65.5268,3.1941
-0.1149,-0.0786,-0.7845,0.1304,0.4271,22.8016,40.973,-18.1713
0.8501,0.6962,0.4565,-0.026,0.4271,66.239,68.4861,-2.2471
0.5598,0.4725,-0.7388,0.3097,0.4271,55.7829,55.997,-0.214
1.2437,0.8356,0.9646,-0.1812,0.4271,85.6403,77.1014,8.5389
0.4214,0.0745,-0.3298,0.3184,-0.8474,37.3468,38.1064,-0.7595
0.9947,0.4801,0.8802,-0.1685,0.4271,78.4307,69.8735,8.5572
-1.4827,-1.2978,0.3134,-0.4739,-2.3842,-13.0157,-16.5441,3.5284
-0.6941,-0.1277,-0.9166,0.0726,0.4271,39.993,32.7979,7.1952
0.898,0.6285,0.5449,1.005,0.4271,78.4285,76.0842,2.3443
0.7358,1.2438,-0.1301,1.1224,0.4271,73.4919,76.8878,-3.3959
-1.6644,0.0452,-0.2527,0.4905,0.4271,34.033,32.36,1.6731
1.9007,1.6857,0.899,1.083,0.4271,100.1482,101.9814,-1.8332
-0.2703,-0.5928,-0.3835,0.0689,-2.3842,3.4023,2.7853,0.617
0.1334,-1.0522,-0.3934,-0.7462,-2.3842,-8.8719,-3.796,-5.076
0.3618,-0.1268,0.7867,-0.7215,0.4271,60.5386,51.7055,8.8331
-0.1196,0.2588,-0.2465,0.2212,0.4271,51.2246,49.4876,1.737
1.4967,1.0227,0.6486,1.0387,0.4271,88.1618,87.9643,0.1975
0.4546,0.5731,0.2015,0.2271,0.4271,64.7537,62.6623,2.0914
0.1752,0.0441,-0.4534,0.2217,-2.3842,29.8584,15.2439,14.6145
-1.0305,0.19,-0.5478,0.3144,-0.8474,21.1665,22.1432,-0.9767
1.4275,1.6908,1.0835,1.3132,0.4271,99.288,99.9884,-0.7004
-0.2179,0.4044,-0.8428,-0.5172,0.4271,48.1425,40.3514,7.7911
0.524,-0.8286,-0.7759,-0.1083,-0.8474,20.8575,22.6517,-1.7942
-0.2561,-0.2671,0.0686,-0.1496,0.4271,41.2543,41.959,-0.7048
-0.4493,-0.4749,0.4773,0.1037,-0.8474,23.8229,27.3167,-3.4938
0.8018,0.5509,0.0459,0.8595,0.4271,70.2051,69.3297,0.8754
-0.6049,0.6648,-0.8011,0.2174,0.4271,57.1705,44.5604,12.6101
-0.8078,-0.6533,0.7365,-0.7323,-2.3842,5.9927,-0.6072,6.6
-0.0952,0.4726,0.6766,-0.0064,0.4271,60.8104,57.6726,3.1377
0.0545,1.233,-1.2196,-0.1048,0.4271,61.1746,52.5553,8.6194
1.1004,-0.0717,0.4965,1.3045,0.4271,69.7864,72.0894,-2.303
0.0174,0.6118,0.2187,-0.2499,0.4271,62.7792,55.2294,7.5498
-0.4084,-0.0707,0.1495,-0.6285,0.4271,33.271,39.829,-6.558
-0.3092,0.228,-0.0946,0.2636,0.4271,50.2337,48.5731,1.6607
1.3399,0.3693,-0.1791,0.7701,0.4271,73.3411,70.7006,2.6406
0.946,-0.6739,-0.5434,-0.5565,-2.3842,15.3975,9.3277,6.0698
-1.3239,-0.8065,0.3828,-0.739,-2.3842,-12.28,-10.6256,-1.6545
-0.1308,-0.2837,-0.3015,-0.2772,0.4271,34.4354,39.3796,-4.9442
-0.3234,-1.3578,-0.2937,-0.4584,-2.3842,-2.4269,-9.3591,6.9322
1.3519,1.7221,0.7111,0.1653,0.4271,81.8129,88.6865,-6.8736
-1.2638,0.7597,-0.4508,0.0458,-0.8474,24.4357,24.9299,-0.4941
0.1685,0.2517,0.1776,-0.1123,0.4271,56.1083,53.4388,2.6695
-0.6244,-1.0933,-0.8729,-0.04,-0.8474,-3.5194,7.1001,-10.6195
1.3714,-0.2462,0.1785,0.1028,0.4271,65.2261,62.2307,2.9955
-1.2101,-0.6649,0.8826,-0.212,-2.3842,-0.7556,-0.3068,-0.4488
-1.2867,-1.675,0.1185,-0.8742,-2.3842,-23.1787,-22.9664,-0.2123
-0.0228,1.047,0.1475,-0.221,0.4271,64.5248,59.3464,5.1784
-0.1893,0.1758,-0.1809,-0.8554,0.4271,40.39,40.8292,-0.4392
0.3231,-0.6869,0.4498,-0.0096,-2.3842,24.2864,13.9501,10.3363
0.8779,0.7641,0.3556,0.2403,0.4271,73.0629,70.6213,2.4417
0.4397,0.7341,0.5012,0.0274,0.4271,77.441,65.2307,12.2103
0.4983,0.108,0.251,0.4617,0.4271,59.1348,59.9124,-0.7776
-0.8486,-0.636,-0.0525,-0.8386,0.4271,30.2718,25.7413,4.5305
-0.0392,-1.0663,0.4333,-0.7482,-2.3842,2.7042,0.5418,2.1624
0.4178,-0.0037,-0.046,-0.5024,0.4271,45.2458,48.8066,-3.5608
0.3298,0.5955,0.3176,0.1478,0.4271,65.7832,61.9186,3.8646
0.3302,-0.3643,0.4631,0.269,0.4271,56.9266,53.0913,3.8353
-0.0337,-0.6635,-0.4955,-0.3708,0.4271,28.8595,34.0065,-5.147
-0.2012,-0.9978,0.2611,0.3767,-0.8474,25.5195,24.3293,1.1902
0.7319,0.2037,-0.8743,0.2235,0.4271,58.3991,53.1773,5.2218
-0.3498,0.6682,-1.0233,0.2395,0.4271,46.0244,45.7747,0.2497
0.2323,-0.6428,0.0591,0.2858,0.4271,48.9614,45.9206,3.0408
0.1728,0.638,0.1449,0.2842,0.4271,58.487,60.3352,-1.8481
0.7703,-0.1368,0.7007,0.9047,0.4271,69.0957,66.6115,2.4842
-0.5247,0.0274,-0.5569,-0.1445,0.4271,43.3176,37.6158,5.7017
-0.5087,0.8831,0.2129,0.0116,0.4271,56.9522,54.4161,2.5361
-1.7356,-0.1861,-0.5201,0.1342,0.4271,15.8555,24.4616,-8.6061
0.8579,-0.0981,0.3308,-0.2712,0.4271,54.9071,56.9666,-2.0596
-0.8618,-0.4654,0.1763,-0.1335,0.4271,32.6052,34.1807,-1.5755
1.4232,1.4548,0.5985,0.3109,0.4271,84.4042,86.59,-2.1858
0.0,-1.4231,0.0053,-0.2958,-2.3842,-6.0114,-3.199,-2.8124
-1.5198,-0.5053,-0.2773,0.0139,0.4271,27.4546,24.2156,3.239
0.2268,0.213,0.4102,0.2919,0.4271,59.5407,58.2291,1.3116
0.5027,-0.1828,-0.3173,0.114,0.4271,50.8143,49.8993,0.915
0.4623,1.59,-0.2682,0.0519,0.4271,67.2796,69.3479,-2.0683
-0.1886,-0.5799,-0.3865,-0.2783,0.4271,42.7638,34.7687,7.995
-1.6943,-1.1954,0.0046,-0.5313,-2.3842,-19.8747,-20.4335,0.5588
0.5811,-0.049,-0.4429,-0.1819,0.4271,48.9446,49.2211,-0.2766
-1.6184,-0.0492,-0.0448,-0.1747,0.4271,26.8953,28.7662,-1.8709
0.2338,0.9406,0.0165,0.2244,0.4271,69.6571,62.9864,6.6707
0.6615,0.7148,0.4165,-0.2628,0.4271,70.9183,64.7202,6.1981
-0.1953,-0.1388,-0.3829,0.0426,0.4271,27.846,41.9156,-14.0695
-0.7647,0.7803,0.5142,-0.338,0.4271,44.7315,50.4065,-5.675
-1.6764,-1.6204,-0.3996,0.1259,-2.3842,-20.6515,-23.5619,2.9104
0.8194,1.1871,0.8825,1.1352,0.4271,87.7995,85.0254,2.7741
-0.7509,-0.9311,0.8517,0.4333,0.4271,32.0766,39.2674,-7.1909
0.3845,0.5325,0.6405,0.0498,-0.8474,53.3759,48.458,4.9179
-0.6306,0.5655,-1.6022,0.2311,0.4271,41.4884,37.1011,4.3873
-0.4879,-0.5002,-0.8431,-0.3491,-2.3842,-8.9116,-4.9461,-3.9655
0.371,0.9301,-1.0037,0.2199,0.4271,61.3971,56.4587,4.9384
-0.3489,-0.2972,0.1261,0.5432,0.4271,50.2262,45.8845,4.3417
1.0478,1.0035,0.3493,0.642,0.4271,74.6365,77.8772,-3.2407
-0.5538,-0.162,-0.1891,0.3977,0.4271,31.9854,41.7728,-9.7875
-1.2078,0.184,0.6603,0.163,0.4271,44.3299,43.5598,0.7701
0.8733,0.2051,-0.0684,0.6396,0.4271,63.5383,63.8002,-0.2619
0.4649,0.3194,0.3028,0.1637,0.4271,61.3307,60.2585,1.0723
1.8846,1.7582,0.7472,-0.0837,0.4271,86.4166,93.3475,-6.9309
-1.1877,-1.1972,0.5512,-0.7103,-2.3842,-18.8243,-12.0641,-6.7602
-0.9511,-1.1139,0.147,0.2412,0.4271,24.6803,28.3097,-3.6294
0.6975,0.0194,0.7792,-0.2772,-0.8474,40.8911,44.8368,-3.9457
0.6684,0.5133,-0.9557,0.4798,0.4271,51.7696,57.1337,-5.3641
-0.8233,-0.5376,-0.9155,-0.5823,0.4271,21.3106,22.2613,-0.9508
1.4871,1.9186,0.8572,0.253,0.4271,85.5181,94.0779,-8.5597
0.3548,-0.1768,0.0734,0.0636,0.4271,56.5984,51.0379,5.5605
-0.8207,-1.3133,-1.256,0.2016,0.4271,22.6584,16.3968,6.2616
0.5299,0.2409,-0.8729,0.4107,0.4271,55.4461,52.7436,2.7026
-1.3357,-0.855,-1.3745,-0.9603,-2.3842,-37.007,-26.3562,-10.6509
0.7536,0.3994,0.1775,-0.0384,0.4271,63.5619,61.8818,1.6801
-0.3054,0.8024,-0.2766,0.2832,0.4271,47.0957,53.81,-6.7143
1.3586,0.9504,0.5918,0.4395,0.4271,81.6607,81.0688,0.5919
0.8591,-1.0599,-0.6987,-0.1579,0.4271,40.6151,39.0307,1.5844
-0.5129,-0.4933,0.9883,-0.0791,0.4271,47.9725,44.2301,3.7423
-0.2194,-0.2329,0.2256,0.2607,0.4271,49.2559,46.7968,2.4591
0.8411,0.447,0.1804,0.3924,-0.8474,62.886,51.2293,11.6568
-1.6547,-0.9897,0.4717,-0.8967,-2.3842,-11.2558,-16.6422,5.3864
-0.6281,-0.2262,-0.2723,0.0751,0.4271,44.686,37.3732,7.3129
-1.5501,-0.3004,0.2465,-0.4297,0.4271,30.4772,27.1412,3.336
0.1826,0.3064,0.0622,0.0121,0.4271,56.4339,54.183,2.2509
0.5154,0.0421,-0.0155,-0.1593,-1.1097,33.8124,34.7292,-0.9168
-0.5703,0.4167,-1.5028,-0.4186,0.4271,41.8886,32.3217,9.5669
-0.5162,0.5441,0.4017,0.2596,0.4271,55.6446,53.7006,1.944
-0.802,-0.4698,0.5369,-0.164,0.4271,29.9521,37.3345,-7.3823
-0.8987,0.4851,0.8164,0.1251,0.4271,52.9098,51.1958,1.714
-0.3443,0.7514,0.3074,-0.3141,0.4271,47.6052,53.1598,-5.5547
0.7278,-0.4124,0.0398,-0.5542,-2.3842,15.7806,14.4331,1.3475
1.0831,1.0019,0.9154,0.0433,0.4271,73.1337,78.4315,-5.2978
0.315,-0.6162,-1.2082,-0.5122,-2.3842,-11.4605,-1.5902,-9.8703
-0.1414,0.5055,-0.435,-0.1454,0.4271,53.3745,48.0301,5.3444
-0.4831,0.2583,-0.2346,0.0064,0.4271,37.5702,44.1853,-6.6151
-1.0207,-1.0066,0.7657,0.0461,-2.3842,1.5288,-1.2246,2.7534
0.7251,0.4748,-0.2301,0.514,0.4271,66.9879,63.128,3.8599
-1.5035,-0.0257,-0.3188,0.1127,0.4271,32.2657,30.151,2.1147
0.5749,0.5415,-0.9979,0.8073,-2.3842,34.8718,25.0023,9.8695
-1.391,-1.2871,-0.8172,-0.4878,-2.3842,-26.5954,-24.2347,-2.3607
-0.5782,-0.9412,-0.5592,0.3678,0.4271,30.462,29.6945,0.7675
-0.3118,0.3636,-0.1116,-0.6593,0.4271,42.6133,43.5237,-0.9105
-0.2472,0.5803,0.658,-0.1417,0.4271,57.7805,56.172,1.6086
0.0041,0.2163,0.149,0.1728,0.4271,44.9764,53.0423,-8.0659
-0.2258,0.9076,0.7373,1.0794,0.4271,75.292,69.1803,6.1118
-0.2054,0.2183,0.0202,-0.4092,0.4271,38.1407,45.783,-7.6423
0.8531,0.5206,0.4758,0.1283,0.4271,77.0243,67.7655,9.2589
-0.3676,-0.0125,0.1126,-0.6742,0.4271,46.4585,40.3184,6.1401
0.302,-1.2451,-0.4698,-0.4046,0.4271,36.5788,31.0256,5.5532
-1.3997,-0.4413,-0.4994,-0.4744,-2.3842,-14.8136,-12.2796,-2.534
1.0941,0.3035,0.8509,-0.085,0.4271,70.3326,69.3077,1.0248
1.2023,0.8584,0.1184,0.8719,0.4271,74.3884,77.7225,-3.3341
0.048,-0.9612,0.2423,-0.4317,0.4271,35.1306,36.7881,-1.6575
-1.5751,-0.3176,-1.6817,-0.4845,0.4271,22.4556,11.4657,10.9899
1.3942,1.7737,-0.4848,0.2289,0.4271,83.3564,80.9621,2.3943
0.4114,0.369,0.2081,0.1002,0.4271,59.7033,59.0735,0.6299
0.0552,0.4499,0.5599,0.3888,0.4271,66.2342,60.8785,5.3557
0.7033,0.5932,0.4968,-0.3315,0.4271,66.4661,63.9417,2.5243
-0.659,-0.5456,0.4102,0.2366,-0.8474,24.2634,24.6824,-0.419
0.8369,-0.0509,0.8482,0.1726,-0.8474,46.7518,49.1971,-2.4452
0.3497,-0.3106,0.3948,0.3587,0.4271,58.4887,54.0024,4.4863
0.2426,1.069,0.3632,-0.1193,0.4271,66.6656,64.8031,1.8625
0.3724,-0.6258,0.9538,0.1431,0.4271,52.6751,53.5033,-0.8282
-1.2917,-0.9891,-1.1707,0.1196,0.4271,11.2638,15.0822,-3.8185
1.6586,1.4091,0.351,1.1598,0.4271,92.7236,92.5962,0.1273
1.0659,0.3703,-0.475,-0.2092,0.4271,63.3964,58.6937,4.7028
0.2724,-0.3961,0.0931,-0.3284,0.4271,45.2537,45.1157,0.1381
0.8602,-0.3188,0.2198,0.3024,0.4271,54.7336,57.6427,-2.909
-0.3327,-0.8351,-0.5186,-0.1958,0.4271,32.3076,29.9123,2.3953
-0.9534,0.2886,0.6913,-0.3741,-0.8474,23.1441,28.8263,-5.6822
1.1921,-0.7953,-0.3463,-0.6628,-2.3842,23.8914,11.3764,12.515
0.1972,0.5306,0.1913,-0.3531,0.4271,51.9073,55.3148,-3.4075
-0.7747,-0.6681,-2.0521,-0.1201,0.4271,15.3542,15.784,-0.4298
0.3913,0.4584,-0.6315,0.9436,0.4271,62.4752,59.2669,3.2082
-0.1969,-0.1599,-0.0213,-0.1954,0.4271,39.2243,42.7884,-3.564
0.9755,0.6294,0.432,-0.249,0.4271,69.7633,67.3403,2.423
-0.8236,0.4998,-0.7826,-0.5494,0.4271,30.0504,35.174,-5.1236
-0.6517,-0.61,-0.4917,0.3317,0.4271,39.0737,32.8984,6.1754
0.1402,1.0384,0.7939,0.0125,0.4271,69.0587,67.5904,1.4683
0.6497,-0.4822,0.8654,0.299,0.4271,64.5392,58.4929,6.0463
-0.5187,0.0715,-0.3198,0.4688,0.4271,46.1388,44.2642,1.8746
0.0565,-0.4338,-0.0016,-0.4785,0.4271,38.2302,40.6072,-2.377
1.089,0.2909,0.3843,0.3147,0.4271,64.8008,68.3014,-3.5006
0.6918,0.64,0.6883,0.2022,0.4271,67.526,69.5276,-2.0015
-0.3707,-0.6966,0.1357,-1.0691,-2.3842,-0.166,-3.3718,3.2058
-1.3259,-1.1625,0.4744,0.2618,-2.3842,-1.1456,-6.9885,5.843
1.1111,1.3981,0.6517,0.0955,0.4271,74.7827,81.5204,-6.7377
0.6337,0.4682,-0.5731,0.7816,0.4271,67.9226,61.2957,6.6268
1.1871,1.4097,0.3569,0.3209,0.4271,84.1863,81.7649,2.4215
-0.2194,0.0567,0.4501,0.0427,0.4271,51.7085,50.2638,1.4447
0.2441,1.0936,-0.2181,-0.9703,0.4271,58.9712,54.7072,4.264
1.1831,1.1108,0.2786,-0.4771,0.4271,70.3818,72.2117,-1.8299
-0.9373,0.3238,0.1313,-0.1174,-0.8474,27.3462,26.8694,0.4768
-1.4304,0.1533,-0.5384,-0.6063,0.4271,24.855,26.2609,-1.4058
-1.2148,-0.9034,0.2533,-0.0416,-2.3842,-2.9864,-6.6952,3.7089
-0.2426,0.6368,-1.1948,0.5553,0.4271,48.2089,47.4466,0.7623
1.2005,0.3968,0.1401,0.2111,0.4271,70.307,68.0878,2.2192
0.6147,0.0443,-0.8084,0.412,0.4271,54.1382,51.9466,2.1916
-0.6789,-1.7355,-1.208,-0.5008,-2.3842,-24.5864,-24.7453,0.1588
0.5924,-0.2335,-0.4817,-0.2781,0.4271,49.1016,46.301,2.8005
0.1446,-1.0682,-0.075,0.1271,0.4271,39.7656,38.0627,1.7029
0.0689,-0.7164,-0.3036,0.3486,0.4271,35.609,40.9875,-5.3785
-0.3601,-0.0471,0.4718,0.0048,0.4271,44.3337,47.4946,-3.1609
0.6493,0.9024,-0.4588,0.0283,0.4271,51.3217,61.9885,-10.6668
-0.9661,-0.368,0.7487,-0.2275,-0.8474,21.9378,22.767,-0.8291
1.4973,0.9796,0.3003,0.4945,0.4271,81.7057,81.0236,0.682
-1.126,-0.2161,0.9394,-0.7077,-0.8474,23.6893,20.891,2.7983
0.0377,-1.3371,0.0253,-0.7936,-2.3842,-5.2283,-5.1355,-0.0928
-1.0881,-0.2711,0.7356,-0.0121,-0.8474,25.5207,23.9457,1.575
1.0557,0.6752,0.2383,0.2872,0.4271,68.1627,70.9516,-2.7889
-0.0658,-0.3591,-0.2444,0.2807,-0.8474,36.0963,28.405,7.6912
0.505,-0.174,0.0305,0.6343,0.4271,56.3647,56.3162,0.0485
0.8032,0.2968,0.8972,0.3009,0.4271,73.3386,69.1548,4.1838
-0.3809,0.1502,0.5962,-0.4654,0.4271,46.0915,47.1767,-1.0852
0.0643,-0.2867,-0.0257,0.4574,0.4271,47.6035,48.6653,-1.0617
0.5928,-0.0053,0.3466,0.2809,0.4271,53.6949,59.128,-5.4331
1.4878,2.8349,0.5192,0.8123,0.4271,93.5671,105.677,-12.1099
-0.6414,-0.4279,-0.4036,-0.0619,0.4271,35.9698,32.9984,2.9714
-0.006,-0.1733,0.1046,-0.1792,0.4271,48.585,45.7652,2.8198
-1.3679,-0.6684,-0.9332,0.2689,0.4271,14.1889,20.7371,-6.5482
0.4178,-0.0467,0.142,0.7137,0.4271,57.624,58.223,-0.599
-0.9399,-0.6386,0.451,-0.1296,-2.3842,-0.5368,0.1368,-0.6735
1.3851,0.7668,0.0927,0.0923,0.4271,72.6136,73.0354,-0.4218
0.823,0.305,-0.3773,0.1859,0.4271,57.4841,58.8549,-1.3707
1.0577,1.0492,-0.424,0.2621,0.4271,73.743,69.9079,3.8351
0.7158,-0.3032,0.3495,-0.1209,0.4271,64.7694,54.3265,10.443
-0.4849,-0.3181,0.4513,-0.392,0.4271,47.0883,40.193,6.8953
1.3272,0.7848,0.1724,0.5139,0.4271,76.0563,76.1614,-0.1051
0.5747,0.8685,0.6089,0.0316,0.4271,71.7317,69.046,2.6857
1.6461,1.3653,0.784,1.0172,0.4271,91.6524,94.3093,-2.657
0.0596,-0.0087,0.4027,0.2443,-0.8474,41.7002,38.4147,3.2855
-0.872,0.2875,0.0009,-0.9033,0.4271,29.534,35.836,-6.302
0.43,-0.4565,0.0673,0.2691,0.4271,48.4882,50.0801,-1.5919
-0.2853,-0.0524,-0.518,-0.9184,0.4271,28.3499,34.2032,-5.8533
0.5408,0.63,0.8537,0.1437,0.4271,72.4282,68.6624,3.7658
0.0954,-0.0541,0.2058,0.2786,0.4271,53.981,52.1515,1.8295
0.1485,-0.1983,0.8455,1.1587,0.4271,62.8168,62.1382,0.6785
1.0507,1.1688,0.0818,0.0141,0.4271,73.6856,73.3447,0.341
-1.5591,-0.8899,0.6363,-0.4032,-0.8474,12.3509,8.4591,3.8918
-0.2157,0.964,-0.7128,0.266,0.4271,44.1177,53.1125,-8.9948
1.7726,1.3439,0.9003,0.9076,0.4271,99.0495,95.5565,3.493
-0.4519,-1.2113,0.0293,0.0232,-0.8474,16.092,15.0009,1.0911
-0.2263,0.8824,0.8319,0.2016,0.4271,60.5944,63.518,-2.9236
-0.3456,0.3975,0.065,0.0278,0.4271,57.2862,49.6788,7.6074
1.0129,0.9493,1.0428,0.2334,0.4271,79.469,79.3894,0.0797
0.797,0.8538,0.6326,0.4155,0.4271,71.973,74.1124,-2.1393
-1.019,-0.0073,0.3867,-0.4779,0.4271,39.6272,36.8718,2.7554
-1.2844,-1.2661,-0.49,-0.5608,-2.3842,-20.3794,-20.8469,0.4675
-0.4804,-0.8395,-0.9908,-0.4227,0.4271,34.1852,23.0707,11.1145
-0.763,0.1566,-0.6158,0.4765,0.4271,52.7222,40.379,12.3432
0.3658,0.0181,0.3121,-0.0913,0.4271,57.1465,54.1075,3.0391
-0.3827,-0.892,-0.8028,-0.7648,0.4271,29.744,22.5967,7.1473
0.3507,0.7629,0.331,0.1243,0.4271,72.3543,63.9656,8.3888
-0.1814,0.7559,0.4718,-0.9217,0.4271,44.8464,51.9974,-7.151
-1.4552,-0.8931,0.0445,-0.1439,0.4271,22.1231,21.9258,0.1973
-0.1997,-0.774,-1.1155,0.117,0.4271,27.014,29.6057,-2.5917
-0.5712,-1.5082,0.0868,-0.4563,0.4271,22.0286,22.6342,-0.6056
0.6404,-0.2226,0.1083,0.0202,-2.3842,20.4475,20.1512,0.2962
1.1975,0.6298,0.6297,1.04,0.4271,81.0521,80.2031,0.849
-1.606,-0.986,0.0639,-0.1994,0.4271,27.4954,19.0299,8.4655
-0.6217,-0.0698,-0.3249,0.6037,0.4271,48.6685,42.4686,6.1999
1.0438,1.0137,0.6266,-0.0428,0.4271,80.4967,75.3237,5.1731
-0.4192,-0.2508,-0.2171,-0.5817,0.4271,26.3121,35.1927,-8.8807
-0.2444,-0.699,0.4722,0.1855,-2.3842,10.4789,9.2625,1.2164
0.2019,-0.349,0.947,-0.1317,0.4271,61.8802,52.8261,9.0542
-0.4597,-0.1293,-0.783,0.5703,-2.3842,5.4223,6.3805,-0.9582
-1.4457,-0.5338,0.3837,-0.0227,0.4271,28.9564,29.5215,-0.5651
-1.1528,-0.263,0.2024,-0.3458,-2.3842,8.0872,-1.336,9.4232
-0.5579,-0.0271,-0.6847,0.1125,0.4271,36.4216,37.4503,-1.0286
-0.2902,0.0713,-0.1882,-0.9331,0.4271,33.8545,37.976,-4.1215
-0.4172,0.2315,0.716,-0.0872,0.4271,54.5678,51.2544,3.3134
0.7242,0.9005,0.4339,0.8914,0.4271,81.4731,75.6376,5.8355
0.5773,-0.1897,0.3872,-0.2071,0.4271,56.0493,53.8089,2.2404
0.5792,-0.0489,-0.091,-0.6226,-0.8474,35.6857,33.7053,1.9804
-0.7433,0.4516,-0.0619,-0.8817,-2.3842,-0.4754,5.3291,-5.8044
0.3019,0.5046,-0.3202,0.4137,0.4271,49.8571,57.5386,-7.6815
-1.0079,-0.9973,0.4734,-0.1569,-2.3842,-2.7647,-4.6433,1.8787
0.773,0.8949,-0.2373,0.9409,0.4271,72.2909,71.278,1.0129
-1.0269,-1.0638,-1.1509,-0.9256,-2.3842,-23.6012,-23.4337,-0.1674
0.415,0.8032,-0.4201,-0.1988,0.4271,57.5176,57.0814,0.4362
-0.7048,-0.1866,-2.9532,-0.6125,0.4271,19.2515,11.5917,7.6597
0.733,0.4929,-0.5302,0.0861,0.4271,57.026,58.1334,-1.1075
1.3788,1.1076,0.6216,1.1234,0.4271,81.8043,88.0369,-6.2326
0.2862,-0.8089,0.1866,0.0532,0.4271,47.1782,43.9949,3.1833
1.0094,1.1757,0.0333,0.6399,0.4271,76.4088,76.9569,-0.5481
0.6479,-0.3739,1.0717,0.4614,0.4271,65.8726,62.4084,3.4641
-0.1659,-0.6391,0.3524,-0.6727,0.4271,39.6356,37.2894,2.3462
-0.4545,0.112,-1.6568,0.1936,-0.8474,20.9881,18.0664,2.9217
-0.6351,-1.2904,-0.2208,-0.2241,-0.8474,16.2471,8.5062,7.7409
-0.4668,0.1989,-0.4448,-0.1501,0.4271,35.5592,40.9889,-5.4297
0.5553,0.6539,0.4396,0.2723,0.4271,70.1813,66.795,3.3863
0.2623,-1.1642,0.1117,-0.237,0.4271,27.1274,37.1492,-10.0218
-0.8332,-0.73,-0.1746,-0.2725,0.4271,25.1814,27.8448,-2.6634
0.0195,-0.5862,0.5935,-0.2207,-2.3842,6.7708,11.4681,-4.6974
0.2042,0.6684,0.732,0.2171,0.4271,61.8996,65.063,-3.1634
-0.1539,-0.0849,-0.1204,-0.5787,0.4271,36.0753,40.6658,-4.5905
0.5827,0.2101,0.765,-0.6593,0.4271,63.8778,58.1264,5.7515
-0.0036,0.396,0.7582,0.1068,0.4271,66.8902,59.2075,7.6827
-0.2912,-0.4501,-0.4819,0.2048,-0.8474,19.613,22.6108,-2.9978
-0.1252,-0.0783,-0.1659,-0.7876,0.4271,46.0304,39.2456,6.7849
0.4813,-0.2897,-0.1516,-0.6715,0.4271,56.317,44.2836,12.0334
0.0492,0.6503,-0.3474,-0.6322,0.4271,46.4478,48.9909,-2.5431
-0.1398,1.1991,-1.109,0.0215,0.4271,52.4341,51.821,0.613
-0.3829,0.1302,-1.2877,-0.3569,0.4271,42.7284,33.1922,9.5362
1.2288,1.0038,0.8124,-0.2883,0.4271,78.1105,76.9175,1.193
0.9402,-0.0819,0.2309,0.025,0.4271,53.5384,59.3206,-5.7822
0.7901,0.3526,0.1404,0.9073,0.4271,68.6714,68.0357,0.6357
0.5728,-0.1048,0.035,-0.0176,0.4271,49.0325,53.3234,-4.2909
-0.9696,-0.4773,-0.0495,-0.8047,0.4271,30.8365,26.4891,4.3474
1.0043,0.2087,0.2678,-0.0534,0.4271,66.2647,63.0148,3.2499
1.7799,1.8578,0.1576,0.988,0.4271,87.5055,96.258,-8.7525
-1.3921,-0.8835,-0.1739,-0.1503,-2.3842,-17.0246,-12.4145,-4.6101
0.3102,-0.0638,0.3516,-0.0058,-0.8474,47.6301,38.3472,9.2828
0.2909,-0.1569,0.2653,0.8275,0.4271,60.0547,57.3635,2.6912
-0.1305,-0.5322,-0.439,0.4045,0.4271,34.8822,40.2704,-5.3882
0.2125,0.3367,-0.6174,0.6372,0.4271,54.9137,53.9609,0.9527
-0.3078,0.3045,-0.0941,0.144,0.4271,46.0182,48.6217,-2.6035
-0.6705,-1.5189,-1.1708,-0.2726,-1.1097,-6.9996,-5.2049,-1.7946
1.0826,0.4559,0.3915,0.2991,0.4271,62.2331,70.0342,-7.8011
-0.5357,0.8349,-0.2598,0.2879,0.4271,56.4643,51.8689,4.5954
1.198,1.9354,-0.4975,-0.2998,0.4271,83.5831,76.905,6.6782
0.1514,-0.4948,-0.1682,0.1766,-0.8474,28.2683,29.0683,-0.8
0.4459,-0.8105,-0.6927,-0.3127,-2.3842,5.481,2.9793,2.5017
-0.4015,0.8043,-1.114,-0.4084,0.4271,34.2344,41.551,-7.3166
0.6257,0.8259,-0.2586,0.1216,0.4271,58.6173,63.0644,-4.4471
-1.2046,-1.2447,0.1973,-0.5607,-2.3842,-15.3265,-14.4629,-0.8636
-0.1221,0.099,0.0813,0.2184,0.4271,44.1778,50.1667,-5.9888
-1.0218,-0.1293,-0.4066,-0.585,0.4271,29.7569,28.6219,1.135
-0.2566,-0.1831,0.1634,0.4842,0.4271,45.811,48.032,-2.221
-1.2906,-1.2104,-0.4361,-0.6271,-1.1097,-3.9425,-5.192,1.2495
1.5884,0.172,0.4141,0.8285,0.4271,69.5769,76.1153,-6.5384
-0.2812,-0.0573,0.3419,-0.3598,0.4271,49.2601,44.69,4.57
-0.2918,0.3334,-1.1074,-0.0053,0.4271,31.7351,40.2838,-8.5487
1.0844,1.281,0.3331,0.0852,0.4271,78.0112,77.3951,0.6162
-0.0046,-0.0489,0.5099,0.065,0.4271,65.6524,51.9941,13.6583
-1.2677,0.4043,0.642,0.3373,-0.8474,39.8674,31.3248,8.5426
-0.3241,-0.6134,-0.7819,0.0605,0.4271,31.8135,32.2536,-0.4401
1.7606,1.3453,0.0217,1.0389,0.4271,83.9805,89.5971,-5.6166
-0.6859,-1.5067,-0.926,-0.0025,-0.8474,1.4057,1.6432,-0.2374
0.1125,-0.0664,0.3422,0.464,0.4271,55.009,54.5349,0.4741
-0.6906,0.0771,-0.1257,0.2233,0.4271,48.4974,42.2716,6.2258
0.1738,0.6456,0.6676,-0.1444,0.4271,62.3886,61.4727,0.9159
0.733,0.9051,0.137,-0.8344,0.4271,61.4467,61.5036,-0.0569
0.9883,1.4152,-0.1788,0.0834,0.4271,72.9329,73.9246,-0.9917
-1.5123,-1.3872,-0.6174,-0.8215,-2.3842,-31.4664,-27.4432,-4.0232
1.065,0.3819,1.0835,0.1847,0.4271,79.1377,73.5426,5.5951
-0.7338,-0.3457,0.1577,-0.0713,0.4271,30.5228,37.1865,-6.6637
-0.2182,0.3857,0.4045,0.1729,0.4271,56.9884,54.5308,2.4576
-1.5767,-0.9049,-0.5517,-0.3523,-0.8474,-2.5303,-0.6843,-1.846
-0.988,-0.848,0.1714,0.1031,-2.3842,-7.6057,-3.2666,-4.3391
-0.7779,0.3579,-0.3532,0.006,0.4271,46.8799,41.2323,5.6476
0.3691,0.9669,-1.2064,0.1043,0.4271,49.5263,54.4885,-4.9622
-0.0052,-0.4309,-0.0796,0.1287,0.4271,46.8195,43.5989,3.2206
-0.5592,-0.8644,-1.0712,0.0679,0.4271,13.3681,24.7381,-11.3701
1.5783,0.8103,1.0835,0.5147,0.4271,90.6169,86.1532,4.4637
-0.3359,0.0477,0.5575,-0.5839,0.4271,49.82,45.3857,4.4343
0.2723,-0.9156,0.2288,0.0752,-0.8474,29.5022,27.9815,1.5207
0.113,-0.7203,0.5302,-0.2126,-2.3842,6.0047,10.5314,-4.5268
-0.0989,-0.3895,0.3056,-0.4225,0.4271,33.6057,42.1929,-8.5872
0.7391,0.2082,0.7335,-0.2937,0.4271,64.3022,62.0799,2.2223
0.1741,1.3998,-0.5738,0.8837,-0.8474,50.4891,52.4103,-1.9211
-0.2149,-1.0811,-0.9781,0.3385,0.4271,33.3726,28.5865,4.7861
-0.7533,-1.4675,0.4159,-0.423,0.4271,19.4347,23.9046,-4.4699
1.4743,0.448,0.8429,0.1812,0.4271,84.9758,76.7953,8.1806
-0.497,-0.1038,0.269,-0.3611,0.4271,46.4746,41.2862,5.1884
0.4708,-0.0804,0.3957,0.6334,0.4271,70.8333,59.8049,11.0284
0.8377,-0.1079,1.0835,-0.0831,-0.8474,52.416,48.5962,3.8198
-0.3587,-0.1975,-0.7098,-0.7604,0.4271,34.2667,31.4081,2.8586
-0.9701,-0.7182,0.0886,0.0921,-2.3842,-2.8678,-2.329,-0.5388
-0.5406,-0.8144,-0.1226,-0.5302,0.4271,23.5196,28.64,-5.1204
0.4366,0.5402,0.5885,-0.2079,0.4271,69.0301,62.053,6.9771
-1.3096,-0.5346,0.812,-0.1117,-2.3842,-4.4137,0.2461,-4.6598
-0.1219,0.2545,-1.0902,-0.4002,0.4271,41.0576,38.6032,2.4544
0.4267,0.9546,-0.0824,-0.1131,0.4271,64.2804,62.1038,2.1766
-0.4475,-0.8884,-0.0147,-0.4378,0.4271,38.7484,30.2768,8.4715
0.1683,1.0085,-0.1174,0.3895,0.4271,56.972,63.1657,-6.1937
-1.3445,-0.8052,0.4068,-0.1465,-2.3842,-8.3335,-6.5291,-1.8045
-0.0765,0.2977,-0.9871,0.4262,0.4271,42.7974,46.1135,-3.3161
0.5763,0.2965,-0.0864,0.1104,0.4271,59.6347,57.8302,1.8045
0.2037,-0.4544,-0.6041,0.2233,-2.3842,18.4213,8.7957,9.6256
0.784,1.0322,-0.335,0.3797,0.4271,75.6962,68.2869,7.4093
-1.7571,-0.6676,0.0614,-0.166,-2.3842,-11.196,-12.1945,0.9985
0.7484,1.0693,1.0835,-0.2426,0.4271,76.2959,74.9104,1.3854
-0.3667,-0.6795,0.0926,0.1199,0.4271,47.8392,38.1937,9.6455
0.0228,0.2541,0.7366,-0.0265,0.4271,58.3314,56.8021,1.5292
-1.1073,-0.9587,0.5462,0.2643,-2.3842,-1.0806,-1.7856,0.705
1.1171,0.1647,0.166,-0.5161,0.4271,62.9103,59.7291,3.1812
-0.2088,0.4388,0.2081,0.312,0.4271,50.1904,54.6857,-4.4953
0.5393,0.6908,0.3893,0.2638,0.4271,74.7823,66.594,8.1882
-1.0114,-0.2874,-0.8279,0.5211,0.4271,25.5219,31.4032,-5.8813
-0.1364,-0.0524,0.1596,-0.9238,0.4271,46.6894,40.9735,5.716
-1.115,-0.7414,0.714,-0.0965,-2.3842,-6.7403,-0.6426,-6.0977
-0.793,-1.4082,-0.0131,0.1074,-2.3842,-7.3774,-8.8671,1.4897
-0.5575,0.5146,-0.2056,0.2115,0.4271,57.8446,47.9209,9.9236
0.6084,0.5024,0.5076,0.5528,0.4271,73.6653,68.1335,5.5319
0.6151,-0.199,0.5215,0.427,-0.8474,43.635,44.409,-0.774
-0.6763,-1.1294,0.3314,0.3265,0.4271,35.8227,33.0907,2.7319
-0.0502,-0.2389,0.2074,0.0747,0.4271,46.5236,47.1085,-0.5849
0.6959,0.0829,0.0453,0.1406,0.4271,53.1379,57.9323,-4.7945
-1.4838,-0.8969,-0.0754,-0.0817,-2.3842,-8.6041,-12.3121,3.708
0.2967,-0.0083,-0.297,0.0593,0.4271,47.0741,49.4308,-2.3567
-0.7042,-1.3028,-0.8011,-0.5548,-2.3842,-8.6577,-17.3944,8.7368
0.9604,1.4384,-0.0894,0.5567,0.4271,79.4328,77.8637,1.569
0.9469,0.5427,0.0317,0.0883,0.4271,72.4202,65.3235,7.0967
0.8377,0.8673,-0.5463,0.0592,0.4271,65.9306,63.1544,2.7762
-0.5233,-0.4548,-0.2279,0.0996,0.4271,48.9565,36.436,12.5205
0.567,0.1757,-0.2825,0.7045,0.4271,48.5028,58.9908,-10.488
-1.3034,0.611,-0.4033,0.0984,0.4271,30.918,38.7053,-7.7873
1.3868,1.7807,-0.3352,0.8657,0.4271,75.5475,86.5386,-10.9911
-0.6874,-0.7506,-0.9726,-0.6758,0.4271,18.5125,20.2335,-1.721
-0.8812,-0.4093,0.3107,-0.0769,0.4271,33.0031,36.031,-3.0278
-1.0293,-0.1369,0.1793,-0.732,0.4271,25.4073,31.9418,-6.5346
1.0808,1.6679,0.4659,0.2115,0.4271,75.1947,83.6072,-8.4126
-1.3748,-0.3212,0.4041,-0.8105,0.4271,39.8699,27.3516,12.5183
-0.5668,-0.0722,-0.0664,-1.021,-2.3842,1.4693,0.3263,1.143
-1.1274,0.1682,-0.2301,-0.6792,0.4271,15.5107,31.5401,-16.0294
-0.3416,-0.439,-0.8832,0.0362,0.4271,41.7974,33.0795,8.7179
-0.8146,-0.2523,-0.9364,0.1031,0.4271,32.2872,30.166,2.1212
1.3981,1.326,-0.7498,0.2096,0.4271,80.9461,73.7958,7.1503
0.6682,1.3102,1.0259,0.2472,0.4271,85.9289,79.7212,6.2078
-0.3115,0.0795,-0.1571,-0.8306,0.4271,24.8498,38.7926,-13.9427
1.2181,0.687,0.5829,0.5226,0.4271,72.9315,77.1104,-4.1789
-0.2407,-0.1114,-0.0223,0.0287,0.4271,49.2848,44.4142,4.8706
0.9216,1.18,0.2901,0.4769,0.4271,77.2528,76.9072,0.3456
0.9457,0.4244,0.262,-0.2877,0.4271,63.3972,63.139,0.2582
-0.1161,0.1689,0.4777,0.2565,0.4271,54.3171,54.3318,-0.0148
0.5105,0.3333,0.3276,0.3046,0.4271,66.6402,62.0724,4.5677
-1.8477,0.4527,-0.21,-0.9074,0.4271,23.4024,25.5894,-2.187
0.5856,1.1383,0.3014,-0.1946,0.4271,74.1932,68.2583,5.9349
-1.1502,-0.2898,0.5938,-0.6664,-0.8474,17.2998,17.4304,-0.1307
0.2499,-0.7229,-1.3479,-0.8175,-0.8474,17.4316,11.5726,5.859
-0.3459,0.4834,0.7997,0.2735,0.4271,62.4904,58.0022,4.4882
-0.6729,-1.6469,0.2357,0.2892,0.4271,28.9402,26.3142,2.6261
0.6853,-0.6416,0.3983,0.2272,0.4271,52.8385,52.9898,-0.1513
-0.2745,-0.6402,-0.4168,0.1342,0.4271,34.7834,35.805,-1.0217
0.2302,0.3011,-0.1908,0.2917,0.4271,65.5093,54.6308,10.8785
-1.5464,-0.9569,0.5247,-0.2268,-0.8474,9.1595,8.2093,0.9502
-0.3049,-0.4848,-0.225,0.3671,0.4271,38.7269,40.3219,-1.595
0.3243,-0.1429,0.4284,0.2653,-0.8474,45.3426,40.0835,5.2591
-1.0547,-0.7826,0.0362,-0.6118,-2.3842,-5.2778,-9.2558,3.978
-0.8559,-0.8344,0.0883,0.0363,0.4271,28.6011,30.5963,-1.9952
-1.6052,-1.4546,-0.5948,-0.4214,0.4271,3.7209,7.1574,-3.4365
-0.8774,0.6269,0.404,0.2435,0.4271,58.0925,50.6682,7.4242
-0.8362,-0.0512,-0.3994,-1.0145,0.4271,31.1411,28.5587,2.5824
0.4595,0.1242,0.1607,0.2164,0.4271,59.9813,57.2795,2.7018
-0.6509,-0.0975,-1.3365,0.3264,0.4271,35.9052,32.1333,3.7719
-0.2885,-1.0442,-0.3087,0.0611,0.4271,29.5172,31.4353,-1.9181
0.6696,1.31,0.9435,0.6378,0.4271,75.2118,81.815,-6.6032
0.3017,0.7622,-0.2446,-0.5926,0.4271,55.1024,54.0206,1.0818
1.5312,1.585,-0.0768,1.3702,0.4271,85.4481,91.3789,-5.9308
0.8017,-0.7391,-0.2352,0.1815,-0.8474,33.2561,32.8071,0.449
-0.0048,0.0476,0.2111,-0.0953,0.4271,36.8757,49.6637,-12.788
-0.97,-0.6327,-0.0561,0.1906,-2.3842,-3.3505,-1.794,-1.5565
-0.9713,-0.3803,-0.0083,-0.514,-0.8474,16.2345,14.7574,1.4771
-0.5927,0.3472,0.5478,0.6783,0.4271,62.0575,54.7018,7.3557
-0.2557,0.4704,-0.222,0.2531,0.4271,58.2329,50.8194,7.4136
0.6991,0.3468,0.1411,0.1098,0.4271,60.2989,61.4564,-1.1575
0.152,-0.2906,0.5791,-0.1279,0.4271,54.8512,50.1454,4.7058
0.5295,-1.0807,0.5933,-0.384,0.4271,44.6659,43.6339,1.032
0.4907,0.8672,-0.0459,-0.0033,0.4271,58.7795,62.8503,-4.0708
0.0415,-0.126,0.2983,-0.0476,0.4271,41.6029,49.2096,-7.6067
-0.0662,-0.6724,-0.8841,1.0979,-1.1097,21.3561,22.5197,-1.1636
-0.7773,-0.9613,-1.1245,0.1134,0.4271,16.0379,21.218,-5.1801
-1.4644,0.5901,-0.3468,0.2355,0.4271,42.4114,38.1328,4.2785
0.0431,1.0999,0.1646,-0.2257,0.4271,59.0783,60.7463,-1.668
-0.2568,-0.8743,-0.3139,0.2386,0.4271,31.8246,34.8796,-3.0549
-0.37,-0.7453,-1.2812,0.4546,0.4271,32.4973,29.1759,3.3214
-0.1179,-1.4785,0.0528,0.3124,-2.3842,-1.9979,-0.4927,-1.5052
1.0627,1.3946,0.755,0.4457,0.4271,84.7342,84.1925,0.5417
0.4117,-0.738,0.7627,0.7545,-2.3842,22.7765,22.0436,0.7329
-0.9669,0.0134,-0.9534,-0.1201,0.4271,37.9709,29.8393,8.1316
0.6521,-0.801,0.0132,0.1231,0.4271,37.3665,47.1542,-9.7877
0.2644,-0.564,0.0497,0.2494,0.4271,47.7431,46.8246,0.9185
1.0104,-0.5009,0.5474,0.278,0.4271,68.6673,59.5552,9.1121
-0.7201,-1.2247,-0.976,0.2149,-0.8474,6.241,5.5748,0.6661
-0.3002,0.5099,-1.0409,0.2217,0.4271,36.1968,44.2677,-8.0709
1.4808,1.0893,0.2017,-0.1212,0.4271,75.8372,77.0411,-1.2039
-0.5349,-0.1968,-0.6713,0.4725,0.4271,34.2036,38.3948,-4.1911
-1.4288,0.3728,-0.738,0.4481,0.4271,21.7787,34.5384,-12.7597
-0.5437,0.5462,0.0664,-0.6355,0.4271,45.5374,44.627,0.9104
0.3244,0.1804,-0.8838,-0.4453,0.4271,42.4052,43.8286,-1.4234
-1.2973,-0.2877,-0.2731,-0.0723,-2.3842,-2.3363,-4.9191,2.5827
0.3562,-0.0212,0.6804,0.3766,0.4271,60.3396,59.6485,0.6911
0.0243,0.1628,0.7887,-0.2029,0.4271,51.7595,54.9668,-3.2073
-0.4691,-0.7924,-0.0378,0.2021,0.4271,32.2104,35.3963,-3.1859
-0.8927,-1.1426,-0.4498,-0.1023,0.4271,21.2259,21.6339,-0.408
-0.2066,-0.5578,-0.4154,0.095,-2.3842,4.2543,3.7975,0.4568
0.1599,-1.0667,-0.5856,-0.6476,0.4271,22.3956,28.93,-6.5344
-0.208,-1.0673,0.6559,0.1138,-0.8474,22.9823,24.6843,-1.702
0.2305,-0.5314,-0.8492,-0.0566,0.4271,32.4221,37.7858,-5.3637
0.8726,-0.1975,0.0059,1.0561,0.4271,65.5191,62.7319,2.7872
-0.7311,-0.8517,-0.032,-0.3935,0.4271,33.4517,27.8266,5.6251
-0.2189,0.0729,-1.1239,0.0727,0.4271,34.4744,38.5516,-4.0771
-1.5221,-1.0633,-0.3558,-0.2058,-2.3842,-12.5504,-17.613,5.0627
-0.8756,-0.4103,-0.2146,-0.3426,-0.8474,19.7168,15.0492,4.6675
-0.2867,-0.1278,0.5249,-0.3096,0.4271,47.0028,45.5962,1.4066
-0.9706,0.1397,-1.4435,0.2023,0.4271,28.9456,29.6904,-0.7448
0.4223,0.535,0.4964,-0.6875,0.4271,50.8285,57.7983,-6.9697
1.4873,1.0017,-0.3371,0.7506,0.4271,71.3978,78.0416,-6.6438
0.6547,-0.8205,0.3048,0.1255,-0.8474,30.7249,34.082,-3.3572
0.9244,0.6756,-0.1139,0.6938,0.4271,65.7678,69.6652,-3.8973
0.1258,0.3895,-0.0168,0.156,0.4271,54.2238,54.9019,-0.6781
0.7321,-0.0101,0.6738,-0.6046,0.4271,58.3757,56.9291,1.4466
-0.9423,-1.3602,-0.1809,-0.0693,-0.8474,8.1725,5.8125,2.36
-0.5224,-0.5243,0.0611,0.1218,0.4271,29.8935,38.0417,-8.1483
0.1404,0.1391,-0.5487,-0.0854,0.4271,39.8494,46.472,-6.6226
1.0791,0.5418,-0.1294,0.6132,0.4271,67.4897,69.1386,-1.6489
0.1183,-0.962,-0.4477,0.8607,-2.3842,3.3756,7.8083,-4.4327
0.6851,1.7405,0.3103,0.1441,0.4271,76.9838,78.5187,-1.5348
-0.089,-0.2257,-0.0204,-0.4367,0.4271,38.6151,41.5347,-2.9197
-1.3969,0.0897,-0.4782,-0.5204,0.4271,28.4081,26.9635,1.4446
-0.8642,-0.2003,-0.4582,-0.197,0.4271,38.3925,31.8115,6.581
1.1223,0.5105,0.4545,0.1914,-0.8474,48.2234,55.6685,-7.445
-1.0802,0.0003,-0.3727,0.9194,0.4271,37.1824,40.172,-2.9896
-0.4784,-0.7147,0.0985,0.2669,0.4271,34.3947,37.6693,-3.2747
-0.6252,-0.5915,0.1207,0.2468,-0.8474,25.575,22.3711,3.2038
-0.2993,-0.6061,0.7172,-0.4701,-0.8474,26.7825,25.3052,1.4772
0.9599,-0.0693,-0.6786,0.8117,0.4271,66.4308,58.1443,8.2865
-0.7525,-0.6742,-0.1217,-0.1261,0.4271,36.7737,30.7616,6.0121
-0.957,-1.0327,-0.5542,-0.781,-2.3842,-17.479,-16.7389,-0.7401
0.3587,0.4734,0.2829,0.3807,0.4271,58.608,62.2074,-3.5994
-0.4752,0.3559,0.0013,0.0473,0.4271,55.7951,47.4676,8.3275
-0.5163,0.9615,0.7358,-0.1232,0.4271,56.3725,58.3022,-1.9297
-0.1932,-0.2197,0.2149,-0.1341,0.4271,36.765,44.4,-7.635
-0.2513,-0.9226,0.3178,-0.4278,0.4271,26.4678,34.6227,-8.1549
0.1146,1.5096,-0.4358,0.1733,0.4271,63.9082,64.2728,-0.3645
1.1338,0.8634,-0.303,-0.2983,0.4271,67.1246,65.6699,1.4548
0.8077,1.0196,0.7513,0.0818,0.4271,74.6375,74.6858,-0.0483
-0.5293,-0.6964,-0.3871,-0.2079,0.4271,33.2252,30.2931,2.9321
0.4869,-0.109,0.5621,0.7126,0.4271,68.852,61.4866,7.3655
0.5056,0.534,-0.6932,-0.0082,0.4271,50.541,54.2503,-3.7092
-0.0991,0.8797,0.5349,-0.395,0.4271,58.2094,58.4179,-0.2085
1.3187,1.7906,0.9296,0.7058,0.4271,92.0688,94.5388,-2.47
-0.0785,-0.2523,-0.4449,0.0065,0.4271,41.7464,41.1623,0.5842
-0.1016,0.2614,0.1679,0.1442,0.4271,49.3007,52.363,-3.0623
0.3463,0.0867,0.3159,0.2136,0.4271,57.0304,56.8182,0.2121
-0.644,-1.317,0.6182,0.6408,-2.3842,2.2961,2.32,-0.0239
-1.6231,-1.2257,-0.5703,0.134,-2.3842,-19.3153,-19.8099,0.4946
0.4023,0.3708,0.313,0.2308,0.4271,62.2244,60.7102,1.5143
0.3679,-0.2081,0.5378,-0.2665,0.4271,57.2285,52.1044,5.1241
1.1964,1.8416,0.8576,1.3442,0.4271,92.3621,97.6864,-5.3243
0.4469,0.0413,0.3008,-0.0929,0.4271,58.3728,55.139,3.2339
-0.1414,-0.1376,-0.6537,0.0443,0.4271,43.2022,40.4337,2.7685
0.1896,-0.2703,-0.065,0.2228,0.4271,42.7148,48.2582,-5.5434
1.1092,-0.0783,0.4477,0.3359,-0.8474,53.4577,49.8593,3.5985
-0.4923,-0.0858,-0.5002,-0.2616,0.4271,25.9357,36.3123,-10.3766
0.3459,0.4246,0.0437,-0.0618,0.4271,58.1043,56.6052,1.4991
-0.4576,-0.4044,0.0149,-0.0472,0.4271,52.5263,38.5542,13.9721
-0.7253,-1.1279,-0.2394,0.3431,0.4271,23.0579,28.3082,-5.2503
0.846,0.712,0.2626,0.2234,0.4271,69.2388,68.8608,0.3779
1.4597,0.6103,0.8974,1.403,0.4271,85.7339,87.3759,-1.642
-1.127,-0.0857,0.2081,-0.4365,0.4271,28.8845,33.7461,-4.8616
-0.2728,-0.1463,-0.1531,0.7561,-2.3842,13.5121,14.3287,-0.8166
1.4965,1.4871,0.0934,1.1264,0.4271,84.1535,89.5214,-5.3679
-0.2586,0.0662,-0.1037,0.044,0.4271,41.574,45.6999,-4.126
1.482,1.397,1.0606,-0.0223,0.4271,83.3541,87.8092,-4.4551
-0.3988,1.0549,-0.2959,-0.992,0.4271,44.6858,46.6358,-1.95
0.5929,1.1105,0.755,0.3122,0.4271,77.9057,75.0364,2.8694
-0.9244,-1.3304,-1.3522,-0.3046,0.4271,5.6137,10.8335,-5.2199
-0.0505,1.3471,-0.0549,-0.2287,0.4271,59.6693,60.8124,-1.1431
0.7722,0.0641,0.5983,0.1457,0.4271,64.6802,62.8274,1.8528
0.9392,0.9326,0.8675,-0.6963,0.4271,71.6169,70.6012,1.0156
-0.3544,0.049,0.5463,0.1507,0.4271,49.0691,50.2224,-1.1533
0.7365,0.4428,0.1939,0.2482,0.4271,66.2688,64.3057,1.9631
0.0934,0.8374,0.6869,0.2041,0.4271,70.4066,65.3377,5.0689
-1.2381,-0.1797,0.6577,0.2623,0.4271,42.7376,39.816,2.9215
0.0125,1.3235,-0.2738,-0.0014,0.4271,54.2425,61.1182,-6.8757
0.1727,-0.4705,-0.6149,0.2703,-0.8474,20.6294,26.7849,-6.1555
-0.1688,-0.2972,0.7013,0.657,0.4271,53.3827,53.0295,0.3532
0.3134,0.4616,-0.0585,0.3244,0.4271,63.7983,58.5718,5.2264
1.2088,0.6769,0.3229,0.6359,0.4271,71.729,75.6842,-3.9552
-1.5636,-1.2797,0.3661,-0.6934,0.4271,9.2542,15.0725,-5.8183
0.3472,0.9255,-0.0304,0.1396,0.4271,65.246,63.0804,2.1656
-0.3101,-0.7626,-0.1362,-0.6948,0.4271,22.7275,30.443,-7.7155
0.2463,0.7972,-1.1852,0.5196,0.4271,56.6841,54.3151,2.3691
-0.833,-0.4153,0.3969,0.1379,-2.3842,6.8323,5.2356,1.5966
-1.3475,0.1348,1.0047,-0.6366,0.4271,42.7009,38.6011,4.0998
1.2867,1.3919,-1.0293,0.6949,0.4271,78.3914,74.567,3.8244
-0.4092,-0.1634,0.392,-0.4829,0.4271,43.1287,41.6556,1.4731
0.2678,-0.0283,-0.4225,-0.1984,0.4271,54.9069,46.1392,8.7678
-0.4242,0.1556,-1.1184,-0.02,0.4271,30.4786,36.6801,-6.2015
0.9213,0.7945,0.1664,0.1207,0.4271,63.8296,69.1422,-5.3126
0.4266,0.3757,-0.6249,0.5786,0.4271,59.0617,56.2279,2.8339
0.0705,0.343,0.682,0.7282,0.4271,64.9151,63.1398,1.7753
-1.2538,-1.0279,-0.078,-0.9759,-0.8474,1.4512,0.7018,0.7495
-0.0848,-0.7014,-0.4439,0.0121,0.4271,39.632,36.091,3.541
0.181,-1.1029,0.4316,-0.0226,0.4271,38.0049,40.9183,-2.9134
-0.6915,-0.8076,0.4977,-0.6954,-0.8474,12.8602,15.582,-2.7219
1.3687,0.7814,0.3002,-0.2187,0.4271,75.1296,72.4584,2.6712
-0.4509,0.585,-0.425,0.117,0.4271,50.1317,47.5092,2.6225
-0.8176,-0.3344,-0.5101,0.0634,0.4271,28.3012,32.2143,-3.913
0.2597,-0.3178,0.2645,-0.1543,-0.8474,44.5082,33.249,11.2591
-0.2682,0.7178,0.0984,-0.1012,0.4271,59.1412,53.469,5.6721
-0.7884,-1.0826,0.0356,-0.0907,0.4271,29.4016,27.2407,2.1609
-1.533,0.5671,-0.8432,-0.5221,0.4271,25.4037,28.0541,-2.6504
-0.3147,-0.3507,-0.2067,0.1722,0.4271,50.2367,40.5101,9.7266
0.7694,0.9045,0.7519,-0.3234,0.4271,75.2879,70.1692,5.1187
0.0336,0.1305,0.9538,-0.3486,0.4271,53.0405,54.96,-1.9194
-1.3164,-1.1903,0.1097,-0.2937,-0.8474,4.46,4.3912,0.0689
0.9653,0.0597,0.6226,-0.4438,0.4271,51.6741,60.9356,-9.2616
0.737,-0.1561,0.129,0.6891,0.4271,62.088,60.1408,1.9472
0.7646,-0.2118,-0.2486,0.5053,-2.3842,26.8875,22.2287,4.6588
-0.475,-0.1399,0.6823,-0.0417,0.4271,49.1296,46.515,2.6146
-0.3849,-0.4799,-0.8992,-0.7349,0.4271,26.1884,26.6713,-0.483
-0.0096,1.0579,1.0835,0.0965,0.4271,67.9973,69.017,-1.0197
-0.089,0.1104,0.3938,-0.2212,0.4271,53.2418,49.9978,3.244
-0.4061,-0.2553,-0.4379,0.0008,0.4271,42.5735,37.6323,4.9412
0.2768,-0.6613,0.0267,0.8578,0.4271,45.734,49.9152,-4.1812
0.8878,-0.074,0.3617,-0.3781,0.4271,64.0098,57.0521,6.9576
0.4179,-0.3345,0.2279,-0.1652,0.4271,54.6838,49.5384,5.1454
-0.6339,-1.3583,0.083,-0.3685,0.4271,22.7378,24.2297,-1.4919
0.8791,0.6128,0.0305,-0.0895,0.4271,59.3283,64.1407,-4.8124
-1.011,-1.3275,-0.0318,-0.414,-2.3842,-7.6842,-14.0632,6.379
-0.0565,0.3164,0.1902,0.0278,0.4271,50.6998,52.827,-2.1271
0.5405,-0.3322,0.8793,0.2932,-2.3842,23.6874,25.6775,-1.9902
-1.0853,-0.5482,-0.0747,0.0787,-0.8474,19.3007,15.2573,4.0434
0.481,-0.5177,0.5138,0.1835,0.4271,60.879,52.7783,8.1006
-1.0844,-0.9204,-1.9356,-0.8365,-2.3842,-18.3872,-27.8551,9.4679
-0.1416,0.6234,0.1837,0.1964,0.4271,59.9412,56.4894,3.4518
0.1667,0.0682,0.6286,-0.1727,0.4271,48.9767,54.4074,-5.4307
-1.1906,-0.813,-0.5193,-1.029,0.4271,8.7517,15.1727,-6.421
-0.6624,-1.3176,-0.4547,-0.6942,0.4271,17.4128,17.9817,-0.5688
0.6328,0.2354,0.6299,0.4952,0.4271,69.2441,65.9323,3.3118
-0.407,0.7653,-0.6412,-0.3632,0.4271,45.8957,45.0067,0.889
0.6358,0.868,0.4461,0.2482,0.4271,76.372,69.9477,6.4244
1.4344,1.1358,0.6948,0.0579,0.4271,77.1819,82.1056,-4.9237
-1.4083,-1.1342,0.2081,-0.5124,-2.3842,-18.9709,-14.9829,-3.9879
-0.8837,0.2192,0.3884,-0.0946,0.4271,42.479,43.5456,-1.0666
0.1328,-0.5641,0.5321,-0.4045,-0.8474,24.2153,29.4386,-5.2233
-0.2416,-0.0422,-0.1786,-0.2955,0.4271,33.5848,41.7272,-8.1424
-1.725,-0.2429,-0.7029,-0.739,-0.8474,-5.3924,1.3192,-6.7116
-0.5975,-1.2726,-0.4092,0.0538,0.4271,24.5868,24.732,-0.1452
0.2655,0.2563,-1.4315,0.0297,0.4271,41.507,43.1378,-1.6308
-0.8186,-1.0575,-0.1809,0.1263,0.4271,30.331,27.0411,3.2899
-0.7207,-0.5114,-0.49,-0.753,-2.3842,1.333,-7.6564,8.9894
0.7729,0.9515,0.6181,0.1062,0.4271,78.6422,72.6907,5.9515
1.3419,0.8354,0.7329,0.4608,0.4271,80.3879,80.8301,-0.4422
-0.3175,-1.4516,-0.0543,-0.0532,0.4271,24.4864,27.7065,-3.2201
-0.4961,-0.2821,0.503,-0.0798,0.4271,51.7403,43.0464,8.694
-0.2634,-0.5476,0.1119,-0.1323,0.4271,37.8727,39.1803,-1.3076
-0.3208,0.0868,0.0589,0.2273,0.4271,43.154,47.7908,-4.6369
-0.5939,-1.0025,-1.9748,-0.7813,0.4271,8.4117,9.9591,-1.5474
0.4318,0.6834,0.1475,0.2253,0.4271,55.2089,63.2288,-8.0199
0.891,0.721,0.4265,0.9101,0.4271,75.7344,75.4801,0.2544
-0.3676,0.1578,0.1821,-0.2429,0.4271,48.2112,45.7659,2.4453
-0.6578,-1.2515,0.8899,-0.1344,0.4271,35.3352,33.0097,2.3255
0.7205,-0.5154,-0.176,0.2038,-2.3842,14.8913,16.8046,-1.9133
-0.6162,-1.8426,-0.9408,-0.318,-0.8474,-3.355,-3.6931,0.3382
-0.1502,-1.2458,-0.5275,-0.0031,-2.3842,-7.0799,-4.878,-2.2018
0.8493,0.2231,0.3159,0.4275,0.4271,55.185,65.2288,-10.0439
-1.4592,-1.3927,-0.6307,-0.3996,-2.3842,-26.3613,-24.1055,-2.2557
-0.4686,-1.4964,0.3686,0.061,0.4271,25.8433,29.6298,-3.7865
0.0081,0.7322,0.2408,-0.4037,0.4271,59.8784,55.5842,4.2942
-1.8103,-0.9951,-0.7175,0.1778,-0.8474,-9.1544,-1.7921,-7.3622
0.3999,1.2787,0.1524,-0.4308,0.4271,70.4614,65.06,5.4014
0.9689,0.6665,-0.3418,-0.2297,0.4271,66.907,61.8672,5.0398
-1.3203,-0.0573,-0.723,-0.5965,0.4271,23.1669,23.7187,-0.5519
1.2364,1.4753,0.8667,-0.0454,0.4271,84.8883,84.4072,0.481
1.3783,1.3543,0.4364,-0.0182,0.4271,80.1093,81.4449,-1.3356
-1.4193,-0.7004,0.303,-0.4263,0.4271,19.6753,24.5047,-4.8294
-0.1277,0.4206,-1.3398,-0.0537,0.4271,38.9813,40.8979,-1.9166
-1.4282,-1.3117,-1.0307,-0.6693,-2.3842,-23.3673,-27.8153,4.448
-0.3634,-0.1051,0.4389,0.0086,0.4271,51.9152,46.5798,5.3354
-1.3698,-0.7839,-0.0196,-0.9208,0.4271,17.8231,18.1769,-0.3538
0.6037,0.9227,-0.1168,0.7249,0.4271,71.0186,69.2016,1.817
0.3701,1.1955,0.1799,0.1006,0.4271,65.0636,67.7096,-2.646
-1.6612,-1.1334,0.0923,-0.1118,0.4271,9.3433,17.6078,-8.2645
0.3183,0.1051,0.2345,0.9603,0.4271,60.4236,61.289,-0.8655
0.9974,0.6003,0.2565,0.736,0.4271,79.4559,72.7438,6.7121
-0.7579,-1.2733,0.0355,0.5129,-1.1097,8.6757,11.3603,-2.6846
0.4934,0.5273,0.6777,-0.1509,0.4271,60.8922,63.599,-2.7068
0.4025,0.4861,0.2053,-0.5725,0.4271,48.2558,55.597,-7.3413
0.9443,0.308,0.5477,0.1219,-0.8474,57.9211,51.7178,6.2034
-1.4718,-0.4251,-0.7176,-0.6389,-2.3842,-22.1263,-15.6914,-6.4349
-1.3806,0.0044,0.4278,-0.0441,0.4271,35.371,36.4608,-1.0898
1.3856,0.9775,0.8608,0.6738,0.4271,91.3255,85.3606,5.9649
-0.4121,-0.2269,-0.0592,0.0929,0.4271,39.3077,41.442,-2.1342
-0.5235,-0.5041,-1.0481,-0.8835,0.4271,9.3233,22.7369,-13.4136
-0.8359,-0.6804,-0.4964,-0.5832,-0.8474,3.8636,8.5974,-4.7338
1.0586,-0.6386,-0.1596,-0.6621,-2.3842,12.3499,13.1505,-0.8006
-0.481,0.499,0.215,-0.2504,0.4271,49.1252,48.5892,0.5359
-0.2141,0.3854,-0.5118,-0.218,0.4271,40.0979,44.8044,-4.7065
-0.3536,0.5704,-0.1115,0.0049,0.4271,44.5913,50.0201,-5.4288
-0.0097,0.356,0.4741,-0.6356,0.4271,48.5084,51.3467,-2.8382
0.3487,0.5419,0.4135,-0.3167,0.4271,62.0979,59.0275,3.0704
0.2161,0.732,0.2841,-0.8804,0.4271,52.0286,54.8302,-2.8015
-0.3791,0.2552,-1.9257,-0.5037,0.4271,26.8234,28.7095,-1.8861
0.6564,0.4932,-0.4596,0.2717,0.4271,58.3038,59.1495,-0.8458
-0.5654,-1.2404,-0.6527,0.4545,-2.3842,1.7652,-7.049,8.8142
0.4064,0.022,-0.076,0.0144,0.4271,55.3413,52.3348,3.0065
0.1809,1.5186,-0.5751,-0.0188,0.4271,59.6734,62.6778,-3.0044
1.4775,1.6988,0.1872,-0.1791,0.4271,78.4037,83.3455,-4.9418
-0.5741,-0.6066,-0.1876,0.0103,0.4271,29.3785,33.8748,-4.4963
0.1447,-0.6884,-0.5173,0.3531,0.4271,38.4458,40.5026,-2.0569
1.0189,1.5823,0.5682,0.0762,0.4271,79.4027,81.827,-2.4243
0.6725,0.8451,0.4518,-0.0284,0.4271,73.5601,68.2045,5.3556
0.8756,0.6074,0.491,1.0426,0.4271,75.6059,75.4538,0.1521
0.6757,0.5006,0.5249,0.0394,0.4271,59.1776,65.399,-6.2213
0.1654,-0.9298,0.3034,-1.2474,-2.3842,-1.1352,-0.2016,-0.9336
0.7697,0.661,0.1275,0.0822,0.4271,62.6467,65.4507,-2.804
1.2224,-0.3361,-0.1586,0.6754,0.4271,68.8945,61.0093,7.8852
0.81,0.4083,0.5255,-0.2025,0.4271,62.1729,64.1233,-1.9505
-0.1541,0.5405,0.205,0.4153,0.4271,60.728,57.1084,3.6196
-0.4096,0.0558,0.0461,0.4066,0.4271,46.2674,47.6382,-1.3709
0.4085,-0.3063,0.0125,-0.2426,0.4271,45.3076,47.5603,-2.2527
1.332,0.4948,0.4778,1.0919,0.4271,74.3847,79.3187,-4.9339
1.2411,0.5395,0.4078,-0.7304,0.4271,72.9978,65.6415,7.3564
1.0872,1.1079,0.1387,0.0259,0.4271,75.8912,73.5713,2.32
-0.1121,-0.2349,-0.6914,0.2004,0.4271,45.5105,40.4482,5.0623
0.065,0.5404,0.26,-0.1331,0.4271,59.1372,56.0658,3.0714
-1.1492,-0.5963,-0.6393,0.1288,-0.8474,10.948,10.0359,0.9121
1.4611,1.5476,-0.0412,0.2498,0.4271,73.6386,82.694,-9.0553
0.453,-1.1035,0.1882,-0.459,-2.3842,9.0534,5.5207,3.5327
-1.3422,-0.8928,0.0542,0.2167,-2.3842,-12.2702,-7.6779,-4.5923
-1.6679,-0.347,-0.2816,0.1606,-0.8474,6.7733,10.2541,-3.4807
-0.0984,-0.8548,0.372,-0.5045,-2.3842,-9.0941,3.5087,-12.6028
-0.6368,-0.834,0.4603,0.436,0.4271,47.8843,38.5892,9.2951
0.3192,-0.1314,-0.114,-0.1662,0.4271,41.8294,48.1283,-6.2989
1.036,0.8041,0.4888,-0.1559,0.4271,71.999,71.0361,0.9629
1.1477,1.5279,0.7508,0.0327,0.4271,85.1615,83.699,1.4625
1.1765,1.9015,0.3988,0.8139,0.4271,78.3638,90.9293,-12.5655
0.6442,-0.5818,-0.7262,0.3933,-1.1097,24.2154,27.4665,-3.251
-0.8055,-0.2479,0.9409,0.0272,0.4271,41.8109,44.228,-2.4172
-0.2086,0.3183,0.5883,-0.384,-0.8474,36.7372,36.2771,0.4602
1.194,0.8001,0.4971,0.3334,0.4271,65.9283,76.1493,-10.221
-1.0917,-0.5543,-2.7925,0.3152,0.4271,9.3543,10.9957,-1.6414
-0.4905,-1.2061,-0.5965,-0.2275,0.4271,18.4883,23.23,-4.7417
1.1806,0.3278,-0.1915,0.5289,0.4271,70.1365,66.7563,3.3802
-0.0444,0.2457,0.8678,-0.5977,0.4271,45.6622,53.0274,-7.3652
-1.424,-0.8361,0.1849,-0.6991,0.4271,22.5219,20.1228,2.3992
1.011,-0.0516,0.0769,0.0265,0.4271,62.5239,59.2462,3.2777
0.1908,-0.1696,0.3881,-0.0302,-0.8474,46.901,35.9902,10.9107
-1.5871,0.5359,0.2115,-0.6078,0.4271,38.5992,34.6423,3.957
-0.8835,-0.0576,1.0178,-0.1163,-0.8474,27.0419,29.9855,-2.9435
0.1161,-0.8754,0.2578,0.9262,0.4271,44.089,48.0403,-3.9513
0.6257,0.2632,-0.7927,-0.5731,0.4271,50.3131,47.7996,2.5134
-0.8285,-0.0204,0.4531,0.8354,0.4271,44.2884,48.4041,-4.1157
-0.6146,0.7993,0.4446,0.3065,0.4271,58.5191,56.1718,2.3473
-0.4286,-0.6366,1.0835,0.2361,0.4271,49.4884,46.445,3.0433
0.2881,-0.8344,0.7061,0.4324,0.4271,39.8477,50.361,-10.5133
0.1092,0.1808,0.4417,0.3077,0.4271,63.7468,56.9575,6.7892
1.0881,0.35,0.6479,-0.6398,0.4271,65.0249,64.3486,0.6762
-0.4542,-0.5869,-0.9863,-0.749,0.4271,26.7182,23.9577,2.7605
-0.1476,-0.6163,0.181,0.614,0.4271,44.4095,45.3677,-0.9582
0.8399,0.2929,0.1635,-0.5898,0.4271,60.5545,57.6677,2.8868
-0.3216,0.4123,-0.3045,-0.2734,0.4271,47.383,45.1663,2.2167
0.8023,-0.451,-0.0417,0.1767,0.4271,46.9942,52.6494,-5.6552
-0.9685,-0.1711,-0.3853,-0.5073,0.4271,37.6511,29.4276,8.2236
-0.3224,-0.4384,-0.2156,0.4691,0.4271,42.0015,41.4352,0.5663
0.4098,0.1871,-0.9238,-0.6392,0.4271,39.8575,43.1617,-3.3042
-0.6137,-1.4936,-1.3118,0.016,0.4271,10.3877,14.8668,-4.4791
1.4203,0.9202,0.0898,0.4085,0.4271,83.2337,77.3132,5.9205
0.5203,-0.339,-0.1766,0.8705,0.4271,63.4264,54.6727,8.7538
-0.6744,-0.5136,-0.1106,-0.9299,0.4271,28.3043,27.9025,0.4018
0.1274,-0.8587,0.3771,-0.2211,-0.8474,20.7142,26.1514,-5.4372
1.012,0.4828,0.3121,-0.0259,0.4271,74.532,66.7105,7.8215
0.0378,0.3798,-0.0144,-0.1052,0.4271,54.4084,52.0515,2.3569
-0.5804,-0.0672,-0.1737,-0.2157,0.4271,39.3887,38.4081,0.9806
-0.2903,-0.1627,0.5173,0.1025,0.4271,49.8526,47.9711,1.8816
0.0741,0.7888,0.2758,-0.4188,0.4271,57.8696,57.0917,0.778
-0.4429,-1.1877,0.0746,0.5697,-2.3842,-3.0386,1.2526,-4.2911
0.9287,-0.2023,0.6286,0.1096,0.4271,60.2529,61.4911,-1.2383
-0.6597,-0.3617,-0.4816,0.0133,0.4271,26.9521,33.4703,-6.5182
-0.1449,-0.6466,0.1889,-0.7099,0.4271,34.651,35.9139,-1.2629
0.739,1.1283,-0.7537,0.3165,0.4271,62.2542,65.2252,-2.9709
0.2998,0.7028,0.1528,0.0968,0.4271,60.8626,61.1816,-0.319
0.9499,0.2512,0.3973,0.3956,0.4271,68.7008,67.0262,1.6747
-0.025,0.387,0.2971,0.0576,0.4271,63.3553,54.9877,8.3675
-0.9852,-0.6603,-0.435,-0.0791,-2.3842,-10.4506,-7.0578,-3.3928
-0.0909,-0.3941,-0.9874,0.4962,0.4271,47.8913,38.6651,9.2263
-0.2088,-0.3228,0.4933,0.3457,0.4271,45.0969,48.5498,-3.453
0.5271,0.6007,-0.2507,0.2231,0.4271,62.1496,60.2424,1.9073
-0.7537,-0.662,0.506,-0.1209,0.4271,41.1055,35.7515,5.354
0.7568,-0.5663,0.452,-0.6145,0.4271,45.372,49.1655,-3.7934
1.1625,1.3186,0.7481,0.4571,0.4271,81.1974,84.4325,-3.2351
0.6574,0.3962,0.7572,0.3954,0.4271,65.5141,68.2906,-2.7765
-0.0858,-0.2603,0.1384,0.341,0.4271,53.5437,47.8064,5.7373
0.2848,0.1032,-0.0108,0.0726,0.4271,54.7883,52.8517,1.9367
0.4927,-0.7642,0.4647,0.3235,0.4271,49.778,50.7271,-0.949
0.303,0.3829,0.534,0.3415,0.4271,61.539,62.2526,-0.7136
1.6375,1.5188,0.2821,0.3865,0.4271,86.1584,87.6981,-1.5397
1.3822,0.5337,0.3282,-0.0976,0.4271,77.5293,70.8751,6.6542
0.5401,0.8067,0.0785,0.1392,0.4271,68.8234,64.6475,4.1759
-0.7345,0.3585,0.486,0.2328,0.4271,52.9331,49.7367,3.1964
0.8065,-0.4964,0.13,0.1821,0.4271,66.4646,53.5432,12.9214
1.2126,1.5083,-0.1126,0.4559,0.4271,78.2069,80.472,-2.2651
0.4607,0.2386,-0.1017,-0.5347,0.4271,53.7369,51.3379,2.399
1.1156,1.3061,0.8347,0.2873,0.4271,85.6306,83.2758,2.3548
0.775,0.4666,1.0739,0.2596,0.4271,70.8353,71.8339,-0.9987
-0.5845,0.1267,0.4214,-0.0015,0.4271,46.9647,46.6126,0.352
0.6062,-1.013,-0.2121,0.0634,-2.3842,12.7577,8.7314,4.0264
-0.0693,-0.0094,0.067,-0.9247,0.4271,42.1664,41.4579,0.7085
-0.4345,-0.7134,-0.0051,0.235,0.4271,34.6129,37.1345,-2.5216
0.3859,1.2961,0.0682,-0.1728,0.4271,62.9921,66.2494,-3.2573
1.2291,0.7103,-0.4921,0.8196,0.4271,74.6566,71.2845,3.3721
0.3478,-0.6362,-0.8186,0.4857,0.4271,40.2112,41.869,-1.6577
-0.23,0.1695,0.574,0.1214,0.4271,64.9828,52.919,12.0639
-1.1891,-0.8864,-0.1151,-0.0063,-0.8474,7.8544,9.4392,-1.5848
-0.0262,0.4181,-0.5897,-0.0725,0.4271,39.9454,47.5987,-7.6533
-0.3508,-0.8315,0.6057,-0.0399,-0.8474,21.9695,24.3507,-2.3812
-1.4685,-0.6615,0.0258,-0.7122,0.4271,22.3806,20.2938,2.0867
0.4928,-0.1931,-0.364,0.0292,0.4271,49.2689,48.7292,0.5396
-0.0393,0.7091,0.4409,0.1306,0.4271,70.9201,60.0708,10.8493
0.8447,0.3784,-0.5472,0.0317,0.4271,60.1337,57.5351,2.5986
1.4522,0.3262,0.3728,-0.003,0.4271,68.2927,70.2928,-2.0
-1.5877,-1.1867,-0.7547,-0.6386,-2.3842,-32.1802,-25.7812,-6.399
-0.2878,0.0499,0.6581,-0.4661,0.4271,56.0425,47.5193,8.5232
0.0361,0.6593,0.2507,-0.3458,0.4271,53.7919,55.5435,-1.7516
0.5391,0.0134,0.6289,-0.1195,0.4271,56.6288,58.1529,-1.5241
0.4255,-0.4758,0.0189,0.923,0.4271,44.345,53.9874,-9.6424
0.1638,1.1446,1.0218,0.6331,0.4271,70.4183,75.1054,-4.6871
-0.0507,-0.5134,-0.2483,0.453,0.4271,43.352,43.1394,0.2126
0.9445,-0.2518,-0.2104,-0.314,0.4271,61.048,51.7043,9.3437
-1.5184,-0.1968,0.3433,0.0717,0.4271,22.9981,32.8764,-9.8784
0.3341,-0.4112,-0.0352,0.1759,-0.8474,46.8374,32.985,13.8524
-0.3056,-0.042,-0.5058,-0.1146,0.4271,42.8705,39.784,3.0865
0.1561,1.3513,0.5972,-0.3934,0.4271,58.8552,66.9451,-8.0898
-0.5677,1.0498,-0.7169,0.1209,0.4271,50.99,49.2666,1.7234
-0.9379,-0.8112,0.4705,0.1357,0.4271,39.9761,33.6101,6.366
0.6416,0.9859,-0.8387,-0.3995,0.4271,47.1917,56.949,-9.7573
-1.7017,-0.6625,-0.3549,-0.0931,0.4271,15.0358,19.1586,-4.1228
-0.0458,0.4005,0.9134,-0.018,0.4271,51.1612,59.1325,-7.9713
0.8294,0.626,0.0622,-0.1521,0.4271,70.3501,63.5649,6.7853
1.0774,1.5198,0.3102,1.0926,0.4271,83.373,86.8324,-3.4594
1.0919,1.292,0.4655,0.8562,0.4271,77.1441,83.9771,-6.8329
-1.4715,-1.0156,0.1026,-1.2841,0.4271,7.7146,12.8959,-5.1813
-0.8708,-0.223,0.4888,-0.3613,0.4271,31.3318,37.6303,-6.2985
-1.3001,0.1625,0.7193,-0.4562,0.4271,30.7045,38.4799,-7.7754
1.2991,0.4722,0.4202,0.7098,0.4271,77.5124,75.6135,1.899
-0.1787,0.2594,0.2654,0.1819,0.4271,52.2622,52.5267,-0.2645
-0.3542,-0.8516,0.248,-0.6605,0.4271,25.9734,32.1649,-6.1915
1.1509,0.5501,0.3091,-0.1462,0.4271,70.0133,68.096,1.9174
-1.1043,0.1579,-0.6936,-0.3299,0.4271,25.6817,30.534,-4.8523
-1.6344,-1.0637,-0.6867,-0.4905,-2.3842,-20.9512,-23.3458,2.3946
0.3084,0.3407,-0.5371,0.2393,0.4271,53.5406,52.8853,0.6553
-0.4483,-1.1957,-0.3974,-0.4604,-0.8474,7.3804,8.57,-1.1895
1.75,1.206,1.0835,0.867,0.4271,99.1646,94.8919,4.2727
0.0978,0.148,0.6233,-0.0783,0.4271,61.8495,55.1812,6.6683
0.3642,-0.9502,0.8339,-0.2267,0.4271,44.8737,46.2745,-1.4008
1.1596,0.5386,-0.6453,1.2313,0.4271,72.7994,70.2924,2.5069
0.4464,0.026,0.4192,0.484,0.4271,55.6674,59.8825,-4.2151
0.2443,1.1491,-0.5359,-0.1748,0.4271,62.0261,58.4192,3.6069
1.134,-1.0184,-0.4593,0.3202,0.4271,49.2152,47.6079,1.6074
0.6254,0.1731,1.0835,0.3358,0.4271,79.0675,67.5359,11.5316
-0.1359,-0.7102,0.2041,-0.1185,0.4271,40.0976,39.5234,0.5742
0.4473,-0.0128,0.501,-0.7466,0.4271,50.928,51.5305,-0.6025
-0.2015,-0.5042,-0.1406,0.2393,0.4271,30.827,40.9705,-10.1435
-0.8965,-0.5334,0.5003,-0.1732,0.4271,33.7961,35.2594,-1.4633
0.8275,1.1983,0.3553,0.3749,0.4271,77.6048,75.898,1.7067
0.3744,-0.735,0.5119,0.2218,-0.8474,34.795,34.3023,0.4927
-0.5676,-0.4386,0.8732,-0.349,-2.3842,5.3999,8.0973,-2.6974
0.428,-1.4816,0.1289,0.4938,0.4271,39.879,40.567,-0.688
-0.4844,-0.4899,-0.4567,-0.2549,0.4271,37.17,32.2347,4.9353
-1.2076,0.0882,-0.7642,-0.0838,0.4271,35.2388,29.8095,5.4293
0.2932,-0.3078,0.5531,0.0079,0.4271,53.1858,52.2083,0.9775
-0.1042,-0.7074,-0.8826,0.4515,0.4271,35.9902,35.4956,0.4946
0.0357,-0.0442,0.2956,-0.0023,0.4271,50.0926,50.362,-0.2694
0.6915,-0.016,0.297,0.0594,0.4271,55.7351,58.1449,-2.4099
-0.5276,-0.3459,-0.9043,0.0348,0.4271,33.342,31.9617,1.3803
0.9911,0.9047,0.1665,1.2253,0.4271,76.9691,78.8087,-1.8396
-0.3973,-0.4133,-0.1709,-0.2367,0.4271,35.7409,36.3536,-0.6127
-0.3734,-1.3545,0.5378,-0.9327,-2.3842,-2.3077,-6.7576,4.4499
-1.7023,-0.9509,-0.4726,-0.1041,0.4271,12.2735,14.9271,-2.6536
0.9873,0.9415,-0.3699,0.3015,0.4271,71.2441,68.6326,2.6115
0.2036,0.4857,-0.1244,0.3977,0.4271,54.8206,57.6683,-2.8477
0.7256,0.7397,0.7121,-0.4711,0.4271,68.1339,66.5132,1.6206
-0.2446,-1.3995,-0.2441,-0.4114,-2.3842,-9.1716,-8.2766,-0.895
0.8059,-0.1819,0.6566,0.566,0.4271,68.9922,63.7929,5.1993
-0.7519,-0.5868,-0.5238,0.2269,-2.3842,-5.1012,-2.2884,-2.8128
-0.0661,-0.9726,-1.0358,-0.6694,0.4271,30.7998,23.9518,6.848
-0.2074,-0.3519,-0.942,0.1948,0.4271,30.9462,36.1457,-5.1995
-0.6007,-0.5614,0.4405,0.1989,-0.8474,22.9902,25.0994,-2.1093
-0.5037,-0.7624,-0.4743,-0.5265,-1.1097,5.4198,8.6812,-3.2613
0.96,-0.0055,0.115,0.3462,0.4271,58.0652,61.7322,-3.667
-0.7514,-0.798,-1.3573,-0.6169,-2.3842,-15.1534,-16.9345,1.7811
1.507,0.5813,0.9448,0.8533,0.4271,87.3842,84.1,3.2842
0.1361,0.0638,0.18,0.083,0.4271,66.0569,52.3553,13.7016
-1.5026,-1.3908,-0.456,-0.772,-2.3842,-23.3285,-25.7945,2.466
-0.0861,0.2256,-0.3349,-0.1543,0.4271,47.7684,46.1832,1.5853
-0.2911,0.5701,0.451,-0.4009,0.4271,58.8704,52.1921,6.6783
-0.6015,-0.378,0.7822,-0.233,-0.8474,23.773,26.7794,-3.0064
-0.904,-0.4276,-0.1016,-0.0806,0.4271,34.3848,32.3815,2.0033
-0.7853,-0.0651,0.1071,-0.6085,-0.8474,23.8756,20.5256,3.35
0.0286,0.1663,-0.0515,-0.0523,0.4271,41.5847,49.6359,-8.0512
0.8415,-0.0935,0.4609,-0.086,0.4271,61.9819,59.1316,2.8503
-0.9753,-0.1021,-0.5282,-0.6096,0.4271,38.2705,28.32,9.9505
0.0093,-1.0352,-0.0161,0.2887,-1.1097,22.9298,20.3016,2.6282
0.7563,0.6618,0.462,0.1315,0.4271,74.0058,68.2312,5.7746
-1.5774,-0.3286,0.6912,-1.1516,-2.3842,-10.2769,-8.4629,-1.814
-0.1278,-0.5827,-0.1441,0.7972,-2.3842,9.9184,11.3308,-1.4124
0.6828,0.7213,-0.1556,0.0627,0.4271,59.7482,62.8838,-3.1356
0.7747,1.0331,-0.1782,0.3014,0.4271,70.7842,68.8596,1.9247
-0.5743,-1.1583,0.4813,0.4585,-2.3842,11.2154,2.5311,8.6843
1.1735,0.0421,1.0835,0.1138,0.4271,67.0816,70.3919,-3.3103
1.2441,0.8067,1.0835,0.1374,0.4271,82.9553,79.9103,3.0451
-0.6739,-0.8642,0.0163,-0.2561,-2.3842,0.9067,-3.7748,4.6815
0.6712,0.5525,0.1423,0.4371,0.4271,70.7829,65.7551,5.0278
0.3147,1.4552,0.2664,-0.0808,0.4271,59.2013,69.441,-10.2397
1.2313,0.9984,0.6796,-0.4052,0.4271,72.7292,75.0484,-2.3192
-0.4406,-0.2149,-1.0375,0.4718,0.4271,50.4875,36.3789,14.1086
0.9951,0.7297,-0.0233,0.2296,0.4271,62.0299,68.5014,-6.4716
0.3082,-0.5289,0.3221,0.5227,0.4271,60.6074,51.6833,8.9241
1.1015,1.6192,0.3455,0.0271,0.4271,70.1301,81.0745,-10.9444
1.031,0.551,0.0591,-0.6794,0.4271,66.1982,61.1925,5.0058
-1.4012,0.0949,-0.0152,-0.4837,0.4271,32.0706,30.7939,1.2766
-0.6395,1.0111,-1.2053,-0.8845,0.4271,36.2373,37.314,-1.0767
-0.1191,0.4518,0.1767,-0.745,0.4271,41.0006,48.2034,-7.2028
-0.8514,-1.1585,-1.5434,-0.8352,-1.1097,-3.7107,-9.8688,6.1581
-1.8407,-0.6073,-0.5302,-0.6953,-0.8474,1.3184,-2.3861,3.7046
-0.1397,0.627,0.0446,0.157,0.4271,57.486,55.2056,2.2805
-0.4519,-0.0829,-0.5414,-0.748,0.4271,39.8692,33.0794,6.7898
-0.4803,-0.9283,-1.8615,0.6703,0.4271,32.9466,22.9709,9.9757
0.0884,0.1412,-0.248,0.1284,0.4271,46.8276,49.7382,-2.9106
-0.3392,0.2539,-0.006,-0.5445,0.4271,36.6898,43.609,-6.9192
0.3329,0.3883,-0.8781,-0.119,0.4271,52.7161,48.5684,4.1477
-0.9414,-0.4135,0.6845,-0.1035,-0.8474,18.8657,22.8871,-4.0214
0.1731,-0.379,0.2344,-0.0118,0.4271,36.8611,47.5315,-10.6704
0.0542,-0.38,0.6658,0.6284,0.4271,50.9008,54.0169,-3.1161
-0.19,0.7969,-1.0079,-0.1101,0.4271,56.8856,46.6244,10.2612
0.9044,0.6429,-0.4375,1.0678,0.4271,67.4916,69.1934,-1.7018
-1.4111,-1.0023,-0.7415,-0.1437,-0.8474,-1.7955,-0.0158,-1.7797
-0.1412,0.8491,0.2142,0.0182,0.4271,54.7518,58.0277,-3.2759
-1.0259,-0.3606,-0.5605,-0.5907,-1.1097,2.4129,6.4955,-4.0826
-0.6083,0.4172,-0.4226,-0.0817,0.4271,35.3335,42.5721,-7.2385
0.2804,-0.0129,0.5804,0.1406,0.4271,55.701,56.5194,-0.8184
0.6001,0.3034,0.1441,-0.0252,0.4271,61.3951,58.9923,2.4028
0.4371,-0.0236,-0.3617,-0.0217,-0.8474,31.2731,34.5599,-3.2868
1.3236,-0.293,-0.137,0.4808,-1.1097,41.0794,43.1352,-2.0558
0.3965,0.1962,-0.1527,-0.7249,0.4271,52.8636,48.4586,4.405
0.4243,-0.119,0.5223,-0.2919,0.4271,57.0651,53.4139,3.6512
1.1391,0.4949,0.557,1.1397,0.4271,73.9365,78.1945,-4.258
-0.5503,-0.0577,0.2249,-0.0044,0.4271,38.1387,43.3717,-5.233
0.2027,-0.7696,0.1533,-0.1797,0.4271,39.2186,41.6664,-2.4478
1.081,1.2267,-0.8667,0.1246,0.4271,71.1211,67.7913,3.3298
0.0954,-0.784,-0.2511,-0.3444,0.4271,28.1387,36.0985,-7.9598
0.0861,1.4978,0.2655,1.0946,0.4271,69.2134,75.634,-6.4206
0.6562,0.7013,-0.0739,0.0169,0.4271,73.7391,62.6825,11.0566
-0.6077,-0.8483,-1.0154,-0.4528,0.4271,20.2864,21.2093,-0.9229
1.1188,0.1495,-0.0979,0.3254,0.4271,59.3262,63.3947,-4.0685
-0.3779,0.2806,-1.9177,0.5975,-0.8474,19.1226,21.5837,-2.461
-0.621,-0.6405,0.4118,-1.0646,-0.8474,15.1801,14.99,0.1901
0.9357,1.2559,0.6815,0.3404,0.4271,80.6042,79.9743,0.6298
0.9612,1.1517,0.4745,0.1734,0.4271,65.2471,76.3224,-11.0753
-0.5258,-1.0231,-1.0185,0.0506,-0.8474,8.2717,8.4551,-0.1835
-0.682,-1.0231,0.0454,-0.4546,-2.3842,-3.5838,-6.8031,3.2193
1.427,1.1826,0.2031,0.1563,0.4271,78.4579,79.4537,-0.9958
0.8428,-0.2156,0.1649,-0.4423,0.4271,46.627,53.017,-6.39
0.0395,-1.2412,-0.1192,-0.3018,0.4271,31.938,31.6692,0.2688
-0.416,-0.3368,-0.6543,-0.7837,-2.3842,-8.97,-3.9063,-5.0637
1.5085,1.574,-0.0762,0.4865,0.4271,76.1656,84.8755,-8.7099
-1.2286,-1.4294,-0.5365,-0.1461,-2.3842,-18.9864,-19.5599,0.5735
-1.2326,-0.2195,0.3881,-0.0226,0.4271,32.6707,35.3724,-2.7017
0.6084,0.3845,0.3178,0.1504,0.4271,65.328,62.5507,2.7772
-1.5321,-1.4334,0.4639,-1.1027,-2.3842,-22.0701,-21.8099,-0.2602
0.0023,0.6316,-0.1221,0.2766,0.4271,60.0338,56.3289,3.7049
-1.276,-1.0254,-0.0282,-0.9513,-2.3842,-11.2806,-17.2122,5.9316
1.4307,1.7455,0.7639,0.479,0.4271,93.081,92.3806,0.7004
0.4021,-0.7063,0.4559,-0.1273,-2.3842,14.7642,13.8075,0.9567
-1.5838,-1.38,-0.0202,-0.6648,-2.3842,-22.9595,-22.4437,-0.5158
-1.4018,-1.3471,-0.2681,-0.3543,0.4271,8.774,13.5274,-4.7535
0.8349,0.0994,0.3299,-0.2152,0.4271,64.5702,59.3235,5.2467
0.9163,1.0547,0.4962,-0.1294,0.4271,64.1428,72.8133,-8.6704
0.6607,1.764,0.1902,-0.1313,0.4271,77.0623,75.6842,1.3781
1.3371,0.4829,-0.0135,0.4112,0.4271,78.6901,70.7284,7.9617
0.0022,0.4319,-0.1454,-0.0779,0.4271,53.945,51.4385,2.5065
1.1582,-0.019,0.5486,-0.0393,0.4271,70.8673,64.36,6.5073
0.2665,0.06,-0.3655,0.2858,0.4271,61.3427,50.9219,10.4208
-0.6428,-0.2188,-1.3642,-1.0606,0.4271,17.4769,21.0031,-3.5261
0.6678,0.3729,0.3331,0.2697,0.4271,61.5484,64.0041,-2.4557
-0.6686,-0.545,-1.6109,-0.3935,-2.3842,-9.7544,-13.6007,3.8463
1.352,1.3307,0.3258,0.4789,0.4271,88.9318,83.503,5.4288
0.6878,0.4951,0.4482,0.1797,0.4271,61.3602,65.8518,-4.4915
-0.5526,-1.2181,-0.2469,0.0423,-2.3842,-2.8795,-6.4048,3.5254
0.406,0.3186,0.1794,-0.2861,0.4271,57.0857,55.5425,1.5432
0.0045,0.5044,0.6769,0.3726,0.4271,59.1825,61.7368,-2.5542
-0.3089,0.4457,0.5135,-0.0869,0.4271,57.3439,53.2677,4.0762
1.0343,0.7139,0.4867,-0.16,0.4271,62.6909,69.9593,-7.2684
-0.5902,0.0549,-0.0241,0.0402,0.4271,45.5564,42.6061,2.9502
0.3145,-1.3714,0.2453,0.4593,-2.3842,11.5566,7.8476,3.709
-0.7594,-1.2566,-0.9427,-0.2328,-0.8474,2.1309,1.9396,0.1913
0.1988,-0.2869,1.0598,0.7366,0.4271,69.565,60.3953,9.1697
-0.1625,0.1321,0.5309,0.1568,0.4271,51.5521,53.1372,-1.5851
0.8883,-0.1604,0.0921,-0.3083,0.4271,50.3611,54.4963,-4.1352
1.1306,0.38,0.4508,0.4643,0.4271,64.1415,71.2995,-7.1581
-0.8039,-1.2585,-0.8331,0.3619,-2.3842,-10.2981,-11.8385,1.5404
0.2035,0.6814,0.2982,-0.5136,0.4271,61.2668,56.7846,4.4822
0.9239,0.8731,0.2152,0.0833,0.4271,73.9059,70.1693,3.7366
1.1959,1.2436,0.5136,0.9845,0.4271,84.7232,85.8079,-1.0847
-0.2985,-1.0662,-0.1527,-0.5058,-0.8474,7.362,13.1987,-5.8367
-0.8101,-0.7054,-0.9689,-0.6436,0.4271,15.3058,19.6781,-4.3722
0.2697,-0.4324,0.2609,0.089,-2.3842,16.6079,15.4713,1.1366
0.9134,1.0246,-0.0908,0.7297,0.4271,73.1478,73.8992,-0.7514
-0.4707,-1.4685,-0.19,0.1973,-2.3842,-7.6446,-6.8277,-0.8169
-1.9244,-0.2284,-0.3507,0.1191,0.4271,23.0697,23.1613,-0.0916
0.3522,0.3643,0.473,0.0509,0.4271,63.0383,60.0815,2.9568
-1.5907,0.1902,0.2012,0.2234,0.4271,36.666,36.4154,0.2506
0.5341,0.8208,0.4704,-0.0795,0.4271,69.0348,66.2363,2.7985
-0.3212,-0.2267,0.251,0.2363,0.4271,49.5435,45.8017,3.7418
0.1582,0.043,0.1361,0.1505,0.4271,47.2746,52.4896,-5.2151
0.4678,-0.1641,-0.7418,0.2039,-2.3842,6.0548,13.6963,-7.6415
1.2368,0.0199,0.2833,0.8283,0.4271,71.4792,69.6308,1.8484
-0.8419,-0.1085,0.701,-0.6985,-2.3842,11.553,5.1176,6.4354
-0.5293,-0.0133,-0.0478,-0.6041,0.4271,42.186,37.8311,4.3549
0.5573,-0.4331,-1.0278,0.0679,0.4271,41.5118,41.8837,-0.3718
0.8032,-0.708,0.8005,-0.9889,0.4271,41.93,48.1473,-6.2172
-0.6485,-0.505,-0.6273,-0.0199,-0.8474,17.5322,15.4864,2.0458
-0.2445,0.5315,-0.7616,-0.2376,0.4271,38.1895,44.064,-5.8745
1.612,1.1304,0.5215,0.3875,0.4271,89.9905,84.9069,5.0836
1.2817,1.4398,0.0411,-0.1732,0.4271,74.3641,77.2517,-2.8877
0.8291,0.2184,0.2721,-0.1745,0.4271,60.4047,60.4376,-0.0329
0.0669,-0.1818,-0.0451,-0.2917,-2.3842,6.9283,11.1173,-4.189
-0.9132,-1.073,-0.0134,-0.2631,0.4271,26.1128,24.4362,1.6766
0.7343,0.3143,0.5787,0.2937,0.4271,69.6706,66.1125,3.5581
-0.7278,-0.9219,-0.0898,-0.4045,0.4271,29.6838,26.5515,3.1323
-1.4983,-1.0518,-1.1072,0.0412,0.4271,12.1023,12.107,-0.0047
0.6182,-0.1027,0.0593,0.0752,0.4271,50.327,54.6656,-4.3387
-1.3608,-0.4251,0.119,-0.5503,0.4271,25.1708,25.9496,-0.7788
0.2322,-0.8829,-0.0941,-0.045,-2.3842,9.3858,6.3415,3.0443
-0.7268,-0.3493,-0.7189,-0.2957,-0.8474,8.9857,13.7758,-4.79
-0.8748,-0.4098,-1.0242,-0.3015,-2.3842,-6.9247,-9.1367,2.212
0.1727,-0.1952,-0.6024,-0.6271,0.4271,28.909,38.8803,-9.9713
0.4084,1.9856,-0.5241,0.6901,0.4271,82.0675,75.6863,6.3812
0.6435,0.595,-0.1807,-0.6478,0.4271,58.5416,55.9111,2.6305
0.5883,-1.1614,0.3494,-0.0336,0.4271,40.7951,43.9164,-3.1213
0.8945,1.5342,0.3031,0.3963,0.4271,83.3545,80.1401,3.2144
1.1088,0.9842,-0.12,0.0869,0.4271,69.8263,70.8456,-1.0193
1.4317,0.6868,0.1565,0.6414,0.4271,81.4493,76.9433,4.506
-0.7229,-0.4786,0.9213,-0.605,0.4271,36.8897,37.9735,-1.0839
-0.1234,-0.6757,0.1097,-0.4488,0.4271,33.1514,37.0224,-3.8711
-1.2237,-1.289,0.5804,0.0267,0.4271,18.4749,25.2646,-6.7896
0.2667,0.9457,-0.4732,0.1513,0.4271,65.3316,59.1207,6.2109
0.7512,0.4715,0.529,-0.3959,0.4271,56.0793,62.8866,-6.8073
-0.5909,-0.5014,-0.1185,0.088,0.4271,42.6096,35.9495,6.6601
0.4379,-0.8247,-0.3705,-0.0738,0.4271,27.1866,40.2726,-13.086
-0.4183,-0.6487,0.5571,-0.3298,0.4271,43.8273,38.435,5.3923
0.3203,-0.6913,-0.5941,0.605,0.4271,52.8266,43.5114,9.3152
-0.2582,-0.5162,-0.3728,-0.5782,0.4271,35.4332,32.7599,2.6733
-0.3782,-0.3088,0.3666,0.2947,0.4271,38.0954,45.562,-7.4666
0.0859,-1.5007,0.9502,0.1776,0.4271,34.6718,40.8087,-6.1369
-1.2527,-1.067,0.7354,0.4133,-2.3842,-3.5501,-2.0703,-1.4799
-1.6318,-1.0768,-0.2639,0.1806,-2.3842,-13.2467,-15.5466,2.2999
1.2965,0.394,0.7007,0.2598,0.4271,73.3664,73.7354,-0.369
-0.2725,-0.1298,-0.619,0.4001,0.4271,41.4736,41.8579,-0.3843
-0.5525,-0.265,0.6183,0.4748,0.4271,49.9944,47.3764,2.618
0.6444,1.2202,0.2376,0.1951,0.4271,68.8452,72.0267,-3.1815
-0.4179,-0.8096,0.2609,0.2656,0.4271,31.2858,38.4905,-7.2047
1.0734,1.1219,0.1007,0.5058,0.4271,80.0549,76.6235,3.4314
-0.2841,-0.0835,0.3091,0.0588,0.4271,55.0425,47.0221,8.0205
0.8305,-0.5401,0.4204,0.2377,0.4271,58.8066,55.9287,2.8779
1.0279,1.0933,-0.0653,0.9851,0.4271,83.3045,77.8694,5.435
-0.2198,1.0687,0.0162,-0.6998,0.4271,65.0704,53.1413,11.929
0.6512,0.5659,0.7895,0.5935,0.4271,77.4183,71.7579,5.6604
0.2363,0.5147,0.5291,-0.1744,0.4271,58.8209,59.3956,-0.5747
-0.324,-0.896,0.3596,0.4324,0.4271,39.0564,40.4438,-1.3874
-0.6125,-0.7842,0.5617,-0.4523,-0.8474,17.4437,18.8734,-1.4297
-0.8277,0.6945,0.131,-0.6337,0.4271,50.4734,43.7628,6.7106
-0.2341,-0.9129,-0.3457,0.0713,0.4271,35.8958,33.2799,2.6159
1.2281,1.1671,0.6663,0.8366,0.4271,77.5546,85.4409,-7.8863
0.259,-0.8502,-0.0981,0.2843,-0.8474,24.4577,27.513,-3.0552
-0.5622,-0.7775,0.3023,-0.6127,0.4271,42.8007,31.5178,11.283
-0.5555,-0.6432,-0.843,-0.795,0.4271,14.4729,23.0215,-8.5487
1.2307,0.024,-0.0686,0.1046,0.4271,71.8992,61.8737,10.0255
0.4148,0.0716,-0.2356,0.2061,0.4271,58.194,53.0872,5.1068
0.4108,0.7356,0.0478,0.1972,0.4271,65.445,62.6304,2.8145
0.0558,0.1425,0.4714,-0.5099,0.4271,56.1168,50.5013,5.6155
0.3907,-0.8652,-0.0656,0.1927,0.4271,34.8064,43.5093,-8.7029
0.2451,0.0914,-0.6451,-0.9789,0.4271,40.8852,40.1054,0.7797
-0.2784,-0.5971,-0.0644,-0.214,0.4271,31.4049,36.5384,-5.1335
0.2906,-0.5095,0.5733,-0.7776,0.4271,48.798,44.6078,4.1902
1.0059,0.5321,0.1133,-0.0548,0.4271,67.2491,65.4696,1.7795
0.0212,0.8334,0.0812,0.271,0.4271,56.8037,60.3254,-3.5217
0.0647,0.526,0.529,0.1779,0.4271,72.6469,60.1326,12.5143
0.2802,-0.5003,-0.4735,-0.632,0.4271,32.8651,37.5594,-4.6943
-0.6875,-0.9551,-0.9958,-0.0036,-0.8474,7.9665,7.2851,0.6814
-0.1662,-0.3546,0.5597,-0.003,0.4271,48.2284,46.7345,1.4938
-0.3409,0.2921,0.0868,0.1261,0.4271,49.7909,49.3958,0.3952
-0.0603,0.1232,-0.9466,0.3298,0.4271,47.6415,43.9678,3.6737
-0.1526,0.2376,-0.205,-0.0956,0.4271,42.0345,47.0135,-4.979
0.9705,0.7978,0.7603,-0.4944,0.4271,69.6148,69.9999,-0.3851
1.1434,0.816,-0.7129,-0.1186,0.4271,64.514,63.3349,1.179
0.7025,-0.6843,0.2906,0.7457,0.4271,50.0809,55.4691,-5.3882
-1.0365,-0.8598,-0.2875,-1.2263,-2.3842,-14.5838,-16.6908,2.107
-0.2779,0.176,0.3784,0.4575,0.4271,54.8577,53.311,1.5467
0.9898,1.2781,0.2082,0.0569,0.4271,72.3776,75.1922,-2.8147
-0.5378,-1.079,-1.0311,0.2707,0.4271,16.817,24.2718,-7.4547
0.5552,1.7251,0.335,-0.2648,0.4271,75.7711,74.3005,1.4706
-0.0535,-0.3972,0.0069,0.2099,0.4271,46.1174,44.6911,1.4263
0.2275,0.899,0.535,-0.1772,0.4271,65.1645,63.6488,1.5156
-0.1578,-0.4752,0.33,-0.2367,0.4271,34.1423,42.0772,-7.9349
-0.7298,-0.847,0.4257,0.1476,0.4271,31.0092,35.1757,-4.1665
0.6399,0.8705,-0.1798,0.4234,0.4271,69.6697,66.4227,3.2469
-0.6248,0.4335,-0.8259,0.2423,0.4271,44.6391,41.7285,2.9106
-0.9006,-0.7444,0.1348,-0.1991,-2.3842,-3.3794,-3.5485,0.1691
-1.9244,-0.7091,-0.5132,-0.4088,0.4271,10.9019,12.8365,-1.9346
-1.4844,-1.0099,0.0126,-0.0283,-2.3842,-19.2499,-12.5411,-6.7088
-0.3257,0.4218,-1.9039,0.1503,0.4271,52.2175,35.8684,16.3491
0.5884,-0.3893,0.0538,0.1641,0.4271,58.1191,51.698,6.4211
0.2481,-0.8634,0.3588,-0.2535,-0.8474,20.4101,27.0249,-6.6148
-0.1672,-0.0895,0.3096,-0.7228,0.4271,41.4214,42.779,-1.3575
1.4785,2.2995,0.1008,0.4288,0.4271,82.1215,93.6718,-11.5504
0.6047,-0.2045,0.7963,0.3909,0.4271,65.3679,61.2417,4.1262
0.4933,-0.1763,0.6092,0.0678,0.4271,54.6035,56.6796,-2.0761
0.3257,-0.5539,-0.4734,0.7091,0.4271,40.2498,46.7657,-6.5159
0.6237,0.5152,0.7462,-0.3122,0.4271,66.2822,64.2641,2.0181
-1.2829,-1.4623,0.4931,-0.7009,-0.8474,1.4783,1.8109,-0.3326
-0.6373,0.7843,-0.0296,0.1099,0.4271,61.0198,50.7467,10.2731
-1.9244,-0.7209,-0.3524,0.4307,0.4271,18.9884,19.7765,-0.7881
-0.7751,-0.6327,0.2069,0.4762,0.4271,40.3599,37.7007,2.6592
0.3882,-0.3131,0.6304,-0.0364,0.4271,49.6193,53.4523,-3.833
-1.5022,-1.1013,-1.1548,-0.3591,-2.3842,-17.2633,-25.0401,7.7768
-0.757,-1.4757,-0.0364,-0.2583,-0.8474,1.299,6.2964,-4.9974
-0.9575,-1.0383,0.9188,0.0374,-2.3842,-1.6102,0.2137,-1.8238
1.0551,-0.0779,0.2394,-0.6529,0.4271,58.1764,55.9486,2.2277
1.1581,0.8099,-0.0116,0.0814,0.4271,75.7629,70.2091,5.5538
1.3714,1.6372,0.5463,0.5208,0.4271,84.5777,89.1442,-4.5665
0.71,1.1966,1.0616,0.6525,0.4271,82.161,81.9835,0.1775
-1.1997,-0.4115,0.166,-0.1416,0.4271,28.7532,31.0293,-2.2761
-0.6504,0.2093,-0.5424,-0.0386,0.4271,43.7116,39.1617,4.5499
0.4516,1.2634,-0.4332,0.8631,0.4271,75.5537,69.9296,5.6241
-0.1406,-0.9747,0.6732,0.0523,-0.8474,24.6538,26.1535,-1.4996
-0.4578,-0.8206,-0.5328,0.2144,-0.8474,9.2576,16.3352,-7.0776
0.4099,-1.0228,0.1748,-0.1078,-1.1097,21.488,23.4454,-1.9574
-0.3515,-0.8296,0.5391,-0.6981,0.4271,30.9985,34.4196,-3.4211
0.4713,-0.6339,0.2266,0.0722,0.4271,41.2983,48.3852,-7.0868
-0.2574,0.0951,-0.454,0.3622,0.4271,41.5202,45.5547,-4.0344
0.4692,0.4955,0.6236,0.1456,0.4271,60.3977,64.6272,-4.2295
-0.2925,-0.6301,-1.2217,-0.339,0.4271,27.2298,26.243,0.9868
0.9968,1.4579,0.2212,0.4744,0.4271,77.1834,80.2907,-3.1073
-0.5448,-0.0288,-0.8782,-0.2574,0.4271,28.3596,33.5122,-5.1526
-0.2822,0.2385,0.4701,-0.7245,0.4271,40.6053,46.4566,-5.8513
0.4031,-0.1201,-1.2826,0.1408,0.4271,40.2853,42.2974,-2.0122
0.6721,0.9532,0.5826,0.726,0.4271,86.1019,75.6665,10.4354
-0.3241,0.7625,0.4693,-0.2228,0.4271,44.9791,55.3819,-10.4028
-0.2326,0.3518,0.1865,-0.0864,0.4271,60.5785,50.5164,10.0621
1.2457,0.6809,0.7931,0.0541,0.4271,75.4315,75.6983,-0.2668
0.8054,0.2831,0.0155,0.1435,0.4271,64.0704,61.1477,2.9227
0.7499,1.7665,-0.1257,-0.2779,0.4271,66.2487,73.217,-6.9683
-0.2275,-0.3856,-0.7311,-1.1063,-0.8474,14.0361,12.9884,1.0477
-1.7647,-1.444,-1.3092,-0.6912,-0.8474,-14.865,-16.9449,2.0798
0.8452,1.4863,-0.5243,-0.2416,0.4271,59.999,68.2731,-8.2742
-0.529,-1.562,0.5978,-0.1597,-2.3842,-6.6726,-4.9235,-1.749
-0.4345,-0.2088,0.0991,-0.0762,0.4271,41.8982,41.4477,0.4505
1.4747,0.6257,0.3017,-0.1566,0.4271,71.4355,72.2866,-0.851
0.149,0.9544,-0.4276,0.2156,0.4271,60.8643,58.7554,2.1088
-1.2354,-0.2116,0.4876,-0.3481,0.4271,36.812,33.9336,2.8783
0.11,-0.1523,0.2875,-0.0273,0.4271,43.6744,49.7058,-6.0314
-1.7599,-1.1042,-0.6207,-0.5163,0.4271,10.5514,8.5814,1.97
1.1887,0.3065,0.4536,-0.1214,0.4271,65.7309,67.0464,-1.3155
0.4135,-0.0134,0.7465,0.3594,0.4271,70.7895,60.7384,10.0511
0.2134,0.598,-0.5569,-0.729,0.4271,56.759,47.8778,8.8812
0.6637,1.2106,0.4765,-0.0086,0.4271,58.7225,72.5481,-13.8256
1.5337,1.2346,0.0657,0.0463,0.4271,82.0686,79.3596,2.709
-0.3405,-0.4167,0.507,0.1212,0.4271,56.8982,44.628,12.2702
0.6712,0.5518,0.5127,-0.0703,0.4271,73.0173,65.0704,7.9469
-0.2839,0.1689,0.3705,0.135,0.4271,48.9519,50.864,-1.9121
-0.4501,-0.2477,-0.2419,-0.7313,0.4271,40.0505,33.6662,6.3843
0.2407,0.1897,-0.9644,0.8276,0.4271,51.1487,51.2633,-0.1146
-0.3134,1.1067,-0.8516,0.069,0.4271,53.0964,51.2326,1.8638
0.4949,0.6428,0.4531,-0.0961,0.4271,58.4502,63.5661,-5.1159
-1.2246,-0.8775,-1.3895,0.0315,0.4271,20.6862,14.7598,5.9264
-1.272,-0.9074,-0.9829,-0.7993,-2.3842,-20.3927,-22.1306,1.7378
-0.5462,1.0269,-0.1696,-0.0026,0.4271,41.7716,52.5907,-10.8191
-0.1027,0.4225,-0.3433,0.1509,0.4271,51.102,50.276,0.826
0.5594,-0.6288,0.1104,-0.6291,0.4271,43.0782,43.618,-0.5398
-0.2664,-0.5355,-1.5439,-0.9079,0.4271,20.5388,21.1537,-0.6149
0.1514,-0.0028,0.2657,0.7275,0.4271,58.7618,56.9096,1.8523
-1.8877,-1.615,-0.7088,-0.6137,-2.3842,-33.4411,-33.2848,-0.1563
-1.2477,-0.0022,-0.4279,-0.863,0.4271,15.5433,25.5356,-9.9923
0.4056,1.0916,0.2943,0.7286,0.4271,77.3058,72.1679,5.1379
1.0993,0.4495,0.0759,0.2831,-0.8474,47.7426,52.4605,-4.7179
-0.5197,-0.813,-1.0557,-0.0602,0.4271,27.6917,24.9682,2.7235
0.7231,-0.7375,0.2413,0.0817,0.4271,49.215,50.0964,-0.8815
-0.7801,0.0784,0.7397,-0.0596,0.4271,43.3926,46.0183,-2.6257
-1.6628,-1.4463,-1.6859,0.032,-1.1097,-15.3567,-16.8667,1.51
-0.0735,-0.671,0.3347,0.4511,0.4271,47.6441,45.5959,2.0482
1.2526,1.0642,-0.5485,0.3644,0.4271,67.3624,71.9186,-4.5562
-0.1822,-0.7647,-0.7054,0.481,0.4271,29.1923,35.5834,-6.3911
0.2296,-1.4122,-0.4504,-0.0041,-2.3842,-8.9676,-2.096,-6.8716
0.6216,0.3356,0.2928,0.2521,0.4271,65.4569,62.6567,2.8002
-0.1226,0.2864,0.9613,-0.0199,0.4271,57.2624,57.382,-0.1197
-0.2575,-0.6711,0.3062,0.9592,0.4271,55.4314,46.9361,8.4954
1.0337,0.7417,0.6231,0.5857,0.4271,66.1499,76.4985,-10.3486
0.0926,-0.0013,0.0964,0.3351,0.4271,49.091,52.2656,-3.1746
-0.6737,-0.6676,0.1579,-0.4759,0.4271,34.8995,31.3998,3.4998
0.7649,2.0572,-0.1857,0.8061,0.4271,84.0539,83.7203,0.3336
-1.099,-0.6344,0.4639,-0.4822,-2.3842,-11.9083,-3.8723,-8.036
-0.6025,-0.4387,-0.3963,0.1014,0.4271,40.9896,34.4859,6.5037
-0.2685,0.7841,-0.3012,0.6203,0.4271,58.9886,56.1525,2.8362
0.1001,-0.2876,-0.7812,-0.569,0.4271,27.9773,36.091,-8.1138
-0.9891,-1.2554,-0.5958,-0.0516,-0.8474,6.8359,3.4209,3.415
1.2444,1.6549,0.8355,0.6751,0.4271,88.59,91.2787,-2.6887
-1.7942,-1.1501,-2.0095,0.2726,-2.3842,-31.528,-30.9018,-0.6263
-0.081,-0.1063,0.3487,-0.0244,0.4271,46.1014,48.6676,-2.5662
0.5646,-0.6346,0.047,-1.0804,-0.8474,19.7206,24.8413,-5.1208
1.4953,0.2433,0.7027,0.1333,0.4271,79.8726,73.3077,6.5649
1.126,0.4195,0.1437,0.0638,0.4271,66.3269,66.5471,-0.2202
0.9975,1.5411,0.047,0.1555,0.4271,83.7283,77.6773,6.051
0.1062,0.5029,-0.961,0.2321,0.4271,45.9707,49.2307,-3.26
-0.4507,0.4704,1.0316,0.1231,0.4271,53.2157,57.4715,-4.2558
-0.1841,0.2618,-0.14,-0.4703,0.4271,42.4491,44.843,-2.3939
0.1146,0.3469,-0.8459,0.5885,0.4271,48.9695,50.9294,-1.9598
-0.5185,-0.8598,-0.4187,0.2658,0.4271,37.0939,31.621,5.4728
0.4803,0.7161,1.0813,0.3947,0.4271,75.8228,72.4791,3.3436
-0.7514,0.8577,0.8472,-0.164,0.4271,56.841,55.19,1.651
0.1885,0.0032,-0.2918,0.1367,0.4271,44.2712,48.9791,-4.708
-1.204,-0.5706,0.0075,-0.3678,-2.3842,-7.8602,-6.9962,-0.8641
0.6201,1.1226,0.5625,-0.1206,0.4271,74.4006,70.9742,3.4264
-0.3083,-0.3123,0.4072,0.3566,0.4271,45.4855,47.0137,-1.5283
0.7511,0.4742,0.6361,0.1129,0.4271,66.7737,67.2763,-0.5026
-1.2493,-1.3677,-0.233,-0.0521,-2.3842,-19.1844,-16.1006,-3.0838
0.0835,-1.2641,-0.2309,0.4771,-2.3842,3.1312,3.0391,0.0921
0.0533,0.4628,-0.5159,0.3604,0.4271,53.3498,52.5294,0.8204
-0.0317,-0.685,-0.3702,0.1177,-0.8474,17.6097,23.0043,-5.3945
-0.2168,-0.3056,0.4186,0.4531,0.4271,52.7278,48.8294,3.8984
-0.3757,0.2342,0.1254,-0.054,0.4271,50.3655,47.4147,2.9508
-0.7309,-0.4016,-0.6215,0.2338,0.4271,32.9402,32.7153,0.2249
0.1663,-0.2753,0.2688,0.3871,0.4271,50.723,51.6626,-0.9396
-0.4711,-0.4635,-0.4494,-0.0043,0.4271,28.9329,34.4723,-5.5394
0.498,0.1495,0.471,0.4763,0.4271,63.4924,62.1687,1.3236
-0.7087,0.4477,-0.0162,-0.0341,0.4271,49.3961,45.2972,4.0989
-0.6474,-0.3185,-0.4793,-0.0469,0.4271,31.4732,33.6863,-2.2131
-0.488,-0.3557,0.1887,-0.4283,0.4271,43.1659,37.4644,5.7016
-1.4687,-0.957,-0.3975,-1.0935,-0.8474,-2.8176,-4.0781,1.2605
1.4539,0.5542,-0.0901,0.145,0.4271,74.895,70.342,4.553
0.4026,-0.7741,0.4062,-0.3769,0.4271,48.7972,44.3322,4.4649
-1.774,-0.5621,-1.3215,-1.1956,-0.8474,-7.1544,-10.7275,3.5732
-1.6877,-0.9159,-0.1888,0.0648,-0.8474,-2.9315,3.6932,-6.6248
-0.715,-0.8285,-0.4297,-0.4538,-2.3842,-13.5424,-8.6187,-4.9237
-1.1138,-0.829,0.1924,-0.4335,-2.3842,-9.5288,-7.9689,-1.5599
-1.4931,-0.8078,0.146,0.0067,-2.3842,-8.0537,-9.0922,1.0384
-1.3756,-0.7451,0.2565,0.1151,0.4271,24.058,27.8758,-3.8178
-0.3016,-0.8803,-0.682,0.8356,0.4271,36.4559,35.6489,0.807
0.6324,0.7461,0.3908,-0.2452,0.4271,66.6217,64.6857,1.936
-1.5777,-1.0788,-0.2163,-0.5083,0.4271,13.2751,13.9858,-0.7107
-0.8963,0.3413,-0.3642,-0.5575,0.4271,43.9536,35.7756,8.178
-0.2077,-1.08,-0.8505,0.1476,-1.1097,8.3614,10.0735,-1.7121
1.2086,0.9417,0.308,0.0121,0.4271,75.699,74.2093,1.4897
0.411,0.1261,0.266,0.4849,0.4271,58.9537,59.4553,-0.5016
-1.3788,-0.3509,-0.362,-0.9941,0.4271,28.0879,19.8045,8.2834
1.0372,0.8322,-0.492,0.8547,0.4271,66.4957,70.8439,-4.3482
0.6621,1.8622,-0.3835,0.2624,0.4271,67.8845,75.1251,-7.2406
-0.4105,1.1685,0.1222,0.0757,0.4271,53.0102,58.4268,-5.4166
-0.2913,0.8799,0.0412,-0.505,0.4271,48.5065,51.7979,-3.2914
0.831,1.037,0.2995,-0.2013,0.4271,67.2361,69.6881,-2.452
0.2951,0.4005,0.1355,0.9263,0.4271,68.5746,63.365,5.2096
-0.1033,-0.2001,-0.1942,0.3255,-0.8474,23.5915,30.4891,-6.8976
0.1396,0.3359,0.1564,-0.2477,0.4271,52.9661,52.9727,-0.0066
0.4588,-0.2949,0.6203,0.4986,0.4271,62.3032,58.0557,4.2475
0.0965,-0.2039,0.4937,0.1494,0.4271,51.6261,51.7955,-0.1694
-0.5434,-1.622,0.2735,0.2736,-2.3842,-6.8994,-5.2363,-1.6631
0.8155,-0.744,0.1381,0.143,0.4271,52.1155,50.6458,1.4697
-1.1588,-0.5816,-0.6096,-1.096,0.4271,16.3016,16.9545,-0.6529
0.5678,0.2678,-0.2498,-0.1701,0.4271,54.7026,54.2081,0.4945
-0.5568,-0.3337,0.3484,0.3448,0.4271,45.9536,43.5761,2.3775
0.6492,1.5421,0.2853,0.0357,0.4271,71.2268,74.9578,-3.731
-0.516,-1.3912,-1.2585,-0.4788,-2.3842,-18.2533,-19.3636,1.1104
0.9677,-0.572,-0.4892,-0.0651,0.4271,50.7985,47.9378,2.8608
-1.8411,-0.7261,-0.8757,-0.4947,-0.8474,2.1404,-4.9894,7.1298
0.9654,0.2826,-0.1101,0.8885,0.4271,65.4961,67.0677,-1.5716
0.5889,0.8701,0.1643,0.0161,0.4271,69.628,65.6872,3.9408
0.089,0.2095,-0.2853,-0.1817,0.4271,47.2748,48.0691,-0.7943
0.9693,0.2918,0.4191,0.2743,0.4271,72.4908,67.0149,5.4759
-0.5499,-0.0704,-0.5456,0.122,0.4271,44.4385,38.1849,6.2536
1.111,1.2554,-0.8657,0.4959,0.4271,70.8086,71.024,-0.2154
-1.5627,-1.4073,-0.3443,-0.9443,-2.3842,-28.2226,-26.961,-1.2617
0.1054,1.2522,0.7571,0.0936,0.4271,70.1933,69.9033,0.29
-0.6586,-0.2414,-0.9054,-1.1258,0.4271,30.5691,23.6566,6.9125
-0.3664,-0.0607,-0.0277,-0.1142,0.4271,31.1884,42.6024,-11.4141
-0.4143,0.5196,1.0835,-0.1489,0.4271,54.3743,56.9235,-2.5491
1.5189,0.5572,-0.6133,0.3028,0.4271,69.372,68.1432,1.2288
-0.1322,-0.5766,-0.0621,-0.6145,-0.8474,22.58,20.4281,2.152
-0.6838,-1.0049,-0.5918,0.1294,-2.3842,5.7074,-7.461,13.1684
0.9069,0.7427,-0.3076,0.3464,0.4271,67.1265,66.3283,0.7983
0.6951,-0.6032,-0.0926,-0.0337,-2.3842,12.1766,14.5364,-2.3599
-0.2938,0.9298,-0.0322,-0.7123,0.4271,43.859,50.3275,-6.4685
0.9185,1.2268,0.6744,0.4787,0.4271,77.4378,80.3695,-2.9317
-1.4105,-1.0412,0.1469,0.0141,0.4271,22.4426,22.6268,-0.1842
0.3825,0.8499,0.7813,-0.3761,0.4271,65.4208,65.2686,0.1522
-0.4111,-1.1094,-0.0729,-0.5122,-1.1097,13.6153,8.9602,4.6552
-1.5478,-0.2206,0.6605,-0.1113,0.4271,37.9358,33.4628,4.473
0.0242,-1.2211,0.2113,-0.5961,0.4271,34.3873,32.2283,2.1589
0.3804,-0.0744,-0.3985,-0.4121,0.4271,44.6065,45.5265,-0.92
-0.6546,-0.8055,0.3757,0.3594,-0.8474,24.7374,22.3956,2.3418
0.914,1.176,0.7108,1.2772,0.4271,82.6615,85.5795,-2.918
0.5543,0.1778,0.6539,0.337,0.4271,70.4597,63.5287,6.931
1.172,0.2938,0.8672,0.3287,0.4271,80.3528,73.0355,7.3172
-0.4365,-1.3108,0.4515,-0.0502,0.4271,24.498,31.9262,-7.4281
-1.0535,-0.2865,-0.7961,0.1625,0.4271,39.3021,28.7132,10.5888
-0.9555,0.0292,0.5378,0.2995,0.4271,45.269,44.5275,0.7416
-1.5657,-0.7294,0.544,-1.1695,-2.3842,-8.0791,-14.1022,6.0231
0.6254,1.2457,-0.3181,0.1911,0.4271,66.9773,67.8072,-0.8299
0.5748,-0.4401,-0.0298,1.0495,0.4271,51.4986,56.4941,-4.9955
-0.3701,-1.4075,0.5614,0.1755,-0.8474,19.4779,18.8234,0.6545
-1.474,-0.6975,0.336,-0.9763,0.4271,15.9261,20.3813,-4.4552
0.3474,-0.367,-0.0056,-0.6943,0.4271,35.5156,42.9439,-7.4283
1.3996,0.383,0.6847,0.0439,0.4271,73.2712,73.0929,0.1782
0.2836,0.0276,0.5097,-0.0712,0.4271,57.9456,54.9931,2.9526
-1.5373,0.2409,0.0116,0.1379,0.4271,36.669,35.504,1.165
-0.3777,-0.8526,-0.0296,-0.1975,-2.3842,-0.0031,-0.4149,0.4117
1.0852,0.6398,0.0549,-0.1403,0.4271,69.988,66.4857,3.5024
0.5981,0.244,0.5578,0.0251,0.4271,62.4317,61.8347,0.597
-1.461,-1.5774,-1.5206,-0.5895,-2.3842,-29.7079,-34.3674,4.6595
-0.9645,-0.3391,0.4736,-0.8022,0.4271,24.0497,32.1388,-8.0892
0.4629,-0.0242,-0.2808,-0.0007,0.4271,53.2622,50.7405,2.5217
-0.4239,-0.6609,-0.5616,0.6418,0.4271,43.5153,36.3853,7.13
-1.4587,-0.7344,-0.7139,-0.6898,-2.3842,-24.4933,-19.3552,-5.1381
-0.2856,0.3541,0.2428,-0.5192,-0.8474,34.912,32.2566,2.6554
0.2678,-0.8861,-0.1584,0.0834,0.4271,37.6313,40.4846,-2.8532
0.195,-0.7686,0.7912,0.3146,0.4271,51.3145,49.938,1.3766
0.1694,-0.3232,0.1665,0.1709,-2.3842,27.7413,15.4691,12.2722
0.3316,-0.7972,-0.142,0.1705,0.4271,46.5414,42.8986,3.6428
-1.85,-1.5818,-0.7039,-0.8475,-2.3842,-28.2683,-34.0954,5.8271
-0.1076,0.0034,0.5573,-0.7915,-0.8474,33.224,30.7481,2.4759
1.4833,1.3167,0.7679,0.8538,0.4271,91.4071,90.7589,0.6482
0.3038,0.4872,0.5783,-0.1112,0.4271,62.3809,60.6285,1.7523
0.3487,-0.369,0.3253,-0.477,0.4271,52.3408,46.9914,5.3494
0.3899,-0.0703,0.8251,0.1528,0.4271,58.9346,59.0154,-0.0808
-0.5139,-0.5654,1.0422,-0.3532,0.4271,40.2205,41.9181,-1.6976
-1.3243,-0.6873,0.4613,0.0624,0.4271,30.7483,30.2834,0.4649
0.5225,-0.1291,0.4151,0.1147,0.4271,61.6989,56.3544,5.3445
0.0179,-0.2941,0.4479,-0.7495,0.4271,39.0079,43.3387,-4.3308
-0.4823,-0.8816,0.0091,-0.5,0.4271,22.6984,29.7317,-7.0333
0.4303,0.4365,0.2743,0.1985,0.4271,57.2851,61.2253,-3.9401
-1.3474,-0.8956,-0.4954,-0.8095,-2.3842,-23.17,-19.1262,-4.0438
-0.212,1.0671,1.0835,0.202,0.4271,68.1817,67.6856,0.4962
1.0596,1.3515,0.0637,1.1597,0.4271,85.5456,83.3199,2.2257
1.1406,0.369,-0.8863,0.6263,0.4271,62.9273,62.1226,0.8047
-0.7908,0.0052,-1.7374,0.6565,0.4271,37.4314,31.0006,6.4308
-0.682,-1.0201,-0.5483,0.1041,0.4271,18.1872,25.9455,-7.7582
-0.3409,0.3128,0.6085,0.1532,0.4271,43.2799,53.8299,-10.55
0.7854,1.6347,-0.9582,0.0411,0.4271,67.8909,67.9283,-0.0374
0.5842,0.5401,0.548,-0.5582,0.4271,56.1274,60.8877,-4.7603
0.0388,0.594,-0.4365,-1.0462,0.4271,51.2013,44.6825,6.5188
-1.5004,-1.5283,-0.7541,-0.3358,0.4271,-7.0128,6.8217,-13.8344
0.2831,-0.3923,0.3284,0.0844,0.4271,51.7203,49.9537,1.7666
-0.4998,-0.6015,-0.4464,-0.2255,0.4271,28.9296,31.0983,-2.1687
-0.3649,-0.1935,0.6474,-0.3499,0.4271,39.0276,44.6819,-5.6543
-0.2434,0.3907,0.5196,-0.005,0.4271,50.3573,53.9665,-3.6092
-1.8595,-0.702,-1.6633,-1.0092,0.4271,7.0116,0.5907,6.4209
-0.3031,-1.083,0.3228,0.0825,0.4271,28.8039,35.85,-7.0462
-0.8364,-0.4796,0.5053,0.378,0.4271,34.2347,40.3792,-6.1445
-0.2387,-0.7708,0.1292,-0.7853,0.4271,35.5626,32.529,3.0336
0.3842,0.3842,0.1057,0.2658,0.4271,66.7667,59.316,7.4507
-0.2875,0.0846,-0.3592,-0.313,0.4271,35.6825,41.1498,-5.4673
-0.6316,0.1679,0.6494,0.0125,0.4271,53.1409,48.4224,4.7185
0.0341,0.6681,0.5467,0.4459,0.4271,62.9776,63.4009,-0.4233
1.1945,0.251,0.2403,-0.1423,0.4271,67.6283,64.6979,2.9304
-0.649,-0.3018,-0.0193,0.4802,0.4271,47.9335,41.061,6.8725
0.0085,-0.1127,-0.8455,-1.3315,0.4271,30.4028,31.2819,-0.8791
0.757,0.9189,-0.3415,0.7679,0.4271,73.8745,69.3707,4.5038
1.2316,0.0981,0.6989,-0.0142,0.4271,74.4646,67.7942,6.6704
0.5743,0.715,-0.2906,-0.022,0.4271,63.1769,60.0228,3.1541
0.2279,-0.8144,-0.4966,0.0334,0.4271,33.0568,37.9149,-4.8581
0.9057,0.4977,-0.2643,0.1438,0.4271,60.7071,62.485,-1.7779
-0.1287,0.9116,-0.1902,0.4499,0.4271,58.9342,58.7531,0.1811
0.1254,0.8198,0.0112,0.6109,0.4271,63.4247,63.113,0.3117
0.0042,0.578,-0.1089,0.6091,0.4271,62.6818,58.1585,4.5232
-0.6255,-0.4612,-0.7063,-0.6538,0.4271,16.4582,26.352,-9.8938
-0.8422,-0.6434,-0.7525,-0.5386,-2.3842,-3.6998,-10.9723,7.2725
-0.3725,0.5248,-1.3183,0.3786,0.4271,46.6298,42.6185,4.0113
-0.353,0.3152,-0.3843,0.4386,0.4271,47.0904,48.0726,-0.9822
0.3753,0.076,-0.4025,0.3372,0.4271,51.822,52.341,-0.519
-0.05,0.1901,0.0785,0.0103,-2.3842,17.6436,17.0964,0.5472
-1.2074,-0.9672,0.5673,-0.1293,-2.3842,-13.9719,-5.5277,-8.4442
0.6852,0.3504,0.458,-0.102,0.4271,57.6881,62.3147,-4.6266
0.7685,1.2869,0.1348,0.2091,0.4271,72.6443,73.4133,-0.769
-0.3687,0.2234,-0.6729,-0.7952,0.4271,30.7158,36.0746,-5.3588
-0.9945,0.4693,-0.3977,-0.4306,0.4271,27.1164,36.7874,-9.671
-0.8339,-0.6996,-0.8122,0.2699,0.4271,22.0213,27.0447,-5.0234
-0.515,1.7215,-0.1387,0.2991,0.4271,65.8267,63.0708,2.7559
-0.276,0.5094,0.4541,-0.4269,0.4271,54.9648,51.5161,3.4487
-0.2491,0.0094,0.4067,0.4041,0.4271,56.6948,51.5925,5.1023
0.7403,0.1959,0.3238,0.2314,0.4271,64.1673,62.4519,1.7154
-1.3947,0.1375,0.2853,-0.3308,0.4271,31.0906,34.7174,-3.6268
0.5644,-0.1906,0.3725,0.0313,0.4271,51.2096,55.206,-3.9963
-0.677,-0.3081,-0.7202,0.1587,0.4271,33.7858,33.0626,0.7232
-0.7222,-0.2828,-0.0432,-0.09,0.4271,29.4784,36.3427,-6.8643
-0.5165,0.4318,-0.3416,0.3567,0.4271,52.4595,47.3908,5.0687
1.4492,0.9459,-0.4564,0.1737,0.4271,74.1417,72.0761,2.0655
-0.237,-0.7998,0.7641,-0.8252,-2.3842,4.7058,3.4294,1.2764
1.0339,0.2292,0.6309,0.2145,0.4271,55.1488,68.2173,-13.0685
-0.7108,-0.6121,-0.3278,-0.0192,0.4271,20.1967,31.0646,-10.8679
-1.8754,-1.4435,-1.5333,-0.0084,-2.3842,-26.1039,-33.361,7.2571
1.1227,-0.521,-0.1812,0.1077,0.4271,52.462,53.7428,-1.2807
0.3014,1.0072,-0.7809,0.5869,0.4271,65.6068,60.8449,4.7619
0.2546,-0.0697,0.1056,0.1353,0.4271,49.385,51.9147,-2.5298
0.5555,-0.5528,-1.4937,0.3044,-2.3842,18.0247,5.1789,12.8457
-0.0901,0.0093,0.7839,0.0503,0.4271,52.8666,53.7378,-0.8712
1.1862,1.0985,0.216,0.4557,0.4271,80.2667,78.1082,2.1585
-0.1824,-0.2715,0.6667,-0.4343,0.4271,45.2428,45.3215,-0.0787
0.8312,0.0331,0.6455,0.2267,0.4271,59.7795,64.0373,-4.2578
-0.0023,-0.9845,0.1123,0.4767,-2.3842,20.6144,7.9002,12.7141
1.4193,1.0221,-0.1278,-0.3157,0.4271,76.6688,71.7395,4.9293
-0.4583,0.6658,0.929,0.306,0.4271,65.4956,60.0697,5.4259
-0.0146,-1.1187,-0.6664,-0.1482,-2.3842,-10.9683,-4.074,-6.8942
0.9591,0.6024,0.3308,0.1855,0.4271,75.5534,69.1026,6.4509
-0.1431,0.5736,0.7815,0.3716,0.4271,63.0352,61.7299,1.3052
-0.1227,0.5392,0.1471,-0.1426,0.4271,53.8561,53.1081,0.7481
-0.6731,0.5565,-1.2726,-0.564,0.4271,41.4639,33.5536,7.9103
-0.7492,-0.0097,-0.3314,0.3163,0.4271,43.9621,39.7314,4.2307
-0.2022,-0.5883,0.4283,0.0572,-1.1097,18.3975,24.8716,-6.474
0.2981,-0.7061,0.2415,-0.4995,-2.3842,9.884,8.4588,1.4251
0.9972,0.1839,0.0783,0.3421,0.4271,51.8102,63.9501,-12.1399
0.0295,-0.1902,-0.5886,-0.4097,0.4271,30.204,39.019,-8.815
-1.6088,0.3256,0.2104,-0.0277,0.4271,33.6184,36.069,-2.4505
0.3139,1.4652,-0.6384,0.4693,0.4271,62.6211,66.4073,-3.7862
1.075,-0.0874,-0.0688,0.4721,-1.1097,52.7864,43.247,9.5394
0.5971,-0.2122,-0.4511,0.3229,0.4271,44.7026,51.003,-6.3005
-0.677,0.4283,-0.573,0.2586,0.4271,56.5136,43.1702,13.3435
0.6725,0.2568,-0.6374,-0.2198,-0.8474,35.678,36.7378,-1.0598
0.3186,-0.3097,0.4409,-0.2748,0.4271,55.31,49.63,5.6799
-0.4582,0.5938,-0.8719,0.4592,0.4271,55.5727,46.4702,9.1025
0.2678,0.034,0.8628,0.7183,0.4271,58.0665,63.1007,-5.0342
-0.0583,0.2679,-0.0277,0.295,0.4271,52.5639,52.4435,0.1204
-0.1429,-0.7872,0.7437,-0.2248,0.4271,50.2861,41.9937,8.2924
0.0969,-0.3911,-0.0051,0.6381,-2.3842,15.4147,15.8553,-0.4406
-0.2427,-0.4434,0.0399,0.0113,0.4271,46.1065,41.0171,5.0894
0.041,0.1815,-0.2062,0.1752,0.4271,53.9415,50.3295,3.612
0.9388,0.0456,-0.1875,0.6302,0.4271,61.7322,61.7273,0.0048
-0.1996,0.2239,-0.219,0.1011,0.4271,42.7131,47.6153,-4.9022
0.8337,0.3115,0.3214,0.3629,0.4271,65.6157,65.647,-0.0313
-0.4269,-0.6036,0.8295,-0.7527,0.4271,40.4139,38.0078,2.4061
-0.4755,1.1067,-1.4211,0.1843,0.4271,54.8554,45.9161,8.9393
1.2036,1.1909,0.1459,0.7924,0.4271,69.8757,81.1349,-11.2592
-1.3367,-0.952,-0.8507,-1.1849,-0.8474,-12.7261,-6.7308,-5.9953
-1.6909,-1.0187,-0.9124,-0.7878,-0.8474,0.3227,-8.99,9.3127
-1.4973,-1.4185,0.1447,-0.0096,0.4271,14.0634,17.2723,-3.2089
-0.0178,-1.2265,0.1414,-0.453,-2.3842,0.1826,-1.2245,1.4071
-0.325,0.3086,0.6391,-0.9653,0.4271,45.7601,46.4129,-0.6528
-0.4048,-0.3679,-0.3564,-0.0626,0.4271,42.9603,36.5659,6.3944
-1.1297,-0.4646,0.5982,0.1386,-2.3842,1.7786,3.0572,-1.2786
0.1243,-0.2887,0.3395,-0.4273,0.4271,45.5789,45.946,-0.367
0.4678,1.0807,-0.6001,-0.5989,0.4271,59.757,56.6024,3.1546
0.6696,1.2941,0.3961,-0.0184,0.4271,69.9794,72.8643,-2.885
-0.2055,-0.0822,0.0698,-1.0308,0.4271,40.3691,38.465,1.9041
1.0382,0.1419,0.4594,-0.4834,-0.8474,45.796,45.97,-0.174
0.2941,0.8452,0.0304,0.3365,0.4271,60.3382,63.4463,-3.1081
0.896,0.8955,0.2719,0.1686,0.4271,74.2568,71.15,3.1068
-0.6098,1.5924,-1.0818,-0.1907,0.4271,40.5869,49.9421,-9.3551
0.5555,0.3215,-0.4283,-0.8733,0.4271,40.0478,48.4198,-8.372
0.3237,-1.4585,0.475,0.406,-2.3842,12.0142,8.3632,3.6511
0.5146,-0.1528,-0.9566,0.4083,0.4271,52.3689,47.4919,4.877
0.4103,-1.1556,0.5112,0.1843,0.4271,38.3313,44.8334,-6.5021
1.4919,1.2591,-0.2281,0.7631,0.4271,82.4276,81.9105,0.5171
-0.2398,-0.1038,0.1001,0.2097,0.4271,46.7613,46.7089,0.0524
-0.3469,-0.636,0.3445,-0.581,0.4271,41.0552,35.9619,5.0933
1.4512,1.8387,0.5884,-0.7081,0.4271,75.5653,84.0472,-8.4819
-1.5541,-1.2581,-0.8977,0.4837,-2.3842,-18.5436,-19.5232,0.9795
0.5734,-0.494,0.1258,-0.3598,0.4271,34.3416,47.273,-12.9314
0.3115,0.5416,-0.06,-0.2544,0.4271,50.8921,55.4167,-4.5246
-1.4097,-0.102,-0.2144,0.6305,-2.3842,4.6345,1.3016,3.3329
1.5516,0.0423,-0.0877,-0.0132,0.4271,69.1159,64.5514,4.5645
0.6273,0.8142,-0.0986,0.3122,0.4271,65.3413,65.506,-0.1648
0.5095,1.2044,0.4557,0.2054,0.4271,76.0355,72.1544,3.8811
-0.508,-0.6223,-0.3091,-0.4085,-0.8474,15.959,15.4193,0.5397
0.2794,-0.3359,0.54,-0.4294,0.4271,38.4047,48.6052,-10.2005
0.7647,0.3265,0.3397,0.5867,0.4271,52.8547,66.7748,-13.9202
0.5613,0.3343,0.4432,0.477,0.4271,70.2961,64.7166,5.5795
0.5469,-0.2339,0.5396,0.2422,-1.1097,34.2838,39.0245,-4.7407
-0.1131,0.4611,-0.273,-0.2619,0.4271,45.6986,48.2703,-2.5717
-0.0057,-1.027,-0.1708,0.0888,0.4271,37.8131,35.9111,1.902
-0.3733,-0.3705,-0.1967,-0.0054,0.4271,45.0089,38.5015,6.5074
0.384,0.0389,0.3017,-0.5922,0.4271,51.908,50.974,0.934
-0.4798,-1.1523,-0.2688,-0.1869,0.4271,25.5144,26.7526,-1.2382
-0.324,-0.1603,-0.5703,-0.4675,0.4271,37.9139,35.3074,2.6065
-0.3532,-0.1907,0.3106,0.1793,0.4271,41.8191,45.9257,-4.1067
0.3891,0.5638,0.3521,-0.1325,0.4271,58.9466,60.5147,-1.568
-1.5337,0.4245,0.3175,0.1722,0.4271,29.9908,40.1989,-10.2081
-0.6646,0.0527,-1.4162,0.8333,0.4271,33.7112,36.588,-2.8768
-1.2673,-0.6456,0.6483,-0.2477,-2.3842,-3.1549,-2.7528,-0.4022
0.5052,0.483,-0.5277,0.4977,0.4271,66.7562,58.4604,8.2958
0.0596,-0.845,-1.037,-0.144,-0.8474,6.5523,15.2337,-8.6814
-0.7618,-1.1559,0.3345,0.2805,-2.3842,0.1269,-1.8173,1.9442
0.3819,-0.5304,0.6336,0.063,-2.3842,24.3326,18.2595,6.0731
-0.1695,1.1531,-0.1303,-0.9681,0.4271,55.2326,51.6377,3.5949
-0.3271,-0.2283,0.1194,0.2476,0.4271,45.1691,44.787,0.3821
0.7421,0.2908,0.141,-0.282,0.4271,56.4199,58.5634,-2.1435
0.2486,-0.1699,-0.2447,0.7989,0.4271,56.4714,52.6417,3.8297
-0.3958,0.4955,-0.4993,0.4317,0.4271,48.8658,48.7086,0.1572
-1.5749,-0.8699,0.1311,-0.0188,-0.8474,2.5581,7.2997,-4.7416
0.8858,1.0339,0.4679,0.2324,0.4271,73.079,74.5498,-1.4708
0.9398,0.8831,0.031,0.859,0.4271,77.6113,74.4264,3.1849
-0.9409,-0.7099,-1.2477,-0.4062,0.4271,20.23,17.7316,2.4984
0.0931,-0.4677,0.0517,-0.0802,0.4271,58.5175,43.7967,14.7207
1.0119,0.5677,0.079,0.5125,0.4271,71.6778,69.6122,2.0656
-0.9263,-0.7769,-0.1233,-0.3618,-2.3842,-13.3106,-7.3041,-6.0065
-0.7648,-0.6913,-1.1097,0.2264,0.4271,27.8474,25.2869,2.5604
0.5259,0.4347,-0.8987,0.1395,0.4271,45.6101,52.7959,-7.1859
0.5863,0.0643,0.1336,-0.1597,0.4271,59.0776,55.1412,3.9365
0.8244,-0.0718,0.7438,-0.2699,0.4271,60.8525,60.089,0.7635
-0.9755,1.141,0.1394,-0.4129,0.4271,52.2657,48.7994,3.4663
0.2135,1.0573,0.1884,0.4992,0.4271,66.4881,67.3143,-0.8262
-0.3516,-0.3404,-0.3403,-0.7875,0.4271,30.1717,32.5314,-2.3597
-0.5828,-0.8153,-0.7806,-0.7239,-0.8474,8.3678,6.6275,1.7403
1.5259,0.6264,0.0168,0.7451,0.4271,76.6088,76.918,-0.3092
0.3811,0.723,0.725,0.4716,0.4271,65.7102,69.2871,-3.5769
0.4276,0.475,-0.0441,0.126,0.4271,63.2889,58.6768,4.6122
-0.4836,-0.9186,-1.1463,-0.237,0.4271,23.6227,22.2418,1.381
0.9774,0.2049,0.3156,-0.6068,0.4271,53.678,59.2037,-5.5257
0.505,-0.2817,-0.6801,0.3943,0.4271,33.0448,47.9694,-14.9245
-0.2201,0.2804,-0.2224,-0.7067,0.4271,36.7415,42.3897,-5.6481
0.6245,0.1295,-0.2414,0.058,0.4271,58.1307,54.9104,3.2202
1.035,1.1596,0.7834,0.9862,0.4271,81.8642,85.2281,-3.3638
-1.4528,-1.2874,0.1939,-1.2731,0.4271,14.1783,10.8191,3.3592
0.9669,0.1656,0.7896,-0.9057,0.4271,60.0851,60.2181,-0.133
1.1197,0.6186,0.3082,0.5486,0.4271,68.9591,73.3547,-4.3956
0.6035,0.8367,0.1134,0.1159,0.4271,64.4587,65.7699,-1.3112
-0.6426,0.1391,-0.1397,0.3131,0.4271,41.2939,43.9999,-2.706
-0.3981,-0.284,-0.5161,-0.2166,-2.3842,-2.4922,1.8839,-4.3761
1.0999,-0.6695,0.1116,-0.4893,-2.3842,20.6794,16.5324,4.147
0.6399,-0.4088,0.0881,-0.2621,0.4271,52.3026,49.3344,2.9682
-0.3771,-1.3138,0.0901,0.0984,-2.3842,4.688,-2.6177,7.3057
-0.4464,0.1173,-0.1137,-0.0459,0.4271,46.3771,43.5605,2.8166
0.6093,0.7717,1.078,0.137,0.4271,74.8467,72.6695,2.1772
-0.4486,-0.6982,0.8379,0.175,0.4271,31.4748,43.2242,-11.7494
-0.1863,0.3565,-0.2417,-0.377,0.4271,55.4547,45.7509,9.7039
-1.2482,-0.1284,0.3488,0.4683,0.4271,32.7391,39.3396,-6.6005
-1.0707,-0.4968,-0.4661,-0.2271,0.4271,33.9482,25.9959,7.9523
-0.2682,-1.6438,0.5173,0.2827,-2.3842,3.9808,-0.5945,4.5753
0.5149,0.1194,0.1203,-0.0961,0.4271,63.8046,55.3345,8.4701
0.695,-0.1006,0.5724,0.011,0.4271,64.055,59.0135,5.0414
-0.2361,-0.8412,-0.6315,-0.4539,-0.8474,6.0713,13.0755,-7.0042
0.8352,0.1505,-0.6383,1.0809,0.4271,66.6288,61.4608,5.168
-0.4904,-0.7933,-1.3093,0.4715,-0.8474,11.2643,12.1077,-0.8434
0.313,-0.0199,-1.1129,0.1015,0.4271,45.7743,43.4924,2.2819
0.6976,-0.1198,-0.0745,0.1987,0.4271,53.1618,55.1525,-1.9907
-0.4405,-1.5671,-1.213,-0.9012,-2.3842,-24.3619,-23.1185,-1.2434
-0.3784,0.3002,0.4074,0.016,0.4271,61.6939,50.7857,10.9082
-0.3343,0.3813,0.3271,-0.7538,0.4271,37.0474,46.2004,-9.153
-0.1799,-0.2369,-0.9378,0.0917,0.4271,29.71,37.0488,-7.3388
0.3592,0.2007,0.2795,0.1442,0.4271,61.7492,57.4755,4.2737
-1.2412,-0.047,0.3775,-0.5975,-0.8474,19.8321,18.0012,1.8309
0.0137,0.3937,0.5536,0.5542,0.4271,60.3404,60.9035,-0.5631
0.7057,1.0084,0.2002,-0.1499,0.4271,67.2882,67.6162,-0.328
0.5519,0.7322,0.694,-0.0451,0.4271,62.5875,67.3907,-4.8032
1.2847,0.5121,0.2516,-0.0134,0.4271,72.6803,69.5831,3.0972
0.1039,-0.248,0.62,-0.5812,0.4271,47.8823,47.2718,0.6105
1.0869,0.5635,0.1413,0.4045,0.4271,72.3978,70.0981,2.2997
0.2838,0.3043,-0.1965,-0.5735,0.4271,52.4048,49.1831,3.2217
-0.4138,0.8953,-0.3221,0.6428,0.4271,51.2414,55.8417,-4.6003
0.2513,-0.4813,0.4312,-0.059,0.4271,51.1714,48.4058,2.7656
1.0652,0.9706,0.8229,0.4197,-0.8474,45.0048,64.6514,-19.6466
-0.5771,-0.2836,-1.5738,0.5515,0.4271,36.3381,30.5709,5.7672
1.4304,0.5915,-0.189,0.2714,0.4271,77.8779,70.6271,7.2508
-0.2114,-0.7221,-0.4091,0.1288,0.4271,36.6037,35.5814,1.0223
-0.111,-0.2938,-0.232,-1.2757,0.4271,34.8655,33.0722,1.7934
-0.2863,0.6541,-1.0123,-0.1493,0.4271,47.551,43.6802,3.8708
0.2411,0.0482,0.2226,0.3838,0.4271,48.4422,55.7229,-7.2806
-0.3141,-0.0597,-0.7278,0.2905,0.4271,47.0933,40.6021,6.4912
-0.4711,0.348,-0.1596,0.6165,0.4271,50.3178,50.141,0.1768
-1.1604,-1.2757,0.3,-0.2092,-2.3842,-11.8481,-11.1044,-0.7437
-0.3325,-0.3476,0.8753,-0.2237,0.4271,51.8517,45.927,5.9247
-1.0214,-0.7114,0.1757,-0.7036,-2.3842,-9.9811,-7.6636,-2.3175
-1.7908,-1.3991,-0.8138,-0.8367,-2.3842,-31.681,-32.1783,0.4973
-0.3088,-1.0904,0.2778,0.519,-0.8474,28.2482,23.2524,4.9958
0.2697,-1.3627,-0.8813,-0.1273,0.4271,21.3851,28.1196,-6.7346
0.3628,0.4157,-0.2084,-0.8316,0.4271,49.1528,49.3955,-0.2427
-0.7057,-0.4749,0.6799,0.0772,-2.3842,8.7711,7.6848,1.0863
0.0864,0.37,0.4742,0.2599,0.4271,62.5843,58.7594,3.8249
-0.8778,0.0534,0.2046,-0.5979,-0.8474,25.6106,21.6899,3.9207
0.1609,0.262,-0.4949,0.8177,0.4271,56.557,54.764,1.793
0.2924,0.5131,0.2318,-0.0166,0.4271,59.0596,58.788,0.2716
-1.3368,0.1509,-0.5421,-0.5754,0.4271,21.638,27.422,-5.784
-0.1442,-0.5542,0.3865,-0.1164,0.4271,35.6033,42.6058,-7.0025
-0.3212,0.9,0.7458,0.0559,0.4271,55.5825,61.0236,-5.4412
0.65,-0.4071,-0.4009,0.7056,0.4271,55.4338,52.4252,3.0086
-0.4781,-0.4987,-0.0938,0.0074,0.4271,35.7897,36.8171,-1.0273
-1.5749,-0.2668,0.2081,0.1179,-2.3842,-0.9642,-2.6338,1.6696
-1.5602,0.3145,-0.4989,0.1225,0.4271,30.4685,32.0516,-1.5831
0.5435,1.1248,0.1234,-0.8297,0.4271,68.7719,61.8716,6.9004
-1.5308,-0.6962,0.0599,-0.8547,-0.8474,-5.1815,3.3666,-8.5481
-0.1485,-0.3754,0.2199,-0.2177,0.4271,39.1865,42.5841,-3.3976
1.0329,0.0236,0.1931,0.1572,0.4271,59.0076,62.1277,-3.1201
-0.1429,-0.949,-0.8152,-0.8156,0.4271,28.1899,24.0748,4.1151
1.1608,0.0348,-0.1226,0.1673,0.4271,60.2832,61.2658,-0.9826
-0.8137,-0.2156,0.1131,0.028,0.4271,41.6797,38.1402,3.5396
1.3836,1.1242,0.9168,0.8342,0.4271,83.9684,88.5352,-4.5667
-0.2683,0.972,0.6343,-0.7605,0.4271,42.4159,55.867,-13.451
-0.0504,0.0924,0.5308,-0.1822,0.4271,50.8485,51.5348,-0.6863
-0.3009,1.0791,0.7088,-0.7171,0.4271,60.5841,57.5961,2.988
-1.0854,-0.658,0.039,-0.2661,0.4271,29.8591,27.6404,2.2186
-0.5404,-1.0925,0.0616,0.587,0.4271,27.9899,34.6973,-6.7074
-0.8738,-0.2837,-0.1007,-0.0218,0.4271,37.2249,34.7398,2.4851
0.0562,-0.5346,-0.0728,-0.0657,0.4271,32.1049,41.7925,-9.6877
-0.354,0.5009,-0.6439,0.1077,0.4271,44.8126,45.8526,-1.04
0.2612,0.0244,0.0906,-0.2888,0.4271,46.8137,49.9801,-3.1664
0.1304,0.4597,1.0006,0.0062,0.4271,70.8468,62.525,8.3218
-1.38,0.2795,0.0123,-0.3512,-2.3842,8.2974,0.8295,7.468
0.4708,1.2911,-0.0779,0.0448,0.4271,68.1449,67.4927,0.6522
-0.0389,0.0937,0.3641,0.4617,0.4271,47.8638,54.8649,-7.0011
0.2429,1.0173,-0.184,-0.9001,0.4271,53.8726,54.5868,-0.7142
0.182,0.8867,0.6629,0.1332,-0.8474,42.7019,51.0238,-8.3219
0.1631,-1.4136,-0.6723,0.7573,-2.3842,-2.0875,0.7627,-2.8502
-0.2893,0.2547,-0.0415,-0.1511,0.4271,43.0088,46.614,-3.6052
0.0801,-0.219,-0.1563,0.0228,0.4271,42.7457,45.5685,-2.8228
-0.844,-0.9646,-0.9414,-0.7807,0.4271,16.6585,15.6596,0.9989
0.8068,0.0712,0.2824,0.0525,0.4271,56.5205,60.1996,-3.6791
0.9534,-0.0823,0.4988,0.0744,0.4271,69.53,61.8616,7.6684
-0.5256,0.4311,-1.997,-0.0303,0.4271,33.3964,31.8607,1.5357
-0.3339,-0.1509,0.2839,-0.0571,0.4271,52.4226,44.7306,7.692
1.1841,1.4505,0.9671,-0.04,0.4271,78.8989,84.3771,-5.4782
-0.2335,-0.2179,-0.4271,-0.0895,0.4271,39.4174,39.358,0.0594
-0.2894,0.3902,0.186,0.491,0.4271,58.0958,54.3491,3.7466
-1.4218,-1.2751,0.5294,-0.7729,-2.3842,-21.6094,-16.0522,-5.5573
-0.1248,-0.4182,-1.0648,-0.5234,0.4271,33.5867,30.3493,3.2375
-0.6181,0.239,0.0998,0.3912,0.4271,56.8375,47.7707,9.0668
0.6094,0.2969,0.0831,0.4248,0.4271,58.2392,61.679,-3.4398
0.1518,-0.3721,0.283,-0.8041,0.4271,47.2004,42.2492,4.9511
0.5175,0.7631,0.3854,-0.0346,0.4271,68.3589,65.0685,3.2904
-0.2289,-0.6734,-0.5912,0.3728,0.4271,30.5912,36.2372,-5.646
0.0714,1.0993,0.7007,0.1572,0.4271,73.1405,67.8286,5.3118
0.3227,-0.5515,-0.4107,0.0544,0.4271,49.3025,42.692,6.6105
0.3904,-0.1457,-0.2807,1.1549,0.4271,52.9827,56.6305,-3.6478
0.2183,0.3403,-0.6594,-0.0117,0.4271,43.095,49.2297,-6.1347
-1.4257,-0.5895,-0.4435,-0.4816,0.4271,8.3312,19.5544,-11.2232
-1.272,-0.6288,-0.8612,-0.9715,0.4271,3.1975,14.1404,-10.9429
0.499,1.1518,0.1381,0.5253,0.4271,65.3447,71.2304,-5.8857
-0.8235,-0.9207,-0.1672,-0.0335,-2.3842,-2.3121,-5.8763,3.5642
1.2557,0.4099,0.3256,0.2646,0.4271,74.164,70.6246,3.5394
0.2116,-0.3965,0.4134,-0.3183,0.4271,39.3225,46.9946,-7.6721
0.7455,0.5494,0.0429,-0.6878,0.4271,53.2623,57.9325,-4.6702
-0.4943,-0.6007,0.3455,0.2394,0.4271,31.8148,40.4896,-8.6749
1.7702,0.3093,-0.0707,1.3697,0.4271,79.3442,79.6386,-0.2944
-0.4678,0.2883,-0.1501,0.2459,0.4271,46.6376,47.0014,-0.3639
-0.59,-0.976,-0.1266,-0.2851,-0.8474,12.406,12.8249,-0.4189
-0.7067,-0.8386,-0.2569,-0.512,-0.8474,6.2713,10.5399,-4.2686
1.2503,0.422,1.0196,-0.276,0.4271,72.5254,72.2853,0.2401
-1.4366,-1.3299,0.1732,-0.9763,-2.3842,-18.8164,-20.9799,2.1635
-0.8609,-0.9755,-1.0954,-0.0858,-0.8474,-5.0526,3.8602,-8.9128
-0.1885,-0.3729,0.3746,0.2024,0.4271,50.0244,46.2941,3.7303
-0.0384,0.1078,0.3352,-0.6405,0.4271,38.5073,47.1459,-8.6385
-1.5342,0.4672,-0.611,0.1871,0.4271,36.2669,33.6347,2.6322
-1.4963,-0.5563,-0.9886,-0.1419,0.4271,18.3689,17.3403,1.0287
-0.9676,-0.8767,-0.0588,0.0437,0.4271,32.1192,27.8446,4.2746
-0.6392,-0.0092,0.4026,0.0169,0.4271,40.7457,44.4806,-3.7349
-0.3418,-1.152,-1.0066,-0.609,0.4271,24.0156,19.6249,4.3906
0.4028,-0.436,-0.0873,-0.043,-2.3842,23.8392,13.2612,10.578
-0.2338,-0.0041,-0.3413,-0.1354,0.4271,36.686,42.1002,-5.4142
1.0309,0.9477,0.4991,0.0478,0.4271,67.4755,74.0917,-6.6161
-1.7338,-0.107,-0.1056,-0.4527,0.4271,17.7808,24.4799,-6.6991
-0.7716,-0.8197,0.2797,-0.5524,-2.3842,-7.9944,-4.3534,-3.641
0.0313,-0.9077,-0.2108,-0.788,0.4271,27.5751,31.2462,-3.671
1.1421,0.7425,0.6459,0.3815,0.4271,75.3311,76.4241,-1.093
0.2943,0.6806,0.27,-0.0317,0.4271,60.1046,60.8803,-0.7758
0.3137,0.7545,-0.3154,-0.0624,0.4271,61.0897,57.203,3.8868
0.2934,-0.6177,0.2431,-0.1696,-2.3842,10.369,11.7072,-1.3382
0.5221,1.0154,0.369,0.1042,0.4271,66.6702,68.7923,-2.1221
0.0849,0.3132,0.0245,0.1199,0.4271,55.7224,53.6711,2.0513
-0.1219,-1.0693,0.1763,-0.3598,0.4271,28.8843,33.7439,-4.8595
-0.357,0.1346,-0.0877,-1.0821,-0.8474,12.3622,22.569,-10.2068
0.4787,0.144,0.6034,-0.1513,0.4271,61.1185,58.5572,2.5613
-0.0653,-0.0158,-1.6534,-0.3247,0.4271,34.2172,32.3635,1.8537
0.1519,0.8327,-0.3699,-1.1022,-2.3842,5.5266,15.3025,-9.7759
1.1413,1.1163,0.4576,0.1058,0.4271,78.2585,77.254,1.0045
0.8208,1.0171,-0.1821,-0.5279,0.4271,65.8941,63.3777,2.5164
0.0095,0.8667,-0.545,0.1399,0.4271,61.2107,54.8452,6.3656
0.9842,-0.1433,0.8557,0.0906,0.4271,67.0619,64.3645,2.6974
-0.2738,-1.2181,-0.1503,-0.7537,0.4271,26.6414,25.1924,1.449
-0.179,0.1971,-0.0034,0.092,0.4271,50.3248,49.1297,1.1951
0.2238,0.9005,0.2103,0.1326,0.4271,69.1628,63.2822,5.8806
1.1957,0.8153,0.4615,0.3065,0.4271,74.124,75.8769,-1.7529
-0.6991,0.4737,0.2653,0.1549,0.4271,52.5485,49.1719,3.3766
-1.3799,-0.9392,0.4948,0.1733,-2.3842,0.1613,-5.5143,5.6755
1.179,0.3849,-0.103,1.143,0.4271,67.0049,72.33,-5.3251
0.1174,-0.214,0.1566,-0.021,-2.3842,9.2599,14.729,-5.4691
-0.4945,-0.7975,-0.0558,-0.2447,-2.3842,-6.1192,-1.5764,-4.5428
0.5752,0.2243,1.0593,0.0689,0.4271,63.8808,65.5316,-1.6508
-1.3452,-0.0689,-0.7971,-0.106,0.4271,18.7651,26.1618,-7.3967
-0.7686,-0.4023,-0.6705,0.1398,0.4271,22.2114,31.2728,-9.0614
0.562,0.0277,0.1343,-0.0688,0.4271,52.1415,55.1055,-2.964
0.3927,-0.2898,0.5113,-0.806,0.4271,54.5798,47.4984,7.0814
0.8259,-1.0527,0.5967,0.3336,0.4271,48.5853,52.1389,-3.5535
0.1885,-1.0871,0.6814,-0.682,0.4271,36.3919,38.5165,-2.1247
-0.1922,-0.312,0.2832,-0.0145,0.4271,45.7218,44.7279,0.9939
-0.7859,-0.7223,-0.624,-0.0807,0.4271,21.8421,26.3142,-4.472
0.0866,-0.0448,-0.1099,-0.0298,0.4271,46.2259,47.5893,-1.3634
-0.8004,-0.9241,0.0589,-0.3105,-2.3842,-9.6225,-5.8526,-3.7699
-0.9782,-0.3541,0.018,0.1841,0.4271,31.9078,35.1729,-3.2651
-0.4997,-1.3292,0.2345,-0.6114,-2.3842,-10.5902,-7.9264,-2.6638
-0.2673,-0.3493,0.3441,0.9611,0.4271,49.8989,50.7547,-0.8558
-0.6079,-0.0837,1.0835,0.4307,0.4271,54.2943,52.0941,2.2002
-0.6896,-1.0187,-0.3038,-0.198,0.4271,21.212,25.6617,-4.4497
0.6501,0.0263,0.5169,1.0685,0.4271,66.2712,66.883,-0.6118
1.0713,-0.5235,0.2682,0.0086,0.4271,46.2964,55.9316,-9.6352
-1.6954,-0.9306,0.0421,-0.0342,-1.1097,2.5219,1.4171,1.1048
-0.2432,0.2414,0.5106,0.4454,0.4271,56.1448,55.3508,0.794
-0.6916,0.0661,0.4873,0.4954,0.4271,43.9289,48.7432,-4.8143
-1.5548,-0.7758,-0.4697,-0.0428,0.4271,14.7276,18.9252,-4.1977
0.8236,-0.4819,0.4893,0.0447,0.4271,47.1275,55.6973,-8.5699
1.3595,1.9154,0.303,0.2801,0.4271,89.1298,88.599,0.5308
0.2458,0.9705,1.0614,0.8525,0.4271,72.3118,75.8564,-3.5446
-1.3963,-1.453,0.0202,-0.7984,-2.3842,-19.4833,-21.8742,2.3908
0.5026,0.893,0.5911,-0.7064,0.4271,66.6013,63.2825,3.3188
1.657,1.124,0.2551,-0.1469,0.4271,72.0741,79.5519,-7.4778
1.6719,1.3894,1.0835,0.1802,0.4271,88.1315,91.3431,-3.2116
-0.3616,0.028,-0.8241,-0.2804,0.4271,35.6346,36.3687,-0.7342
-0.0581,-0.1202,0.3106,0.3823,0.4271,59.6819,51.2906,8.3914
-0.3048,-0.4721,-0.8002,0.968,0.4271,34.1853,40.2158,-6.0304
-0.0034,-0.4324,-0.0684,0.3544,0.4271,54.6249,45.256,9.3689
1.0799,-0.0487,0.0535,0.2407,-2.3842,23.1417,27.9255,-4.7837
0.7107,0.8476,0.1492,0.0808,0.4271,70.3715,67.0735,3.298
1.5673,1.5942,-0.959,0.6613,0.4271,79.9412,80.1545,-0.2133
-0.3627,0.0832,0.1868,-0.0066,0.4271,37.3806,46.6592,-9.2786
-0.4156,-0.1281,-0.8907,-0.4033,0.4271,28.658,32.6687,-4.0107
-0.3748,-0.8494,-0.975,0.0545,0.4271,21.553,27.5295,-5.9765
0.459,-0.0608,0.3533,0.2582,0.4271,67.3191,56.9655,10.3536
-1.3613,-0.5547,-0.2994,-0.5249,0.4271,17.5611,21.4445,-3.8833
-0.5946,0.5551,-0.607,-0.2242,0.4271,38.9282,41.8609,-2.9327
-0.3771,0.731,-0.9723,-0.8759,0.4271,33.3905,38.8279,-5.4373
-1.042,-1.1313,-0.4465,-0.3908,-2.3842,-19.8961,-15.2177,-4.6784
0.4894,-1.0291,-0.0485,-0.7138,-2.3842,8.1098,3.1558,4.954
-0.5281,-0.9651,-1.5249,0.3412,-0.8474,6.9852,7.207,-0.2219
0.6335,-0.404,0.383,-0.035,0.4271,52.9946,53.1651,-0.1705
1.4031,0.9079,0.3362,-0.1017,0.4271,83.803,75.3397,8.4633
0.3583,-0.2814,0.0521,0.6735,0.4271,49.3094,53.9742,-4.6648
-0.4132,-0.8872,0.0883,-0.2031,0.4271,25.0605,33.0818,-8.0214
-1.1788,-1.0584,0.3934,-0.0171,-2.3842,2.0933,-6.8042,8.8976
0.4909,-0.3033,-0.2876,-0.0936,0.4271,51.7123,47.2047,4.5076
-1.2843,-1.4763,-0.7329,-0.0084,-2.3842,-20.2851,-21.2392,0.954
-0.5892,-0.3371,-0.3092,0.3033,0.4271,30.4453,37.8453,-7.3999
0.5592,0.3197,-0.0223,1.2083,0.4271,71.1418,66.0329,5.109
0.135,0.0953,0.4274,-0.5969,0.4271,50.9836,49.8754,1.1082
-0.1632,-0.0204,0.5897,-0.0937,0.4271,49.2188,50.126,-0.9072
1.1817,0.8189,0.1524,0.6407,0.4271,79.0069,75.7134,3.2935
0.3881,0.462,0.4827,0.3537,0.4271,61.5725,63.743,-2.1705
-0.7094,0.2883,0.1321,-0.0449,0.4271,48.1844,44.5636,3.6208
-0.5688,-0.8296,-0.2425,-0.16,0.4271,24.3819,29.8168,-5.4349
0.0369,0.3646,-1.715,0.68,0.4271,47.8533,44.2457,3.6076
0.0281,-1.0865,0.1064,-0.8822,0.4271,31.305,30.9877,0.3173
0.4454,-0.6513,-0.2581,0.1922,0.4271,37.3763,45.0165,-7.6402
-0.7125,-0.4339,-0.0048,0.0845,0.4271,33.2649,36.2556,-2.9907
0.9339,1.7258,-0.4537,0.188,0.4271,76.6452,75.4457,1.1996
0.0646,0.325,0.548,-0.098,0.4271,61.287,56.0996,5.1874
-0.4775,-0.2711,0.0987,-0.1321,-0.8474,26.4098,24.7539,1.656
-0.9983,-0.5639,0.2565,-0.9692,-0.8474,15.039,11.276,3.763
-1.3513,-0.9598,-0.0687,-0.3342,-2.3842,-12.3152,-13.3034,0.9882
0.6401,-1.0671,-0.3428,-0.4398,-2.3842,6.6602,3.9831,2.6771
0.1369,-0.503,0.459,-0.6814,0.4271,50.1752,42.8234,7.3518
0.7537,0.8313,-0.3921,0.4384,0.4271,56.5685,65.6718,-9.1034
0.0886,1.115,0.5533,-0.1702,0.4271,65.1809,64.7794,0.4015
0.2948,-0.3749,0.2226,0.447,0.4271,52.6248,51.9804,0.6444
-0.8323,-0.2699,0.0183,-0.219,0.4271,42.3505,34.8845,7.4661
0.5711,0.1314,0.5224,-0.4106,0.4271,60.5111,56.9798,3.5313
0.8309,0.9493,-0.5376,-0.5374,0.4271,61.3584,59.9232,1.4352
0.0677,0.3523,-0.0304,-0.0518,0.4271,63.0597,52.3097,10.75
0.2492,-0.0972,0.0136,-0.9085,0.4271,37.8166,43.5844,-5.7678
1.1821,0.701,0.8188,0.1313,0.4271,77.196,75.9775,1.2185
-0.5354,-0.7419,-0.4634,-0.1192,-2.3842,-2.3057,-3.6531,1.3474
-1.3216,-0.7661,0.3132,-0.6693,-2.3842,-10.0036,-10.1975,0.1939
0.9663,-0.4482,0.7522,-0.1099,0.4271,52.0366,58.5532,-6.5167
-0.211,-0.1692,0.6695,-0.4534,-2.3842,22.3241,12.6548,9.6693
1.2883,1.0288,-0.9718,0.2892,0.4271,60.6571,68.1239,-7.4668
0.6991,1.2192,0.6133,-0.1176,0.4271,67.123,73.3176,-6.1946
0.367,-0.3269,0.5646,0.0129,0.4271,54.3576,52.9075,1.4501
-0.3703,-1.3056,-1.2539,-0.3721,-2.3842,-20.4967,-16.062,-4.4348
1.0072,0.9712,-0.1561,0.7972,0.4271,67.3508,74.2709,-6.9202
0.5078,-0.1541,-0.5163,-0.2147,0.4271,46.2361,46.4615,-0.2255
1.5007,1.0935,0.7778,0.6257,0.4271,82.928,86.9257,-3.9977
-0.8321,-1.0847,0.52,0.4307,-2.3842,-7.3918,0.7008,-8.0926
-0.448,-0.6459,-0.1648,0.4744,0.4271,44.3733,38.1853,6.188
-0.4754,-0.0355,0.0772,-0.0329,0.4271,33.3261,43.092,-9.7659
-1.3774,-1.0904,0.6114,-0.1436,0.4271,25.3491,24.9052,0.4439
-0.1759,-0.0822,-0.0271,-0.0857,0.4271,53.1391,44.6049,8.5342
0.381,-0.1556,-0.4324,-0.2868,0.4271,52.1475,45.2308,6.9167
-1.8367,-1.5282,-0.6327,-0.6125,-2.3842,-24.7711,-31.1679,6.3969
-0.2553,-0.8048,-0.0021,0.0437,0.4271,39.2876,36.7199,2.5676
0.9382,-0.2183,-0.1327,-0.57,-2.3842,18.8775,17.4317,1.4457
1.2749,0.4926,-0.02,0.4463,0.4271,69.6844,70.3657,-0.6813
1.4221,1.0075,0.6682,0.3456,0.4271,83.6775,82.3266,1.351
-0.3019,-0.3458,0.5464,-0.7214,0.4271,40.5495,40.2839,0.2656
1.3653,0.8805,1.0835,0.9893,0.4271,84.4819,87.9596,-3.4777
0.0539,0.4112,-0.6518,0.5743,0.4271,57.6385,52.3966,5.2418
-1.1501,-1.4591,0.0601,-0.9509,-2.3842,-20.2627,-20.0583,-0.2043
-1.0808,0.1861,-0.3581,-0.5167,-0.8474,19.4287,17.2427,2.186
1.3467,1.4983,-0.1827,-0.1387,0.4271,77.824,77.1255,0.6985
0.3655,-0.1194,0.4108,-0.0702,0.4271,55.5385,53.4635,2.075
-1.0662,-0.8198,0.8334,0.2916,0.4271,41.6339,36.015,5.6189
0.7878,-0.0245,0.295,0.2896,0.4271,62.7353,60.665,2.0702
0.7295,-0.0112,0.4114,0.1509,0.4271,64.0229,60.1215,3.9014
-0.6211,-0.8184,-0.3289,-0.8922,0.4271,30.0466,23.6285,6.4181
-1.6599,-1.4059,-1.3083,-0.7368,-2.3842,-31.1075,-33.9611,2.8536
-0.6309,-0.5798,0.0786,-0.232,0.4271,33.7635,33.931,-0.1675
1.0567,0.38,0.3153,0.4478,0.4271,69.5796,69.3501,0.2295
-0.1289,-0.394,0.2015,0.0667,0.4271,39.7876,44.4215,-4.6338
-1.0666,-0.8162,0.1068,-0.159,0.4271,36.9957,27.3295,9.6662
-1.4339,-1.4833,-0.6559,-1.1545,0.4271,-1.8806,3.105,-4.9856
0.644,0.4202,-0.1602,-0.43,0.4271,57.9982,55.6221,2.3762
-0.6827,0.5211,-0.5788,0.4624,0.4271,50.2174,45.5241,4.6933
-0.4175,0.3222,0.1521,-0.2293,0.4271,46.8209,46.9453,-0.1244
-0.0646,-0.1605,0.3134,0.3786,0.4271,46.3014,50.7646,-4.4632
-0.5193,0.2093,0.1927,0.2138,0.4271,50.6939,47.9758,2.7181
-1.4674,-1.559,-0.3256,-0.1894,-0.8474,-9.7431,-3.9967,-5.7464
0.0365,-0.6138,-0.2819,-0.6062,0.4271,32.1842,35.325,-3.1409
-0.5879,0.1092,0.047,0.4674,0.4271,47.7167,46.7586,0.9581
0.1267,0.5957,0.3813,0.7174,0.4271,60.936,64.1942,-3.2582
1.3081,1.0534,0.6396,0.9268,0.4271,86.7661,85.4409,1.3252
0.1831,-0.0584,0.4755,0.3877,0.4271,48.2068,55.8766,-7.6698
0.0776,-0.2094,0.3229,0.5077,0.4271,57.6046,52.7077,4.8968
0.2307,0.6525,0.4664,-0.0222,0.4271,55.594,61.4616,-5.8676
-0.4992,-1.1145,-0.218,0.089,-0.8474,17.0552,14.1368,2.9184
1.0333,0.1976,0.2158,0.3782,0.4271,68.8124,65.7998,3.0126
0.9319,0.872,0.2951,-0.0328,0.4271,63.6714,70.0494,-6.3781
0.3199,0.3316,-0.271,-0.1662,0.4271,53.1389,52.1338,1.005
1.0557,0.2983,0.0623,0.8411,0.4271,70.6731,69.2081,1.465
-0.4836,-0.3635,-0.304,-0.0695,0.4271,35.0326,36.1268,-1.0942
-0.6184,0.2473,0.2898,-0.243,-0.8474,23.5751,29.7728,-6.1977
1.3177,0.4588,-0.0312,0.7643,0.4271,73.7397,72.5671,1.1725
-0.6024,-0.7881,-1.553,0.0425,-2.3842,-12.408,-12.149,-0.259
-0.5853,-0.8953,-0.5639,0.3283,-2.3842,-2.6534,-3.575,0.9216
-0.3631,0.9305,0.3628,-0.8377,0.4271,49.946,51.76,-1.814
0.1393,0.248,-0.5825,0.2474,0.4271,51.5033,49.7384,1.7649
1.2586,0.6957,0.4314,-0.5728,0.4271,70.3107,68.863,1.4478
0.3616,-0.4007,0.7986,-0.0006,0.4271,52.7424,53.7258,-0.9834
-0.0683,-0.3642,0.3325,0.0523,0.4271,36.7208,46.3129,-9.5921
0.0111,1.3263,-0.0429,-0.3189,0.4271,66.9777,60.704,6.2737
-0.2077,-0.2058,0.28,-0.4001,-2.3842,1.5452,9.6522,-8.1071
0.5954,-0.3841,-0.0655,-0.1659,0.4271,51.9637,48.6211,3.3426
0.2122,1.3496,0.0192,1.2524,0.4271,79.3804,74.5196,4.8608
0.3381,0.4966,0.35,-0.1559,0.4271,60.8398,59.0341,1.8057
0.0758,0.1725,0.7229,-0.4358,0.4271,60.3155,53.5027,6.8127
-0.6813,0.3431,0.0641,-0.7809,0.4271,36.2709,39.843,-3.5721
0.2666,-0.1527,-0.1716,0.2504,0.4271,44.8796,49.7771,-4.8975
-0.7991,-0.5247,-0.8577,0.242,-0.8474,9.6067,13.6982,-4.0915
-0.5259,0.4439,-0.4885,0.0375,0.4271,52.7166,44.0776,8.639
-0.5947,-0.616,-0.5433,-0.1635,0.4271,28.8742,29.6029,-0.7287
0.5673,0.4504,-0.1105,0.392,0.4271,62.1731,61.2347,0.9384
0.6776,0.7917,0.8592,0.1346,0.4271,66.8998,71.9255,-5.0256
-0.5013,-0.4416,-0.4918,-0.8305,0.4271,21.6299,28.3248,-6.6949
1.0234,0.7174,-0.4474,0.3409,0.4271,63.2242,66.1785,-2.9542
-0.2843,0.3971,-0.1049,0.021,-0.8474,38.6993,33.8347,4.8645
1.2595,0.9631,0.8566,-0.0171,0.4271,85.141,79.012,6.129
1.4668,0.6416,0.1208,0.9884,0.4271,87.782,78.947,8.835
0.5797,0.4427,0.0044,0.1365,0.4271,64.392,60.3905,4.0015
0.0806,0.778,0.2318,0.0557,0.4271,66.0012,60.001,6.0002
0.8352,0.6676,-0.0597,-0.613,0.4271,58.6121,59.9529,-1.3408
-1.4659,-0.1381,0.8261,0.0521,0.4271,28.0896,37.6773,-9.5877
-0.3662,-0.0547,-0.5712,1.1575,0.4271,43.6013,47.3302,-3.7288
-0.0335,1.0299,-0.4566,-0.8079,0.4271,47.496,50.3111,-2.8151
-1.2246,-0.2006,0.1436,0.2611,0.4271,26.7402,35.7619,-9.0217
-0.5792,-0.2454,-0.3963,-0.2094,0.4271,37.1884,34.7486,2.4397
-0.2438,-1.2506,0.1386,-0.5955,-0.8474,12.7498,13.3294,-0.5796
0.1969,-0.6612,0.2327,-0.2667,0.4271,45.0536,42.8295,2.224
-0.4034,0.2101,0.1815,0.044,0.4271,49.2658,47.9611,1.3047
-0.0731,0.9547,0.5956,-0.2365,0.4271,49.6784,61.108,-11.4297
-0.3961,0.2866,0.249,0.3864,0.4271,44.0771,51.7981,-7.721
-0.7952,-1.2933,0.5291,0.3655,0.4271,26.2042,31.767,-5.5628
-1.7728,-1.3262,-0.9865,-0.5998,-2.3842,-31.3628,-30.8457,-0.5171
-0.0294,-0.7679,0.176,-0.4051,-0.8474,20.7708,22.6658,-1.895
-1.2088,1.0794,0.5496,0.4075,0.4271,56.221,54.4652,1.7558
0.1745,0.0096,-0.0195,-0.1348,0.4271,41.562,49.1087,-7.5467
-0.2303,-0.3844,0.5221,0.3122,0.4271,45.1853,47.6155,-2.4302
0.7496,1.3173,-0.4965,0.294,0.4271,61.8207,69.285,-7.4643
0.226,-0.6265,0.1302,0.7345,-0.8474,36.802,34.5597,2.2424
-1.6743,-1.4308,-0.5395,-0.2567,-2.3842,-26.3224,-25.1432,-1.1793
-0.3894,0.344,0.632,0.0506,0.4271,54.1007,53.1281,0.9726
-0.1853,-0.0726,0.285,-0.4448,0.4271,44.8214,44.5169,0.3045
-0.2043,-1.2359,-0.3341,-0.015,-2.3842,-1.9506,-3.942,1.9915
0.6646,1.0182,0.272,-0.6928,0.4271,60.2237,64.0661,-3.8424
0.4313,0.6331,0.317,0.8135,0.4271,70.414,68.0519,2.3621
-1.075,-0.7042,0.3973,-0.7631,-0.8474,11.4877,11.3924,0.0953
-0.7625,-0.2381,-0.798,-0.3573,0.4271,27.9499,28.7484,-0.7985
0.9725,1.1493,0.6062,0.526,0.4271,77.2894,79.8806,-2.5912
-1.3014,-1.3155,0.0618,0.2879,-2.3842,-13.8776,-11.4399,-2.4377
-1.4148,-0.4441,0.248,-0.3765,0.4271,29.87,27.3574,2.5126
-0.1285,0.6177,-0.2586,-0.8311,0.4271,50.2009,46.0211,4.1798
1.6309,1.4145,0.2197,1.1346,0.4271,90.2229,91.1731,-0.9501
0.5684,1.2627,-0.8757,0.456,0.4271,60.2602,64.94,-4.6798
-0.4825,-0.3771,-0.5488,-0.2989,0.4271,27.9466,32.508,-4.5613
-1.5725,-1.1853,-0.9029,0.3457,-2.3842,-25.6092,-19.9008,-5.7085
0.3341,0.2753,0.5928,-0.2035,0.4271,61.195,58.0401,3.155
0.6483,0.3327,-0.2117,0.9855,0.4271,67.8945,64.127,3.7675
-0.3772,-0.8133,0.1205,0.3208,0.4271,45.9714,38.1896,7.7819
0.1023,0.8112,0.5045,-0.4717,0.4271,59.7041,59.038,0.6661
0.1187,0.2702,-0.281,-0.4307,-1.1097,36.5372,29.1143,7.4229
0.4648,-0.0389,0.1748,0.7783,0.4271,55.6757,59.5152,-3.8395
0.1624,-0.1985,0.5797,-0.2636,0.4271,35.2502,50.3532,-15.103
0.0998,0.5872,0.6049,-0.3195,0.4271,56.4404,58.3232,-1.8828
0.8125,1.3153,0.7277,0.418,0.4271,70.4805,80.217,-9.7364
0.0228,-0.4338,0.1837,0.1047,0.4271,44.4085,45.7253,-1.3169
-0.1458,-0.2264,-1.0362,1.0519,0.4271,41.4468,43.4503,-2.0034
-0.5225,-0.7893,0.0945,-0.0455,-2.3842,2.7158,0.7553,1.9606
-0.9294,-0.3426,0.066,0.441,0.4271,40.0588,37.9802,2.0786
-0.2351,-0.1184,-0.7039,-0.2524,-2.3842,-0.9839,3.7978,-4.7817
-0.6998,0.1278,0.0096,0.2629,0.4271,37.8692,44.0586,-6.1894
1.032,0.7325,0.3112,0.1027,0.4271,68.4921,70.6199,-2.1278
-0.7011,-1.3294,-1.4821,-0.982,-0.8474,-4.8772,-7.6113,2.7341
0.6884,-0.523,0.9167,0.5802,-0.8474,43.8909,45.6568,-1.766
1.0689,1.7271,-0.0339,0.7728,0.4271,74.0213,84.2025,-10.1812
-0.3104,-1.0263,0.7957,-0.5003,0.4271,28.2835,35.996,-7.7125
-0.7467,-0.5459,-0.3584,-0.448,-0.8474,25.2391,13.0666,12.1725
0.4575,-0.1467,0.6836,0.0113,0.4271,64.6392,56.8081,7.8311
1.0832,0.3858,0.9955,0.323,0.4271,75.5849,74.0663,1.5187
-0.9852,0.3416,-0.1304,0.0708,0.4271,44.2967,40.9938,3.3029
-0.3151,-0.0651,0.4496,-0.1772,0.4271,47.2521,46.3373,0.9148
1.0328,-1.0657,-0.0256,1.1865,-0.8474,38.4635,40.2094,-1.746
-0.5219,-0.394,0.365,-0.3347,-0.8474,26.4534,23.5363,2.917
-1.5294,-1.4102,-0.3046,0.0278,0.4271,5.4141,13.8248,-8.4107
